# This file uses centimeters as units for non-parametric coordinates.

v -13.642717 -71.907837 3.200013
v -12.894982 -72.088142 4.193167
v -12.375668 -72.392670 5.294946
v -11.652645 -72.613495 6.296611
v -10.935868 -72.835258 7.302757
v -10.150567 -73.040337 8.259606
v -9.238667 -73.215263 9.102660
v -8.191135 -73.353905 9.777495
v -7.010036 -73.450844 10.186424
v -5.756601 -73.498863 10.174453
v -4.552462 -73.512726 9.820474
v -3.403969 -73.498062 9.309110
v -2.225608 -73.447693 8.879205
v -1.058903 -73.398781 8.419500
v -0.323616 -73.466080 7.406592
v -0.269002 -73.583611 6.159862
v -0.276616 -73.669647 4.910534
v -0.749623 -73.810287 3.759591
v -0.656350 -72.584358 3.708107
v -0.671625 -71.354019 3.726618
v -0.686673 -70.123276 3.748142
v -0.697639 -68.892265 3.768740
v -0.694471 -67.660904 3.781764
v -0.691189 -66.428879 3.795353
v -0.683478 -65.196518 3.806396
v -0.666991 -63.963230 3.814373
v -0.633177 -62.730343 3.813175
v -0.600330 -61.496628 3.806810
v -0.564356 -60.262608 3.796751
v -0.532376 -59.026814 3.790091
v -0.516883 -57.791035 3.792796
v -0.498877 -56.552586 3.797352
v -0.495427 -55.314854 3.808378
v -0.493138 -54.075333 3.818993
v -0.500361 -52.835258 3.832500
v -0.517157 -51.594643 3.849733
v -0.526958 -50.352364 3.869715
v -0.534058 -49.107975 3.894481
v -0.543759 -47.862762 3.925016
v -0.503922 -46.621349 3.963231
v -0.342514 -45.391094 4.015363
v -0.120909 -44.175465 4.064153
v -0.025193 -42.947105 4.110747
v -0.085977 -41.708359 4.120767
v -0.190568 -40.468994 4.101162
v -0.276188 -39.261875 3.954151
v -0.329342 -38.059952 3.656266
v -0.407337 -36.982986 3.378176
v -0.440479 -36.103317 3.029262
v -0.150246 -35.891129 4.324644
v 0.005053 -35.227505 5.696139
v -0.228444 -34.825932 6.817520
v -0.147605 -34.220245 7.988589
v -0.098246 -33.620384 9.214800
v -0.077109 -33.046112 10.431138
v -0.063042 -32.373383 11.584422
v -0.067495 -31.478600 12.470300
v -0.058437 -30.402683 13.088099
v -0.071798 -29.310240 13.660060
v -0.066662 -28.232759 14.266402
v -0.069400 -27.102118 14.801185
v -0.070791 -25.920929 15.253954
v -0.062596 -24.710518 15.657146
v -0.059005 -23.477587 16.002823
v -0.063346 -22.231274 16.320213
v -0.067292 -20.982300 16.607290
v -0.072422 -19.716949 16.829683
v -0.078706 -18.444897 16.993786
v -0.081397 -17.169205 17.005489
v -0.083384 -15.906008 16.924946
v -0.089597 -14.651356 16.799868
v -0.094688 -13.412891 16.637280
v -0.101794 -12.195863 16.404121
v -0.108635 -10.993354 16.140371
v -0.120285 -9.798424 15.899911
v -1.399692 -9.852661 15.885620
v -2.675838 -9.832942 15.837230
v -3.946362 -9.804902 15.526411
v -5.188462 -9.751101 15.102126
v -6.394743 -9.684967 14.527249
v -7.513432 -9.629274 13.754335
v -8.603605 -9.563323 12.909665
v -9.652889 -9.509889 11.956401
v -10.701192 -9.469906 10.968783
v -11.796085 -9.451344 9.936683
v -12.792830 -9.495852 8.775932
v -13.762777 -9.622608 7.441874
v -13.923819 -10.508685 7.458425
v -14.171124 -11.518533 7.426169
v -14.483103 -12.520965 7.408530
v -14.825017 -13.557703 7.334433
v -15.261806 -14.577250 7.284824
v -15.649746 -15.625813 7.211519
v -16.031925 -16.688398 7.145462
v -16.354265 -17.781960 7.053796
v -16.664791 -18.886717 6.961496
v -16.921242 -20.006706 6.852509
v -17.152878 -21.133339 6.737997
v -17.370024 -22.265652 6.620722
v -17.582489 -23.401894 6.508489
v -17.803314 -24.543112 6.413975
v -17.989439 -25.695633 6.326318
v -18.222261 -26.850897 6.285579
v -18.416805 -28.030220 6.248294
v -18.503696 -29.231575 6.205273
v -18.580515 -30.440680 6.202289
v -18.627048 -31.657866 6.234481
v -18.634455 -32.882122 6.273492
v -18.628336 -34.111748 6.335243
v -18.565329 -35.342182 6.394799
v -18.431438 -36.565441 6.434897
v -18.296721 -37.784779 6.476871
v -18.155071 -39.000446 6.513985
v -17.980646 -40.209267 6.524250
v -17.800371 -41.415131 6.512874
v -17.601143 -42.614986 6.477129
v -17.399372 -43.821922 6.405160
v -17.213352 -45.037357 6.308895
v -17.119017 -46.274773 6.231229
v -16.866316 -47.483788 6.062416
v -16.942051 -48.730083 6.056365
v -16.857525 -49.973965 5.976990
v -16.640945 -51.195904 5.832107
v -16.651594 -52.444817 5.796002
v -16.710358 -53.692394 5.778024
v -16.522280 -54.922562 5.653763
v -16.617952 -56.169167 5.633253
v -16.496283 -57.407936 5.515324
v -16.347305 -58.641850 5.379711
v -16.051243 -59.832138 5.135310
v -15.912868 -61.067261 5.001711
v -15.616536 -62.258335 4.763731
v -15.471811 -63.492653 4.631238
v -15.225866 -64.701111 4.429517
v -14.983629 -65.911880 4.236545
v -14.607938 -67.070297 3.955332
v -14.359088 -68.279930 3.763616
v -14.030974 -69.460777 3.519655
v -13.857455 -70.688828 3.367588
v -7.992000 -50.288776 11.914838
v -9.296860 -38.315048 13.258266
v -9.726810 -65.177132 10.336813
v -9.696067 -23.682123 12.571229
v -5.175326 -57.548862 9.941333
v -12.587476 -31.088346 12.108068
v -10.729560 -15.313519 12.382192
v -3.051362 -67.294456 8.663966
v -2.032218 -39.379799 10.345603
v -13.364853 -50.609310 10.379943
v -3.333595 -51.171200 8.780779
v -5.883138 -33.724316 12.702518
v -14.758885 -37.121315 11.180358
v -11.885406 -59.173042 9.888584
v -6.692980 -28.059914 13.065096
v -6.561691 -18.907139 15.363033
v -2.489415 -44.832882 9.355317
v -13.592163 -44.465370 11.256142
v -12.899817 -20.105776 11.148431
v -14.323604 -25.398462 10.188581
v -2.866303 -61.114048 7.487700
v -5.882947 -14.282500 15.504541
v -12.809919 -64.103622 7.769786
v -11.571096 -68.463989 7.953090
v -7.472351 -69.027885 10.617920
v -5.005758 -24.113987 14.555880
v -2.575234 -56.085052 7.065133
v -16.228561 -31.021841 9.832946
v -14.243691 -54.325737 8.901525
v -15.636946 -40.801373 9.986923
v -0.883045 -69.879204 7.491984
v -1.275716 -64.688591 6.905901
v -2.762581 -35.450981 11.073724
v -4.209311 -30.336771 13.088929
v -15.286786 -46.939526 9.239325
v -0.024894 -37.970657 7.440083
v -12.325321 -12.833294 10.364070
v -13.485776 -16.725992 10.181108
v -9.311296 -12.573711 13.072079
v -4.041827 -70.309013 9.457422
v -1.785427 -48.586086 7.055908
v -16.728188 -34.683765 9.425391
v -13.917367 -60.447117 7.582303
v -0.716344 -42.366966 7.676346
v -3.286931 -12.636468 16.159525
v -1.863448 -52.296978 6.379166
v -3.534117 -17.743654 16.576197
v -15.096795 -22.001354 9.415444
v -16.451807 -27.495974 8.961728
v -3.517240 -21.612427 15.905752
v -3.491255 -26.590359 14.289008
v -15.484680 -50.647026 8.425576
v -3.012186 -32.609356 12.300171
v -13.230269 -66.527901 6.356997
v -9.744892 -70.321579 9.321740
v -1.405039 -58.493740 6.165465
v -14.853335 -56.796097 7.700323
v -0.800964 -62.151184 6.225433
v -16.853849 -38.370121 9.039253
v -16.287817 -43.268074 8.941216
v -0.259752 -67.071701 6.317612
v -1.024079 -46.090557 6.563175
v -7.080615 -12.029337 14.546308
v -14.852983 -18.670948 9.289077
v -2.926177 -15.188003 16.588110
v -16.035896 -24.134655 8.673704
v -13.057759 -68.964943 5.785860
v -6.297422 -71.148773 10.463521
v -14.295221 -62.911438 6.510032
v -1.191800 -54.753265 5.827803
v -1.223616 -35.411079 9.395137
v -13.651184 -14.489829 9.348271
v -11.425850 -70.636818 7.359734
v -2.535300 -24.123766 15.411201
v -17.427025 -32.248749 8.223473
v -17.278698 -29.837500 8.164234
v -15.699057 -53.118256 7.707735
v 0.096429 -40.032787 6.757991
v -0.234779 -70.769424 5.749243
v -2.402209 -28.910337 13.681599
v -11.281057 -11.303841 10.969316
v -16.981409 -40.812138 8.338690
v -1.831853 -71.497368 8.347667
v -16.310417 -45.695526 8.010833
v -16.095400 -48.154095 7.814691
v -1.121610 -49.779510 5.646528
v -0.387810 -43.628963 6.061667
v -17.515392 -35.922031 8.120294
v -0.269262 -37.113831 5.483765
v -15.146923 -59.258007 6.729253
v -0.284768 -64.593269 5.474266
v -13.054908 -11.485545 9.070272
v -2.074400 -19.080162 16.758982
v -15.913371 -20.754704 8.401624
v -1.946192 -31.160414 12.813608
v -1.667856 -33.236103 11.286879
v -14.812629 -16.423281 8.715677
v -1.900885 -11.512377 16.165022
v -17.109360 -26.322515 7.873925
v -12.918002 -70.682816 5.287362
v -4.617847 -11.373890 15.584802
v -8.719060 -71.676315 9.782060
v -0.647386 -57.193169 5.361494
v -0.451886 -59.658298 5.365836
v -14.217144 -65.328957 5.652334
v -15.814150 -55.583782 7.019749
v -9.260036 -10.991705 12.727033
v -4.065653 -71.973740 9.434834
v -0.275600 -68.294601 5.231543
v -0.921257 -47.281513 5.421884
v -1.765688 -13.988254 16.593298
v -1.809192 -16.512777 16.867060
v -1.725191 -26.550627 14.796755
v -13.665784 -67.693810 5.064824
v -0.447739 -35.740047 8.002725
v -0.249305 -72.070404 6.646676
v -0.826852 -52.244911 5.229897
v -1.732882 -21.624012 16.296555
v -16.527470 -22.950447 7.920717
v -14.938344 -61.668316 5.970120
v 0.216466 -41.174362 5.595987
v -0.283893 -38.595699 5.324142
v -16.119938 -50.610146 7.089771
v -13.931153 -13.283384 8.625518
v -10.593490 -71.623398 8.106819
v -0.494018 -71.986626 5.014228
v -17.878662 -33.477657 7.538600
v -17.851181 -31.040735 7.472752
v -17.730154 -28.638851 7.510925
v -12.238921 -10.599917 9.775743
v -4.352911 -19.683968 16.149786
v -6.273525 -21.306520 14.957585
v -9.619246 -20.223272 13.369690
v -1.106037 -33.894127 10.118669
v -13.568394 -28.186590 11.203384
v -17.582977 -38.372570 7.703962
v -16.931427 -43.234501 7.627659
v -0.410868 -44.832565 5.348285
v -1.370749 -32.156067 12.180992
v -1.485277 -29.945858 13.280470
v -16.364712 -46.891605 7.248849
v -10.526937 -54.009342 11.464394
v -0.286059 -62.120121 4.971859
v -15.652655 -58.023064 6.402830
v -0.013387 -36.155323 6.658136
v -0.307662 -65.823708 4.932915
v -12.060801 -71.347321 6.084895
v -1.410303 -27.723900 14.384228
v -0.800633 -37.022091 8.910889
v -7.059441 -10.769403 14.318579
v -16.030205 -19.591608 8.029632
v -17.193899 -25.170162 7.496634
v -3.323381 -10.970511 15.856667
v -7.583634 -72.242569 10.206200
v -7.704963 -70.794548 10.350245
v -0.542514 -55.947655 4.957319
v -1.414877 -56.186359 6.138609
v -0.423544 -58.415470 4.942131
v -14.628355 -64.095528 5.442339
v -13.769166 -64.302010 6.643592
v -0.818989 -48.516186 5.015634
v -1.387411 -15.257106 16.764622
v -1.361127 -12.763619 16.443352
v -1.419927 -17.802313 16.912901
v -1.406561 -25.343763 15.295444
v -1.395020 -22.876802 16.024099
v -13.902258 -58.509979 8.118016
v -13.005567 -56.507328 9.462107
v -15.466072 -17.410280 8.185680
v -14.773365 -15.301869 8.313817
v -16.101643 -54.335209 6.748446
v -15.298761 -54.564262 7.931387
v -10.278034 -10.554353 11.715266
v -2.943473 -72.349281 8.864405
v -5.105516 -72.361351 10.136476
v -0.363779 -69.523148 4.844797
v -0.169689 -69.322166 6.308010
v -1.109119 -68.274300 7.097946
v -2.558589 -69.096375 8.106087
v -1.639530 -66.478905 7.522086
v -3.316017 -64.807304 8.376665
v -5.663576 -66.084244 10.604056
v -5.596890 -62.111008 10.234302
v -1.406804 -20.358084 16.618093
v 0.078136 -42.455410 5.369972
v -0.857566 -38.728279 9.009975
v -1.036019 -40.715458 8.959805
v -3.167319 -42.149864 10.860466
v -6.872849 -45.397709 11.955046
v -5.436430 -39.329708 12.486307
v -16.234716 -25.394493 8.701143
v -16.305365 -36.621433 9.765208
v -1.716917 -60.210815 6.480800
v -3.127948 -58.829517 7.664100
v -4.517920 -60.263752 9.062449
v -6.201771 -59.701584 10.948513
v -8.115709 -56.715061 11.669641
v -8.670430 -62.001774 11.182492
v -5.665576 -53.693146 10.830841
v -13.596059 -68.895653 4.597805
v -14.125195 -66.490463 5.004017
v -0.666676 -72.299301 7.852600
v -0.737807 -50.996952 4.953121
v -0.665807 -53.474529 4.928065
v -0.382667 -65.695457 6.304482
v -12.309194 -69.998688 6.342560
v -16.555468 -21.801779 7.748897
v -15.365440 -60.470192 5.990150
v -16.213381 -51.849709 6.829567
v -16.378414 -49.373325 6.990304
v -9.726829 -72.046280 8.943064
v -0.627549 -46.040440 5.090726
v -8.138577 -11.326653 13.700620
v -5.953188 -11.469326 15.044777
v -5.091676 -12.888263 15.666397
v -14.502337 -17.480947 9.385209
v -13.241673 -18.372515 10.706816
v -11.198317 -18.733219 12.344513
v -8.951077 -17.908957 14.019862
v -11.921139 -17.138544 11.648704
v -17.995636 -34.705971 7.395460
v -17.739798 -27.452444 7.355343
v -17.538820 -39.592918 7.546691
v -17.811167 -37.155376 7.490177
v -16.837021 -44.451420 7.360750
v -17.221869 -42.022900 7.523649
v -0.314246 -60.883144 4.844637
v -0.287290 -63.354984 4.828048
v -15.925571 -56.801224 6.460893
v -0.359996 -67.056343 4.809987
v -15.126277 -19.884951 9.246925
v -6.343317 -72.399643 10.345247
v -8.102729 -41.922680 12.815579
v -12.171508 -40.948738 12.437095
v -13.987333 -19.405602 10.187471
v -14.165641 -20.827381 10.158938
v -12.549236 -22.937014 11.168870
v -12.913260 -21.551954 11.079943
v -10.820612 -21.801382 12.361981
v -15.286029 -44.936825 9.589867
v -2.178603 -50.515850 7.144588
v -1.234665 -44.221493 7.856506
v -1.913128 -42.923481 9.309331
v -0.297589 -41.071926 7.233484
v -13.938052 -15.654553 9.434398
v -12.358400 -15.228774 10.887965
v -1.737968 -37.699680 10.318409
v -3.569306 -38.195526 11.765815
v -5.976607 -36.544106 12.822021
v -9.269343 -34.843700 13.219514
v -8.376303 -31.295000 12.855526
v -8.140111 -12.611202 13.954533
v -8.772485 -14.741339 13.879303
v -7.039744 -13.415498 14.808391
v -7.298905 -14.946841 14.871062
v -5.631750 -16.505083 15.862655
v -8.242899 -16.364243 14.420756
v -8.666107 -22.012064 13.529358
v -7.355896 -23.712080 13.667374
v -8.757287 -26.200661 12.587023
v -10.121915 -28.864122 12.355812
v -3.838264 -47.926498 9.670571
v -14.977262 -48.907135 9.270782
v -12.924978 -47.522339 11.160859
v -10.352377 -45.422779 12.218026
v -13.131707 -10.381944 8.623722
v -0.525210 -71.101257 7.428796
v -0.465852 -39.771549 8.061135
v -14.162319 -33.978859 11.674675
v -13.453705 -70.115959 4.359810
v -14.472698 -55.611904 8.366756
v -10.069967 -11.720088 12.225987
v -10.787453 -13.416595 12.006857
v -14.855318 -43.185154 10.356215
v -13.476819 -42.473793 11.812700
v -11.132649 -43.158100 12.452525
v -14.108837 -40.451889 11.503152
v -12.885342 -38.540504 12.400006
v -12.854835 -36.064266 12.478221
v -11.695157 -33.827587 12.748417
v -2.876219 -49.330132 8.451647
v -2.529761 -47.463066 8.385141
v -4.128726 -49.791939 9.806499
v -6.140602 -48.437397 11.066319
v -4.776198 -51.804676 10.265991
v -3.859111 -53.954071 8.671500
v -8.520797 -47.588585 12.131289
v -10.774533 -49.414780 11.802440
v -6.591930 -51.848495 11.424639
v -8.012739 -53.949417 11.762016
v -9.806338 -16.548733 13.306295
v -0.569620 -54.708263 4.821265
v -4.651906 -28.662325 13.401754
v -6.642441 -29.847652 12.968547
v -6.195101 -31.634581 12.918712
v -2.021013 -57.339592 6.708980
v -3.188689 -57.326397 7.657447
v -3.875550 -55.758732 8.318417
v -4.270387 -58.122768 8.657504
v -4.871404 -55.105659 9.816821
v -6.365930 -55.652077 11.193259
v -3.325545 -71.145409 8.838285
v -4.814263 -71.138893 10.013224
v -5.488948 -69.274002 10.422359
v -2.935085 -20.163260 16.418749
v -12.320464 -68.776047 6.887631
v -12.318005 -67.303566 7.301057
v -11.054237 -66.511108 9.038660
v -12.548553 -65.712105 7.606650
v -11.635645 -64.852402 8.854457
v -11.707934 -62.024815 9.445919
v -9.247006 -67.502304 10.210127
v -0.547986 -63.460697 6.134493
v -1.887607 -63.111439 7.134398
v -15.303474 -38.935913 10.581443
v -7.791518 -33.089630 13.002438
v -9.872008 -32.808994 13.055559
v -10.486439 -31.014383 12.700218
v -3.218454 -69.956375 8.644844
v -3.962913 -68.579597 9.389535
v -2.094379 -70.275635 8.152402
v -4.446010 -66.918953 9.656931
v -4.561964 -65.163048 9.577865
v -4.352771 -63.210327 9.068777
v -5.847355 -64.068497 10.694367
v -7.642795 -65.248337 11.020358
v -14.949354 -62.884716 5.516346
v -0.673545 -34.562069 8.921419
v -1.201918 -24.112083 15.691682
v -10.767251 -56.913803 11.018604
v -9.245541 -59.255466 11.326504
v -12.989491 -67.838066 6.365898
v -11.323395 -71.759956 7.032789
v -16.288267 -53.093174 6.696023
v -17.087992 -33.464905 8.813289
v -15.673448 -33.250729 10.376515
v -16.619377 -32.325867 9.508893
v -14.346082 -32.040127 11.412232
v -14.122232 -30.073193 11.194120
v -15.521543 -28.923637 10.075516
v -15.330399 -35.347298 10.740619
v -14.100917 -46.134293 10.491234
v -1.473189 -51.014950 6.099131
v -6.584302 -25.460175 13.493430
v -0.198340 -39.914043 5.225614
v -2.172005 -34.337715 10.739266
v -3.528531 -34.075890 11.698828
v -4.334408 -35.698093 12.235106
v -15.828506 -18.483210 8.013799
v -4.280330 -14.245839 16.098209
v -4.403044 -15.671350 16.254301
v -13.889905 -22.524853 10.338396
v -13.748851 -23.977392 10.368464
v -11.765467 -25.143076 11.459591
v -15.025887 -23.282804 9.517944
v -0.792727 -44.714352 6.658137
v -12.306085 -29.313540 11.878907
v -11.360893 -27.526876 11.799231
v -18.087008 -32.260071 7.154451
v -17.993885 -29.837252 7.114686
v -14.481247 -52.286888 9.158978
v -12.614871 -53.271057 10.410577
v -11.170152 -51.724434 11.458738
v -0.475805 -70.751350 4.653544
v -3.052313 -27.799433 13.982067
v -14.860950 -58.202702 7.363743
v -15.233820 -24.753670 9.521569
v -17.104935 -37.089397 8.717852
v -3.610729 -40.203739 11.531004
v -5.425704 -41.742611 12.193928
v -4.725264 -44.085732 11.377450
v -13.923676 -56.755901 8.591877
v -13.152302 -57.804249 9.028301
v -11.981195 -57.573734 10.114991
v -12.930090 -59.221531 8.902196
v -12.230572 -60.564819 9.273700
v -10.610323 -60.664650 10.546271
v -12.956461 -61.786015 8.217630
v -10.872014 -58.418198 10.746706
v -9.659534 -57.836597 11.344582
v -8.239400 -58.192516 11.577889
v -6.539415 -57.578678 11.195728
v -7.712717 -59.715561 11.507723
v -6.928209 -61.379208 11.242739
v -9.523769 -56.410862 11.551222
v -8.565039 -55.313267 11.746064
v -10.619914 -55.467220 11.262302
v -11.904078 -55.945740 10.462770
v -12.995091 -54.893845 9.811971
v -11.661445 -54.590714 10.836039
v -7.279008 -63.131798 11.229033
v -8.898794 -63.729248 10.909266
v -10.605978 -63.481445 10.064063
v -7.326422 -34.855751 13.117398
v -8.188125 -36.656082 13.218562
v -10.315495 -36.510868 13.315155
v -7.225329 -38.407082 13.067750
v -8.222450 -40.017323 13.054367
v -10.412281 -39.999657 13.081364
v -1.127458 -28.834805 13.892847
v -1.305752 -48.204285 6.045769
v -1.577853 -47.256584 6.960191
v -1.854009 -46.037766 8.006104
v -1.259675 -53.125237 5.852602
v -2.580204 -54.023037 7.020495
v -14.631643 -60.891735 6.780656
v -13.836205 -61.671276 7.339068
v -13.286966 -62.878952 7.513813
v -12.333964 -63.018867 8.562500
v -5.553962 -67.678711 10.525397
v -7.194054 -66.995735 10.863276
v -15.643899 -31.996553 10.427096
v -15.099506 -30.854029 10.628514
v -4.995101 -46.317352 10.897830
v -11.180112 -38.024197 12.977469
v -15.680728 -30.021229 10.097488
v -16.504620 -29.449192 9.246943
v -14.817355 -29.494913 10.635971
v -14.566005 -28.518101 10.635135
v -14.292922 -26.929930 10.478979
v -15.295537 -27.754803 9.988896
v -15.487340 -26.549604 9.647593
v -11.746902 -20.816496 11.886862
v -8.755463 -13.561628 13.716598
v -9.812555 -14.115026 12.945983
v -3.171366 -46.372040 9.544480
v -3.773794 -45.102848 10.418404
v -3.084293 -43.672825 10.372190
v -4.440884 -27.512091 13.710844
v -5.210955 -26.278572 13.805418
v -4.001635 -25.262934 14.561693
v -6.757781 -26.773829 13.184372
v -8.474317 -27.677950 12.624797
v -8.297306 -29.195953 12.743198
v -11.268044 -10.288584 10.675983
v -17.076084 -31.077259 8.678766
v -2.845905 -30.449289 13.082649
v -3.951152 -31.657606 12.803320
v -4.533028 -32.962429 12.529947
v -2.635274 -25.786442 14.843923
v -2.629958 -22.447638 15.899449
v -4.245421 -22.897795 15.285810
v -5.989084 -22.870161 14.569471
v -0.763551 -60.668747 5.929508
v -9.016677 -43.814999 12.666646
v -7.057512 -43.546761 12.395302
v -4.975635 -58.983299 9.643722
v -11.540102 -53.348896 11.077043
v -10.578654 -52.791580 11.576505
v -9.437443 -51.408592 11.902982
v -9.312698 -53.382896 11.830317
v -8.081291 -52.335979 11.828771
v -12.104931 -52.275898 10.904337
v -13.306731 -52.033577 10.154385
v -12.198931 -50.906372 11.044321
v -12.599526 -49.221970 11.071372
v -13.866708 -48.548668 10.367218
v -13.666642 -53.185707 9.641082
v -2.034731 -53.306522 6.512106
v -2.981236 -52.467327 7.690170
v -12.724350 -26.883570 11.288085
v -11.256247 -26.267557 11.707044
v -10.040627 -25.108248 12.173091
v -10.091221 -26.798540 12.128739
v -8.553650 -24.565521 12.885127
v -10.204871 -27.844667 12.169511
v -11.306499 -28.532274 12.005877
v -12.389813 -28.215853 11.639057
v -10.681693 -70.348129 8.402657
v -10.435227 -68.870293 9.048133
v -9.204626 -69.026344 9.966521
v -15.777912 -49.385380 8.168192
v -5.663532 -50.266743 10.931675
v -4.727844 -34.191891 12.267537
v -5.743953 -35.162388 12.682583
v -5.756363 -58.526432 10.587902
v -5.374486 -60.162285 10.046296
v -4.993050 -61.241371 9.623421
v -3.943109 -61.619518 8.516049
v -3.055106 -62.532516 7.799430
v -6.006950 -60.839046 10.764359
v -4.831689 -62.313438 9.474094
v -5.206448 -63.380733 9.920528
v -11.346384 -69.590668 7.843387
v -2.762642 -63.790161 7.800871
v -2.235597 -64.949821 7.708909
v -2.791364 -66.037369 8.266874
v -3.736686 -65.774429 8.958477
v -16.278511 -44.508854 8.555312
v -7.480496 -17.656773 14.958761
v -7.987214 -18.898119 14.562586
v -7.226752 -20.151573 14.800521
v -5.772604 -20.108555 15.519919
v -4.889078 -21.135817 15.601111
v -9.219618 -19.089649 13.741677
v -10.110716 -18.234356 13.170488
v -8.452011 -19.987225 14.126901
v -7.932938 -21.090223 14.167429
v -7.256807 -22.217623 14.176188
v -11.009384 -17.640440 12.446884
v -10.985788 -16.471952 12.346123
v -11.868828 -16.079721 11.519664
v -10.300354 -19.351303 12.979717
v -11.323034 -19.815615 12.250353
v -12.232450 -19.186087 11.584387
v -10.632620 -20.662197 12.637499
v -9.652118 -21.325792 13.119610
v -12.036036 -18.169296 11.672899
v -12.747769 -16.129477 10.742574
v -13.405128 -71.161766 4.199052
v -3.247640 -16.411156 16.649384
v -8.796673 -60.596840 11.296688
v -16.283817 -28.408943 9.403480
v -17.019657 -28.807293 8.481140
v -7.965634 -14.181678 14.329447
v -11.198021 -50.522949 11.589316
v -10.050644 -50.372978 11.895359
v -9.257234 -48.999043 12.042269
v -10.516972 -47.423084 11.966421
v -7.819798 -48.848637 11.949274
v -7.147499 -47.596844 11.671339
v -6.787914 -49.694893 11.531466
v -7.805616 -46.415836 11.952811
v -8.303645 -45.083843 12.341208
v -9.221793 -46.334385 12.264874
v -5.958344 -47.141483 11.299686
v -4.969525 -47.825169 10.527318
v -5.095831 -49.118507 10.667256
v -5.916527 -46.009605 11.586938
v -5.742952 -44.768883 11.809097
v -5.758615 -43.518303 12.038610
v -4.700759 -42.778526 11.594993
v -6.421484 -42.486076 12.463624
v -6.829019 -40.989948 12.753357
v -4.227376 -41.628948 11.565473
v -4.920011 -40.544529 12.111317
v -4.843761 -45.200554 11.139140
v -11.838685 -46.270016 11.755312
v -11.843557 -44.614201 12.020681
v -1.721511 -72.555649 8.531874
v -16.881268 -39.613895 8.753994
v -16.166332 -39.230148 9.705858
v -16.634468 -42.020573 8.736773
v -15.703660 -42.352184 9.693506
v -14.771852 -41.804779 10.676208
v -4.425575 -16.865343 16.327053
v -5.139267 -18.235096 16.085394
v -9.688449 -61.358772 10.955837
v -10.672735 -61.980824 10.294216
v -9.688201 -62.601765 10.765945
v -11.727824 -49.632759 11.460990
v -11.750339 -48.205650 11.610475
v -9.016655 -50.459766 11.965007
v -8.374694 -51.310986 11.892329
v -7.327391 -51.117580 11.723231
v -6.420229 -50.840763 11.326099
v -5.684193 -51.532227 10.854600
v -5.893934 -52.617268 11.016396
v -7.004882 -53.104408 11.564324
v -5.036016 -52.895782 10.345327
v -4.021395 -52.632072 9.306011
v -4.939028 -53.978630 9.992912
v -6.803427 -54.417812 11.446239
v -7.415869 -55.389812 11.609339
v -17.495722 -40.810207 7.342021
v -16.792753 -45.675880 7.054541
v -16.569809 -48.126614 6.858066
v -12.963083 -32.718067 12.268977
v -11.402725 -32.327042 12.670814
v -9.706940 -15.243460 13.212108
v -5.137188 -64.415695 10.015204
v -5.667775 -65.065392 10.598319
v -6.651147 -64.759941 11.004955
v -6.716280 -65.879089 10.938848
v -7.554595 -64.174362 11.133516
v -8.940240 -15.704890 13.890608
v -0.696659 -49.749683 4.699743
v -0.073947 -43.622868 4.986468
v -1.885985 -35.362961 10.340135
v -2.096128 -36.512978 10.655906
v -3.297787 -36.608521 11.574327
v -4.521885 -37.094021 12.267775
v -5.628308 -37.928391 12.653955
v -3.263232 -29.630627 13.301518
v -3.541050 -28.816586 13.543392
v -3.629519 -63.764763 8.467085
v -4.279606 -64.254196 9.132380
v -6.985029 -16.486221 15.222793
v -6.329403 -15.560683 15.465302
v -4.382875 -54.422775 9.336441
v -12.144984 -11.706142 10.234101
v -11.427691 -12.445723 11.149502
v -0.275382 -70.322777 6.725650
v -4.883718 -70.077271 10.068675
v -5.811895 -70.246056 10.470110
v -6.508107 -69.464798 10.631171
v -6.556421 -68.281006 10.735089
v -4.637480 -69.115463 9.909282
v -4.704386 -68.038445 9.960533
v -1.478084 -49.142590 6.307723
v -9.496778 -54.560661 11.724641
v -14.099111 -51.263142 9.678822
v -14.320946 -49.954369 9.742496
v -14.879805 -51.324688 8.964959
v -15.611999 -51.877769 8.055609
v -0.157511 -36.820248 7.562125
v -0.186460 -37.347351 6.574913
v -1.298573 -45.240982 7.506846
v -1.842887 -44.920979 8.437759
v -1.810100 -43.897034 8.808223
v -1.174793 -43.201962 8.218024
v -0.714951 -43.502895 7.180977
v -1.254491 -42.227470 8.741377
v -2.103900 -41.605953 9.914756
v -0.330009 -42.654713 6.584124
v -2.860090 -41.003304 10.816191
v -2.036980 -40.501945 10.140975
v -2.734189 -39.988247 10.877055
v -2.825690 -38.899063 11.125792
v -2.672572 -37.819454 11.081937
v -14.601576 -59.971107 7.090007
v -14.022213 -59.448578 7.743549
v -13.333501 -59.983940 8.313623
v -5.403964 -22.027290 15.098937
v -5.988576 -40.262707 12.618668
v -6.524231 -39.311596 12.940887
v -7.573619 -39.293537 13.053151
v -15.492532 -39.857124 10.265338
v -14.872930 -40.632042 10.746611
v -2.113771 -38.490952 10.585182
v -1.413872 -38.781204 9.882095
v -1.297238 -39.797058 9.569220
v -13.110377 -13.490941 9.653204
v -12.322334 -14.040670 10.647323
v -11.464593 -14.558804 11.567559
v -13.291418 -12.511019 9.119908
v -13.705888 -11.844522 8.389036
v -10.185856 -12.703979 12.386758
v -2.281631 -58.459225 6.941750
v -2.489445 -59.590637 7.073673
v -3.345258 -60.034332 7.850890
v -3.968285 -59.206669 8.371479
v -4.480065 -56.799999 9.005637
v -5.109132 -56.312607 9.957497
v -5.764652 -56.907864 10.684643
v -5.528714 -55.527790 10.543170
v -5.463521 -54.575287 10.527618
v -12.436337 -24.139975 11.156775
v -11.162256 -23.376947 11.886675
v -13.088677 -25.156673 10.909238
v -13.677812 -26.044258 10.698524
v -4.271116 -46.940136 10.176817
v -4.185381 -45.988899 10.410208
v -16.291349 -40.170387 9.445682
v -16.325159 -41.183231 9.262862
v -0.283848 -36.220058 5.095668
v -14.461375 -14.243987 8.284696
v -15.931147 -22.257214 8.571092
v -3.297910 -68.971512 8.761041
v -17.368828 -34.468807 8.401667
v -10.566255 -41.640667 12.827090
v -9.275629 -41.004959 13.060949
v -9.372554 -42.252861 12.951911
v -8.475563 -42.904613 12.723680
v -5.498022 -28.078262 13.340797
v -6.283839 -28.894257 13.080295
v -5.448327 -29.472113 13.128139
v -5.780814 -30.543604 12.976535
v -7.088208 -30.911917 12.901414
v -7.515351 -31.976736 12.920576
v -8.711752 -32.378891 12.965880
v -9.593469 -31.695097 12.854113
v -9.238505 -30.610968 12.740070
v -7.946146 -30.223351 12.845113
v -10.116885 -29.920004 12.547581
v -11.439761 -30.351906 12.314290
v -11.148007 -29.407492 12.219554
v -11.564177 -31.345751 12.448568
v -5.642554 -32.565758 12.758614
v -6.756415 -32.637440 12.876609
v -5.080943 -31.668436 12.872425
v -8.083698 -22.907667 13.572304
v -9.201965 -22.844778 13.054519
v -18.087452 -35.937786 7.180785
v -15.708693 -59.238506 5.886126
v -15.898139 -47.114384 8.277478
v -15.490959 -48.042145 8.764527
v -8.152164 -10.357133 13.467435
v -5.847614 -10.499348 14.922662
v -1.394446 -36.875370 9.858632
v -6.710541 -37.390720 13.063160
v -1.817081 -59.275253 6.493862
v -8.772322 -70.515343 9.949501
v -8.100844 -69.823654 10.358171
v -6.115268 -12.489139 15.135846
v -10.384484 -51.271549 11.780788
v -0.458904 -72.870270 5.483655
v -17.002047 -24.020247 7.519813
v -13.179161 -15.141315 10.065251
v -13.183374 -69.749855 5.221879
v -11.506759 -63.179722 9.377228
v -11.162300 -64.165947 9.493309
v -10.747147 -65.362503 9.604757
v -9.999882 -66.426994 9.935073
v -8.760755 -66.211815 10.646029
v -10.325748 -67.615868 9.454074
v -10.376075 -64.463043 10.047483
v -11.924747 -63.895466 8.816894
v -11.169787 -67.607430 8.644236
v -11.770978 -66.745361 8.158855
v -11.644303 -65.828720 8.576598
v -14.249318 -31.050627 11.290490
v -13.385614 -30.538473 11.769951
v -8.879828 -20.828094 13.682218
v -12.437719 -43.387653 12.035987
v -12.060577 -42.216072 12.319940
v -4.632002 -38.549976 12.228160
v -4.420664 -39.558632 12.000156
v -13.589891 -49.572453 10.406124
v -15.105670 -52.688068 8.438055
v -14.464342 -53.310448 8.961469
v -11.620738 -13.437462 11.206071
v -0.340731 -37.330971 4.380279
v -0.401762 -64.586594 4.510012
v -0.945282 -19.086456 16.871893
v -16.593510 -20.646000 7.521878
v -0.876306 -31.010487 12.808955
v -0.751290 -32.915676 11.139029
v -15.413462 -16.272509 7.847593
v -0.879247 -11.571090 16.230476
v -2.015671 -10.572405 16.012386
v -17.775585 -26.279352 7.040431
v -12.827245 -71.596657 5.014411
v -4.612302 -10.460279 15.455997
v -8.725677 -72.600128 9.598648
v -0.457103 -57.176357 4.467847
v -0.405268 -59.646477 4.453323
v -14.732184 -65.316391 4.892878
v -16.331888 -55.568069 6.266260
v -9.200579 -10.143925 12.551525
v -3.998267 -72.863503 9.539480
v -0.214209 -38.863300 6.599781
v -0.245619 -71.674255 5.829294
v -3.405533 -18.909826 16.524403
v -2.268779 -31.960953 12.477138
v -2.130383 -32.755352 11.941526
v -2.615066 -33.579651 11.554420
v -0.837947 -36.114651 8.768284
v -3.707757 -11.787750 15.906288
v -7.128262 -71.486855 10.385945
v -0.991022 -55.592583 5.631844
v -2.000963 -55.253471 6.494060
v -1.877139 -54.275089 6.362778
v -0.813093 -58.032192 5.660272
v -1.328510 -57.309074 6.036416
v -13.482575 -65.415688 6.536883
v -14.284616 -63.742443 6.186206
v -2.322015 -12.338215 16.289907
v -2.483139 -17.342045 16.805212
v -2.652375 -18.273401 16.778116
v -15.732701 -53.964340 7.457302
v -0.180219 -68.196205 6.349113
v -0.223384 -69.892479 5.636316
v -0.639208 -69.076195 7.074919
v -1.581831 -69.099434 7.537480
v -2.092190 -68.013596 7.770248
v -1.017281 -67.210960 7.059574
v -0.922391 -66.253151 6.897855
v -0.525096 -37.930618 8.465802
v -0.322679 -38.802071 7.982972
v -16.558304 -24.774540 8.193027
v -16.883926 -35.759800 9.146051
v -16.129421 -35.610638 9.986362
v -15.476352 -36.406063 10.549994
v -15.635924 -37.635944 10.345034
v -16.436806 -37.610500 9.587187
v -1.782580 -61.491940 6.823939
v -13.673340 -66.972549 5.661842
v -0.281985 -66.384644 5.681932
v -0.534750 -64.778397 6.351252
v -11.903154 -70.700508 6.640014
v -9.448751 -71.230011 9.355864
v -8.855557 -11.808563 13.279659
v -5.220789 -12.008510 15.482370
v -13.679372 -17.635979 10.178256
v -12.787768 -17.506353 10.963346
v -17.039999 -27.171814 8.165705
v -16.356419 -26.454893 8.806568
v -15.361225 -57.340431 7.053412
v -15.499631 -56.423325 7.178723
v -15.179991 -55.699226 7.726522
v -13.701998 -20.137632 10.493563
v -13.346570 -20.854790 10.811077
v -13.801753 -21.600407 10.419662
v -15.114306 -20.855682 9.345101
v -11.935116 -22.059603 11.660816
v -15.684876 -45.865677 8.991593
v -14.906666 -46.041672 9.747770
v 0.048248 -40.769264 6.497179
v -0.733737 -41.433140 8.143826
v -6.782681 -14.257751 15.081687
v -15.489775 -43.806492 9.617405
v -14.531243 -44.386440 10.415362
v -13.972903 -43.337017 11.176293
v -13.303306 -41.295944 12.026126
v -13.119919 -40.111370 12.201897
v -14.093838 -39.042694 11.720461
v -11.831553 -39.612194 12.674493
v -13.922948 -37.849491 11.918269
v -12.894867 -37.300301 12.430989
v -11.723113 -36.803726 12.848077
v -11.567390 -35.323387 12.878745
v -13.922105 -36.569714 11.968924
v -13.910096 -35.252991 11.983957
v -12.948911 -34.345505 12.363103
v -10.587611 -34.500473 13.143345
v -14.695664 -36.088604 11.289246
v -14.104508 -41.441605 11.369571
v -9.713513 -33.846802 13.161505
v -8.537693 -33.986771 13.129036
v -10.131247 -35.475945 13.291753
v -9.058786 -35.904354 13.267523
v -8.000536 -35.649597 13.186558
v -6.868265 -35.857151 13.083144
v -10.717948 -33.481091 13.041630
v -2.714304 -50.425564 8.155211
v -2.636809 -51.407227 7.635740
v -2.120164 -51.436558 6.791975
v -2.179409 -49.493618 7.593581
v -3.129383 -48.304607 8.869571
v -3.151759 -47.331738 9.194606
v -3.748491 -48.916580 9.422029
v -2.355488 -48.473034 7.986352
v -3.418244 -50.103275 9.025749
v -4.095119 -50.988819 9.695196
v -4.782312 -50.466255 10.340672
v -8.993196 -16.951565 13.962098
v -3.326302 -56.327606 7.694547
v -3.170575 -55.111423 7.534957
v -3.588308 -58.095371 8.015992
v -3.929937 -57.214062 8.299213
v -5.533902 -71.589661 10.297704
v -2.642297 -21.078009 16.275366
v -12.677944 -66.476753 7.098066
v -12.310151 -64.890182 8.121428
v -1.234228 -63.728142 6.768826
v -1.944287 -64.058975 7.348154
v -2.543257 -70.979149 8.452638
v -1.287146 -70.784515 7.951871
v -3.805272 -67.590996 9.267256
v -4.868720 -66.050758 9.970028
v -16.445898 -33.719410 9.725532
v -15.697352 -34.342747 10.373880
v -14.880110 -34.505947 11.097696
v -14.737757 -33.089458 11.150234
v -13.900120 -33.018024 11.833626
v -1.299941 -51.846851 5.859538
v -6.283802 -24.378120 13.919142
v -7.393051 -24.752775 13.334302
v -7.725858 -25.676704 13.023001
v -2.930653 -34.564777 11.210958
v -3.671940 -35.102077 11.731199
v -5.138803 -13.778645 15.770461
v -5.991748 -13.381923 15.328044
v -3.057377 -14.022968 16.412085
v -4.074862 -13.273127 16.025043
v -5.061486 -14.878704 15.948253
v -13.083680 -22.328886 10.922347
v -13.428115 -23.199413 10.634000
v -15.856382 -23.243845 8.733830
v -13.454756 -29.158012 11.490441
v -2.226895 -28.157864 14.012900
v -2.261488 -27.276583 14.415512
v -14.357060 -24.620211 10.053960
v -14.279596 -57.559975 8.062807
v -12.654984 -57.319370 9.588675
v -12.436381 -58.343311 9.566876
v -12.220643 -56.702133 10.084162
v -12.350686 -59.697792 9.359312
v -11.666430 -60.101227 9.884262
v -11.025900 -59.463726 10.486706
v -11.546684 -61.093136 9.782516
v -10.204050 -59.148590 10.998189
v -9.796091 -60.160175 11.063886
v -12.353536 -61.483162 8.935869
v -11.245509 -57.592461 10.647750
v -11.622831 -58.390717 10.251387
v -10.462114 -57.722565 11.050596
v -8.819389 -57.396545 11.597744
v -9.052177 -58.430901 11.458131
v -8.431952 -59.029705 11.498562
v -7.528248 -58.799191 11.523917
v -7.485846 -57.509949 11.565457
v -7.040525 -56.492233 11.479744
v -6.928959 -60.348576 11.280259
v -7.808277 -60.866646 11.396463
v -11.151805 -56.105595 10.924657
v -13.737943 -55.273636 9.104501
v -12.648949 -55.763916 9.917981
v -12.462470 -54.253628 10.355000
v -6.155768 -62.935833 10.883676
v -6.236599 -61.980034 10.943270
v -7.639553 -62.148331 11.324576
v -8.284850 -62.952301 11.163827
v -8.712187 -64.867645 10.794922
v -6.992507 -33.820415 12.982126
v -9.248950 -37.174389 13.277196
v -8.272286 -37.851467 13.202151
v -10.261006 -37.561115 13.282446
v -9.348593 -39.468071 13.207428
v -10.409301 -38.898930 13.173355
v -8.536858 -38.971996 13.167073
v -1.093080 -46.939453 6.250818
v -1.997120 -46.949703 7.771989
v -14.416022 -61.995586 6.675539
v -13.679927 -63.439838 6.916396
v -6.195417 -66.929024 10.740409
v -8.089732 -67.892326 10.628284
v -14.607874 -26.217670 10.153626
v -15.225182 -25.709238 9.664583
v -10.643198 -14.357055 12.299493
v -2.477750 -46.481640 8.742071
v -3.082185 -45.456207 9.801621
v -3.070082 -44.558212 10.094272
v -2.623992 -42.788464 10.152462
v -3.872614 -44.177639 10.773190
v -3.821066 -43.178513 11.034207
v -4.456117 -26.741318 13.926561
v -5.505013 -27.176804 13.497195
v -5.309776 -25.170061 14.074245
v -3.788015 -24.255356 14.998195
v -6.144295 -26.127522 13.518991
v -7.406473 -27.515867 12.924876
v -7.905405 -26.742495 12.819426
v -7.916958 -28.337997 12.764200
v -9.036696 -28.509922 12.522599
v -16.631601 -30.370811 9.227594
v -2.977774 -31.262861 12.853353
v -3.810662 -32.378109 12.566708
v -3.718211 -33.302010 12.183291
v -3.008201 -24.948202 15.020625
v -3.191378 -23.306532 15.493264
v -5.108997 -23.278578 14.801360
v -0.549911 -61.508057 5.610386
v -10.280789 -44.167892 12.489784
v -9.954197 -43.160843 12.768111
v -9.414504 -44.899616 12.543848
v -4.785012 -58.142426 9.394187
v -9.664655 -52.412125 11.850981
v -8.441725 -53.160213 11.826550
v -12.854161 -51.351028 10.576578
v -12.713743 -50.136295 10.867171
v -13.103491 -48.427639 10.918261
v -13.928374 -47.340015 10.509263
v -14.595955 -46.948933 9.922524
v -14.900090 -47.799568 9.516545
v -13.535766 -54.140442 9.534600
v -3.242871 -53.561138 7.809539
v -3.546769 -52.834072 8.439627
v -13.624301 -27.372345 10.987675
v -12.271052 -26.004566 11.328870
v -10.943776 -25.479307 11.794061
v -10.856272 -24.565880 11.874915
v -10.171824 -25.965782 12.084743
v -9.116434 -27.061729 12.436483
v -9.476539 -24.443727 12.511309
v -9.055171 -25.378534 12.542788
v -10.314310 -69.747307 8.948793
v -15.202738 -49.794464 8.866887
v -5.220373 -36.004189 12.559825
v -4.909623 -35.021423 12.396993
v -3.323838 -61.715794 7.915699
v -3.601846 -60.869839 8.119461
v -3.808694 -62.615227 8.463156
v -11.913948 -69.594711 7.094933
v -1.571415 -65.532570 7.296061
v -2.342068 -66.901855 8.086662
v -3.920022 -20.684166 16.073032
v -6.926280 -23.001169 14.096218
v -10.198957 -17.352551 13.067293
v -13.129250 -19.239155 10.897759
v -10.222565 -48.483047 11.955731
v -9.538906 -47.727451 12.068050
v -8.584124 -48.453045 12.074125
v -8.475556 -49.500950 12.006810
v -6.990528 -48.547211 11.533012
v -5.991383 -49.382946 11.096349
v -7.397589 -44.523525 12.261002
v -8.472707 -45.912727 12.203526
v -10.233618 -46.438065 12.085379
v -6.791363 -46.603836 11.684533
v -7.420784 -42.653004 12.600816
v -7.883680 -40.971405 12.924822
v -13.097245 -45.769646 11.396091
v -13.412683 -46.652332 11.030327
v -11.322898 -45.458870 11.978043
v -15.424944 -41.638699 10.069514
v -6.240639 -17.560244 15.619650
v -5.506755 -19.164658 15.808813
v -9.780760 -63.542938 10.561795
v -11.496614 -47.232403 11.772440
v -13.397030 -31.825315 11.985768
v -12.079322 -32.998051 12.576878
v -3.656256 -37.322929 11.876735
v -7.574604 -15.798601 14.810054
v -10.793496 -11.978985 11.635905
v -6.861223 -70.363655 10.550836
v -1.683848 -50.102741 6.395613
v -9.722862 -55.476707 11.582286
v -14.347385 -49.080482 9.854479
v -2.427090 -43.917088 9.623222
v -1.449796 -41.445992 9.215634
v -0.116099 -41.738220 6.426608
v -4.405947 -22.038452 15.504265
v -13.994612 -12.556217 8.228467
v -4.514915 -59.392563 9.026958
v -4.502975 -55.780567 9.134152
v -6.107976 -54.816635 11.079644
v -11.145406 -40.708607 12.782580
v -10.211143 -40.870892 13.027875
v -4.346196 -29.501646 13.239489
v -5.004196 -30.888418 12.978410
v -8.635499 -23.666233 13.077460
v -9.912333 -22.193022 12.804330
v -7.802026 -66.214935 10.885956
v -9.847107 -68.414177 9.633697
v -12.770350 -44.284122 11.799145
v -11.151374 -42.275517 12.577242
v -13.021197 -64.921516 7.257071
v -2.469009 -61.961750 7.300350
v -1.511454 -62.362434 6.764059
v -10.159770 -71.065727 8.745282
v -14.016442 -45.177979 10.717134
v -14.190838 -42.426205 11.147004
v -13.326209 -39.255527 12.214087
v -14.721859 -38.217239 11.175017
v -14.661773 -39.631725 11.104395
v -11.893066 -38.641743 12.718952
v -11.167048 -36.140045 13.052241
v -12.519207 -35.195011 12.557181
v -7.244349 -36.631893 13.149082
v -3.839559 -51.745071 9.269132
v -3.740652 -54.808975 8.247530
v -6.567963 -58.769688 11.165465
v -11.535438 -56.789349 10.585504
v -8.822642 -68.287689 10.300150
v -11.186077 -44.044899 12.298739
v -12.275403 -45.422768 11.756292
v -10.294634 -22.991209 12.448033
v -1.306393 -73.673904 2.648801
v -1.947037 -73.549568 1.582714
v -2.677926 -73.423859 0.576405
v -3.339889 -73.295349 -0.478035
v -3.705261 -73.169960 -1.669599
v -3.852936 -73.095642 -2.912101
v -4.098727 -72.992874 -4.138101
v -4.487364 -72.856651 -5.324339
v -5.309823 -72.742622 -6.271514
v -6.249734 -72.642525 -7.107338
v -7.337126 -72.494682 -7.725002
v -8.548044 -72.350220 -8.048929
v -9.798379 -72.218102 -8.206924
v -11.050514 -72.174553 -8.029060
v -12.288064 -72.136856 -7.729479
v -13.381729 -72.140686 -7.088809
v -14.304790 -72.173264 -6.220903
v -14.990273 -72.239578 -5.160647
v -15.371370 -72.321648 -3.953846
v -15.545726 -72.378395 -2.705122
v -15.449059 -72.381210 -1.443311
v -15.139889 -72.315086 -0.222963
v -14.773331 -72.224136 0.977443
v -14.180982 -72.062912 2.075176
v -14.458197 -9.287870 6.024067
v -14.860848 -9.042932 4.577287
v -15.125721 -8.857990 3.102225
v -15.111675 -8.760883 1.673198
v -14.911672 -8.716894 0.293778
v -14.538325 -8.716600 -1.033473
v -13.943877 -8.762498 -2.258495
v -13.275140 -8.831882 -3.418525
v -12.389770 -8.937535 -4.403126
v -11.416594 -9.068257 -5.289878
v -10.350227 -9.229742 -6.020688
v -9.186904 -9.389355 -6.544842
v -7.986185 -9.555254 -6.940435
v -6.773070 -9.725311 -7.250631
v -5.579969 -9.876297 -7.612643
v -4.362744 -10.015825 -7.861351
v -3.126867 -10.188795 -7.866238
v -1.908319 -10.439106 -7.938531
v -0.903582 -10.420002 -7.197271
v 0.299311 -10.297355 -7.498022
v 0.188989 -11.536965 -7.683184
v 0.076420 -12.721742 -8.085330
v 0.016273 -13.829256 -8.676901
v 0.021913 -15.016105 -9.089546
v 0.040983 -16.187607 -9.581716
v 0.059148 -17.369999 -10.078933
v 0.072815 -18.596451 -10.498934
v 0.081842 -19.848742 -10.901853
v 0.091078 -21.128609 -11.240841
v 0.101788 -22.436409 -11.534932
v 0.110400 -23.770908 -11.758181
v 0.119457 -25.130104 -11.887175
v 0.126896 -26.515202 -11.899995
v 0.133171 -27.894926 -11.775388
v 0.135203 -29.257605 -11.480682
v 0.138128 -30.586769 -10.945829
v 0.138150 -31.766809 -10.130432
v 0.128895 -32.765476 -8.990486
v 0.127391 -33.549721 -7.598116
v 0.105867 -34.160290 -6.044254
v 0.082429 -34.668800 -4.411216
v 0.065989 -35.162392 -2.735925
v 0.043478 -35.743568 -1.126020
v 0.250129 -36.185505 0.433762
v -0.310002 -36.839066 1.841373
v -3.044209 -64.716721 -4.178288
v -10.338816 -48.462669 -6.255926
v -2.117826 -40.351955 -4.283490
v -14.940349 -32.300240 -7.916542
v -10.433143 -18.079288 -9.179517
v -14.564507 -63.114204 -3.475038
v -16.927620 -16.209360 -2.001133
v -3.237638 -56.100636 -4.031126
v -16.371723 -53.686634 -2.730396
v -17.112955 -44.045555 -2.305260
v -18.601019 -27.297567 -2.415191
v -2.608284 -48.457108 -3.260069
v -7.518601 -66.942101 -6.388424
v -5.505579 -35.402096 -8.859921
v -8.868837 -27.607197 -11.646019
v -19.078939 -35.696060 -1.520647
v -18.451555 -21.455021 -0.000620
v -17.710936 -49.092533 0.528953
v -16.814323 -58.878304 -0.206082
v -2.300643 -68.372726 -0.792615
v -5.509591 -14.951414 -8.869813
v -16.599438 -67.374283 -0.706293
v -1.662754 -60.956039 -1.036579
v -0.359519 -43.312794 -0.679953
v -11.422492 -13.645329 -6.671578
v -5.502507 -20.133848 -10.966495
v -13.373291 -67.184082 -5.919163
v -16.299679 -13.246074 2.473618
v -0.902806 -53.487930 -0.887035
v -18.538879 -43.016373 1.931879
v -19.690374 -30.900642 1.079933
v -1.111998 -37.171410 -3.812737
v -14.857918 -12.774414 -2.648341
v -17.737465 -17.006975 2.531577
v -17.657705 -54.107510 1.466766
v -19.115520 -26.113956 1.918672
v -0.622658 -48.442394 0.069868
v -4.611211 -68.864960 -5.394073
v -4.305570 -32.028381 -11.196582
v -19.363068 -38.210751 2.255275
v -17.216545 -62.687634 1.078844
v -1.837099 -64.626930 0.219413
v -5.002004 -24.405466 -12.027901
v -1.207692 -57.203167 0.093094
v 0.133441 -39.466991 -0.123199
v -19.727076 -34.588551 2.500850
v -10.160864 -68.926361 -7.350729
v -18.151848 -46.759434 2.981490
v -2.140984 -35.060802 -7.279048
v -18.370247 -21.504372 3.465428
v -17.964001 -50.498688 3.170078
v -17.368637 -57.893906 2.636693
v -7.693163 -12.610773 -7.641582
v -15.719850 -69.219490 -3.191000
v -3.448348 -17.768597 -10.179116
v -3.562217 -28.838610 -11.932604
v -2.286809 -70.732658 1.486742
v -2.764287 -12.944395 -8.348002
v -15.398496 -11.366857 0.342961
v -13.033403 -11.608414 -4.255243
v -0.666242 -50.955303 1.168639
v -0.366947 -45.922791 1.237246
v -6.483952 -69.839859 -7.238542
v -3.535434 -70.341751 -3.333996
v -18.752026 -40.673473 3.777747
v -16.532791 -65.238708 1.995110
v -2.040270 -67.029495 1.536322
v -15.688694 -69.676064 0.423826
v -1.500338 -62.121166 1.346374
v -16.687193 -14.972550 4.479645
v -19.304068 -28.527431 3.321367
v -15.209371 -11.375896 4.834949
v -0.088109 -42.136311 1.498045
v -2.932660 -21.702351 -11.460656
v -13.500880 -69.727722 -6.189769
v -1.018504 -54.685116 1.375789
v -19.475954 -32.178761 3.618698
v -18.599890 -23.821913 3.869384
v -17.232689 -60.378487 2.949697
v -9.981030 -11.695344 -6.518376
v -2.686016 -15.409212 -9.223626
v -2.870780 -70.885406 -0.990977
v -1.386928 -59.640217 1.534060
v -18.049828 -44.317173 4.056933
v -17.596085 -52.998955 3.628143
v -17.235872 -55.450611 3.408279
v -1.996697 -32.951458 -10.172113
v 0.074113 -37.516907 -0.022885
v -17.887251 -19.259768 4.355537
v -5.169451 -12.323651 -7.904851
v -15.845895 -67.655502 1.877618
v -19.130945 -37.071030 4.217888
v -2.665162 -25.877010 -12.056265
v -14.321355 -10.808729 -1.877908
v -17.171175 -17.086308 4.940897
v -15.597335 -13.065051 5.346509
v -0.612665 -35.928280 -3.638158
v -18.778120 -26.184462 4.205962
v -5.116903 -70.882332 -5.355975
v -16.585640 -62.831516 3.017564
v -0.499185 -48.456280 2.033037
v -1.590267 -64.563210 2.171293
v -1.124663 -57.160492 2.041459
v -9.026327 -70.485817 -7.679242
v -11.520517 -70.334061 -7.560345
v -17.761433 -48.061577 4.405249
v -19.227606 -34.652927 4.516734
v -15.877090 -70.663597 -2.039830
v -15.220773 -70.525192 -4.445767
v -1.969403 -19.152071 -10.709466
v -1.940991 -30.110806 -11.436636
v -15.358232 -10.530243 3.322724
v -0.146708 -39.723618 1.987477
v -14.896812 -70.054764 2.017162
v -1.478856 -11.903975 -7.889680
v -1.468053 -71.959709 2.342077
v -1.544511 -69.498367 2.412438
v -11.949762 -10.599086 -4.839837
v -0.988875 -34.331299 -7.062943
v -0.729038 -52.199245 2.292106
v -0.117444 -44.715141 2.403852
v -18.690359 -39.526623 4.961352
v -18.362053 -41.948818 4.988385
v -19.057831 -29.779974 4.538194
v -1.749173 -23.098310 -11.706564
v -1.561494 -14.336038 -8.811574
v -1.629575 -16.714336 -9.784870
v -0.240989 -37.322079 1.635150
v -7.528623 -11.098516 -7.189263
v -17.056753 -59.223175 4.065670
v -3.326020 -71.741310 -2.255748
v -2.992726 -71.906212 0.221151
v -1.110041 -60.874062 2.458696
v -17.901196 -21.590841 5.180419
v -17.390480 -50.552269 4.622598
v -17.678713 -45.594215 4.916189
v -17.190546 -54.270485 4.416888
v -17.088564 -56.731209 4.258993
v -3.926593 -11.490639 -8.214049
v -15.635915 -66.485390 2.920156
v -1.629473 -27.265743 -11.935269
v -0.179566 -36.286396 -1.897920
v -9.906740 -32.722610 -10.590808
v -11.647249 -39.948765 -6.833195
v -15.178336 -10.021749 0.786719
v -13.659702 -10.105433 -2.874556
v -6.616604 -71.272820 -7.416877
v -1.266237 -31.353640 -10.765785
v -16.114027 -15.025019 5.968661
v -17.135038 -18.233810 5.650280
v -4.158418 -71.648880 -4.618804
v -16.498545 -61.648659 3.829078
v -16.070526 -64.081688 3.469011
v -0.241562 -38.513149 2.315520
v -0.576200 -34.880772 -5.349183
v -0.929117 -33.475307 -8.569545
v -7.108768 -60.658569 -6.064373
v -1.381953 -67.033447 2.755959
v -15.282542 -71.037842 0.391557
v -18.421457 -25.045624 5.031220
v -18.745438 -27.391031 4.903724
v -0.585892 -49.709892 2.635554
v -0.445691 -47.212616 2.691227
v -1.257565 -63.333672 2.730433
v -0.952077 -58.401024 2.628529
v -0.886219 -55.923004 2.628289
v -14.648240 -68.549751 -4.866695
v -15.287395 -66.344200 -3.040511
v -0.171086 -40.976017 2.740976
v -15.102491 -22.761850 -7.072352
v -1.157952 -46.061565 -1.769611
v -4.217525 -44.380680 -5.141356
v -14.988684 -12.060214 6.216647
v -10.321757 -71.012428 -7.753875
v -12.761415 -70.910164 -7.272675
v -1.382780 -20.463511 -11.100521
v -14.961205 -10.171004 4.851121
v -1.393170 -35.802883 -5.348580
v -3.104860 -37.018921 -6.065119
v -6.722620 -39.318336 -6.889084
v -19.103842 -33.451790 5.047872
v -18.978420 -35.898689 5.182165
v -15.578161 -71.145592 -3.286643
v -14.592925 -71.002968 -5.570220
v -0.491685 -37.213669 -2.173777
v -0.560396 -38.673641 -2.171049
v -0.417235 -40.970184 -1.569325
v -3.150041 -20.198067 -11.045010
v -12.190541 -68.375160 -7.200525
v -10.665788 -65.222519 -6.831231
v -14.893865 -68.867088 2.667462
v -2.424237 -69.006310 0.907913
v 0.049844 -43.504410 2.853966
v -0.017480 -43.607986 1.247427
v -1.337404 -24.468649 -11.880530
v -3.174425 -24.107330 -11.946432
v -4.503898 -22.735670 -11.707673
v -9.446528 -22.382721 -10.967514
v -7.027849 -22.994492 -11.627153
v -8.931085 -24.960888 -11.557343
v -13.147160 -26.415560 -9.302970
v -1.290151 -28.650906 -11.713839
v -1.681506 -38.626347 -4.037625
v -9.808335 -10.453607 -6.176002
v -1.303750 -70.732834 2.767682
v -0.736166 -53.443451 2.701273
v -0.892398 -53.234173 1.269619
v -1.220665 -15.556037 -9.303099
v -1.131425 -13.166965 -8.412222
v -1.258574 -17.949389 -10.282794
v -11.714361 -24.084896 -10.154109
v -12.588094 -20.723351 -8.905742
v -14.377877 -16.979895 -6.244328
v -18.345253 -39.937019 -1.656520
v -16.081430 -37.186207 -5.688496
v -18.418289 -40.761784 5.420410
v -18.756536 -38.341007 5.369996
v -19.043274 -38.439247 3.828439
v -18.008650 -43.174435 5.375359
v -18.329710 -42.900272 3.940794
v -19.012480 -31.008451 5.003829
v -19.482611 -30.747803 3.476099
v -8.795438 -15.348746 -8.527244
v -1.407543 -50.774136 -1.430977
v -3.721213 -52.158569 -4.475798
v -8.575543 -55.130280 -6.037821
v -6.028560 -48.837200 -5.686172
v -8.156030 -68.723518 -7.182920
v -6.281166 -10.930683 -7.448429
v -3.314709 -72.119347 -1.017038
v -2.338494 -72.363777 1.240708
v -17.370369 -49.323681 4.998898
v -17.085430 -51.789639 4.782714
v -17.522108 -46.847427 5.155499
v -16.922964 -57.988297 4.449368
v -2.726442 -11.412879 -7.771561
v -16.088160 -64.454025 -0.834566
v -0.090671 -40.602409 1.111507
v -1.256341 -21.774338 -11.425190
v -14.542021 -10.272252 6.212638
v -19.365593 -35.734680 3.695748
v -19.664619 -36.325813 1.790776
v -19.231440 -37.523636 -0.031657
v -19.549990 -34.681625 0.266025
v -18.830750 -31.907892 -3.007349
v -18.587067 -37.732315 -2.388914
v -17.737806 -35.571693 -4.136902
v -16.941494 -39.289181 -4.037320
v -14.520308 -39.735561 -5.823870
v -12.869091 -44.341019 -5.493297
v -15.103738 -48.834412 -4.005785
v -15.731257 -42.167561 -4.340635
v -19.041113 -39.757896 0.634585
v -1.467728 -42.599430 -3.020497
v 0.107886 -36.738342 -0.292469
v -5.350543 -26.896599 -12.230078
v -6.605075 -29.411659 -11.945358
v -17.585205 -20.480072 5.637938
v -17.965649 -22.750395 5.397047
v -14.791581 -9.784800 -0.469280
v -15.248696 -9.837065 2.197793
v -12.838412 -9.966248 -3.883377
v -7.842484 -71.334503 -7.747085
v -5.854932 -71.623451 -6.468565
v -0.621119 -50.958466 2.778904
v -0.323254 -45.971375 2.882386
v -0.096385 -42.247490 2.925936
v -8.831779 -11.229499 -6.888558
v -10.918832 -10.929929 -5.735435
v -11.844110 -12.188526 -5.600974
v -13.228915 -13.521472 -5.300442
v -12.630292 -15.549641 -6.950169
v -16.343399 -61.533516 -1.638553
v -13.895562 -57.910351 -4.523608
v -13.298740 -37.359837 -7.215873
v -9.796555 -37.419266 -7.926100
v -18.408327 -41.836750 -0.164040
v -18.095335 -44.240433 -0.120246
v -17.459232 -46.883801 -1.456561
v -16.873190 -55.506817 4.604185
v -2.829331 -31.430756 -11.242047
v -4.204360 -30.418678 -11.704906
v -6.086746 -31.203577 -11.642955
v -6.363418 -33.619724 -10.692373
v -8.616672 -30.828222 -11.347891
v -12.336495 -29.926582 -9.954379
v -8.560985 -35.280994 -9.438190
v -11.920579 -34.895634 -8.875316
v -3.705097 -71.978607 -3.483491
v -16.558973 -60.422470 4.139122
v -15.666663 -65.275574 3.393034
v -1.286533 -68.268257 2.871068
v -1.217740 -65.803734 2.859924
v -15.609667 -71.298866 -0.804183
v -18.802792 -28.591978 5.057845
v -1.045562 -62.108810 2.819235
v -0.932698 -59.638794 2.782757
v -13.744279 -71.085236 -6.499510
v -15.091002 -67.662796 2.959906
v -0.774858 -54.684956 2.778766
v -5.091621 -11.018414 -7.837631
v -0.885728 -32.474819 -9.802031
v -19.480886 -33.526390 3.604506
v -19.810179 -32.699734 1.714301
v -19.488171 -32.281948 -0.675810
v -19.253736 -29.798265 -1.553355
v -17.843716 -29.378658 -4.523584
v -16.520311 -26.009510 -5.775841
v -7.727039 -20.929270 -10.941844
v -7.733703 -18.512325 -10.080177
v -10.148479 -20.247705 -10.062088
v -16.115665 -34.541439 -6.442587
v -17.114277 -32.075813 -5.641854
v -15.800862 -29.637661 -7.123949
v -8.997169 -12.484545 -7.243381
v -8.393014 -13.922709 -7.995217
v -10.237712 -13.020986 -6.959472
v -10.184909 -14.494366 -7.700178
v -10.455970 -16.242292 -8.436705
v -7.179152 -15.049932 -8.715408
v -5.947395 -17.035439 -9.719392
v -3.385039 -67.621925 -3.228518
v -1.163363 -25.850554 -11.955281
v -18.089592 -48.656532 2.594632
v -0.467040 -47.289322 1.324163
v -0.792665 -46.683392 -0.226074
v -1.419413 -47.876472 -1.496858
v -0.524112 -44.981731 -0.244517
v -1.363604 -58.302017 1.345680
v -1.436302 -59.251778 -0.275760
v -2.637495 -58.820892 -3.067128
v -4.549232 -58.695938 -5.572421
v -4.414519 -61.933857 -5.417377
v -6.839036 -63.721985 -6.457946
v -16.245710 -68.976692 -1.470599
v -0.539773 -49.603741 1.286417
v -0.611352 -50.182034 -0.193993
v -0.708790 -51.889874 -0.277905
v -1.138279 -56.030396 1.309847
v -1.025058 -55.295582 -0.406359
v -1.561754 -54.961830 -2.711787
v -1.649183 -56.664379 -1.712334
v -4.009003 -34.078907 -9.833838
v -17.429916 -22.942352 -3.698137
v -16.418268 -19.607370 -4.770873
v -6.591744 -13.755681 -8.255351
v -7.579928 -16.452677 -9.244938
v -18.118719 -47.391411 1.215852
v -18.258076 -45.402523 1.504852
v -0.923790 -44.397156 -1.824119
v -2.405368 -45.136826 -3.667019
v -3.953046 -46.952557 -4.772053
v -6.367757 -46.056850 -5.945684
v -7.216300 -42.624767 -6.256931
v -1.936547 -52.653191 -2.741796
v -14.808419 -71.171379 1.568568
v -1.536781 -63.455090 1.431210
v -1.940514 -62.888351 -0.219939
v -2.194372 -64.317528 -2.044604
v -2.552089 -62.177170 -3.548130
v -15.543040 -69.026878 1.548178
v -16.211056 -68.242096 0.431659
v -16.601051 -66.654594 0.783581
v -3.152664 -38.764194 -5.443891
v -4.375433 -40.774807 -5.788944
v -5.316100 -37.465164 -7.044081
v -15.484458 -11.056490 1.838696
v -15.977905 -12.537495 1.039926
v -16.799635 -14.546731 0.117377
v -15.749072 -11.903624 2.889523
v -15.710971 -12.809571 -0.944250
v -15.856544 -14.557701 -2.708689
v -15.823870 -16.423386 -4.227954
v -14.621740 -14.855297 -4.764349
v -12.010011 -17.150116 -8.048047
v -12.090691 -18.951973 -8.688134
v -14.260963 -19.266863 -7.218573
v -18.828924 -37.130196 5.465761
v -0.162794 -38.642826 0.837027
v -0.061399 -38.098888 -0.754974
v -19.071104 -39.481560 2.947885
v -18.949566 -40.854668 2.042539
v -0.027974 -41.447845 -0.012941
v -9.589582 -44.965420 -6.254702
v -17.130117 -65.043587 0.367601
v -14.301073 -9.694474 -1.697554
v -3.421269 -27.295101 -12.078859
v -4.420392 -70.370148 -4.334343
v -3.984509 -68.949295 -3.818416
v -3.199173 -69.032654 -2.336558
v -3.990041 -67.648094 -4.655124
v -5.202178 -66.933334 -6.403221
v -3.362460 -66.281425 -4.093119
v -4.307129 -65.433800 -5.506810
v -2.603535 -66.132637 -2.371216
v -5.857725 -65.277252 -6.498206
v -5.103691 -63.631081 -5.934730
v -5.974701 -62.034863 -6.483152
v -5.147267 -60.343182 -6.125225
v -3.853338 -60.147045 -4.571557
v -7.795326 -62.195122 -6.862849
v -11.007930 -60.119915 -5.731098
v -8.910658 -64.014702 -6.840727
v -10.980574 -62.659382 -6.277130
v -9.192961 -60.862324 -6.093217
v -9.141487 -58.084091 -6.379580
v -11.676563 -56.115532 -5.942112
v -11.246700 -52.256302 -5.994740
v -12.922681 -64.480095 -5.688102
v -13.126253 -61.623886 -5.117360
v -14.760460 -60.321266 -3.355813
v -15.922761 -57.923176 -2.755012
v -17.032524 -55.953751 -0.796473
v -6.332330 -59.102272 -5.500542
v -6.205498 -56.335461 -5.425489
v -6.065901 -53.354321 -6.066016
v -7.995373 -59.384041 -5.990993
v -7.284678 -57.642708 -6.287189
v -14.112793 -55.022102 -4.412264
v -14.306742 -51.871082 -4.269701
v -14.608558 -69.764786 -5.258595
v -12.554744 -69.627182 -7.206496
v -10.739616 -67.182724 -6.614798
v -17.687410 -41.929123 -2.292655
v -1.263538 -49.315479 -1.187038
v -2.031100 -49.782284 -2.544797
v -3.360652 -50.200359 -4.060189
v -5.064583 -50.677830 -5.403762
v -7.619041 -51.056343 -6.146693
v -17.108877 -61.672222 2.650603
v -16.938997 -60.628975 0.907278
v -16.708448 -63.957729 2.315179
v -18.823383 -25.051239 3.598887
v -18.855274 -24.160185 1.558435
v -18.856915 -25.551664 -0.629358
v -17.962025 -25.115988 -3.056843
v -19.375269 -27.719292 0.057733
v -18.402225 -23.460638 -1.280094
v -19.118305 -27.262791 3.483138
v -19.359173 -27.724470 1.822744
v -19.554543 -29.212492 0.975700
v -6.744161 -11.989052 -7.614267
v -17.886250 -46.434113 4.097383
v -18.162130 -45.406460 3.230217
v -18.278473 -44.137615 2.710682
v -15.650375 -46.181606 -3.354331
v -13.542114 -46.852921 -4.892520
v -12.840720 -49.460583 -5.523081
v -16.759380 -15.942007 5.161197
v -17.244373 -16.047853 3.634614
v -17.357441 -15.463798 1.665245
v -17.740604 -17.238220 -0.074917
v -18.310154 -19.189213 1.247151
v -17.839241 -19.553686 -1.794550
v -2.196600 -34.178810 -8.921293
v -3.289041 -34.907837 -8.488482
v -3.077499 -35.828125 -7.065508
v -4.412398 -36.390903 -7.370491
v -2.176351 -36.432320 -5.726947
v -2.131151 -37.506752 -4.936096
v -19.030174 -32.233585 5.120537
v -16.909069 -49.528271 -2.066749
v -17.360666 -51.870438 -0.411261
v -19.157400 -33.736961 -2.016903
v -18.111374 -33.551441 -4.061118
v -17.886948 -49.232174 3.775354
v -5.131789 -13.695220 -8.393489
v -4.068877 -14.734891 -8.875834
v -4.323264 -16.280279 -9.506222
v -15.875340 -12.614739 3.990518
v -16.423370 -13.880182 3.754678
v -12.184134 -66.095879 -6.764987
v -9.190898 -66.220581 -6.466748
v -7.768767 -65.226852 -6.413424
v -18.343357 -44.151424 1.455148
v -18.380285 -43.112865 0.578103
v -17.988264 -43.010094 -0.763096
v -17.003937 -15.056544 3.059299
v -16.832203 -14.344145 2.046043
v -16.543468 -13.700345 1.161171
v -16.245737 -13.542613 -0.179899
v -16.466965 -14.514398 -1.344256
v -16.679976 -17.162437 6.134390
v -7.779370 -70.017944 -7.528647
v -16.107153 -67.548599 -2.277431
v -16.106747 -66.007492 -1.534781
v -15.021952 -64.852104 -2.149149
v -13.774930 -65.130562 -3.861221
v -15.457487 -63.106888 -1.938101
v -15.354725 -67.783783 -3.601942
v -14.122095 -66.778931 -4.296623
v -16.809496 -17.880339 -3.451354
v -9.517447 -59.386650 -5.605694
v -11.325875 -58.278210 -6.075007
v -12.770813 -59.502655 -5.194968
v -2.258228 -51.236412 -2.536113
v -2.917615 -14.200088 -8.719119
v -3.927104 -13.376959 -8.357087
v -2.832547 -52.000217 -3.482408
v -3.200108 -54.018539 -3.682791
v -4.752511 -54.904411 -4.849116
v -17.570116 -51.370720 3.819229
v -17.901377 -51.987659 2.235555
v -17.960300 -50.470058 1.464577
v -18.111526 -20.746960 4.440511
v -18.320650 -20.120932 2.827018
v -18.625729 -21.317532 1.754553
v -18.700678 -22.744858 0.904948
v -18.622087 -22.978184 2.557040
v -18.088173 -18.762663 2.863372
v -17.683708 -18.078447 4.124803
v -18.319952 -22.331829 4.265942
v -1.933670 -68.496521 1.881707
v -1.699083 -59.528065 -1.903568
v -2.402440 -60.518024 -3.128650
v -1.386649 -58.131660 -1.324147
v -15.988482 -70.085396 -0.902583
v -15.714132 -18.080032 -5.175151
v -15.172704 -13.024021 6.498640
v -15.764036 -13.975893 5.888522
v -10.923022 -26.331572 -10.744873
v -10.901452 -28.404816 -10.754783
v -19.765907 -31.494783 2.392994
v -3.957989 -63.400772 -4.704143
v -16.714121 -62.931412 -0.865743
v -16.805277 -61.596462 -0.219443
v -16.395790 -60.234512 -0.814747
v -15.904216 -60.055954 -2.459675
v -16.219215 -58.990646 -1.524407
v -16.748867 -57.526257 -1.059508
v -17.393488 -57.120579 0.786110
v -16.485334 -56.438908 -2.279268
v -14.764665 -56.355457 -3.123426
v -16.638481 -54.950871 -1.899538
v -17.264362 -54.150116 -0.320267
v -15.664199 -55.045933 -2.968868
v -15.157585 -53.745377 -3.929380
v -15.616017 -52.204479 -3.222801
v -13.777311 -53.408241 -4.928172
v -12.694366 -54.743774 -5.522138
v -10.715171 -54.282570 -5.875827
v -9.081163 -52.774464 -6.255874
v -15.233927 -50.570866 -3.521431
v -12.907627 -51.920956 -5.384953
v -16.814232 -52.191341 -2.011348
v -12.876403 -56.271030 -4.662248
v -9.736238 -50.727245 -6.152627
v -8.409312 -49.186642 -6.129138
v -8.648168 -46.987511 -6.209564
v -13.901177 -50.259182 -4.501326
v -11.844129 -50.726559 -5.812967
v -14.877354 -61.639240 -2.408052
v -2.139066 -57.744686 -2.394326
v -2.587834 -57.461796 -3.899825
v -3.806006 -57.327389 -5.005214
v -1.991821 -56.538559 -3.042419
v -3.171420 -58.763466 -4.511620
v -5.172033 -57.362869 -5.641040
v -4.764855 -56.318966 -4.762414
v -10.476542 -30.194868 -10.828350
v -11.679661 -31.738579 -10.132718
v -13.465641 -31.380739 -9.103539
v -13.321142 -33.388672 -8.830012
v -13.938025 -35.284496 -7.673437
v -14.156181 -29.573544 -8.683810
v -14.917410 -27.552673 -7.836541
v -14.833652 -25.197023 -7.658668
v -12.939063 -28.230528 -9.529937
v -11.493122 -33.423420 -9.762486
v -10.270478 -34.686340 -9.636055
v -10.584944 -35.992939 -8.575411
v -11.607894 -37.195141 -7.846827
v -10.722286 -38.650013 -7.314694
v -9.028253 -40.730793 -6.902062
v -8.758957 -39.016418 -7.383965
v -7.623333 -37.431740 -7.710562
v -10.885868 -42.521679 -6.277932
v -8.911740 -33.957157 -10.257046
v -7.962002 -32.557747 -11.021767
v -7.413895 -34.545063 -10.063827
v -7.015677 -35.649166 -8.935056
v -5.941525 -36.377342 -7.997674
v -8.088726 -36.329853 -8.549186
v -14.635693 -61.696156 -3.861339
v -13.865787 -60.554337 -4.352005
v -14.400883 -59.223583 -4.204579
v -14.877771 -58.954376 -2.832327
v -13.491136 -62.451462 -4.062822
v -12.338984 -62.988152 -5.162646
v -13.538499 -63.804951 -4.014785
v -14.655075 -57.684811 -3.148821
v -9.071857 -29.247890 -11.503911
v -13.843334 -11.308120 -3.147499
v -13.840061 -12.633550 -3.981068
v -0.928199 -54.049992 0.264522
v -18.152941 -23.907387 5.321005
v -1.846561 -65.758247 1.725378
v -1.900935 -66.197922 0.216857
v -2.213745 -65.400307 -1.011158
v -2.238367 -66.899216 -1.069865
v -2.844543 -67.798172 -1.893459
v -9.035661 -16.625395 -9.013657
v -14.216978 -71.067467 2.443117
v -17.218479 -50.834858 -1.502334
v -17.538383 -50.447556 -0.091160
v -16.069302 -51.044800 -2.396825
v -17.223993 -49.280083 -0.747323
v -17.535255 -47.859436 -0.316856
v -17.893864 -46.270130 0.029734
v -17.244219 -48.242298 -1.655748
v -16.245344 -48.346088 -2.934901
v -17.715265 -45.335762 -1.217267
v -16.825647 -45.850254 -2.382586
v -16.151360 -44.800964 -3.141979
v -14.637455 -44.859512 -4.561385
v -16.307037 -43.255062 -3.386271
v -15.247723 -43.542755 -4.359998
v -13.804549 -42.357887 -5.441727
v -14.031612 -43.730511 -5.006411
v -16.839970 -47.369003 -2.424955
v -16.036320 -47.262890 -3.247454
v -14.792402 -47.195957 -4.111581
v -13.978859 -48.261093 -4.792520
v -12.601839 -47.956226 -5.402884
v -11.895553 -46.117596 -5.727561
v -11.662508 -48.826157 -5.961206
v -11.337317 -47.418503 -6.046521
v -10.394674 -46.233025 -6.033250
v -11.084641 -44.892723 -5.991257
v -10.658595 -49.743793 -5.951143
v -10.318437 -43.787292 -6.186697
v -9.050598 -42.610325 -6.482831
v -11.758296 -43.574718 -5.956356
v -12.414919 -42.204273 -6.092098
v -13.432549 -40.945751 -5.951345
v -14.879651 -41.147766 -5.217167
v -16.167034 -40.646221 -4.376687
v -17.286175 -40.611420 -3.154810
v -8.088549 -44.084629 -6.299672
v -6.214741 -44.212654 -6.010601
v -5.147888 -42.526161 -5.875453
v -3.125216 -42.510181 -4.676732
v -13.139739 -39.624226 -6.508587
v -14.116615 -38.393532 -6.411999
v -12.286069 -38.582489 -7.133450
v -14.734094 -36.981834 -6.585767
v -15.452957 -38.542412 -5.643230
v -15.682681 -35.901627 -6.321556
v -16.815546 -36.003963 -5.268111
v -17.433941 -37.401321 -4.007291
v -17.111750 -34.611958 -5.212504
v -16.708538 -33.372849 -5.938645
v -16.060575 -32.274750 -6.789280
v -16.440418 -30.910372 -6.491454
v -17.475880 -30.706095 -5.159853
v -15.253963 -30.901228 -7.677642
v -15.520851 -33.440498 -7.208320
v -16.898865 -29.453070 -5.891583
v -17.140654 -27.727243 -5.252349
v -16.111874 -28.169781 -6.651509
v -18.368738 -30.636469 -3.779264
v -18.636297 -29.373035 -3.048906
v -18.093628 -28.071440 -3.772080
v -17.628553 -26.479618 -4.113692
v -18.021042 -31.886402 -4.373150
v -14.966194 -34.574482 -7.243711
v -14.411588 -33.621502 -7.989107
v -11.503702 -41.273556 -6.503544
v -10.082791 -41.508488 -6.616169
v -10.322556 -40.279198 -6.874088
v -16.566757 -38.195583 -4.823079
v -6.356514 -41.084362 -6.422197
v -18.941252 -28.534830 -1.958783
v -19.396421 -28.854851 -0.612418
v -19.580288 -30.104250 -0.131216
v -19.454561 -31.026133 -1.076285
v -18.978857 -30.754314 -2.443197
v -17.201197 -25.097445 -4.584454
v -16.053354 -24.171556 -6.063351
v -16.378948 -22.398058 -5.376029
v -17.201502 -21.077394 -3.849320
v -15.542749 -20.932417 -6.301917
v -17.999168 -21.721163 -2.084401
v -14.122127 -21.390583 -7.845193
v -13.478401 -23.294388 -8.748544
v -16.734499 -41.919544 -3.356419
v -13.610690 -34.363979 -8.291237
v -12.936971 -35.263462 -8.345464
v -11.864593 -35.994671 -8.248207
v -13.230293 -36.258366 -7.697982
v -12.725106 -34.217281 -8.969469
v -14.205227 -36.200958 -7.148084
v -9.327271 -35.985321 -8.814437
v -8.923075 -36.887794 -8.247812
v -8.657318 -37.921829 -7.688452
v -7.589282 -38.516705 -7.361206
v -6.339524 -38.141830 -7.120906
v -4.755521 -39.096371 -6.306983
v -14.454101 -11.814000 -2.467995
v -15.022669 -11.475244 -1.096866
v -0.808707 -52.920479 0.181680
v -0.778394 -52.105579 1.020396
v -4.947478 -71.923622 -5.637019
v -16.011719 -62.856457 3.939439
v -11.448536 -14.937485 -7.310499
v -12.470420 -14.337481 -6.350123
v -13.575435 -14.889971 -5.849648
v -13.639546 -16.055494 -6.401888
v -13.268511 -17.201948 -7.275309
v -14.606661 -15.922274 -5.479122
v -14.023011 -18.086536 -6.960641
v -13.266722 -18.818317 -7.928076
v -13.480038 -19.968391 -8.141751
v -14.977245 -18.522413 -6.282094
v -15.236871 -19.736584 -6.414203
v -15.176213 -16.777029 -5.278300
v -15.268582 -15.589761 -4.460090
v -15.966166 -15.484041 -3.449046
v -15.287692 -14.635025 -3.765945
v -14.513958 -13.662328 -3.944953
v -15.268631 -13.728185 -2.900032
v -16.462622 -16.347395 -3.163846
v -15.791671 -13.691640 -1.817927
v -12.573503 -18.028837 -8.063639
v -11.523638 -18.060684 -8.663939
v -11.003874 -18.970478 -9.299020
v -9.640365 -19.101301 -9.857579
v -11.598568 -20.034895 -9.378653
v -11.176613 -21.729815 -10.025674
v -9.067852 -17.997663 -9.609898
v -8.807025 -20.074549 -10.478202
v -7.448595 -19.713821 -10.615818
v -6.265574 -18.948160 -10.482813
v -4.459490 -18.947172 -10.585542
v -9.299375 -21.175497 -10.690534
v -8.037264 -17.421545 -9.596540
v -6.793611 -17.798803 -9.954597
v -14.460373 -20.357904 -7.282517
v -16.312286 -16.088789 6.283695
v -17.744186 -44.091450 -1.270082
v -17.016504 -15.373746 -0.918724
v -17.398932 -16.423061 -0.825648
v -17.467791 -17.810669 -1.787075
v -17.277491 -15.646689 0.302809
v -17.611828 -16.451746 0.966178
v -17.947250 -17.536478 1.219766
v -18.049662 -18.495905 0.045826
v -18.226675 -19.887169 -0.276122
v -9.573423 -49.360161 -6.196581
v -9.144597 -48.252411 -6.321804
v -7.853463 -48.010857 -6.222761
v -9.913222 -47.338036 -6.133018
v -7.381840 -46.830627 -6.078262
v -8.185916 -45.566425 -6.196574
v -6.130451 -47.441196 -5.842362
v -4.924593 -47.988197 -5.197582
v -3.531430 -48.500038 -4.610921
v -5.128198 -46.515533 -5.428731
v -5.355653 -45.204422 -5.647849
v -7.206556 -49.022266 -5.980244
v -6.367380 -50.227753 -6.090723
v -6.230453 -51.788219 -6.077132
v -4.960375 -52.407352 -5.434062
v -7.501317 -52.728291 -6.201026
v -7.343964 -54.211845 -6.140967
v -6.203100 -54.814922 -5.631416
v -7.235448 -55.694313 -6.283103
v -8.487222 -56.629929 -6.545846
v -9.986056 -56.016277 -6.057706
v -4.761456 -49.327305 -5.507035
v -4.316236 -53.495998 -4.670840
v -4.196618 -45.682079 -4.980608
v -3.102090 -46.044556 -4.330491
v -2.155675 -46.737358 -3.052588
v -2.871850 -47.352814 -4.057820
v -3.238780 -44.859158 -4.544389
v -2.437063 -43.722675 -4.065049
v -1.678341 -44.208805 -2.992364
v -1.677933 -45.400997 -2.683218
v -7.665218 -49.973553 -6.262401
v -8.625426 -50.581810 -6.359330
v -8.571899 -51.729263 -6.218765
v -15.704052 -39.728539 -5.184192
v -15.790728 -26.822216 -6.827991
v -19.011766 -27.596088 -1.202373
v -18.744150 -26.468700 -1.477255
v -18.484226 -25.393061 -1.884683
v -18.269291 -26.222412 -2.808558
v -19.106379 -26.618351 -0.225839
v -19.121399 -25.729061 0.661983
v -18.832850 -24.634773 0.275955
v -18.571287 -24.531086 -1.031286
v -18.182907 -24.263241 -2.205869
v -17.965618 -23.146679 -2.489182
v -17.644999 -24.035225 -3.379045
v -17.012518 -23.871429 -4.626060
v -18.995245 -25.150970 1.636290
v -0.218119 -35.339870 -3.601040
v -18.398918 -26.237541 5.358416
v -4.293134 -21.004509 -11.269955
v -5.989244 -21.631327 -11.420936
v -17.321779 -19.349705 5.783114
v -2.064046 -67.550026 0.274685
v -17.842609 -39.359737 -2.896572
v -19.272501 -31.852303 -1.840151
v -19.137104 -32.735649 -2.328930
v -18.644144 -32.875351 -3.389286
v -18.738077 -33.943329 -3.097092
v -18.158957 -34.635914 -3.759977
v -18.577366 -35.763126 -2.913846
v -18.996323 -34.778599 -2.263294
v -19.298754 -34.681316 -1.011364
v -19.467228 -33.555054 -0.505036
v -19.380259 -35.713516 -0.247981
v -19.721739 -33.625393 0.868029
v -19.154638 -36.617878 -0.782683
v -18.837276 -36.699692 -1.972667
v -18.921871 -37.632961 -1.204548
v -18.950235 -38.760334 -0.371554
v -18.628185 -38.709305 -1.602738
v -19.310049 -38.539394 0.932886
v -19.602394 -35.627903 0.861573
v -19.496748 -36.717617 0.695551
v -19.752436 -34.778061 1.395032
v -19.575321 -37.323029 1.653945
v -19.382145 -37.052605 2.908490
v -19.232382 -39.438633 1.747955
v -18.420992 -20.384291 0.962172
v -19.700212 -32.563881 0.502903
v -19.663670 -31.508610 0.108136
v -18.714342 -39.862000 -0.514980
v -18.368391 -40.895527 -0.917755
v -18.746685 -40.810440 0.257604
v -18.802801 -41.877075 1.177349
v -18.026499 -40.925076 -1.999328
v -18.069794 -41.896645 -1.234915
v -5.556269 -70.352325 -6.474045
v -5.484323 -68.844231 -6.642813
v -6.775390 -68.479668 -7.062817
v -16.995775 -64.451599 1.330484
v -17.139141 -63.722610 0.235174
v -9.285748 -67.749397 -6.716262
v -16.908033 -53.713512 -1.517848
v -17.203121 -53.016830 -0.616551
v -17.820217 -52.741314 0.774533
v -11.614726 -16.045509 -7.760260
v -15.705807 -25.645981 -6.770172
v -14.913188 -26.376671 -7.730234
v -14.039977 -25.805201 -8.531635
v -12.919499 -24.906641 -9.358557
v -13.967371 -24.589394 -8.472006
v -14.810243 -23.950966 -7.517687
v -14.079232 -26.951075 -8.595952
v -14.075331 -28.176449 -8.689651
v -15.020093 -28.786081 -7.854010
v -0.524778 -48.469223 3.072690
v -1.073381 -64.572006 3.073103
v -2.029285 -61.623398 -2.293838
v -2.165106 -63.000526 -2.498583
v -2.646367 -63.524441 -3.655691
v -1.888581 -62.467167 -1.392809
v -2.034460 -63.589512 -1.148837
v -2.601398 -64.544762 -3.113239
v -1.859733 -61.859455 -0.503564
v -1.693853 -60.684681 0.461118
v -12.227141 -53.290588 -5.427320
v -6.071276 -34.631001 -9.861079
v -4.875161 -34.691212 -9.460212
v -4.305763 -35.384602 -8.339371
v -5.156068 -33.845348 -10.341117
v -5.440838 -32.759167 -11.069449
v -4.260202 -33.126278 -10.638840
v -3.164080 -32.559559 -10.782137
v -2.976526 -33.583870 -10.040362
v -6.698293 -32.574406 -11.197968
v -7.365064 -31.531336 -11.410100
v -7.040504 -30.459557 -11.676108
v -7.862031 -29.592613 -11.688656
v -7.461651 -28.235455 -11.898346
v -7.346770 -26.446476 -11.996112
v -5.918391 -28.179262 -12.163198
v -5.047835 -29.302702 -11.974503
v -6.982087 -24.731115 -11.939754
v -4.615439 -27.877304 -12.103132
v -14.270515 -56.980755 -3.953094
v -14.001132 -55.921982 -3.784564
v -14.836840 -55.242851 -3.643260
v -13.389547 -57.070690 -4.396847
v -12.429770 -57.445637 -5.487794
v -18.018543 -17.959034 2.250596
v -17.045019 -63.509605 1.539920
v -17.096121 -62.628803 2.123911
v -17.230598 -61.706608 1.567691
v -11.809055 -25.377556 -10.211021
v -10.457371 -24.831282 -10.886442
v -10.420516 -23.423458 -10.688118
v -9.045521 -23.644489 -11.340104
v -12.071330 -26.512342 -10.087713
v -11.378131 -27.378502 -10.552977
v -10.122314 -27.268618 -11.155122
v -9.176151 -26.283678 -11.576532
v -11.958755 -28.258446 -10.217757
v -11.577836 -22.871820 -10.070139
v -12.406260 -21.952011 -9.340217
v -12.478712 -23.383101 -9.502858
v -12.704530 -27.265965 -9.687792
v -0.778339 -57.165428 3.013137
v -1.097269 -52.276428 -1.622970
v -1.276681 -53.428677 -2.060682
v -1.134240 -54.584564 -1.546396
v -1.972633 -53.853134 -2.977012
v -1.387092 -55.612171 -1.869886
v -13.425423 -65.764320 -5.128666
v -11.684194 -63.878979 -6.065389
v -10.594172 -63.826767 -6.958769
v -9.582303 -62.572620 -6.821775
v -10.408560 -61.428764 -6.577584
v -11.805944 -61.402176 -5.914389
v -12.168247 -64.893166 -6.556419
v -12.918761 -65.588455 -6.105850
v -15.937143 -49.865555 -2.770373
v -9.445880 -39.727287 -7.107420
v -14.970347 -10.697550 -0.197189
v -6.617482 -20.518950 -11.024262
v -4.258702 -50.084568 -4.792425
v -4.226390 -51.218990 -4.859698
v -8.276506 -22.810194 -11.336308
v -7.799925 -23.846054 -11.641344
v -7.516473 -21.976274 -11.315123
v -12.255238 -60.669987 -4.938795
v -17.230680 -48.085850 5.297671
v -17.561647 -54.216972 3.172548
v -17.684084 -53.232605 2.386351
v -17.603283 -55.095043 2.251946
v -17.591623 -55.525040 0.698682
v -17.328194 -56.483543 2.437721
v -0.068351 -42.646809 0.359387
v -0.058062 -40.318787 -0.695608
v -0.522067 -39.796665 -1.958338
v -1.133291 -40.462738 -3.009577
v -0.930232 -39.083981 -3.030859
v -1.096311 -38.091755 -3.579410
v -0.967753 -41.648529 -2.426070
v -0.781371 -42.825985 -1.873245
v -1.673420 -41.439823 -3.586781
v -2.657073 -41.381069 -4.560277
v -3.267014 -40.199348 -5.257633
v -0.285242 -42.119453 -1.019646
v -2.133145 -42.353474 -4.032765
v -3.652262 -41.548531 -5.140539
v -4.130755 -42.494495 -5.293006
v -3.625823 -43.458778 -4.901541
v -4.604828 -43.415020 -5.473738
v -5.560017 -43.430443 -5.937586
v -4.680156 -41.680771 -5.733834
v -5.350402 -40.918457 -6.169833
v -5.071426 -39.986210 -6.246429
v -6.094939 -40.157593 -6.517401
v -7.303307 -40.271992 -6.831994
v -7.585227 -41.431507 -6.588587
v -8.361662 -40.024200 -7.123425
v -4.131125 -39.891441 -5.873887
v -4.122477 -26.168240 -12.155175
v -5.477501 -25.610430 -12.158178
v -3.641924 -25.137453 -12.061513
v -17.537788 -17.148380 3.736072
v -17.885254 -51.401394 0.627432
v -18.123535 -20.630173 -1.428079
v -17.631124 -20.510082 -2.672084
v -17.222794 -19.276953 -3.287647
v -18.022707 -36.561714 -3.513989
v -5.008196 -69.844406 -5.675679
v -2.433412 -65.181915 -2.412867
v -2.888818 -65.641472 -3.315861
v -3.076835 -66.640228 -3.138019
v -9.105521 -71.486351 -7.937281
v -11.599573 -71.355988 -7.709664
v -10.948637 -11.955056 -6.148174
v -11.296802 -12.768883 -6.321929
v -12.145744 -13.115394 -5.880709
v -12.703896 -12.422304 -5.061298
v -18.787634 -24.312790 2.767915
v -17.968094 -47.354450 3.747132
v -2.912243 -50.909180 -3.358185
v -3.566976 -51.225952 -4.079401
v -3.139526 -52.949913 -3.971849
v -12.867682 -43.170460 -5.641007
v -8.544770 -53.870804 -5.936118
v -9.556808 -54.485985 -5.950210
v -9.958362 -53.443489 -6.005482
v -10.143747 -52.355129 -6.268901
v -10.628236 -51.367523 -6.177910
v -11.008449 -53.281704 -6.080621
v -5.345180 -53.898655 -5.232041
v -18.760931 -23.691746 0.597455
v -18.579155 -23.044428 -0.217049
v -18.365591 -22.350187 -1.139795
v -14.327763 -23.108362 -7.921630
v -0.206674 -39.371384 -1.194731
v -2.765101 -70.627274 0.281561
v -2.533042 -69.662041 -0.593144
v -2.751317 -69.960915 -1.734884
v -2.604616 -68.988014 -1.529842
v -8.633606 -10.267307 -6.694953
v -10.909206 -9.934867 -5.579485
v -6.995717 -36.673389 -8.057177
v -5.904580 -67.781792 -6.758177
v -6.359643 -66.816750 -6.292636
v -7.033989 -65.993645 -6.347620
v -6.854816 -67.621506 -6.604423
v -7.850988 -67.859642 -6.714417
v -17.218452 -60.700756 1.931017
v -16.929419 -59.097969 1.566219
v -10.273305 -55.094971 -6.173642
v -11.356703 -55.111267 -6.136514
v -11.792034 -54.146267 -5.933483
v -0.775423 -29.980637 -11.298790
v -2.462299 -28.189175 -11.905910
v -2.500808 -29.234947 -11.723306
v -18.643894 -41.803432 3.089402
v -16.106991 -13.833303 4.852354
v -14.429156 -46.078224 -4.467233
v -13.383487 -45.526939 -5.127060
v -15.179469 -45.526337 -3.995622
v -15.436232 -44.492195 -3.944570
v -12.478286 -40.600018 -6.479316
v -12.584785 -19.759321 -8.694843
v -8.530875 -19.143480 -10.190199
v -2.265600 -68.059151 1.078480
v -17.543888 -38.448681 -3.542804
v -13.232888 -21.464792 -8.619472
v -13.777929 -22.309536 -8.388923
v -3.721535 -49.401249 -4.404336
v -3.032311 -49.314526 -3.646514
v -2.995256 -70.877403 -1.954679
v -15.171251 -9.643025 3.651966
v -17.778870 -44.411747 5.337377
v -17.248255 -57.516075 3.593520
v -14.591741 -11.135792 6.493555
v -2.500001 -38.302242 -4.908175
v -2.169206 -39.317368 -4.443691
v -9.211507 -43.944672 -6.361999
v -6.875828 -48.087872 -6.020978
v -15.434696 -24.589529 -6.931314
v -3.269293 -62.771114 -4.130165
v -3.387269 -61.417561 -4.328046
v -1.961316 -63.825260 -0.247808
v -18.950745 -34.697201 5.579475
v -17.122229 -53.078907 4.777219
v -2.340597 -17.465462 -10.080713
v -2.876721 -16.448559 -9.652737
v -18.146559 -44.803242 0.708560
v -17.958168 -45.265686 -0.199986
v -17.922876 -51.405766 2.962309
v -13.471642 -64.592247 -4.756423
v -13.177176 -63.606361 -4.992563
v -14.666733 -42.811558 -4.926560
v -17.468000 -33.057465 -5.037969
v -15.668555 -71.633133 -2.055911
v -15.197988 -71.515755 -4.507273
v -0.816115 -19.203583 -10.716811
v -0.238840 -39.799637 3.141356
v -14.299218 -70.047501 2.786282
v -1.507062 -11.099910 -7.413967
v -0.562376 -12.087552 -7.813561
v -0.982985 -71.964630 3.118820
v -1.300329 -72.758942 2.771462
v -1.052939 -69.503128 3.184634
v -11.959888 -9.685537 -4.848533
v -0.342553 -34.023315 -6.932217
v -0.603972 -52.206882 3.186792
v -0.129386 -44.760101 3.349673
v -18.382305 -39.574295 5.882718
v -18.012596 -41.987629 5.873110
v -18.759586 -29.813166 5.502234
v -0.664141 -23.107197 -11.671869
v -0.638626 -14.399625 -8.852712
v -0.646469 -16.761824 -9.818630
v -0.426107 -36.670773 1.347891
v -0.189045 -37.871830 1.219529
v -15.298349 -70.313210 1.114478
v -15.230552 -69.362434 -4.255627
v -13.568035 -68.495262 -5.671970
v -13.926448 -67.650131 -4.993257
v -14.731232 -67.584579 -4.378237
v -12.881167 -68.044617 -6.407264
v -12.261254 -67.236855 -6.972642
v -15.397707 -12.210813 5.112457
v -10.492591 -69.944839 -7.589660
v -11.362449 -69.179535 -7.397634
v -11.091145 -68.112022 -7.152795
v -15.298814 -10.881371 4.158311
v -1.382969 -35.048729 -6.388613
v -0.875549 -35.525402 -4.818586
v -1.029249 -36.329231 -4.101413
v -15.786767 -70.204613 -2.945375
v -0.469943 -36.481815 -2.530905
v -0.242715 -37.053665 -1.304293
v -0.707749 -37.732887 -2.648607
v -2.361933 -20.898558 -11.234428
v -2.173182 -69.712791 1.618801
v -0.016840 -43.006153 1.953742
v -0.166246 -44.766872 1.191061
v -2.414350 -24.883884 -11.969379
v -3.118971 -22.856407 -11.705947
v -4.237467 -23.692371 -11.893989
v -5.473113 -23.383995 -11.845226
v -1.758065 -71.137901 2.096509
v -0.880503 -53.920879 1.905635
v -1.990948 -13.510890 -8.530331
v -18.663647 -40.307861 4.597319
v -18.882345 -39.532078 3.956860
v -18.977146 -37.917614 4.516915
v -18.123411 -43.574718 4.564791
v -19.297972 -31.449389 4.174245
v -19.421619 -29.634256 3.336493
v -19.686499 -30.258747 2.213475
v -19.537300 -29.060089 2.233721
v -9.093303 -69.355476 -7.446353
v -2.592079 -71.483154 0.978744
v -2.322630 -12.153828 -8.201668
v 0.241849 -39.774128 0.969667
v -0.106134 -41.330917 1.859554
v -19.468969 -34.790928 3.521422
v -19.607824 -35.629826 2.567482
v -12.639015 -10.842849 -4.280200
v -0.694438 -51.357445 1.970238
v -0.637098 -50.395836 1.956059
v -0.389733 -46.478157 2.048580
v -0.272262 -45.538902 2.058846
v -8.086608 -11.787303 -7.252915
v -11.606062 -11.352119 -5.411618
v -12.347013 -11.568840 -4.932725
v -2.067375 -32.031040 -10.746418
v -3.040812 -30.440876 -11.615421
v -3.805434 -31.243553 -11.419814
v -4.921338 -31.212755 -11.537354
v -5.459372 -30.302860 -11.806664
v -3.778326 -71.103294 -3.899097
v -3.414464 -71.213127 -3.021678
v -16.249569 -64.776108 2.805817
v -16.006189 -65.682579 2.620728
v -16.161478 -66.566322 1.917710
v -19.002106 -28.064144 4.204860
v -19.092630 -28.950687 4.187713
v -1.381606 -62.634575 2.119736
v -1.311128 -61.665951 2.092472
v -1.444848 -60.838867 1.466217
v -19.757978 -33.545895 2.481222
v -8.364297 -13.096883 -7.660750
v -9.318682 -13.411548 -7.526004
v -7.550069 -13.583441 -8.070251
v -10.588366 -13.773921 -7.139472
v -9.182896 -14.457912 -8.016623
v -9.870435 -15.434908 -8.270117
v -8.128536 -14.767632 -8.437868
v -6.173621 -15.880221 -9.197147
v -0.472857 -48.263523 1.048695
v -0.536456 -46.635040 0.665716
v -0.612981 -47.497803 0.252614
v -0.960202 -47.817650 -0.620229
v -0.564496 -45.846684 0.140439
v -0.831153 -45.742214 -0.848049
v -1.104596 -46.969242 -1.152716
v -1.503830 -47.026211 -2.169711
v -1.893738 -48.031387 -2.497410
v -0.262416 -44.031555 0.233426
v -1.265222 -57.350399 1.073295
v -1.487426 -59.079456 0.713323
v -1.314451 -58.257156 0.077813
v -0.549508 -50.245155 0.675973
v -0.500901 -49.363220 0.309689
v -0.615579 -51.088135 0.232692
v -0.760701 -51.029133 -0.739887
v -1.050265 -55.331268 0.597266
v -1.057257 -56.197544 0.053639
v -1.168798 -56.743607 -0.812555
v -6.421877 -14.610740 -8.627498
v -18.121904 -48.525932 1.449052
v -18.134007 -49.500221 1.915901
v -18.178257 -47.608654 2.285480
v -18.236122 -46.473923 1.886068
v -18.075983 -46.196407 0.976388
v -0.579040 -44.224392 -0.893519
v -1.618278 -64.424255 1.178138
v -1.698557 -62.829609 0.714610
v -15.858016 -68.265823 1.238485
v -16.266586 -67.455086 1.085463
v -16.619528 -67.405777 0.224410
v -16.896179 -66.487625 -0.213339
v -16.447783 -68.412071 -0.590722
v -3.973591 -37.736542 -6.390868
v -15.357799 -10.709774 1.089731
v -15.689534 -11.746694 1.064649
v -15.632145 -12.236288 0.028632
v -15.523858 -11.228216 2.698514
v -15.771502 -11.843855 1.963755
v -16.007877 -12.583457 2.146796
v -10.951977 -17.145403 -8.613953
v -9.857786 -17.244278 -9.041340
v -18.928854 -40.379635 2.841857
v -16.767040 -65.678062 1.086610
v -2.522948 -26.789104 -12.043782
v -4.061666 -69.812828 -3.773929
v -4.441092 -69.417030 -4.594061
v -3.641963 -69.381943 -3.073380
v -3.799979 -68.071983 -3.887448
v -4.498147 -67.706390 -5.774663
v -4.029583 -66.628891 -5.350976
v -3.573876 -67.165001 -3.995661
v -3.519510 -65.481880 -4.778762
v -3.990357 -64.488487 -4.987296
v -4.873687 -64.561066 -5.533911
v -5.010800 -65.882011 -6.209253
v -5.862487 -64.196548 -6.475573
v -5.929981 -63.117889 -6.486118
v -5.131050 -62.546814 -6.022919
v -5.133447 -61.462097 -6.085492
v -6.017917 -60.946999 -6.443845
v -4.594790 -60.859806 -5.347770
v -4.251256 -59.798859 -5.619410
v -6.923803 -61.543400 -6.667680
v -6.873059 -62.684959 -6.693049
v -7.790644 -63.287716 -6.776631
v -6.126841 -60.007298 -5.992886
v -5.321220 -59.445690 -5.560217
v -7.696380 -64.234100 -6.479954
v -6.789985 -64.779564 -6.517890
v -8.614424 -62.763187 -6.934156
v -8.770567 -61.686424 -6.709998
v -8.130164 -60.974510 -6.215789
v -8.520932 -60.210747 -5.640403
v -3.762635 -59.079071 -5.202626
v -7.121478 -59.745014 -5.579262
v -8.096254 -58.351994 -6.294696
v -7.118962 -58.642097 -6.024322
v -6.170748 -57.924267 -5.978425
v -5.508788 -58.478054 -5.496872
v -6.638818 -57.101265 -5.815171
v -7.541211 -56.661541 -6.067834
v -1.074999 -50.129620 -0.931804
v -1.591805 -49.947399 -1.764558
v -1.672385 -48.992954 -2.032770
v -19.001822 -25.960346 3.083986
v -19.195200 -26.943577 2.450243
v -19.466663 -28.263021 0.946446
v -6.062084 -12.877720 -8.000198
v -17.942205 -45.231617 4.108255
v -18.258259 -43.648300 3.463603
v -18.482784 -42.800877 2.921607
v -18.260345 -45.022728 2.371239
v -17.445091 -16.074720 2.472287
v -1.658586 -33.503918 -9.281617
v -1.476013 -34.111641 -8.127944
v -2.497673 -34.697994 -8.237210
v -2.823203 -35.265572 -7.641512
v -2.378969 -35.655155 -6.742914
v -3.586194 -36.395840 -6.855474
v -1.538045 -36.561661 -4.833146
v -17.687716 -50.091396 3.917734
v -4.600207 -15.411034 -9.123845
v -3.609768 -15.700416 -9.310109
v -4.669912 -17.300039 -9.916213
v -5.483683 -18.107430 -10.198792
v -15.634046 -11.823842 3.922530
v -16.206596 -13.256112 3.407070
v -16.020445 -13.255458 4.353980
v -11.120137 -66.169495 -6.562802
v -10.141223 -66.061737 -6.722965
v -9.483190 -65.060745 -6.711438
v -8.173014 -66.163513 -6.446880
v -8.518689 -67.121971 -6.474317
v -17.563450 -43.031410 -1.876941
v -17.044277 -14.851191 1.046411
v -16.059525 -68.585785 -2.422375
v -16.310837 -66.952522 -1.527968
v -15.929230 -66.559326 -2.332737
v -15.854264 -65.043762 -1.622320
v -15.405638 -64.120110 -1.520439
v -14.683214 -63.815090 -2.283996
v -14.266165 -64.615173 -2.978222
v -14.440537 -65.668327 -3.176217
v -15.594118 -67.195038 -2.940730
v -8.845056 -58.955265 -6.121281
v -10.014028 -60.170834 -6.128806
v -10.190283 -58.596638 -6.142544
v -10.417355 -57.277847 -6.288860
v -10.906666 -59.055897 -5.413095
v -11.733863 -59.628448 -5.148193
v -11.414290 -57.216110 -5.824580
v -4.188597 -12.425307 -8.109537
v -2.589774 -55.128578 -3.471475
v -3.780629 -55.011772 -4.112409
v -18.128901 -20.040295 3.877684
v -18.441889 -20.969595 2.708210
v -18.601337 -21.864605 0.880920
v -18.679800 -22.233398 1.859338
v -18.766705 -23.310080 1.622413
v -18.344538 -19.453915 2.221730
v -18.490309 -23.006197 3.587513
v -1.725868 -67.637878 2.147630
v -1.531939 -59.953213 -1.005700
v -2.173090 -59.629642 -2.761272
v -1.871960 -60.453712 -2.273515
v -2.939536 -59.717243 -3.409966
v -1.446092 -59.033951 -1.166014
v -15.651130 -70.397713 -0.125790
v -16.408850 -18.552410 -4.432747
v -16.199163 -17.392805 -4.240114
v -16.026037 -62.459721 -1.414128
v -16.716467 -62.043419 -0.996189
v -17.007929 -62.572136 0.067185
v -16.495474 -61.106709 -0.881925
v -16.743439 -60.692429 -0.103593
v -16.367052 -60.617935 -1.645380
v -15.715747 -61.067024 -2.289822
v -16.665049 -59.750568 0.373994
v -16.535715 -59.389454 -0.839268
v -15.997787 -58.986713 -2.580140
v -16.517979 -58.390728 -0.910482
v -16.868584 -57.868614 -0.112455
v -16.445408 -58.065151 -1.868567
v -17.128996 -58.464581 0.731986
v -16.979492 -56.857849 -0.297262
v -16.691668 -56.632462 -1.371276
v -15.714955 -56.864269 -2.928351
v -17.042219 -54.936520 -0.951050
v -16.415075 -54.596485 -2.712049
v -15.815798 -54.180843 -3.317778
v -15.768046 -53.183983 -3.344900
v -16.389557 -55.534115 -2.602450
v -14.911039 -52.772736 -3.719166
v -14.390291 -54.063221 -4.501099
v -13.579960 -54.412125 -5.044189
v -14.871734 -51.539738 -3.465603
v -13.700537 -52.385830 -4.928701
v -13.650293 -51.335396 -4.893312
v -12.746902 -50.864780 -5.236669
v -12.301906 -55.659737 -5.253017
v -14.781325 -49.834068 -4.120567
v -14.149289 -49.282555 -4.745340
v -12.029075 -51.693794 -5.786602
v -14.685807 -62.668022 -2.523046
v -1.776581 -58.584343 -2.088428
v -2.413690 -57.974384 -3.206132
v -3.126277 -56.936958 -4.459934
v -2.439165 -56.537758 -3.865835
v -4.416095 -57.813934 -5.458511
v -5.442915 -56.677235 -5.176993
v -5.448004 -55.620102 -5.211725
v -11.334405 -29.445108 -10.538716
v -9.917796 -31.415380 -10.920769
v -8.850066 -31.857094 -11.083825
v -11.523355 -30.657688 -10.344403
v -12.510584 -31.066505 -9.778572
v -12.701395 -32.159805 -9.514747
v -13.915288 -32.415550 -8.687771
v -13.362413 -30.266287 -9.253428
v -14.296776 -30.745340 -8.521265
v -13.244235 -29.234022 -9.367948
v -10.994001 -32.557907 -10.217523
v -11.254722 -34.330753 -9.453696
v -10.348726 -33.661777 -10.092680
v -10.928525 -35.172462 -9.026925
v -10.697347 -36.886539 -8.154723
v -9.710155 -38.385677 -7.510619
v -9.290363 -34.722908 -9.832778
v -8.874952 -33.058662 -10.725108
v -7.801271 -33.582901 -10.570701
v -8.339633 -34.617393 -9.966681
v -7.657856 -35.178276 -9.492454
v -6.754511 -35.059685 -9.513436
v -5.154332 -36.020947 -8.071965
v -5.135966 -36.748108 -7.469904
v -14.862533 -61.181400 -3.166349
v -14.993560 -60.558060 -2.505308
v -13.933766 -61.524063 -4.541936
v -14.600060 -60.850491 -4.020305
v -13.461720 -58.896461 -4.620867
v -12.654285 -58.432503 -5.131334
v -12.782460 -62.348545 -4.653158
v -12.148522 -62.062462 -5.312320
v -14.329330 -58.352184 -3.778468
v -9.441328 -30.174870 -11.266323
v -10.185800 -29.187714 -11.059307
v -9.750784 -28.239168 -11.282609
v -1.760459 -65.415451 0.805824
v -1.942710 -65.409004 -0.173494
v -2.103700 -66.165939 -0.624572
v -2.396796 -66.130737 -1.440489
v -2.556100 -66.871719 -1.892721
v -17.064104 -51.708275 -1.266844
v -17.470892 -51.063343 -0.705434
v -17.883383 -50.002850 0.660574
v -16.814285 -51.334568 -2.080817
v -16.543829 -50.377399 -1.946404
v -16.273323 -51.887753 -2.673901
v -16.442854 -52.783333 -2.606823
v -17.290611 -49.942211 -1.367959
v -17.794769 -48.106834 0.606519
v -17.673649 -46.969696 -0.555824
v -17.793262 -47.148117 0.362594
v -16.784111 -48.674915 -2.303458
v -17.433180 -46.029789 -1.742706
v -17.235806 -44.998997 -2.025056
v -16.186434 -45.640747 -2.925572
v -16.389467 -46.521248 -2.834384
v -16.500889 -43.998722 -2.947255
v -16.978205 -43.202187 -2.705966
v -15.793924 -42.952538 -4.009323
v -15.431362 -47.892876 -3.788444
v -14.085341 -47.430737 -4.561571
v -13.225986 -48.644527 -5.231855
v -13.337605 -47.699684 -4.993843
v -12.786386 -47.078625 -5.335771
v -11.892400 -49.745716 -5.667501
v -11.172154 -46.586636 -5.874222
v -9.291104 -46.056908 -6.259032
v -10.349421 -45.368435 -6.104238
v -12.117916 -45.075176 -5.768909
v -9.957938 -42.923496 -6.325399
v -11.706116 -42.747517 -6.116633
v -13.227987 -41.811958 -5.839497
v -14.058578 -41.488430 -5.527559
v -14.272507 -40.606220 -5.644815
v -15.640846 -41.343376 -4.709741
v -16.804432 -40.182533 -3.850446
v -8.110772 -43.085186 -6.372153
v -7.123794 -43.658924 -6.185778
v -7.192707 -44.770145 -6.128469
v -13.939040 -39.243591 -6.268051
v -13.315978 -38.776043 -6.716173
v -11.471547 -39.115025 -7.090366
v -12.376162 -39.395325 -6.892167
v -12.365399 -37.681717 -7.465169
v -14.054728 -37.570972 -6.732427
v -14.798648 -37.805168 -6.231730
v -16.423401 -35.374401 -5.967624
v -17.363691 -36.456352 -4.428472
v -16.799870 -37.186256 -4.873726
v -17.041685 -31.218534 -5.771546
v -16.905039 -30.339315 -5.914693
v -15.506451 -31.748907 -7.426178
v -14.996067 -29.904026 -7.912247
v -17.280758 -28.727348 -5.234148
v -16.268042 -29.047672 -6.567822
v -18.237131 -28.923502 -3.810468
v -18.541502 -28.498150 -3.003354
v -17.632545 -27.389580 -4.383413
v -17.113098 -26.735483 -5.095937
v -18.109875 -27.148542 -3.409667
v -16.506350 -27.132586 -5.970981
v -9.062449 -41.667194 -6.691117
v -6.235044 -42.136673 -6.117703
v -17.653189 -25.601748 -3.871845
v -16.527187 -24.989424 -5.546008
v -15.858178 -23.122299 -6.215162
v -17.041336 -22.112635 -4.331817
v -16.527378 -21.304718 -4.958940
v -17.557869 -21.944756 -3.218803
v -15.712413 -22.002748 -6.291449
v -14.946650 -21.648346 -7.068356
v -16.257219 -41.478065 -4.014575
v -14.911202 -35.517380 -6.945233
v -5.782223 -39.012604 -6.669590
v -15.179064 -12.383929 -1.595216
v -12.666410 -16.470678 -7.390106
v -15.871934 -20.110138 -5.652276
v -15.808361 -19.083290 -5.489701
v -16.452293 -15.333989 -2.296848
v -13.873484 -13.424896 -4.542779
v -11.720535 -20.952242 -9.551068
v -5.325399 -19.312206 -10.684216
v -4.343162 -19.937500 -10.951897
v -3.208270 -18.821798 -10.582942
v -10.159561 -21.693546 -10.478271
v -17.029913 -17.181070 -2.490600
v -17.833191 -18.004103 -0.803550
v -18.075449 -19.146645 -0.796672
v -8.675801 -44.789261 -6.321497
v -7.299817 -45.893177 -6.068002
v -4.064220 -47.846699 -4.911693
v -6.724671 -51.051666 -6.069817
v -5.781532 -50.949715 -5.998876
v -7.154922 -51.874592 -6.096281
v -5.709955 -52.518665 -5.947615
v -6.958440 -53.413082 -6.012704
v -6.614285 -52.596596 -6.149446
v -6.458187 -54.148895 -6.150074
v -7.722996 -54.997494 -6.127114
v -6.552504 -55.605358 -5.750268
v -8.121757 -55.806385 -6.430504
v -9.038628 -55.947826 -6.193425
v -9.492004 -56.832790 -6.436400
v -5.461954 -49.931816 -5.853433
v -4.296006 -52.658649 -4.920481
v -2.498501 -46.068104 -3.602042
v -1.837772 -43.354832 -3.414719
v -16.328135 -39.108131 -4.779930
v -19.276438 -26.878939 0.999500
v -4.005764 -21.915571 -11.525780
v -5.332173 -20.993422 -11.252546
v -2.249768 -68.471664 0.146986
v -19.335165 -32.945026 -1.322430
v -18.302193 -38.616173 -2.540157
v -19.252327 -37.898945 3.075884
v -19.027140 -40.573975 1.117865
v -7.347153 -69.202423 -7.297549
v -16.767818 -63.834126 -0.623261
v -16.139853 -63.567371 -1.277194
v -9.804857 -66.966064 -6.505622
v -17.694433 -53.729813 0.515097
v -2.287077 -61.414726 -3.131409
v -3.254408 -63.826515 -4.286975
v -1.733918 -61.686790 0.477125
v -3.118668 -34.257351 -9.254963
v -8.477904 -28.473312 -11.678890
v -7.832541 -27.319889 -11.891607
v -6.634048 -27.310513 -12.136028
v -7.853242 -25.468855 -11.818696
v -17.058083 -61.521942 0.673571
v -10.066103 -25.760769 -11.129551
v -0.856199 -52.593700 -0.828092
v -1.755076 -51.926762 -2.179288
v -13.912332 -65.888214 -4.354216
v -13.752998 -66.674606 -5.189056
v -12.389915 -63.788792 -5.538085
v -11.632419 -63.022972 -5.745968
v -9.697413 -63.501942 -6.984264
v -10.394579 -62.267185 -6.781163
v -11.172260 -61.810200 -6.366815
v -10.955664 -61.027851 -5.920506
v -11.313895 -64.477928 -6.811908
v -15.756738 -49.097099 -3.336666
v -8.583429 -21.870985 -11.067910
v -13.145123 -60.763439 -4.850793
v -13.233000 -59.914032 -4.503391
v -17.850416 -52.701439 1.677071
v -17.455986 -55.888950 1.632564
v -17.446733 -57.287300 1.803480
v -17.198107 -56.401997 3.374908
v -1.184494 -43.572048 -2.397174
v -5.094090 -44.260052 -5.628148
v -6.260489 -26.304918 -12.225023
v -17.876286 -51.383080 1.546823
v -17.000542 -20.114645 -4.026809
v -17.517433 -18.753050 -2.267850
v -2.457276 -53.154339 -3.358217
v -9.522391 -51.637089 -6.331400
v -10.956712 -50.584263 -5.873369
v -18.316616 -21.436913 -1.057075
v -2.612442 -69.711594 0.330967
v -6.270422 -37.263237 -7.471043
v -17.103300 -59.127861 2.811917
v -18.709751 -42.108208 2.158629
v -18.482779 -42.000683 4.035058
v -13.821289 -44.669697 -5.030352
v -2.591761 -50.033821 -3.255648
v -1.383428 -39.587135 -3.650534
v -2.801900 -39.584606 -5.023962
v -3.771960 -62.211079 -4.742007
v -3.632140 -16.929974 -9.825559
v -12.917142 -69.015038 -6.536549
v -10.160900 -68.066376 -6.938559
v -6.462122 -23.855711 -11.914836
v -6.067303 -22.560528 -11.648562
v -13.279807 -10.794166 -3.542904
v -5.308461 -16.409986 -9.493776
v -1.227651 -55.888935 -1.045026
v -16.446920 -65.465828 -0.458385
v -16.135954 -69.296654 -0.347926
v -3.188587 -37.836292 -5.700839
v -3.997227 -38.638977 -6.125174
v -8.599755 -64.834808 -6.534489
v -14.274242 -63.935658 -3.543618
v -10.796442 -56.476025 -5.938838
v -1.916954 -55.652351 -3.212010
v -4.072080 -55.861687 -4.343166
v -3.289005 -60.545021 -3.852099
v -3.293597 -59.575283 -4.200664
v -13.176967 -50.104572 -5.003105
v -12.484381 -33.117268 -9.490158
v -12.009184 -58.878300 -5.705159
v -12.801421 -46.164936 -5.501074
v -12.055252 -46.967251 -5.807450
v -8.175386 -42.149761 -6.524079
v -14.002691 -14.265005 -5.042301
v -17.144421 -59.792706 2.155935
v -17.242117 -58.473068 3.492757
v -0.399191 -73.637947 3.199003
v -0.134371 -73.529404 4.419478
v -0.126107 -73.442528 5.670677
v 0.934681 -73.430527 6.337873
v 2.048595 -73.420502 6.914369
v 3.045173 -73.404503 7.676124
v 3.924482 -73.397491 8.570940
v 4.808055 -73.388359 9.461689
v 5.804990 -73.367027 10.223116
v 7.002305 -73.326370 10.595404
v 8.238859 -73.247795 10.402882
v 9.326379 -73.116219 9.793123
v 10.226591 -72.942162 8.936943
v 10.970312 -72.734116 7.948147
v 11.617316 -72.505119 6.897514
v 12.316903 -72.287033 5.878925
v 12.778567 -72.003525 4.746720
v 13.408138 -71.764381 3.686823
v 13.579166 -70.535080 3.829345
v 13.911839 -69.351654 4.051984
v 14.139398 -68.136139 4.219302
v 14.465802 -66.952370 4.446790
v 14.739007 -65.750534 4.645731
v 14.983415 -64.539017 4.827481
v 15.330063 -63.367279 5.089006
v 15.516927 -62.140587 5.237050
v 15.712193 -60.916210 5.393069
v 15.835226 -59.677582 5.500874
v 16.075420 -58.466549 5.694349
v 16.170012 -57.224262 5.787788
v 16.327755 -55.992332 5.922709
v 16.429899 -54.751659 6.022464
v 16.541752 -53.511673 6.128574
v 16.534136 -52.263172 6.168365
v 16.697163 -51.031647 6.300153
v 16.691542 -49.783314 6.340882
v 16.907320 -48.563931 6.501848
v 16.978260 -47.320652 6.586041
v 16.868031 -46.077888 6.593106
v 17.049574 -44.852894 6.721861
v 17.184893 -43.625137 6.813886
v 17.412622 -42.422272 6.911787
v 17.587276 -41.213898 6.952822
v 17.763212 -40.007973 6.965194
v 17.925194 -38.802296 6.941650
v 18.087223 -37.594894 6.902578
v 18.258705 -36.386684 6.860217
v 18.428799 -35.170864 6.821423
v 18.500921 -33.942852 6.755635
v 18.531284 -32.714699 6.701265
v 18.545795 -31.490017 6.669623
v 18.535311 -30.272329 6.657525
v 18.469028 -29.060167 6.639569
v 18.370661 -27.859205 6.659939
v 18.186846 -26.676697 6.673609
v 17.975052 -25.513304 6.701760
v 17.770617 -24.359663 6.769666
v 17.496244 -23.231449 6.826965
v 17.296238 -22.099176 6.943594
v 17.131639 -20.961931 7.087427
v 16.892473 -19.829670 7.192818
v 16.609650 -18.711790 7.279718
v 16.315510 -17.603493 7.375296
v 15.997358 -16.506207 7.466386
v 15.632303 -15.433617 7.542089
v 15.244239 -14.380195 7.614186
v 14.796144 -13.363275 7.666311
v 14.390347 -12.346899 7.719653
v 14.033405 -11.350379 7.743480
v 13.734932 -10.369342 7.740109
v 13.538474 -9.477002 7.727040
v 12.639928 -9.352199 9.086738
v 11.605841 -9.327661 10.211469
v 10.533154 -9.354371 11.247140
v 9.468193 -9.408775 12.213897
v 8.414267 -9.469387 13.159438
v 7.323010 -9.543632 13.996591
v 6.190536 -9.609457 14.741004
v 4.970321 -9.689446 15.278008
v 3.727928 -9.754286 15.694120
v 2.435160 -9.809005 15.872456
v 1.161394 -9.830809 15.933548
v 0.450017 -36.760303 3.224143
v 0.474576 -37.926308 3.478477
v 0.492960 -39.131428 3.678605
v 0.384451 -40.326454 3.875242
v 0.306290 -41.526001 3.937500
v 0.220413 -42.757130 3.934507
v 0.160762 -43.998878 3.926209
v 0.307843 -45.235126 3.888892
v 0.466664 -46.468521 3.845174
v 0.508377 -47.716599 3.809687
v 0.524046 -48.964832 3.775151
v 0.531534 -50.211044 3.744742
v 0.531495 -51.454330 3.717249
v 0.532215 -52.698246 3.692452
v 0.526202 -53.938492 3.668842
v 0.519418 -55.179153 3.647630
v 0.509819 -56.417011 3.628822
v 0.494127 -57.654503 3.610051
v 0.466783 -58.889545 3.590379
v 0.426114 -60.123066 3.567446
v 0.384485 -61.355583 3.545261
v 0.325475 -62.586784 3.517660
v 0.261508 -63.816948 3.486276
v 0.187613 -65.045845 3.449703
v 0.089821 -66.272667 3.405524
v -0.005425 -67.499847 3.362718
v -0.107113 -68.726700 3.318897
v -0.201361 -69.954285 3.278416
v -0.255846 -71.183205 3.254286
v -0.355015 -72.408272 3.216011
v 4.968722 -64.944649 9.860638
v 7.668273 -53.654236 11.805764
v 4.582522 -40.280052 11.976289
v 10.684258 -31.612724 13.047878
v 9.473577 -21.306967 13.521874
v 11.528214 -46.692654 12.052619
v 10.772670 -66.392220 9.865664
v 10.569606 -15.357040 12.872889
v 3.867762 -58.579849 8.781334
v 11.459105 -59.020630 10.618313
v 12.981935 -52.914795 10.527724
v 3.811424 -48.466736 9.629799
v 4.671174 -34.919167 12.331511
v 13.824333 -27.470169 11.200726
v 6.780347 -26.669744 13.339493
v 13.186058 -38.184006 12.524126
v 2.105209 -68.415276 7.546687
v 1.141368 -38.115116 9.301317
v 1.771685 -43.402210 8.844027
v 15.429209 -32.076550 10.940392
v 5.393376 -18.910028 16.061716
v 13.690536 -23.115623 10.649809
v 14.559095 -43.085815 10.851869
v 13.098777 -18.837547 11.240990
v 3.038920 -53.493401 8.014002
v 5.268784 -30.476858 13.046185
v 5.758804 -14.194225 15.802935
v 1.952107 -63.411201 7.150795
v 6.221497 -69.047234 10.565552
v 14.635798 -48.002731 9.845878
v 12.769653 -62.742687 8.551497
v 4.606801 -22.831799 15.371036
v 12.213236 -68.829239 7.328156
v 13.917915 -56.621971 8.854753
v 1.876951 -49.680527 6.930181
v 16.073305 -38.189808 10.087855
v 9.791780 -69.702400 10.065112
v 12.638219 -13.559990 10.556361
v 9.204120 -12.505257 13.391155
v 1.580122 -58.389553 6.430476
v 3.563060 -27.801929 13.989322
v 0.443296 -40.927963 7.335270
v 1.191490 -45.938656 6.951266
v 3.090582 -12.596804 16.312693
v 15.038636 -51.703465 8.705135
v 2.286580 -34.736794 10.440566
v 16.567839 -28.488722 9.415726
v 16.762236 -34.522671 9.571862
v 15.855330 -25.095901 9.349380
v 3.360878 -16.402496 16.737930
v 2.950521 -32.572823 12.284916
v 0.474127 -70.680328 5.720889
v 13.951475 -16.457308 10.064400
v 15.023706 -20.728428 9.733724
v 1.369897 -54.640526 6.131623
v 0.681069 -65.777176 6.120023
v 4.188073 -70.564178 9.166363
v 15.731845 -45.540325 9.094893
v 13.387999 -65.204414 7.148083
v 14.141933 -60.319981 7.759256
v 3.029485 -25.356840 15.011173
v 0.040310 -37.197670 6.913443
v 16.443848 -40.640041 9.338044
v 0.583993 -43.453373 6.463981
v 2.881935 -20.325884 16.532909
v 6.905063 -11.944793 14.783792
v 11.182472 -11.639520 11.426563
v 0.818830 -60.818203 5.989003
v 15.145635 -54.175991 8.134884
v 17.130423 -30.867662 8.963870
v 0.258767 -68.218697 5.725522
v 1.235478 -52.142570 5.997100
v 2.460630 -70.956459 7.351417
v 15.801662 -22.866199 8.959058
v 16.290440 -43.092346 9.047355
v 2.552872 -30.068159 13.235768
v 14.980526 -18.476255 9.390044
v 7.519491 -71.015411 10.764339
v 0.439002 -63.265659 5.577822
v 15.728364 -49.226990 8.297673
v 14.231669 -62.769848 6.907231
v 14.944775 -57.864674 7.426129
v 12.752512 -11.444491 9.688107
v 2.257058 -22.877333 16.011946
v 12.852123 -70.253708 5.915479
v 13.424061 -67.623428 6.120762
v 11.425974 -70.681229 7.930761
v 1.029181 -48.390255 5.634138
v 17.206324 -36.973530 8.691755
v 0.664246 -57.073685 5.401652
v -0.070100 -39.690418 5.782405
v 13.991261 -14.213842 9.249106
v 1.076750 -34.953842 9.015975
v 1.581994 -33.177090 11.207678
v 1.855927 -15.204179 16.860741
v 1.913138 -17.769823 16.971920
v 1.760167 -11.424645 16.245317
v 17.265564 -27.303892 8.246685
v 17.553461 -33.307159 8.307006
v 9.794813 -71.425446 9.715275
v 4.420883 -11.314615 15.779167
v -0.331107 -71.836807 4.823127
v 5.209092 -71.755707 9.928164
v 1.774969 -26.575422 14.894558
v 9.095406 -10.910951 13.007304
v 16.262316 -46.751194 8.019368
v 0.375835 -36.994942 5.094880
v 0.705914 -45.890411 5.365592
v 17.121159 -39.408947 8.363997
v 0.092267 -42.224380 5.547634
v 0.499586 -59.538906 5.061521
v 1.552936 -31.091217 12.822363
v 1.607899 -28.874704 13.896931
v 15.790056 -52.921513 7.405961
v 15.536314 -55.388931 7.171027
v 17.604666 -29.670692 7.993470
v -0.042522 -69.391991 4.733114
v 0.116041 -66.936821 4.826042
v 0.733479 -53.349529 5.117559
v 0.815890 -50.867031 5.153134
v 3.413238 -71.934738 8.181025
v 1.520576 -71.959625 6.540759
v 16.879368 -41.847202 8.260529
v 16.511404 -44.281158 8.073933
v 16.997034 -25.006651 8.049013
v 16.297390 -21.667013 8.326341
v 14.975105 -16.204012 8.754250
v 14.090830 -65.149803 5.841529
v 15.000710 -60.307079 6.549006
v 15.867933 -19.444208 8.520668
v 0.172061 -64.466400 4.789948
v 0.314900 -62.000614 4.853686
v 15.998922 -50.440895 7.476643
v 1.469530 -24.125671 15.775585
v 1.472266 -21.624722 16.458603
v 0.512225 -35.453556 7.719131
v 0.421278 -38.408649 5.006168
v 0.960703 -33.878014 10.073144
v 0.821274 -36.618374 8.780403
v 12.069259 -10.463417 10.071696
v 13.390031 -68.775902 5.261901
v 12.034276 -71.138794 6.704549
v 1.287408 -12.731833 16.573933
v 1.987015 -36.626587 10.475999
v 2.922518 -38.678383 11.118773
v 5.476601 -37.556202 12.634443
v 9.003468 -40.007645 13.247016
v 8.551380 -34.857578 13.332289
v 6.984222 -44.604294 12.237850
v 17.673565 -35.755817 8.022665
v 0.009098 -36.047050 6.478550
v 0.561101 -55.820633 4.854584
v 1.345999 -19.074997 16.929583
v 1.190554 -32.126995 12.151825
v 13.564929 -12.108354 8.867193
v 1.310684 -16.500835 17.017332
v 2.445469 -41.173363 10.267272
v 4.154653 -43.636864 11.079204
v 15.805679 -26.784222 9.779650
v 13.900986 -25.572525 10.711673
v 10.328060 -25.927277 12.197907
v 17.863693 -32.090607 7.800976
v 1.286884 -27.744438 14.510919
v 3.049059 -18.857708 16.726665
v 14.236031 -35.031487 12.009035
v 0.160583 -43.440296 5.146392
v 6.865128 -10.687500 14.547724
v 1.978411 -56.449287 6.795825
v 10.649005 -71.692955 8.722844
v 8.779008 -72.026581 10.341863
v 3.104501 -10.932467 15.977713
v 6.334987 -72.176575 10.504382
v 6.113289 -70.716454 10.463426
v 0.749627 -47.121487 4.941860
v 0.391950 -40.950813 5.209651
v 10.103134 -10.450402 11.992966
v 16.312002 -47.966316 7.514894
v 15.588129 -47.793457 8.768022
v 0.496717 -58.293514 4.727309
v 0.687497 -52.100166 4.814335
v 0.733695 -49.613640 4.861794
v 1.244659 -25.358818 15.412763
v 17.074598 -32.231354 9.107741
v 0.540943 -44.607216 5.756099
v 14.500237 -40.264572 11.380197
v 11.672741 -42.181240 12.651659
v 17.448166 -38.190548 7.992058
v 15.881467 -54.154804 7.030376
v 15.592516 -56.618744 6.774983
v 14.888030 -56.335087 7.924165
v 14.334611 -55.236137 8.706424
v 12.614070 -55.296700 10.388270
v 10.529763 -53.839085 11.756547
v 9.350587 -50.051579 12.187506
v 8.880900 -56.984501 11.799464
v 7.676763 -61.500607 11.469319
v 14.037143 -53.654835 9.365786
v 17.788050 -28.471676 7.736996
v -0.035551 -68.149765 4.458156
v -0.279240 -70.592499 4.384358
v 4.300706 -72.260300 9.070325
v 2.526148 -72.276344 7.297741
v 0.385956 -72.300011 6.011364
v 17.170620 -40.622990 8.010977
v 16.474476 -45.494518 7.668960
v 12.982301 -10.311914 8.938070
v 1.228546 -20.355356 16.742538
v 3.824620 -14.585752 16.482252
v 16.946436 -23.866198 7.850668
v 17.434435 -26.131020 7.754183
v 14.479971 -63.942089 5.833964
v 13.962471 -66.351715 5.450019
v 15.281912 -59.072208 6.475878
v 14.956367 -61.530064 6.204449
v 0.109396 -65.691818 4.519609
v 0.363155 -60.760197 4.648793
v 16.091263 -51.678337 7.207672
v 1.137037 -13.980427 16.783953
v 5.777168 -11.388507 15.294225
v 4.922346 -12.818545 15.880981
v 7.963332 -11.232721 13.958356
v 10.546370 -70.422134 9.193119
v 11.101115 -68.395401 9.063068
v 12.168527 -66.766945 8.065099
v 8.930867 -70.680580 10.452294
v 8.174666 -68.867325 10.913923
v 6.944759 -66.445633 10.955225
v 1.030191 -44.585014 7.124599
v 2.168672 -45.338970 8.671486
v 2.365778 -47.542511 8.116489
v 16.837812 -43.053814 7.883337
v 1.141911 -29.912796 13.318059
v 16.335127 -20.513910 8.203350
v 17.862398 -34.537468 7.805721
v 0.606887 -54.579674 4.732529
v 11.122897 -10.312819 11.028818
v 16.705721 -22.754549 7.883511
v 8.012894 -12.512649 14.250262
v 8.610749 -14.634575 14.223867
v 8.706841 -17.853878 14.468576
v 6.899635 -13.324554 15.082825
v 7.146330 -14.817823 15.163934
v 5.614753 -16.233467 16.055597
v 8.080478 -16.263729 14.789540
v 6.870548 -17.654402 15.511564
v 7.507008 -19.635672 15.014947
v 5.665633 -20.970018 15.576625
v 7.303546 -22.677082 14.279345
v 9.726757 -23.633493 12.780247
v 7.581954 -72.241608 10.671158
v 0.312684 -39.137627 7.728518
v 1.213051 -40.243061 9.080286
v 3.099921 -24.023605 15.445889
v 5.354290 -24.712263 14.375975
v 3.108582 -21.691031 16.155764
v 9.952856 -11.636285 12.518954
v 10.620719 -13.221463 12.403543
v 5.698248 -56.310268 10.706621
v 16.898752 -35.817413 9.273071
v 15.561354 -35.649891 10.736804
v 14.386971 -36.818176 11.803848
v 12.592289 -36.288353 12.796836
v 12.084580 -33.805943 12.890305
v 10.723425 -38.065331 13.371869
v 8.073900 -37.723820 13.310949
v 15.094891 -46.712620 9.530639
v 13.545813 -46.522160 11.127042
v 14.543406 -45.255310 10.385253
v 13.035223 -44.458450 11.886517
v 12.630075 -49.126080 11.353148
v 1.197027 -50.000401 5.946622
v 1.839445 -51.049332 6.629086
v 3.331527 -50.844711 8.738202
v 5.819199 -50.852901 11.073335
v 2.278382 -52.467388 7.113836
v 16.410851 -31.428520 10.100835
v 14.694768 -29.726377 11.138346
v 11.666916 -29.121180 12.321939
v 16.234617 -29.871216 10.031098
v 8.275231 -29.316868 12.909431
v 13.227790 -31.378469 12.294931
v 12.103854 -64.758316 8.790030
v 10.449912 -62.843445 10.758694
v 15.491251 -33.866081 10.826059
v 14.093251 -33.121315 12.072862
v 14.663644 -38.505875 11.464585
v 2.741616 -60.319115 7.450893
v 4.881507 -61.628204 9.649338
v 15.826987 -18.300262 8.312069
v 15.141002 -17.362783 8.929047
v 14.239394 -17.603210 10.062030
v 12.739219 -17.240330 11.359799
v 10.925906 -18.388464 12.916895
v 12.486699 -15.382114 11.206770
v 11.652272 -20.443129 12.307264
v 2.535670 -50.586174 7.682271
v 2.909033 -49.287483 8.567509
v 13.281954 -69.978416 4.840476
v 3.230822 -31.354433 12.896620
v 5.495924 -32.738430 12.723471
v 7.887622 -31.793592 13.112164
v 1.189651 -47.157612 6.271512
v 1.663947 -48.316338 6.860999
v 16.825981 -38.509701 9.109742
v 16.120724 -39.483070 9.859908
v 15.431994 -40.642136 10.371053
v 15.806786 -41.927040 9.789101
v 14.588271 -41.664577 11.083418
v 13.250043 -41.320877 12.243464
v 11.591448 -40.006474 12.947572
v 16.416983 -36.949894 9.822366
v 15.359909 -37.274506 10.844176
v 6.330033 -47.682995 11.472395
v 15.380349 -30.817656 10.797949
v 14.264509 -30.785625 11.663336
v 13.262351 -29.593569 11.992482
v 12.726746 -28.253225 11.853081
v 10.767955 -27.555017 12.213560
v 12.146513 -26.848877 11.664743
v 8.809434 -26.838963 12.691297
v 7.848501 -24.906305 13.274053
v 11.995215 -25.234873 11.557616
v 2.982353 -51.763695 7.918161
v 4.074445 -52.527966 9.326324
v 4.306913 -54.870499 9.458300
v 5.591549 -53.483227 10.810066
v 13.728678 -42.534595 11.821903
v 4.169977 -67.831154 9.241499
v 2.847826 -65.843430 7.954473
v 16.338520 -49.203960 7.298233
v 13.605338 -58.623322 8.738703
v 12.563150 -60.524857 9.354160
v 12.569873 -57.503052 9.999170
v 10.926644 -57.065060 11.274514
v 9.697480 -67.845253 10.436672
v 9.013170 -65.853050 11.026207
v 7.373718 -63.985600 11.244157
v 9.626728 -16.553093 13.773621
v 11.124532 -16.845730 12.654106
v 0.225704 -63.223072 4.458987
v 3.287012 -29.021864 13.598630
v 5.435310 -28.839205 13.373140
v 1.113422 -56.040680 5.968571
v 10.602364 -44.452217 12.562674
v 8.859400 -46.531086 12.364304
v 9.085604 -42.495243 12.976525
v 6.765256 -41.413456 12.780392
v 14.294612 -31.953417 11.864426
v 14.875793 -62.758644 5.956048
v 2.559191 -14.063791 16.627151
v 4.230442 -20.826096 16.089752
v 12.908374 -70.973427 5.090587
v 16.585049 -26.356344 8.802267
v 1.054014 -43.474518 7.718518
v 1.132864 -41.980770 8.415280
v 0.650090 -42.404045 7.210232
v 12.205505 -30.356459 12.409656
v 10.391839 -30.054674 12.786717
v 9.095701 -30.882177 12.944472
v 7.425173 -30.391256 12.985898
v 9.947592 -28.653069 12.588058
v 11.951297 -31.488754 12.673436
v 12.780737 -32.623596 12.618365
v 11.472072 -32.677631 13.026015
v 9.491061 -33.118481 13.239012
v 10.716755 -33.800110 13.336803
v 11.330850 -35.309547 13.229383
v 14.475570 -50.009876 9.659518
v 15.601047 -57.855782 6.514937
v 0.323769 -38.593594 6.431834
v 2.086761 -53.857140 7.047767
v 2.837143 -55.285542 7.876952
v 3.112318 -57.076618 8.078381
v 4.376811 -56.895123 9.479454
v 5.647039 -58.753361 10.471375
v 2.805129 -58.597992 7.517706
v 15.420061 -28.702305 10.489062
v 14.071891 -18.622852 10.357711
v 13.894850 -19.947954 10.615639
v 13.633111 -21.523518 10.802500
v 11.778049 -22.352747 11.919351
v 9.451542 -19.513689 13.872870
v 13.321378 -39.740509 12.366211
v 9.835096 -58.629154 11.531207
v 7.593479 -58.840752 11.596821
v 10.235501 -60.724808 11.155571
v 13.424067 -17.915703 10.853727
v 14.179136 -15.378855 9.460113
v 13.278571 -14.778868 10.264471
v 14.867810 -15.084475 8.452270
v 0.646439 -64.481102 5.999135
v 1.793578 -65.016609 7.010591
v 1.735484 -66.679588 7.043536
v 2.762624 -64.377228 7.906520
v 3.454270 -62.395981 8.267048
v 3.794826 -65.025993 8.859212
v 4.353028 -63.463539 9.263042
v 5.770521 -63.369320 10.495734
v 4.444053 -66.320335 9.400672
v 5.556782 -67.404358 10.296576
v 0.800531 -62.112995 6.047563
v 1.861337 -61.443497 6.915381
v 3.275996 -35.668724 11.429488
v 3.438906 -33.994507 11.511153
v 4.365807 -36.502712 12.228170
v 6.114944 -35.835835 12.890962
v 3.110775 -37.109776 11.376070
v 4.096825 -37.854160 12.030637
v 5.016400 -38.920143 12.328539
v 6.604755 -38.620296 12.997788
v 6.007830 -39.960968 12.632336
v 7.493062 -39.747765 13.115300
v 6.139592 -34.231991 12.786167
v 7.111315 -33.036736 12.956337
v 6.378225 -31.803179 13.054323
v 4.922247 -31.591080 13.005464
v 4.196682 -32.403828 12.609653
v 4.662493 -33.585823 12.219761
v 12.916580 -12.558372 9.918338
v 11.937870 -12.539446 10.979792
v 13.683235 -13.160344 9.186226
v 11.647920 -13.686169 11.600739
v 16.255236 -24.308014 8.733855
v 14.935304 -23.931765 9.837355
v 13.713733 -24.351509 10.616415
v 12.308880 -23.669292 11.443920
v 8.606227 -13.467007 14.045485
v 9.721251 -14.038929 13.321593
v 4.434152 -51.011036 10.059356
v 4.915389 -49.419697 10.609277
v 6.365321 -49.331234 11.403086
v 8.057156 -48.497452 12.139340
v 7.563465 -50.769463 11.926935
v 9.153522 -52.162300 12.073992
v 11.433256 -51.280479 11.693658
v 10.024823 -48.156883 12.244421
v 4.889577 -47.768829 10.665764
v 5.386561 -45.757805 11.272790
v 3.544869 -46.417545 9.831425
v 10.884225 -14.316370 12.404933
v 11.532139 -15.174334 12.028896
v 11.937590 -16.216928 11.900449
v 0.987537 -22.876293 16.164936
v 13.836020 -67.560516 5.105202
v 11.350972 -71.744102 7.649205
v 15.365386 -50.439796 8.620566
v 3.463838 -66.847694 8.629327
v 3.123984 -68.155197 8.421798
v 2.894240 -69.650696 8.072137
v 3.874450 -69.193748 9.022253
v 5.011597 -69.572922 9.892406
v 2.556469 -67.197083 7.840135
v 1.896774 -69.712288 7.115328
v 1.116927 -68.696945 6.662127
v 0.998518 -67.471344 6.410591
v 0.370892 -69.450981 5.982505
v 5.516179 -41.136734 12.298340
v 5.774455 -42.991837 12.110933
v 4.010633 -41.897869 11.371120
v 2.880856 -42.781593 10.277131
v 2.984541 -44.453255 9.980632
v 6.726333 -52.232086 11.568150
v 11.037194 -49.574474 11.967559
v 1.559736 -70.739944 6.558177
v 13.477328 -55.650219 9.535869
v 13.360426 -54.502651 9.880968
v 12.494547 -54.073063 10.697894
v 11.707862 -52.947357 11.365381
v 11.410291 -54.984577 11.270583
v 9.785200 -55.454540 11.781796
v 8.005322 -55.417637 11.806949
v 7.130041 -56.937618 11.536852
v 6.505086 -54.791897 11.355316
v 10.514961 -52.440662 11.897496
v 10.077031 -51.177666 12.064399
v 12.766667 -56.378490 10.052659
v 11.772490 -56.168407 10.859698
v 14.017311 -52.177925 9.709467
v 13.024499 -51.102528 10.811099
v 15.382240 -39.037678 10.685232
v 7.852467 -27.905005 12.987404
v 6.221210 -27.818554 13.349882
v 4.802254 -26.615063 13.994973
v 6.872949 -28.888508 13.147830
v 6.272202 -29.725241 13.094893
v 5.136095 -20.008965 15.995141
v 6.372949 -20.042860 15.503301
v 7.434830 -21.175423 14.682280
v 6.613348 -18.945965 15.536839
v 7.754825 -18.530619 14.992937
v 4.203555 -19.298321 16.392515
v 4.320098 -17.778503 16.502611
v 8.487039 -19.213112 14.514320
v 8.540005 -20.423870 14.275629
v 1.346338 -53.418674 6.175082
v 7.994428 -40.884953 13.043693
v 9.280593 -41.236595 13.160283
v 10.380744 -41.987873 13.060309
v 10.303533 -40.347191 13.298138
v 7.831738 -42.125523 12.845554
v 8.025146 -43.566540 12.661894
v 8.492994 -45.029423 12.476316
v 10.154908 -43.275730 12.908553
v 7.401055 -46.077251 12.029276
v 10.008593 -39.159737 13.412337
v 9.352849 -38.088375 13.405926
v 9.354414 -36.353714 13.433847
v 11.409396 -43.433613 12.542778
v 12.581823 -42.960724 12.258608
v 11.821919 -44.564484 12.234585
v 12.457073 -45.706604 11.843210
v 11.061280 -45.560146 12.258777
v 10.208712 -46.612999 12.330159
v 9.403126 -44.247356 12.764236
v 9.700381 -45.469910 12.580889
v 8.335008 -38.840786 13.272068
v 11.164046 -39.033916 13.179698
v 11.971011 -38.029034 12.958247
v 11.418099 -36.926174 13.198336
v 12.291583 -39.069534 12.796294
v 7.703876 -36.256504 13.313851
v 10.227652 -37.065048 13.469317
v 10.451725 -36.009682 13.494677
v 10.239083 -34.889366 13.412650
v 11.250118 -41.139961 12.918890
v 12.331151 -40.774300 12.620265
v 6.732416 -42.510448 12.616331
v 6.679015 -43.574913 12.385178
v 5.557853 -44.393295 11.765351
v 5.883216 -42.036083 12.329543
v 4.928905 -42.381336 11.769569
v 4.553813 -44.824467 11.017303
v 4.400264 -45.932171 10.560252
v 3.533814 -45.377815 10.163578
v 2.851293 -45.739990 9.401238
v 2.802796 -46.856125 8.990664
v 2.095335 -46.393341 8.152136
v 1.706664 -47.066422 7.299980
v 3.041955 -47.974411 8.935560
v 3.634011 -47.434532 9.607003
v 4.334285 -46.979111 10.246668
v 5.168438 -46.751232 10.905073
v 6.074263 -46.595531 11.564786
v 6.351095 -45.529186 11.910110
v 0.681837 -48.361523 4.635027
v 0.762466 -58.692783 5.736767
v 1.387504 -59.686878 6.338976
v 15.416558 -44.179256 9.722960
v 4.778984 -21.768417 15.637163
v 5.974713 -22.390057 14.994831
v 6.233884 -23.639519 14.427186
v 7.580983 -23.796234 13.766854
v 8.626101 -22.968275 13.535122
v 9.901258 -22.441145 13.015163
v 10.839971 -21.481464 12.687578
v 8.302696 -21.931572 14.029932
v 10.856858 -23.116577 12.307649
v 10.899166 -24.344364 12.059955
v 9.625607 -24.827520 12.562072
v 8.970005 -25.753736 12.702192
v 7.793859 -26.092642 13.081427
v 6.472216 -25.474174 13.670669
v 8.690868 -24.164724 13.128347
v 14.263136 -28.583645 11.251661
v 1.177459 -63.567272 6.360933
v 4.083254 -30.710314 13.032374
v 4.235487 -29.761581 13.245203
v 5.321215 -54.880665 10.507113
v 13.248652 -57.016720 9.467268
v 13.750252 -57.622513 8.825233
v 14.272408 -58.156700 8.130142
v 14.690707 -58.977459 7.449491
v 6.732447 -24.512583 13.879926
v 13.425152 -66.418900 6.646803
v 12.783689 -67.355186 7.154452
v 12.089357 -67.858673 7.861092
v 11.542253 -67.413811 8.738431
v 11.635333 -66.232727 9.021852
v 11.233644 -65.167038 9.693032
v 11.529463 -63.551830 9.746179
v 11.630842 -61.839180 9.988256
v 10.177017 -65.362068 10.523811
v 9.129385 -64.079247 11.168875
v 10.855530 -67.461723 9.601023
v 10.705315 -64.255829 10.344682
v 8.988304 -62.462982 11.380057
v 3.638671 -13.519353 16.368517
v 4.705485 -13.863032 16.120735
v 12.756708 -19.936886 11.568984
v 11.948771 -19.039637 12.171316
v 12.628537 -21.034445 11.593291
v 11.938614 -17.917042 12.142715
v 12.758414 -21.983135 11.391679
v 3.852838 -39.313755 11.736281
v 2.881433 -39.992947 10.861085
v 1.806312 -39.228447 10.090215
v 1.972309 -37.994171 10.467099
v 17.752602 -36.980114 7.697432
v 16.879957 -33.361046 9.404514
v 16.280321 -32.604984 10.169901
v 14.914311 -19.589252 9.684633
v 14.733216 -24.982948 10.093685
v 14.985804 -25.986023 10.125999
v 14.713291 -26.974346 10.497926
v 15.565413 -27.728809 10.126973
v 13.673636 -26.487200 11.016360
v 12.951116 -25.756596 11.259510
v 12.932968 -24.851742 11.132750
v 11.606067 -48.185009 11.902888
v 12.847265 -47.724567 11.407104
v 13.689016 -48.546730 10.685718
v 13.478229 -49.862011 10.643297
v 9.076935 -54.144924 11.989453
v 3.353023 -40.997196 11.102683
v 3.047533 -41.870132 10.670682
v 12.987534 -68.716202 6.403671
v 12.471810 -69.602150 6.655767
v 11.892018 -69.822357 7.518320
v 11.231273 -69.625961 8.544503
v 11.662034 -68.740807 8.208302
v 2.235584 -48.889877 7.701674
v 2.094531 -55.041893 6.983122
v 5.423870 -66.107780 10.236311
v 6.224802 -64.895554 10.755006
v 5.230109 -52.092026 10.614947
v 13.463972 -45.401756 11.377252
v 14.043063 -44.299492 11.082696
v 4.821950 -55.861858 9.965530
v 12.779200 -66.065971 7.471307
v 12.654301 -65.098228 7.929256
v 13.265421 -63.777821 7.588619
v 2.433517 -28.180714 14.074322
v 2.575649 -27.292198 14.459970
v 2.987226 -26.361021 14.663955
v 0.103761 -41.439777 6.315940
v 0.074120 -40.507465 6.534693
v 14.300570 -46.987888 10.351678
v 3.774783 -49.804337 9.468920
v 8.342353 -67.295471 11.055951
v 7.079890 -67.953812 10.921514
v 9.557763 -15.134537 13.619729
v 8.761529 -15.595158 14.256237
v 12.751575 -37.285542 12.708075
v 6.800403 -37.303364 13.107923
v 4.777606 -53.912689 10.024481
v 3.981543 -53.734829 9.095609
v 3.504173 -54.689926 8.626397
v 3.578397 -56.009094 8.704515
v 11.514537 -60.441334 10.344578
v 8.978247 -61.107357 11.506532
v 7.981877 -60.162239 11.595963
v 6.290630 -60.418522 10.925599
v 9.343705 -59.846970 11.539442
v 8.731837 -58.891560 11.668646
v 8.203694 -57.889896 11.707952
v 9.186134 -57.915428 11.717101
v 9.928272 -57.143772 11.649948
v 5.134105 -60.116943 9.922773
v 3.968223 -60.495914 8.681719
v 6.308314 -61.970627 10.899752
v 13.316642 -15.725098 10.484487
v 5.290128 -25.709059 14.044657
v 4.254251 -25.190750 14.624069
v 4.342614 -24.151777 14.969107
v 16.269857 -33.851162 10.110725
v 16.031206 -34.806892 10.324901
v 10.593415 -69.321594 9.400084
v 10.375763 -68.381111 9.830338
v 7.382074 -65.260315 11.151693
v 7.979513 -66.174706 11.184804
v 8.222875 -64.622780 11.299518
v 7.283151 -62.707150 11.281733
v 8.229226 -63.283573 11.404378
v 0.215055 -39.709457 4.658595
v 15.377991 -21.818735 9.413400
v 14.768821 -22.714064 9.930583
v 0.283565 -44.658157 4.738178
v 11.791033 -57.220345 10.670374
v 11.196990 -58.051979 10.976941
v 4.896399 -27.844624 13.651678
v 13.601350 -43.573521 11.699082
v 0.505785 -57.049858 4.411398
v 6.974017 -69.949577 10.792459
v 7.170741 -68.965355 10.898550
v 13.398673 -11.133886 8.662594
v 5.657513 -10.421987 15.156208
v 7.972035 -10.263783 13.723624
v 7.405314 -34.252022 13.181523
v 8.279664 -33.405106 13.199882
v 8.648582 -32.514511 13.119429
v 9.672861 -32.073200 13.130409
v 10.448921 -32.747837 13.241273
v 1.139587 -69.838852 6.484397
v 2.126421 -59.175201 6.921923
v 4.724159 -58.958530 9.631732
v 5.032476 -57.817131 9.962882
v 5.963181 -57.559277 10.807969
v 6.559263 -58.502296 11.162865
v 6.831233 -59.545536 11.277851
v 7.519600 -35.269356 13.267599
v 4.163539 -59.539108 8.997159
v 3.401085 -59.424129 8.107987
v 0.378425 -34.378056 8.789778
v 0.289494 -36.090981 4.952101
v 14.246569 -61.528606 7.291582
v 13.249187 -61.318390 8.337461
v 13.517418 -62.337898 7.738154
v 12.474435 -61.697659 9.159113
v 12.038147 -62.657787 9.407012
v 12.257257 -63.615131 8.942841
v 12.674003 -64.173500 8.256327
v 5.960915 -12.403980 15.399206
v 2.834198 -61.525707 7.659343
v 2.578807 -62.611393 7.609340
v 3.109659 -63.391407 8.110956
v 3.606736 -61.382969 8.319402
v 4.179490 -62.024525 8.952776
v 11.984421 -11.548272 10.568686
v 14.288064 -13.611613 8.543463
v 12.303714 -14.399001 11.134892
v 9.654901 -53.169991 11.992750
v 8.572676 -53.079411 11.991359
v 7.909307 -52.008762 11.943775
v 7.858312 -47.250443 12.078588
v 6.947688 -46.990791 11.801762
v 7.232666 -48.002880 11.810501
v 7.242340 -49.020142 11.818187
v 8.193388 -49.701607 12.125223
v 0.637125 -32.897675 11.111206
v 17.914547 -30.853991 7.722581
v 3.611171 -51.833485 8.728020
v 3.545946 -52.808487 8.529808
v 11.277398 -30.692364 12.712252
v 12.175311 -59.594765 9.918780
v 12.995216 -59.494991 9.137970
v 12.641130 -58.590031 9.709302
v 13.706334 -59.600895 8.381315
v 14.500477 -21.849106 10.148485
v 4.292211 -57.863266 9.310334
v 5.122058 -56.852211 10.121270
v 0.757587 -15.254644 16.872818
v 0.786318 -17.795652 17.014469
v 1.788269 -10.510028 16.073566
v 0.899534 -10.976722 16.162704
v 17.923164 -27.275110 7.398710
v 18.103527 -33.318356 7.411319
v 9.796696 -72.347191 9.526377
v 4.398428 -10.404860 15.622684
v -0.366584 -71.810287 3.909692
v -0.224302 -72.614357 4.339938
v 5.251406 -72.688927 9.895680
v 0.714093 -26.551971 15.032203
v 9.023836 -10.056147 12.818788
v 16.692598 -46.720921 7.213785
v 0.451973 -37.188389 4.078554
v 17.548435 -39.405247 7.541199
v 15.094054 -52.949501 8.463976
v 0.284803 -37.715836 5.879685
v 1.567349 -34.587101 9.801759
v 1.563613 -35.836899 9.686073
v 1.780372 -33.918892 10.598491
v 2.509322 -33.623596 11.247713
v 0.796904 -35.761692 8.537296
v 0.354465 -36.461674 7.760844
v 0.356377 -37.492340 8.041666
v 0.880414 -11.906604 16.409847
v 2.178186 -12.234955 16.398207
v 2.201015 -13.181928 16.551065
v 1.335273 -37.092163 9.594942
v 0.223465 -36.860611 6.082176
v 2.025012 -32.664764 11.906618
v 2.147317 -31.904892 12.486270
v 2.350425 -16.845175 16.914967
v 3.132078 -17.646767 16.787506
v 16.557268 -27.485138 9.193891
v 2.291288 -19.548758 16.754568
v 1.440886 -57.272060 6.218475
v 2.301402 -57.604347 7.014432
v 3.507725 -11.737045 16.079765
v 6.704263 -71.369148 10.636483
v 15.136304 -48.760773 9.153337
v 15.913354 -48.373413 8.185041
v 2.145442 -25.785662 15.087389
v 2.157174 -24.832409 15.401042
v 17.441647 -31.605175 8.512592
v 0.835204 -45.411106 6.207982
v 15.140763 -57.008854 7.415990
v 14.491367 -57.205326 8.116118
v 15.017019 -55.361588 8.007211
v 14.457354 -54.290844 8.786205
v 17.168633 -28.168581 8.599359
v -0.190053 -71.012733 5.190822
v -0.085176 -70.107674 5.290018
v 4.534299 -71.407852 9.379758
v 5.123319 -70.662865 9.926319
v 0.801744 -71.457329 6.166207
v 16.207342 -45.066917 8.453745
v 16.104944 -44.235153 8.992703
v 3.020892 -15.395097 16.706160
v 4.186103 -15.592524 16.477013
v 4.910034 -14.827068 16.171127
v 5.933599 -15.218210 15.848316
v 6.862247 -15.994138 15.440667
v 0.235189 -66.146996 5.355864
v 0.349008 -67.040993 5.788400
v 15.593679 -52.106804 7.967429
v 5.030069 -11.942097 15.674425
v 8.685486 -11.744964 13.558930
v 8.333095 -71.312065 10.601504
v 8.869663 -69.621147 10.603617
v 9.462947 -68.825005 10.434070
v 7.989016 -70.103554 10.820038
v 1.583702 -44.409889 8.223968
v 2.273559 -44.358604 9.117089
v 2.448422 -43.509773 9.661845
v 2.056299 -42.497143 9.486865
v 1.540752 -45.364513 7.787170
v 15.599452 -20.215368 9.011736
v 17.324667 -34.231461 8.677037
v 0.840980 -55.142963 5.492885
v 0.878486 -54.172913 5.508731
v 6.627818 -14.146729 15.357040
v 7.539650 -13.962870 14.835451
v 7.876678 -17.270117 14.986828
v 0.639639 -40.099186 8.075624
v 0.897849 -39.260788 8.764502
v 0.936724 -41.005577 8.391518
v 1.622770 -41.341038 9.346135
v 3.447600 -23.063499 15.691978
v 2.348119 -21.106472 16.448751
v 10.571540 -11.133527 11.804468
v 10.585722 -12.259611 12.163238
v 14.735452 -35.819519 11.521044
v 15.097184 -34.824280 11.205349
v 14.631444 -33.943588 11.609023
v 15.044677 -33.014782 11.245995
v 13.734321 -36.066986 12.372253
v 13.015244 -35.056248 12.622848
v 13.682269 -34.143257 12.364699
v 15.678154 -46.837872 8.776234
v 15.059080 -45.771088 9.748936
v 1.207275 -51.199940 5.946398
v 1.835266 -51.921661 6.591932
v 2.388019 -51.516193 7.233044
v 16.600821 -30.643507 9.741876
v 16.924421 -29.867022 9.099288
v 14.119729 -37.823753 12.016871
v 15.746051 -17.159285 8.085061
v 2.901984 -50.154736 8.367099
v 2.411737 -30.809402 12.992715
v 0.990649 -46.292671 6.134823
v 1.370642 -49.075211 6.282227
v 16.668797 -39.763115 9.150736
v 16.436283 -42.156967 9.084813
v 15.094365 -42.288174 10.468567
v 15.269470 -43.223530 10.083962
v 14.073129 -41.111397 11.689156
v 16.790066 -37.625332 9.318370
v 16.220680 -36.043568 10.070533
v 13.367865 -30.492996 12.112314
v 12.564428 -28.987160 12.068510
v 11.631491 -28.228926 12.139781
v 12.883363 -27.480480 11.617954
v 11.023459 -26.716211 12.019861
v 9.901370 -26.718330 12.355198
v 9.642900 -27.558382 12.513662
v 8.953485 -28.140427 12.747524
v 2.874296 -52.643707 7.765695
v 9.800406 -66.640526 10.546659
v 8.765164 -16.909285 14.388019
v 9.918649 -17.734943 13.633656
v 9.383807 -18.555042 14.002202
v 10.442023 -16.253384 13.115419
v 2.427855 -29.328245 13.563087
v 4.257213 -28.582561 13.606637
v 12.556896 -71.348236 5.913352
v 16.537058 -25.517481 8.684822
v 1.247642 -42.845066 8.364853
v 0.367251 -42.635391 6.336754
v 10.106292 -30.848854 12.904355
v 9.241539 -29.958790 12.868998
v 8.160316 -31.031826 12.988402
v 10.720543 -29.297930 12.590974
v 11.379184 -34.403416 13.153574
v 2.665270 -54.337044 7.682760
v 2.656203 -56.273735 7.576753
v 3.291973 -58.045284 8.177963
v 15.461962 -29.553339 10.565157
v 16.171408 -29.037573 9.974233
v 14.168983 -20.803898 10.467796
v 10.364019 -20.355104 13.167639
v 10.967882 -19.450851 12.889471
v 14.202472 -39.406780 11.807376
v 10.531693 -59.551411 11.182366
v 1.140525 -65.084976 6.419003
v 1.391248 -65.923767 6.669519
v 2.093498 -65.856232 7.271813
v 2.134684 -64.260155 7.301183
v 3.155637 -65.080360 8.259355
v 3.498940 -65.863846 8.610662
v 3.444116 -64.242104 8.514762
v 4.370915 -64.419556 9.324039
v 5.068089 -63.898022 9.915163
v 5.080711 -62.751461 9.808190
v 5.533897 -62.014690 10.285319
v 5.452427 -61.022587 10.202415
v 4.418899 -65.430374 9.354251
v 4.779454 -67.203011 9.710709
v 4.984082 -68.323151 9.896291
v 1.550409 -62.475800 6.753528
v 2.395111 -35.683392 10.787817
v 3.850128 -34.873829 11.734767
v 3.024104 -34.801079 11.124641
v 5.104970 -35.764713 12.550456
v 3.605913 -36.381187 11.711948
v 4.169524 -35.678356 12.065788
v 3.312545 -37.924179 11.466496
v 5.736935 -38.381424 12.701783
v 6.802150 -40.469719 12.919191
v 6.245579 -33.339989 12.779528
v 7.010638 -31.161512 13.029814
v 3.686109 -33.262524 12.087249
v 5.252403 -34.237038 12.504595
v 5.659697 -35.012264 12.695751
v 6.578531 -35.006054 12.979781
v 13.358048 -13.768027 9.865252
v 15.697645 -23.657709 9.212446
v 13.175592 -23.709045 10.937723
v 12.774282 -22.907778 11.273645
v 9.831385 -13.111530 13.072542
v 5.027409 -50.420609 10.618767
v 6.655613 -50.356934 11.527193
v 8.707170 -51.056095 12.108789
v 8.930457 -47.713032 12.309759
v 9.136636 -48.910576 12.248662
v 10.068381 -49.319016 12.162330
v 4.501527 -48.587650 10.309750
v 5.559731 -48.600632 11.064008
v 2.714804 -68.804665 8.024839
v 3.269345 -70.763748 8.186925
v 5.789370 -69.846741 10.337146
v 1.686709 -67.657593 7.083679
v 4.605084 -41.212772 11.816498
v 3.670874 -42.782188 10.990085
v 3.289477 -43.641098 10.498848
v 6.570718 -53.395733 11.460891
v 12.015910 -50.193195 11.532368
v 13.391173 -53.584507 10.028773
v 11.640836 -53.975540 11.268438
v 10.530661 -54.820488 11.674163
v 10.784094 -55.920639 11.485217
v 8.884839 -55.953278 11.875182
v 7.423882 -54.615444 11.700155
v 6.593980 -55.939735 11.330563
v 11.328680 -52.173424 11.623468
v 12.348837 -52.012688 11.088182
v 10.829998 -50.543941 11.954126
v 14.431082 -51.138618 9.490020
v 13.723386 -51.338791 10.151004
v 15.150434 -39.911240 10.775943
v 7.802078 -27.043013 12.985921
v 7.000644 -27.436890 13.200556
v 5.809727 -26.987411 13.594836
v 7.415715 -29.606133 12.997252
v 8.289331 -30.109600 12.939162
v 5.628197 -17.749081 16.089472
v 4.518048 -16.692986 16.437437
v 7.849466 -44.414993 12.465729
v 8.259922 -45.871498 12.254805
v 8.982868 -37.249744 13.398119
v 12.605891 -42.033466 12.385700
v 12.410518 -43.855659 12.172576
v 10.808580 -47.456829 12.162777
v 8.983999 -43.419563 12.826413
v 11.741427 -36.070869 13.110470
v 8.615925 -35.784416 13.369083
v 9.442097 -34.175682 13.328860
v 5.041994 -43.563995 11.633719
v 0.737788 -59.955151 5.805627
v 1.557038 -60.605217 6.560212
v 6.872438 -21.933388 14.730150
v 10.927512 -25.239653 11.992478
v 11.590352 -26.016905 11.764668
v 11.880078 -24.397827 11.595101
v 13.508759 -28.819363 11.778740
v 5.220735 -29.589708 13.204769
v 5.852382 -54.323956 10.963419
v 14.667164 -59.839424 7.229126
v 11.615479 -64.393700 9.447437
v 11.238182 -62.719975 10.184127
v 10.838231 -61.886127 10.653893
v 9.900927 -62.018715 11.107578
v 9.421379 -64.979095 10.982484
v 10.016276 -63.741596 10.853142
v 11.800787 -21.481068 12.083393
v 1.925481 -40.278500 10.003797
v 2.372462 -37.264786 10.824831
v 15.893515 -25.941973 9.525533
v 14.719522 -27.923750 10.750947
v 11.791711 -49.081272 11.743378
v 10.807552 -48.662777 12.090291
v 12.648191 -46.717510 11.629411
v 14.335142 -49.009090 9.985429
v 3.701329 -40.202702 11.505742
v 6.097034 -66.678139 10.590089
v 6.459022 -63.949913 10.885891
v 4.500008 -51.971573 9.990489
v 4.820637 -52.914337 10.190467
v 5.943889 -52.599903 11.083293
v 14.731631 -44.316166 10.396615
v 12.218368 -65.846642 8.355647
v 13.907824 -64.259010 6.771335
v 3.806614 -26.961994 14.202712
v 14.186907 -46.092773 10.603037
v 13.665763 -47.561436 10.863151
v 3.854874 -50.695534 9.450654
v 8.810710 -68.121643 10.777018
v 7.927261 -68.051414 11.034904
v 7.462142 -67.161095 11.065558
v 6.180723 -68.081917 10.588727
v 6.747560 -36.415627 13.116546
v 11.980532 -61.020969 9.832742
v 7.157761 -60.662151 11.346307
v 5.768387 -59.709549 10.528106
v 4.610364 -60.731724 9.378215
v 12.781499 -16.332485 11.152958
v 3.980714 -26.035683 14.424860
v 5.185686 -23.560503 14.887369
v 6.435744 -62.891193 10.940556
v 8.090404 -62.315777 11.462242
v 10.404756 -57.905197 11.429057
v 6.338692 -56.798996 11.119431
v 7.241693 -57.909248 11.535598
v 5.995775 -13.302479 15.554579
v 7.430813 -52.771786 11.786513
v 13.236560 -60.402168 8.664817
v 14.611186 -52.434868 9.056141
v 0.191692 -38.258713 7.425346
v 0.587155 -38.398148 8.414432
v 15.088309 -49.677032 9.062011
v 6.382662 -16.838083 15.734896
v 0.321444 -65.184792 5.421053
v 15.676921 -51.148613 8.042017
v 15.736260 -21.084492 8.975814
v 17.316675 -35.152424 8.651669
v 12.993498 -33.529602 12.577821
v 17.119551 -29.071838 8.657371
v 10.739387 -17.569170 13.034084
v 13.356290 -20.555262 11.112914
v 6.270484 -30.516876 13.018892
v 3.594445 -70.022820 8.671000
v 12.795297 -50.266056 11.079629
v 13.897003 -50.467930 10.148042
v 2.108701 -60.043301 6.922677
v 10.940962 -61.008511 10.706643
v 4.050649 -51.530979 9.402777
v 13.851819 -71.898781 2.520780
v 14.335366 -72.034065 1.370828
v 14.733100 -72.139236 0.185011
v 15.082480 -72.225632 -1.017969
v 15.303468 -72.251732 -2.256220
v 15.242399 -72.201080 -3.512065
v 15.056808 -72.115723 -4.757483
v 14.412394 -72.060417 -5.846337
v 13.573694 -72.030632 -6.795505
v 12.499320 -72.082870 -7.461782
v 11.295647 -72.190521 -7.847633
v 10.046276 -72.282402 -8.062816
v 8.792144 -72.386124 -7.910159
v 7.567368 -72.508331 -7.624979
v 6.464630 -72.626709 -7.014512
v 5.480190 -72.710030 -6.232375
v 4.628684 -72.828072 -5.313035
v 4.147387 -72.942055 -4.158073
v 3.687589 -73.045334 -2.994081
v 3.137125 -73.153564 -1.871858
v 2.449168 -73.253403 -0.829085
v 1.596138 -73.326561 0.083946
v 0.748083 -73.406265 1.000339
v 0.286822 -73.517784 2.158904
v 1.472805 -10.621005 -7.220060
v 1.895235 -10.273781 -8.344187
v 3.124764 -10.078363 -8.250566
v 4.324533 -9.972910 -7.922423
v 5.409122 -9.843963 -7.317820
v 6.587806 -9.679981 -6.929938
v 7.785522 -9.486100 -6.600328
v 8.973267 -9.284302 -6.206514
v 10.128780 -9.098386 -5.699765
v 11.151469 -8.925391 -4.931469
v 12.106941 -8.782181 -4.067113
v 12.919562 -8.663150 -3.044127
v 13.587627 -8.589817 -1.903390
v 14.169040 -8.542133 -0.689450
v 14.486495 -8.553876 0.640175
v 14.717524 -8.604132 1.997880
v 14.697242 -8.719953 3.414523
v 14.537098 -8.891812 4.833094
v 14.160383 -9.148998 6.288239
v 10.541506 -50.376675 -6.191578
v 14.856380 -64.348564 -1.984836
v 14.863494 -23.935902 -7.433862
v 16.948315 -16.000835 -1.728802
v 9.671929 -17.315771 -9.066932
v 4.278023 -63.255329 -5.096863
v 2.430646 -40.209824 -4.270385
v 16.767099 -51.142250 -1.499754
v 3.688306 -53.275860 -3.961752
v 15.765187 -38.947758 -5.101876
v 18.870234 -29.482771 -2.126363
v 10.050692 -31.155989 -10.777782
v 12.144592 -66.727921 -5.987098
v 16.608253 -58.660198 -0.296122
v 18.332142 -22.444134 -0.618819
v 8.206502 -24.198208 -11.575724
v 2.231646 -67.025681 -1.611815
v 1.942523 -59.555286 -1.696057
v 1.498436 -45.719158 -1.959160
v 17.901665 -45.159451 0.534863
v 19.112671 -37.915688 0.367903
v 5.351062 -35.173729 -8.838913
v 5.315038 -14.706740 -8.632705
v 16.145670 -12.815263 2.611618
v 13.619654 -13.580410 -4.979784
v 5.425397 -20.093712 -10.830651
v 5.605330 -67.863609 -6.230542
v 1.387487 -50.792747 -0.761882
v 19.746822 -33.142647 1.601871
v 16.869596 -63.807114 1.309089
v 16.177273 -68.008064 -0.204702
v 17.712597 -16.801140 2.844632
v 0.276816 -40.591362 -0.499285
v 1.393734 -37.070740 -3.804133
v 17.795340 -51.472317 2.422739
v 19.183884 -27.123558 1.900553
v 5.126037 -30.460083 -11.646556
v 1.663516 -63.256550 -0.210347
v 1.425420 -55.794617 -0.243729
v 18.535467 -41.590858 2.767217
v 10.147485 -12.901706 -6.777314
v 17.434959 -56.449348 2.496572
v 18.020121 -47.786205 3.089691
v 15.185553 -11.974735 -0.998645
v 9.026671 -68.561340 -7.961758
v 15.064774 -68.427704 -3.813453
v 18.275772 -20.165730 3.277465
v 17.140238 -60.188950 2.537579
v 18.639677 -23.622551 3.038523
v 4.155564 -24.375301 -11.935391
v 3.402794 -69.680466 -3.432727
v 2.156250 -69.977005 0.061306
v 19.190500 -36.822521 3.530415
v 2.385545 -34.939896 -7.216730
v 0.169686 -37.903805 -0.034099
v 0.531171 -45.775681 0.898063
v 3.495204 -17.751890 -10.044464
v 19.532324 -30.759279 3.480789
v 3.021230 -33.094448 -10.244450
v 2.677832 -12.821769 -8.366144
v 12.602969 -69.395592 -6.613976
v 1.607682 -66.936218 1.137684
v 1.204015 -59.514252 0.969537
v 16.177906 -66.358681 2.286076
v 0.984827 -53.298706 0.994523
v 18.025345 -44.103977 4.129567
v 3.485746 -27.287809 -12.004965
v 6.355442 -12.305966 -7.559801
v 16.176813 -13.784807 5.010424
v 12.922969 -11.215354 -3.968478
v 6.786364 -70.034538 -7.169101
v 17.560930 -54.044765 3.700628
v 15.032951 -11.201752 5.115583
v 2.676734 -15.409527 -9.118131
v 15.318878 -10.859567 2.038004
v 3.009525 -21.672018 -11.370802
v 0.738625 -49.554520 1.340741
v 18.716335 -39.265808 4.467746
v 19.312424 -34.441883 4.174359
v 0.159642 -43.270073 1.293983
v 15.320756 -68.714905 2.076022
v 5.221599 -70.404778 -5.260366
v 15.853377 -70.000275 -1.541910
v 16.585924 -62.721508 3.298703
v 16.889893 -15.798985 5.198804
v 17.540167 -17.968412 4.985762
v 19.086069 -28.373264 4.164868
v 18.817921 -25.999001 4.216337
v 17.671116 -50.343109 4.376445
v 2.580478 -30.131102 -11.483443
v 1.224710 -61.979305 1.575752
v 1.310513 -64.449646 1.634203
v 0.978746 -57.029163 1.530524
v 10.926822 -11.045725 -5.540888
v 8.702152 -11.419327 -6.742738
v 18.297230 -41.715553 4.964379
v 14.146375 -10.519960 -1.605308
v 10.487048 -70.177811 -7.892788
v 14.564922 -70.077240 -5.080997
v 0.794617 -70.596512 1.524702
v 0.377940 -40.750362 1.752501
v 0.902261 -35.808048 -3.582038
v 17.083693 -57.796341 4.019666
v 17.719463 -46.622326 4.779968
v 18.102768 -21.373571 4.992540
v 15.250707 -70.325546 0.873281
v 3.133428 -71.265877 -2.369887
v 10.599677 -58.508663 -6.040215
v 1.594297 -33.680054 -8.687989
v 2.085642 -19.144287 -10.613842
v 18.335979 -23.686447 5.036221
v 0.542126 -47.054321 2.154543
v 19.160032 -32.032169 4.924517
v 0.367708 -37.301620 1.458748
v 2.153683 -71.701225 -0.113648
v 0.739425 -68.133476 1.971374
v 2.133590 -25.836327 -11.942364
v 16.679789 -60.288639 4.161040
v 18.827940 -36.910233 5.319367
v 1.709971 -11.940559 -8.076982
v 3.835634 -11.602644 -8.009726
v 15.850652 -65.174889 3.492876
v 0.808620 -54.544518 2.108106
v 0.752718 -52.055977 2.146032
v 17.091812 -55.329937 4.624848
v 17.197176 -52.841442 4.773316
v 8.109860 -70.981239 -7.415219
v 1.565054 -14.348824 -8.743017
v 1.696710 -16.712105 -9.715189
v 1.914887 -23.074875 -11.666641
v 0.204254 -44.562996 2.360620
v 15.258926 -12.866306 6.210803
v 14.959755 -10.096333 3.700784
v 14.846113 -9.952715 1.039963
v 15.150971 -67.553368 3.148536
v 14.443865 -69.897842 2.662547
v 6.091407 -71.260338 -6.287257
v 4.194995 -71.444565 -4.662288
v 15.545898 -70.834122 -2.827698
v 1.661214 -31.348656 -10.776838
v 18.946484 -29.613850 5.148401
v 18.706671 -27.216328 5.158748
v 1.816997 -28.642439 -11.718664
v 0.432934 -72.073593 1.679893
v 0.877108 -34.869110 -5.326873
v 0.346211 -36.258770 -1.894837
v 0.968055 -47.780300 0.139415
v 8.574298 -63.601234 -7.307153
v 17.416456 -19.154776 5.810516
v 0.897787 -60.737873 2.312613
v 0.871875 -63.206806 2.298090
v 0.751490 -65.668587 2.237903
v 0.866995 -58.264050 2.316984
v 16.829966 -16.943672 6.019351
v 16.080740 -14.829760 6.192934
v 17.453424 -49.136692 5.234461
v 9.694414 -10.504110 -5.975394
v 11.758516 -10.162548 -4.532227
v 7.382712 -10.895955 -6.902363
v -0.176124 -39.605209 2.331639
v 0.370793 -39.390156 0.433746
v 0.694532 -38.758869 -1.985442
v 12.815993 -70.802383 -6.863799
v 17.653503 -44.177860 5.550349
v 17.336885 -53.977371 0.619177
v 15.381607 -55.361286 -3.639439
v 18.260462 -40.543163 5.723775
v 13.463667 -9.883090 -2.610886
v 0.256737 -42.052963 2.506845
v 6.791775 -44.782753 -5.833104
v 15.423413 -71.035744 -0.337746
v 0.985630 -34.151295 -7.001276
v 1.542578 -20.446051 -11.050188
v 3.335960 -20.157314 -10.904225
v 0.553535 -48.316162 2.609864
v 1.293289 -32.528084 -9.854167
v 1.650361 -35.754997 -5.152014
v 3.393151 -36.960995 -6.135149
v 8.253852 -39.178905 -6.980605
v 0.751274 -37.101563 -2.169312
v 19.020460 -33.278957 5.519691
v 4.417875 -13.279249 -8.145031
v 1.557098 -24.448273 -11.848956
v 1.567398 -27.230141 -11.891370
v 0.382666 -38.481285 2.254635
v 14.297343 -10.137731 6.425706
v 18.342775 -24.874138 5.490764
v 17.932676 -22.574060 5.659114
v 0.126804 -36.846462 -0.244416
v 2.827136 -72.040070 -1.211314
v 0.439704 -69.355751 2.310876
v 1.446485 -69.243393 1.196214
v 1.942283 -68.186195 -0.142075
v 2.467289 -69.236328 -1.745937
v 2.710775 -11.274908 -8.616715
v 4.972945 -11.065722 -7.580527
v 15.870158 -63.968147 4.041682
v 16.558069 -64.115280 2.727892
v 0.701004 -53.303867 2.541536
v 0.760163 -55.786522 2.512043
v 0.990703 -55.583099 1.112587
v 0.639356 -50.813995 2.583410
v 0.813144 -51.008064 1.144535
v 1.385137 -17.941282 -10.221466
v 0.384968 -45.817631 2.704337
v 1.271110 -15.549390 -9.248796
v 16.270237 -61.521614 4.363193
v 16.628771 -59.064751 4.657234
v 18.567701 -38.143269 5.824451
v 18.850605 -35.723511 5.689904
v 16.847921 -56.586124 4.880180
v 17.029602 -54.101585 5.068827
v 17.181847 -51.620731 5.239598
v 17.714138 -51.792641 3.866180
v 9.360220 -71.232170 -7.700704
v 8.917187 -69.926971 -7.793914
v 1.154166 -13.111417 -8.724581
v 19.390678 -33.063667 4.020744
v 18.727350 -24.663343 3.987835
v 18.928232 -25.237701 1.886702
v 18.580372 -26.276783 -1.615217
v 16.752678 -27.421604 -5.718054
v 16.436758 -33.212234 -6.180639
v 13.162618 -27.893637 -9.340576
v 18.387226 -22.634050 4.127085
v 18.622459 -21.881376 2.023585
v 18.234856 -19.928474 0.293092
v 16.625477 -20.386139 -4.501785
v 14.919270 -9.689293 2.456174
v 14.508769 -9.618989 -0.186648
v 14.884501 -10.820072 -0.224894
v 15.436050 -11.640634 0.561770
v 16.380171 -13.766072 -0.363514
v 15.529772 -14.410525 -3.275244
v 14.063985 -17.642105 -6.792130
v 14.586859 -68.713852 3.156031
v 15.251424 -66.354424 3.623817
v 6.900562 -71.452713 -7.282825
v 5.085270 -71.654602 -5.583091
v 3.676866 -71.888428 -3.564976
v 15.190306 -71.041412 -4.051848
v 15.165627 -69.763474 -3.572183
v 15.569508 -68.833008 -2.448938
v 15.386646 -66.514114 -2.492446
v 13.615089 -65.344421 -4.296295
v 13.038342 -61.195141 -4.014448
v 11.703483 -63.433926 -6.114072
v 16.125668 -65.578400 -0.287688
v 3.382845 -31.613232 -11.109573
v 5.801492 -32.947441 -10.761880
v 9.105217 -34.574203 -9.710915
v 13.093265 -33.509377 -8.873035
v 0.237794 -43.320290 2.759876
v 1.447964 -21.754280 -11.385194
v 7.802439 -69.097183 -7.464532
v 7.533395 -66.539551 -7.297448
v 1.999658 -53.454662 -1.557209
v 2.756418 -56.193756 -3.076934
v 6.080889 -56.621941 -6.727521
v 4.340056 -59.399986 -4.640350
v 7.516916 -27.680393 -11.876656
v 18.949718 -30.833969 5.492443
v 1.302505 -72.274864 0.758252
v 0.806884 -59.501957 2.543734
v 0.550153 -66.895737 2.414089
v 17.407455 -47.902691 5.539623
v 17.788658 -48.241020 4.313997
v 17.926538 -49.340214 3.212133
v 17.609673 -48.784882 0.272118
v 15.076496 -46.507446 -4.144861
v 11.757440 -71.056870 -7.517021
v 13.853516 -70.969315 -6.155096
v 17.383709 -45.412651 5.643723
v 17.768538 -42.972626 5.849527
v 12.620764 -9.796494 -3.592123
v 2.652524 -70.593498 -1.166763
v 18.000477 -48.677498 1.781547
v 17.956173 -47.020302 0.876798
v 16.741560 -46.913502 -1.845623
v 16.746624 -42.660538 -2.761025
v 18.159075 -45.719948 2.551906
v 17.833767 -50.303574 1.116719
v 17.595993 -52.115429 0.667776
v 13.123484 -42.735611 -5.373431
v 18.282364 -43.600430 2.012454
v 18.183754 -41.541519 -0.315576
v 16.983881 -52.954700 -0.942114
v 16.652479 -55.505386 -1.386038
v 15.704059 -52.819656 -3.199483
v 12.690136 -53.357162 -5.323347
v 15.216559 -49.740711 -3.950742
v 8.844518 -53.925102 -5.825198
v 6.208753 -50.583054 -5.522931
v 15.529939 -71.209244 -1.588722
v 15.693231 -12.534760 4.631165
v 14.476988 -70.952858 1.987640
v 17.544220 -20.301334 5.997848
v 17.962015 -19.875866 4.704454
v 18.005552 -18.836706 3.707957
v 18.311632 -19.225214 1.960755
v 17.868093 -17.633524 0.184085
v 14.631129 -9.904430 5.167648
v 6.145822 -10.835719 -7.191584
v 0.588050 -49.567379 2.687234
v 5.675923 -65.283730 -5.960618
v 3.784992 -66.609543 -4.143732
v 10.008790 -66.190872 -7.405304
v 15.866714 -57.707188 -2.612626
v 13.296096 -57.730709 -4.481781
v 15.639276 -60.887329 -2.379643
v 17.575300 -19.139523 -2.141586
v 16.325390 -17.757988 -4.183889
v 3.623340 -28.887169 -11.887273
v 5.457163 -28.013256 -12.069829
v 6.082347 -25.826117 -12.122594
v 6.825978 -29.429848 -11.829066
v 9.197878 -29.210224 -11.388172
v 10.551376 -26.462858 -10.909709
v 11.829944 -23.125906 -9.869081
v 7.084619 -31.386353 -11.339527
v 11.584199 -29.422081 -10.347824
v 14.290757 -30.747341 -8.632426
v 7.973528 -33.131012 -10.621786
v 6.553529 -68.659149 -6.933147
v 5.574124 -69.293602 -6.096847
v 4.563619 -68.368111 -4.655843
v 17.274035 -15.413762 0.955270
v 18.728951 -28.422432 5.499195
v 18.409252 -26.056719 5.537953
v 8.102268 -13.385868 -7.655370
v 9.607083 -15.067830 -8.044258
v 12.056855 -16.053188 -7.493845
v 7.171993 -16.356516 -9.120438
v 14.291014 -12.239779 -3.087040
v 15.435247 -11.438332 3.399642
v 1.890198 -48.593525 -2.609592
v 3.915099 -46.430698 -4.530690
v 0.108827 -41.926140 0.928274
v 0.732949 -42.776093 -1.280124
v 2.574573 -43.335407 -3.955343
v 5.332007 -41.474064 -5.819981
v 1.239610 -54.494091 0.277950
v 1.170756 -53.263535 -0.413478
v 1.458335 -54.686756 -1.119053
v 2.399381 -54.757069 -2.432910
v 1.783934 -56.133751 -1.784927
v 1.538090 -57.812447 -0.658231
v 2.176640 -57.857430 -2.461010
v 3.492271 -57.815075 -3.879012
v 4.293491 -55.676830 -5.101272
v 5.981133 -53.789345 -6.233747
v 4.703808 -57.599106 -5.428948
v 6.464182 -59.749783 -6.982415
v 3.480585 -54.861229 -3.660231
v 2.806702 -59.579304 -3.444050
v 2.307364 -62.144470 -2.605601
v 3.592096 -61.376354 -4.331287
v 5.381826 -61.377689 -5.793829
v 1.612391 -52.145592 -1.149354
v 2.397698 -50.851761 -2.837873
v 3.888816 -49.349762 -4.409653
v 2.456551 -52.278069 -2.405997
v 7.030987 -61.929131 -7.178340
v 9.559307 -61.191467 -6.032788
v 1.035349 -51.960938 0.118894
v 3.125510 -51.884155 -3.703897
v 4.427866 -51.914993 -5.453202
v 2.952735 -50.485550 -4.188009
v 16.873373 -61.214794 3.268790
v 17.036076 -61.818913 1.388110
v 16.509480 -62.730602 -0.905104
v 17.052292 -59.275917 3.454535
v 17.341217 -58.334637 1.641203
v 16.974726 -56.593006 0.439326
v 18.892052 -37.812126 4.487596
v 19.139091 -38.369232 2.722843
v 19.134611 -35.912289 4.368610
v 19.578754 -35.211838 2.485126
v 19.187300 -34.960011 -0.859653
v 18.062996 -37.243324 -3.069643
v 17.339434 -56.238819 3.754420
v 17.536766 -55.171146 2.941800
v 17.420347 -55.342335 1.396147
v 17.679268 -53.818584 2.148001
v 11.502981 -36.807228 -7.678161
v 19.509912 -36.711422 1.593344
v 16.992416 -18.064758 6.261285
v 13.597844 -68.346176 -5.139563
v 15.889064 -69.754753 -0.188078
v 18.660065 -23.652164 0.901068
v 18.372681 -24.349316 -1.207775
v 17.324905 -25.008282 -4.166478
v 17.609074 -23.022894 -2.991875
v 16.377466 -23.149820 -5.350123
v 15.099061 -21.424885 -6.815525
v 9.159974 -20.852165 -10.556953
v 12.325685 -31.497854 -9.828702
v 10.804406 -33.129913 -10.062210
v 11.232006 -34.951607 -8.826970
v 9.367782 -36.263206 -8.235159
v 13.228379 -35.418961 -7.777467
v 13.756534 -37.731247 -6.490307
v 11.238616 -39.584282 -6.647881
v 8.993117 -42.217445 -6.272210
v 10.570252 -45.678276 -6.049529
v 16.165653 -36.095509 -5.748314
v 14.825683 -34.080063 -7.388071
v 16.324589 -15.892836 6.445592
v 10.868635 -68.335991 -7.025663
v 0.688234 -48.070530 1.357529
v 12.872150 -48.386410 -5.410750
v 2.616177 -49.153099 -3.738028
v 2.853498 -47.382973 -3.515481
v 2.585974 -45.517746 -3.513508
v 3.782684 -44.581669 -4.595052
v 4.118741 -42.798786 -5.022269
v 5.816709 -43.209126 -5.748892
v 7.152040 -41.844009 -6.124447
v 3.732412 -41.104977 -5.011545
v 5.394246 -38.574959 -6.253952
v 5.203871 -45.464191 -5.323393
v 7.085263 -47.763775 -5.795712
v 5.375207 -47.310188 -5.284580
v 18.960741 -39.910072 1.332944
v 18.512772 -39.507263 -0.797218
v 17.699421 -40.791111 -2.317416
v 16.102608 -40.894924 -3.990612
v 15.125717 -42.951225 -4.345576
v 14.249876 -40.714973 -5.318947
v 13.790844 -44.786572 -4.801302
v 16.033955 -44.653465 -3.393139
v 17.328571 -44.479095 -1.570522
v 7.357500 -35.695221 -8.617837
v 5.535102 -36.695984 -7.310607
v 7.527962 -37.348980 -7.298004
v 6.691886 -40.211891 -6.380929
v 3.829452 -39.443649 -5.441227
v 2.721485 -38.430614 -4.734969
v 15.960658 -62.739449 4.306872
v 17.133007 -50.378651 5.423306
v 1.474041 -61.166012 -0.330962
v 0.748497 -57.026928 2.667406
v 12.004327 -12.659534 -5.643189
v 1.080963 -40.329025 -2.568235
v 16.580442 -65.132126 1.722894
v 16.648773 -66.395226 0.800296
v 16.195383 -67.651978 1.493497
v 15.775233 -12.023677 1.779424
v 16.244268 -13.150165 1.092231
v 16.798426 -14.125161 1.972958
v 17.236059 -15.307858 2.832367
v 8.000543 -67.774048 -7.557549
v 8.798180 -66.697830 -7.790403
v 8.326998 -65.172928 -7.562467
v 6.796614 -64.131584 -7.018990
v 9.843622 -67.540497 -7.546824
v 9.675091 -64.701004 -6.997381
v 9.953157 -63.073139 -6.242814
v 11.310421 -65.291153 -6.596471
v 11.197048 -61.818073 -6.177558
v 10.898370 -60.182858 -6.207626
v 12.216174 -59.102066 -5.197479
v 13.867138 -59.554462 -4.289758
v 12.234202 -62.348911 -4.953289
v 13.973577 -63.205063 -3.875208
v 12.972444 -63.863293 -5.072576
v 11.905849 -60.782120 -5.090161
v 4.285803 -50.698658 -4.700532
v 5.194516 -49.591961 -5.088660
v 6.453621 -49.136581 -5.819777
v 8.633493 -49.259609 -6.275947
v 10.633259 -48.030849 -6.151404
v 8.481840 -51.632652 -6.294725
v 11.360409 -14.284370 -6.933306
v 1.719430 -41.850895 -3.251875
v 9.386538 -59.582378 -6.187200
v 8.374077 -57.276230 -5.881548
v 10.953979 -55.923611 -5.984388
v 7.997602 -60.489281 -6.488533
v 7.775269 -58.802349 -6.385877
v 7.537202 -50.120869 -5.886275
v 7.093474 -51.403645 -6.241267
v 7.585593 -52.883724 -5.825714
v 5.754043 -51.825283 -5.987850
v 7.400756 -54.391998 -6.086819
v 8.703782 -55.596470 -6.413916
v 6.268107 -55.193367 -6.516009
v 4.958265 -54.780376 -6.024031
v 4.588536 -53.393021 -5.755321
v 7.377684 -56.065468 -6.632271
v 0.738205 -61.971603 2.627390
v 0.635996 -64.434555 2.576702
v 1.772956 -65.341988 -0.194256
v 2.416294 -64.678047 -2.536129
v 15.751472 -69.143936 0.941484
v 15.878070 -12.700259 0.020340
v 15.662287 -13.320239 -1.659832
v 16.268850 -14.583580 -1.881273
v 16.227068 -15.731987 -3.259382
v 14.809171 -15.826778 -5.263556
v 7.116019 -57.326412 -6.298788
v 5.920882 -58.247314 -6.707066
v 5.267917 -59.506798 -5.956529
v 1.253705 -29.979296 -11.314075
v 10.720049 -9.962068 -5.290287
v 8.501447 -10.337501 -6.440435
v 18.957090 -34.510319 5.704829
v 19.628756 -33.760418 2.919197
v 6.741867 -67.383820 -6.682391
v 5.853889 -66.578842 -6.121459
v 4.571422 -66.166664 -5.373346
v 3.706872 -64.841484 -4.471044
v 6.680525 -65.734245 -6.693694
v 3.035467 -63.303844 -3.794164
v 0.307938 -42.669323 0.000844
v 0.629993 -44.383617 -0.328559
v 0.426247 -41.685974 -0.917366
v 1.055245 -41.731461 -2.101817
v 16.899681 -64.835541 0.472449
v 16.296665 -64.183723 -0.723368
v 3.014776 -67.985062 -2.926891
v 3.639654 -70.752846 -3.872611
v 4.389593 -69.725349 -4.395361
v 16.881548 -60.107910 0.781690
v 16.296597 -60.299923 -0.874169
v 15.935682 -59.278961 -2.109292
v 15.140127 -58.901218 -3.481610
v 14.830836 -57.275219 -3.865630
v 13.672896 -55.846142 -4.471130
v 14.329096 -54.048443 -4.589519
v 14.299873 -51.723751 -4.798417
v 12.316742 -20.046101 -8.834508
v 0.651507 -46.954399 0.975339
v 0.930532 -46.428921 -0.336609
v 1.304662 -47.599644 -1.431009
v 1.463201 -49.118286 -0.777618
v 4.570399 -48.377789 -5.079341
v 3.468277 -48.122780 -4.411132
v 4.403258 -54.369022 -4.880221
v 5.566428 -22.321629 -11.523220
v 10.600817 -71.301826 -7.957881
v 2.322968 -36.632229 -5.279126
v 3.096654 -35.815601 -6.690309
v 3.757561 -34.937702 -8.335069
v 4.368347 -36.039978 -7.374743
v 4.590600 -34.047436 -9.835766
v 18.436792 -20.584234 1.647419
v 18.370773 -21.262535 0.235038
v 17.869759 -21.005957 -1.885553
v 10.457774 -52.508091 -6.073249
v 12.056086 -51.448673 -5.423630
v 5.044683 -56.084530 -6.108481
v 14.742652 -60.324154 -3.411372
v 14.233362 -61.875610 -2.713879
v 17.919153 -41.770058 6.063217
v 13.980016 -9.464164 -1.378690
v 0.190149 -70.575714 2.450171
v 1.429091 -63.205170 1.095955
v 18.572891 -40.527771 4.406068
v 18.870056 -39.737652 3.120983
v 13.746269 -11.080525 -2.882590
v 17.284355 -50.197563 -0.348749
v 16.240046 -49.050030 -1.866989
v 19.220814 -32.206272 -1.372974
v 17.965094 -31.368279 -4.353028
v 18.139929 -34.133282 -3.667422
v 19.525209 -30.443993 0.575259
v 17.017412 -55.234276 0.045072
v 17.683863 -52.713165 2.898477
v 16.035139 -68.893867 -1.036234
v 15.949866 -67.521698 -1.583838
v 15.228663 -32.285412 -7.675680
v 16.386980 -30.122416 -6.609022
v 8.462570 -40.746353 -6.645288
v 10.142464 -40.927929 -6.435366
v 11.049563 -42.735474 -5.953433
v 11.991224 -41.132408 -6.198546
v 13.110476 -39.554501 -6.206754
v 12.033379 -44.369911 -5.706508
v 12.406185 -46.378727 -5.308456
v 9.535671 -44.039234 -6.071871
v 8.523339 -45.811001 -6.218786
v 7.711615 -43.372410 -6.043550
v 17.147718 -39.181976 -3.512695
v 17.707899 -52.707027 1.701989
v 9.679378 -39.600445 -6.791695
v 9.736012 -37.826851 -7.325212
v 14.644276 -71.182213 -5.191638
v 9.967447 -11.709930 -6.308537
v 1.573383 -71.102196 0.758125
v 7.417998 -18.499964 -10.006279
v 4.163461 -37.979053 -5.932952
v 16.409306 -13.671584 3.496214
v 16.737432 -14.624715 4.023678
v 11.757040 -57.668552 -5.074600
v 12.696279 -65.261192 -5.795498
v 13.385168 -66.480202 -5.253511
v 14.397824 -66.828827 -3.978833
v 16.889580 -14.922478 -0.713148
v 17.348177 -15.946201 -0.381826
v 17.462542 -17.229780 -1.304556
v 17.631277 -16.518961 0.685485
v 17.890478 -17.306021 1.550188
v 18.033215 -18.011784 2.680480
v 18.110689 -18.417086 1.076623
v 18.070967 -18.851696 -0.391722
v 16.918274 -17.149891 -2.780023
v 17.059566 -18.437496 -3.228529
v 16.426910 -19.077747 -4.531981
v 15.356709 -18.391045 -5.829874
v 15.641660 -20.033257 -5.908059
v 14.090821 -19.917034 -7.470605
v 13.404832 -21.825876 -8.546908
v 18.025373 -19.952789 -1.097293
v 16.783106 -14.332081 0.588352
v 17.163994 -19.644348 -3.415983
v 17.321697 -20.986277 -3.357123
v 16.709818 -21.821018 -4.660070
v 17.531544 -16.002966 1.847157
v 17.679741 -17.458441 3.851753
v 17.336765 -16.399223 4.090966
v 15.920631 -22.070276 -5.914818
v 15.124701 -22.704004 -6.989805
v 14.055730 -22.985746 -8.149249
v 13.114903 -25.196835 -9.209239
v 14.987965 -26.403025 -7.602404
v 13.889627 -24.247215 -8.503298
v 14.631620 -25.173641 -7.840978
v 16.129547 -25.079895 -6.106140
v 13.955185 -26.120173 -8.614977
v 12.748669 -26.542631 -9.593787
v 11.682196 -27.633549 -10.373750
v 14.342752 -27.463673 -8.395663
v 15.665503 -27.883150 -7.128167
v 14.276855 -29.101322 -8.583796
v 11.724684 -25.456650 -10.245219
v 10.046497 -24.753305 -11.020626
v 9.778208 -22.755619 -10.795341
v 8.592079 -26.061899 -11.650698
v 12.742777 -23.972826 -9.349478
v 10.118299 -27.942541 -11.073146
v 7.736032 -22.381098 -11.285248
v 13.055082 -29.860687 -9.454949
v 15.706020 -23.593988 -6.433269
v 11.132442 -21.430681 -9.883221
v 10.624084 -19.847845 -9.671411
v 11.735809 -18.054008 -8.502539
v 8.978517 -19.247225 -10.057335
v 7.365821 -20.276138 -10.693346
v 11.698936 -24.281794 -10.157110
v 10.689659 -23.577477 -10.536222
v 10.907607 -22.499317 -10.237513
v 12.871665 -22.834318 -9.076189
v 12.270518 -21.822649 -9.339720
v 1.197837 -44.146641 -1.868282
v 6.152405 -34.275482 -10.027232
v 16.942434 -54.291573 -0.895135
v 16.212317 -54.245834 -2.434021
v 12.823532 -20.956699 -8.716368
v 0.397975 -40.825371 2.945802
v 3.646363 -22.992983 -11.664060
v 11.976671 -11.365070 -4.918223
v 7.632366 -12.108338 -7.251174
v 0.299727 -38.800961 1.197258
v 4.772346 -12.209186 -7.750820
v 19.003756 -26.201374 0.281323
v 19.271454 -28.323736 -0.122985
v 5.055633 -40.042595 -5.920922
v 1.953714 -37.748581 -4.322710
v 1.600428 -39.089230 -3.561427
v 1.141110 -38.134624 -3.242985
v 16.818460 -37.621819 -4.420065
v 17.391006 -35.969093 -4.310759
v 16.830515 -34.678303 -5.356657
v 18.422318 -35.667473 -2.945018
v 18.856901 -36.848995 -1.354312
v 16.623549 -28.771717 -6.199686
v 17.920177 -28.726816 -4.181120
v 17.418415 -29.921873 -5.162882
v 17.750437 -26.857269 -3.910753
v 18.268349 -30.104630 -3.757882
v 18.767275 -31.376919 -2.818328
v 18.858580 -32.974541 -2.830399
v 19.189934 -30.786884 -1.473096
v 19.363644 -29.704504 -0.714848
v 19.448593 -31.515879 -0.195656
v 19.653048 -31.717112 1.403405
v 19.474091 -32.925655 0.045461
v 19.533463 -34.481796 0.757090
v 19.221750 -33.591179 -1.214412
v 18.906288 -34.420326 -2.324141
v 19.686401 -32.386639 2.733046
v 17.096943 -31.179880 -5.706999
v 17.431440 -32.601200 -5.050156
v 16.112091 -31.445036 -6.879640
v 15.383940 -30.452456 -7.657205
v 15.597693 -29.175852 -7.400778
v 19.631660 -30.599800 2.031045
v 19.467997 -29.122282 1.415895
v 19.557413 -29.541565 2.844104
v 19.361816 -28.290745 2.508685
v 19.135201 -27.276525 3.374582
v 19.007324 -26.171846 2.782496
v 0.829723 -37.820587 -2.414755
v 0.396934 -38.315792 -1.005721
v 16.572628 -57.826611 4.975953
v 17.259443 -46.665573 5.765388
v 1.292163 -60.793404 1.088210
v 1.540625 -65.650307 1.221223
v 1.118161 -58.228004 1.055331
v 1.287705 -58.811314 -0.015917
v 1.354156 -59.998043 -0.113227
v 1.166912 -57.254501 0.355917
v 1.643158 -60.411469 -1.093762
v 2.186274 -60.780495 -2.328025
v 1.827520 -61.610882 -1.463130
v 1.833284 -63.029613 -1.604929
v 1.889061 -64.300186 -1.081079
v 2.052979 -65.625252 -1.547828
v 2.848469 -66.197708 -2.794333
v 2.761767 -61.243629 -3.372891
v 2.406307 -63.413769 -2.687862
v 18.405531 -21.526842 3.497785
v 16.883213 -63.722321 0.159318
v 16.990749 -62.798550 0.815798
v 16.733488 -61.650795 0.003755
v 16.973413 -62.834171 2.023972
v 16.190960 -61.532784 -1.132224
v 15.322969 -62.318966 -1.758642
v 14.534269 -63.152851 -2.475056
v 18.532785 -22.307343 0.726401
v 1.584481 -62.234364 -0.601273
v 1.458072 -61.931557 0.478462
v 17.047937 -61.857021 2.440706
v 0.395449 -35.315159 -3.592581
v 4.453060 -18.916584 -10.436685
v 5.486058 -17.364424 -9.749309
v 4.259921 -16.187954 -9.328310
v 18.348055 -39.357727 5.916165
v 2.065425 -51.173737 -1.711417
v 1.825062 -49.846016 -2.032722
v 6.431670 -46.300716 -5.888753
v 15.962922 -47.860989 -3.297235
v 14.762407 -48.170887 -4.527856
v 13.928237 -49.565754 -4.962154
v 12.502519 -49.926357 -5.597248
v 13.670960 -47.058781 -4.663980
v 15.945368 -66.261215 -1.367050
v 15.420525 -65.131828 -1.202172
v 14.886812 -65.501205 -2.177474
v 14.191615 -64.753914 -3.155269
v 14.514964 -66.061012 -3.117449
v 17.025928 -15.491604 4.166850
v 16.601336 -14.900710 5.081217
v 15.775982 -34.843021 -6.426461
v 14.579061 -36.084827 -6.698469
v 15.226292 -37.337051 -5.903930
v 14.608036 -38.570648 -5.804519
v 18.495541 -27.936922 -2.688723
v 1.627924 -58.807430 -1.012249
v 3.076008 -62.203075 -3.824888
v 3.770282 -62.402985 -4.642968
v 4.492763 -61.578552 -5.055960
v 4.874443 -60.408852 -5.199203
v 4.913901 -62.472988 -5.730606
v 5.360986 -63.857605 -5.884681
v 5.899835 -62.297165 -6.596690
v 4.643300 -64.781509 -5.356718
v 11.689674 -48.894245 -5.945683
v 14.804876 -39.654858 -5.391262
v 15.706961 -40.063862 -4.722880
v 15.216000 -41.160744 -4.780873
v 14.195919 -41.987141 -5.072370
v 13.155018 -41.460583 -5.658616
v 15.665694 -41.951637 -4.117027
v 15.934616 -42.880199 -3.538073
v 16.476032 -41.731636 -3.335322
v 16.926304 -40.680431 -3.186245
v 16.407934 -43.694443 -2.977773
v 17.242088 -43.528866 -2.198257
v 17.811453 -43.128918 -0.674516
v 17.574825 -42.253021 -1.717914
v 16.892532 -44.668839 -2.625254
v 16.444820 -46.081036 -3.078267
v 16.988655 -45.669407 -1.880588
v 17.319784 -46.323704 -0.441968
v 15.416378 -43.832695 -3.775021
v 14.904900 -45.079727 -4.058642
v 14.553651 -43.948734 -4.535848
v 13.643983 -43.727112 -5.197833
v 18.246231 -42.686451 0.751422
v 18.627661 -41.312160 1.097426
v 17.023508 -47.781437 -0.669648
v 16.391970 -39.338081 -4.291941
v 13.002732 -44.528229 -5.402604
v 13.060074 -45.547016 -5.067837
v 14.047616 -45.918636 -4.486434
v 6.687597 -63.001308 -7.030980
v 7.770734 -62.784389 -7.327854
v 8.885877 -62.483963 -6.713396
v 6.070325 -63.621609 -6.549511
v 10.535504 -49.206676 -5.994093
v 9.554450 -48.536526 -5.993830
v 9.462495 -47.028275 -6.282179
v 8.347602 -48.024338 -5.980090
v 7.891846 -46.885872 -6.177162
v 9.614590 -49.775925 -6.273136
v 9.491392 -50.964249 -6.319916
v 8.468033 -50.520123 -6.375875
v 10.401982 -51.428616 -5.962878
v 11.252535 -50.923092 -5.732726
v 11.489048 -49.930134 -5.999931
v 11.249300 -51.940193 -5.789674
v 11.524966 -53.196499 -5.854510
v 11.968305 -54.724228 -5.742889
v 10.274166 -53.887226 -5.730283
v 12.359453 -56.174866 -5.292615
v 9.486759 -52.040440 -6.230311
v 9.538493 -53.091503 -5.936686
v 7.550640 -48.858822 -6.098936
v 7.432299 -45.898502 -6.099915
v 7.919993 -44.878826 -6.007452
v 8.944768 -44.879929 -6.140585
v 8.515018 -43.975693 -6.143492
v 17.342999 -45.330204 -0.896533
v 17.672470 -44.278313 -0.463673
v 18.074537 -43.925785 0.668393
v 9.587513 -54.896675 -5.915648
v 9.800509 -56.005089 -6.232648
v 10.334573 -57.164089 -5.479339
v 10.667013 -54.899296 -5.772255
v 0.969308 -50.157318 0.250868
v 0.981737 -48.958218 0.339208
v 17.863464 -45.369770 4.427820
v 18.024517 -46.296505 3.630880
v 18.115479 -46.792778 2.677213
v 18.166609 -46.368603 1.700997
v 18.197527 -45.295765 1.562486
v 18.216379 -44.620312 2.437773
v 18.208889 -43.741325 3.101857
v 18.200817 -42.713966 4.041015
v 18.352451 -42.695225 2.670372
v 18.115206 -45.068829 3.419062
v 13.197366 -54.606834 -5.135823
v 9.475915 -57.904160 -6.025596
v 17.629688 -21.456280 6.117227
v 2.986065 -14.137414 -8.583213
v 3.958027 -14.878160 -8.811498
v 1.542953 -34.827011 -6.391646
v 1.780077 -34.344521 -7.662341
v 2.811078 -34.208649 -8.922457
v 4.364659 -32.608128 -10.769800
v 5.398027 -31.734034 -11.237628
v 13.937369 -70.910904 2.902309
v 2.690640 -53.524780 -2.652331
v 0.606947 -40.760525 -1.552702
v 0.537448 -39.761749 -1.422450
v 10.284255 -18.533270 -9.298398
v 1.525989 -56.794720 -0.484155
v 1.800957 -57.161964 -1.467999
v 5.959333 -18.870663 -10.346435
v 13.405211 -50.796322 -5.148054
v 13.129487 -52.009968 -5.136847
v 13.958623 -52.917961 -4.943597
v 14.887156 -52.609219 -4.137114
v 15.328750 -51.231354 -3.353071
v 15.187364 -53.707741 -3.822556
v 4.016283 -60.417072 -4.547372
v 3.568545 -59.663464 -4.076170
v 18.557604 -40.434834 0.129574
v 17.019751 -49.049404 -0.829214
v 16.785765 -50.027187 -1.340676
v 15.927952 -50.441002 -2.366404
v 7.613035 -63.738945 -7.371538
v 14.815835 -71.285133 0.803344
v 17.223343 -59.111004 2.393579
v 17.316338 -57.950409 2.816741
v 17.236767 -59.336205 1.380674
v 16.935081 -58.590233 0.703152
v 16.782434 -57.647503 0.136073
v 16.449226 -57.607937 -1.281002
v 17.258095 -57.414799 1.078558
v 16.273972 -56.573372 -2.066385
v 15.673392 -56.601475 -3.183853
v 16.169275 -55.452312 -2.492100
v 6.851275 -38.752445 -6.661792
v 19.752733 -34.223915 1.890114
v 18.460957 -41.433041 3.866552
v 18.674942 -40.706791 3.141649
v 18.765383 -40.770367 2.037797
v 15.466497 -17.032383 -5.132780
v 15.445613 -25.536589 -7.011642
v 16.192711 -26.333927 -6.184520
v 17.068342 -26.358856 -5.043839
v 19.072611 -28.715134 -1.273190
v 18.890394 -27.457771 -1.149655
v 19.123363 -27.258154 0.042910
v 19.317751 -27.932976 1.059634
v 8.948108 -56.506012 -6.125314
v 17.901596 -47.263496 3.986410
v 13.690669 -69.693130 -5.963448
v 12.862510 -14.758631 -6.318000
v 13.538114 -16.141794 -6.556817
v 12.834151 -17.171080 -7.619580
v 13.098742 -18.633282 -7.920391
v 3.165054 -70.541313 -3.031012
v 2.851688 -69.681152 -2.578996
v 5.607544 -48.389431 -5.578177
v 10.573922 -38.616989 -6.968836
v 12.220738 -38.257168 -6.900910
v 12.808209 -37.056526 -7.245445
v 10.833665 -37.632072 -7.333872
v 10.317452 -36.773243 -7.853559
v 10.459793 -35.749893 -8.392642
v 9.519676 -35.379131 -8.990799
v 8.472068 -35.795628 -8.608396
v 8.304878 -36.683285 -7.933850
v 8.636891 -37.549900 -7.360099
v 17.636208 -21.897278 -2.742825
v 18.005156 -22.569347 -1.857935
v 17.999838 -23.660912 -2.080770
v 18.018375 -25.037481 -2.652133
v 17.239580 -22.362988 -3.811943
v 17.114256 -23.608543 -4.235976
v 16.579115 -24.284090 -5.210089
v 18.297218 -23.378973 -1.019460
v 17.595934 -24.133127 -3.233438
v 6.555492 -23.582396 -11.800988
v 18.509716 -38.250523 -1.825126
v 18.113478 -39.503189 -2.156043
v 17.889032 -38.524132 -2.841193
v 17.293535 -38.191498 -3.664016
v 19.372622 -35.760838 0.425565
v 6.487006 -17.880016 -9.893435
v 7.739354 -17.342815 -9.488553
v 8.739438 -16.211544 -8.810975
v 7.928804 -14.904710 -8.392287
v 8.662259 -18.051373 -9.639787
v 6.762543 -14.116354 -8.204153
v 6.435768 -15.351248 -8.774694
v 10.077229 -16.159046 -8.415609
v 11.019624 -17.005907 -8.493636
v 10.803327 -15.237133 -7.710095
v 5.679139 -13.522355 -8.117345
v 5.950526 -16.350412 -9.269574
v 8.894136 -38.405716 -7.177879
v 7.859836 -38.308254 -7.059110
v 3.341891 -72.279823 -2.383489
v 4.343132 -21.023123 -11.162313
v 5.667114 -21.174274 -11.202913
v 6.722848 -21.730211 -11.338737
v 7.923490 -21.261333 -10.931014
v 3.511439 -51.574474 -4.773083
v 3.804725 -52.653236 -4.887127
v 4.989374 -67.107552 -5.737188
v 5.256670 -57.137924 -6.242289
v 18.205484 -20.866711 -0.774965
v 19.309320 -29.837444 4.016666
v 1.976908 -66.384323 -0.673353
v 1.723382 -66.248985 0.344324
v 1.867427 -67.176018 -0.050319
v 13.886009 -39.930752 -5.733013
v 13.023317 -40.512398 -5.921062
v 12.177162 -40.121628 -6.410041
v 15.429958 -67.686890 -2.889643
v 11.578158 -69.791481 -7.308455
v 4.231379 -47.440727 -4.673008
v 1.393594 -42.945179 -2.456786
v 1.903136 -43.960300 -2.982934
v 2.565790 -44.432049 -3.761491
v 14.934514 -28.362343 -7.954810
v 14.928753 -54.618572 -4.081348
v 14.554252 -55.526417 -4.160565
v 14.282778 -56.456848 -3.972765
v 0.788747 -33.307564 -8.448247
v 2.869415 -24.820963 -11.919134
v 4.102514 -25.878998 -12.046860
v 3.720254 -56.115459 -3.988640
v 4.329265 -56.765121 -4.721204
v 5.228875 -51.118603 -5.234757
v 2.038433 -47.296326 -2.475600
v 2.385550 -46.487778 -3.085393
v 3.029086 -46.392063 -3.931008
v 3.351074 -45.461582 -4.241508
v 17.233280 -51.470085 -0.362231
v 15.590179 -63.408928 -1.313438
v 14.029870 -14.791716 -5.424611
v 14.600729 -14.009680 -4.177892
v 15.071296 -13.245623 -2.931546
v 15.055767 -14.966983 -4.355689
v 15.548074 -15.893556 -4.299166
v 16.162331 -16.686735 -3.998018
v 14.573649 -11.217436 6.460341
v 15.148698 -11.976866 5.668113
v 14.758126 -12.043062 6.753030
v 13.879289 -32.204742 -8.759305
v 18.897203 -35.504250 -1.840306
v 16.717083 -32.163357 -6.043489
v 16.000099 -32.440948 -6.837247
v 15.656287 -33.424568 -7.047092
v 18.869982 -25.215305 3.031905
v 8.529594 -58.286469 -5.924562
v 16.155418 -51.789619 -2.485475
v 16.380371 -53.003075 -2.120588
v 15.693739 -49.380772 -2.896117
v 15.539060 -48.746254 -3.729090
v 6.362457 -37.777767 -6.818795
v 6.636041 -36.837719 -7.525008
v 5.330282 -37.594814 -6.619330
v 4.523450 -37.053993 -6.650492
v 19.281677 -36.849899 0.456091
v 19.125408 -36.216854 -0.534169
v 10.717007 -69.236740 -7.523059
v 11.771453 -68.850189 -6.919294
v 12.480968 -68.208321 -5.924735
v 11.683940 -67.860725 -6.539581
v 10.739503 -67.128334 -6.809267
v 4.821598 -26.924252 -12.101711
v 14.151549 -13.089211 -3.959713
v 13.248849 -12.399373 -4.477104
v 0.332233 -44.503544 1.023680
v -0.008233 -71.798111 2.520435
v 17.482201 -53.053062 0.836431
v 17.250565 -53.306698 -0.076884
v 15.808797 -21.044653 -5.898203
v 14.339108 -21.940527 -7.715857
v 13.947965 -20.965570 -7.875660
v 6.572714 -35.088539 -9.227372
v 7.601070 -34.328159 -9.981812
v 6.129665 -35.847816 -8.221134
v 4.921691 -23.374800 -11.763378
v 12.150347 -52.481709 -5.425515
v 1.699788 -44.832420 -2.447232
v 17.636688 -51.105743 0.506600
v 0.949681 -19.198772 -10.673113
v 17.931147 -23.750912 6.035647
v 0.488847 -47.075600 3.105008
v 18.856575 -32.071445 5.942417
v 0.415947 -37.351669 2.566249
v 0.362480 -36.670906 1.373051
v 2.100952 -72.620087 -0.243044
v 0.245400 -68.118477 2.738381
v 0.979692 -25.828690 -11.911032
v 16.135674 -60.289230 4.891014
v 18.501602 -36.959724 6.245844
v 1.525326 -11.047503 -8.027310
v 1.074758 -11.649880 -7.503132
v 3.767451 -10.690732 -8.030672
v 15.249521 -65.145546 4.186116
v 0.640589 -54.550854 3.000640
v 0.607372 -52.066357 3.041773
v 16.714470 -55.359291 5.431742
v 16.799723 -52.869232 5.569519
v 15.069097 -69.738907 1.780520
v 15.678905 -13.830925 6.242182
v 0.336696 -40.402824 0.613275
v 0.295471 -39.842594 1.471228
v 2.538958 -20.840143 -11.139157
v 2.378561 -19.937393 -10.864431
v 3.173956 -19.246140 -10.604992
v 2.264954 -32.305637 -10.503208
v 2.045003 -33.184425 -9.701568
v 1.285126 -36.260620 -3.937984
v 1.165945 -35.451694 -4.707598
v 0.776124 -36.352776 -2.472822
v 0.498168 -36.966167 -1.276427
v 3.668295 -12.627944 -8.065545
v 2.542138 -26.750025 -11.958358
v 2.525521 -27.854425 -11.899135
v -0.093148 -37.900703 1.084335
v 1.578253 -68.093071 1.177347
v 0.844996 -69.723801 1.619740
v 1.440767 -70.144279 1.078202
v 1.973783 -69.041603 0.371308
v 2.191251 -69.095802 -0.697707
v 2.297832 -68.153427 -1.356664
v 2.484279 -67.741379 -2.181822
v 2.333703 -12.087066 -8.696771
v 16.338175 -63.570980 3.401799
v 0.845305 -52.875092 1.776619
v 0.856574 -52.088253 1.121257
v 0.911370 -56.178127 1.739856
v 0.713990 -50.350399 1.796768
v 2.418626 -17.435238 -9.977302
v 2.924426 -16.429813 -9.527658
v 0.341798 -45.375656 1.797279
v 17.844517 -50.787540 3.337440
v 17.852552 -50.321404 2.275355
v 17.542486 -51.215569 4.529555
v 9.645059 -70.414642 -7.836446
v 9.789117 -69.403023 -7.938596
v 10.001287 -68.529327 -7.502076
v 1.995182 -13.497114 -8.543267
v 19.214556 -33.753464 4.738724
v 18.589787 -23.799747 4.038926
v 18.545704 -22.589149 2.897536
v 18.695265 -22.885439 1.741008
v 14.673800 -11.275885 -1.335752
v 14.796494 -12.135756 -2.075681
v 14.500677 -10.357659 -0.747718
v 15.082581 -10.823256 0.784002
v 15.650253 -66.805428 2.905410
v 15.662193 -67.596107 2.313490
v 14.917767 -70.234169 -4.284129
v 14.784328 -69.199516 -4.505359
v 15.582118 -69.855148 -2.520405
v 2.556858 -31.053352 -11.170124
v 3.497835 -30.687483 -11.487282
v 4.413767 -31.269571 -11.334817
v 8.001095 -70.033226 -7.517708
v 19.254421 -31.109610 4.500467
v 19.468441 -31.892344 3.747448
v 1.030796 -59.022903 1.765226
v 1.077335 -59.987518 1.772572
v 1.086840 -66.436462 1.769885
v 17.738581 -49.285286 4.239093
v 13.084305 -10.469593 -3.335712
v 12.412982 -10.567242 -4.137241
v 2.342277 -70.811790 -0.314867
v 18.008617 -48.603195 2.686683
v 18.086393 -47.843216 2.173185
v 18.010736 -47.905506 1.226817
v 17.626726 -47.783417 0.314244
v 17.894449 -49.322617 1.040851
v 15.734257 -13.050437 5.284616
v 17.758297 -18.867720 4.810740
v 18.258160 -19.393435 2.940055
v 15.041355 -10.646719 4.412742
v 6.735336 -11.497304 -7.245327
v 5.688657 -11.666009 -7.462864
v 2.668189 -29.216684 -11.696213
v 4.284409 -28.057516 -12.010901
v 4.951669 -29.099016 -11.933946
v 4.142905 -29.836172 -11.740878
v 6.339593 -27.045431 -12.153112
v 7.310254 -26.266644 -11.942864
v 7.180118 -25.047453 -11.869568
v 6.608014 -28.382078 -12.005915
v 7.741457 -28.735352 -11.754045
v 8.074292 -29.927818 -11.478899
v 8.823331 -28.007376 -11.564069
v 9.243939 -30.331732 -11.179916
v 8.595418 -31.577959 -11.025743
v 10.354605 -29.712561 -10.846439
v 11.255763 -30.629305 -10.376843
v 9.677938 -32.434761 -10.632416
v 9.590781 -33.571129 -10.214374
v 10.515703 -34.240406 -9.596487
v 11.806011 -33.792274 -9.354154
v 12.552298 -34.625546 -8.610485
v 12.335299 -32.712021 -9.615049
v 10.759865 -28.765577 -10.756660
v 8.427768 -27.065063 -11.718706
v 9.502470 -26.697105 -11.409842
v 7.081355 -30.395374 -11.573580
v 6.973450 -32.509033 -10.982372
v 6.872144 -33.504025 -10.514558
v 6.228972 -69.475281 -6.709150
v 5.859262 -70.269966 -6.194444
v 5.065298 -68.507439 -5.584984
v 9.017438 -12.553349 -7.077150
v 9.312803 -13.868292 -7.546588
v 10.387932 -13.885572 -7.157795
v 11.178944 -13.176088 -6.449974
v 11.113120 -12.109502 -5.946345
v 15.215757 -10.796263 3.042681
v 15.468621 -11.808310 4.253019
v 0.187362 -42.530838 1.720748
v 0.965738 -54.633312 1.174307
v 1.990116 -54.334362 -1.747596
v 1.871578 -55.231583 -1.866551
v 1.523878 -55.584808 -1.109524
v 2.178693 -56.814682 -2.485265
v 2.795144 -57.253078 -3.266616
v 2.731722 -58.358959 -3.290262
v 2.248556 -58.936935 -2.522505
v 4.284544 -58.255859 -4.588619
v 4.785306 -58.675503 -5.457269
v 2.925989 -55.274063 -3.022433
v 2.965066 -54.332958 -3.058633
v 2.110465 -52.610287 -1.688336
v 6.160553 -61.014141 -6.800373
v 7.189202 -60.870365 -7.089863
v 8.126842 -61.563580 -6.946943
v 2.774734 -51.643986 -2.925142
v 18.692884 -38.604206 5.048701
v 19.083183 -37.765549 3.455148
v 19.311399 -37.402046 2.431209
v 19.341335 -38.076469 1.550288
v 19.108313 -39.086395 1.956031
v 19.030302 -38.921928 0.827450
v 18.822025 -38.686230 -0.243944
v 18.891449 -37.730232 -0.707718
v 19.096424 -35.172073 4.847864
v 19.379835 -35.187206 3.559197
v 17.427143 -54.957264 3.841778
v 17.553896 -55.636806 2.202811
v 17.429033 -56.352104 1.488692
v 17.614252 -54.731277 2.055207
v 17.605936 -54.303448 2.868300
v 19.438271 -36.241108 2.546714
v 18.784567 -24.175461 1.959331
v 11.070785 -31.912661 -10.241824
v 11.973323 -35.686718 -8.060640
v 13.718442 -34.345856 -8.060279
v 14.326486 -35.083649 -7.277036
v 2.448212 -50.065060 -3.422699
v 2.451092 -48.257740 -3.346927
v 3.477079 -43.567024 -4.527659
v 3.216464 -42.555321 -4.456027
v 4.397675 -43.808727 -5.062073
v 2.338664 -42.353836 -3.895298
v 2.385463 -41.277199 -4.082037
v 1.654046 -40.769638 -3.448314
v 4.624012 -44.736526 -5.068347
v 5.636023 -44.391041 -5.665939
v 4.344064 -45.648552 -4.896555
v 4.931850 -46.414932 -5.207251
v 1.814974 -39.871498 -3.708855
v 2.471073 -39.310555 -4.377805
v 5.037052 -42.503277 -5.613373
v 6.093680 -42.158737 -5.859382
v 4.379017 -41.796448 -5.288381
v 6.352897 -41.180962 -6.124218
v 6.821168 -42.864025 -5.949346
v 6.576293 -43.824192 -5.843143
v 18.145472 -40.602715 -1.154728
v 3.285241 -40.271164 -4.901814
v 16.363132 -65.073593 2.671658
v 16.510092 -65.996109 1.569580
v 16.399807 -67.352974 0.552391
v 16.148243 -66.902771 -0.453977
v 15.788255 -12.071848 2.726878
v 15.816955 -12.407916 3.513242
v 16.455170 -13.412107 1.892697
v 17.152882 -14.941004 1.934682
v 16.864515 -14.457313 2.917684
v 7.348491 -68.329308 -7.244753
v 8.208769 -66.052071 -7.607484
v 7.430913 -65.510712 -7.304609
v 9.151702 -65.731445 -7.625761
v 8.888517 -64.460403 -7.416922
v 10.644775 -64.177628 -6.296760
v 9.478654 -63.718414 -6.864246
v 10.343530 -65.434204 -6.835628
v 10.938664 -62.794453 -6.370856
v 10.173039 -62.055458 -6.043802
v 10.515475 -61.101017 -6.315163
v 11.408077 -59.246960 -5.927952
v 11.524278 -58.283684 -5.800263
v 13.250923 -58.792465 -4.866932
v 12.580560 -58.180027 -5.313801
v 13.150950 -62.383980 -4.175647
v 13.804669 -61.776794 -3.646835
v 13.764480 -60.746101 -3.367788
v 12.234494 -63.260998 -5.308282
v 12.360645 -64.101135 -5.810030
v 13.807471 -64.220726 -4.376654
v 12.385374 -61.466267 -4.648886
v 11.866625 -61.650898 -5.505261
v 11.571795 -62.581890 -5.642313
v 12.693693 -60.002834 -4.466101
v 5.973609 -49.751476 -5.455588
v 10.330158 -59.414982 -6.182731
v 8.900353 -60.445129 -6.062930
v 8.367976 -59.572533 -6.062364
v 7.359984 -59.709240 -6.521979
v 7.719224 -52.005421 -5.980609
v 8.590047 -52.598175 -5.901757
v 6.715312 -52.285019 -5.820084
v 6.907602 -53.547958 -6.026199
v 7.961464 -53.714790 -5.868224
v 8.331406 -54.754398 -6.024523
v 6.568820 -54.420380 -6.317357
v 5.093848 -52.548439 -5.842677
v 5.142264 -53.950970 -6.124877
v 7.168222 -55.219460 -6.372488
v 1.590822 -64.299484 0.443463
v 16.142372 -68.889664 0.122665
v 15.613374 -12.649009 -0.892266
v 15.789706 -14.043468 -2.330012
v 16.115963 -13.854727 -1.293871
v 16.052485 -14.924623 -2.837529
v 16.512863 -15.417331 -2.246531
v 6.367286 -57.469833 -6.787004
v 6.948472 -58.310200 -6.751627
v 5.802010 -59.172691 -6.654629
v 3.930852 -65.794205 -4.693059
v 3.273594 -65.625458 -3.725580
v 3.004257 -64.471611 -3.578410
v 6.337133 -64.835449 -6.524271
v 3.663647 -63.802208 -4.465968
v 0.355878 -43.656208 0.339453
v 0.208179 -41.468800 0.004719
v 16.757710 -65.682655 0.304165
v 3.871444 -67.791649 -3.798232
v 3.345838 -67.028900 -3.255225
v 3.507836 -68.677223 -3.482485
v 4.541932 -70.594269 -4.668751
v 17.187668 -60.757572 1.603958
v 16.576841 -59.670387 -0.100457
v 16.067768 -60.202244 -1.821966
v 16.381222 -59.274754 -1.141117
v 15.650779 -58.624504 -2.726808
v 16.116199 -58.336002 -1.908664
v 14.177521 -58.414211 -4.023941
v 15.352867 -57.950874 -3.407661
v 0.737865 -45.416672 -0.098658
v 0.970831 -45.062687 -1.174413
v 1.119592 -47.284607 -0.590927
v 1.250777 -46.593105 -1.294228
v 1.307951 -48.195332 -0.722511
v 1.556381 -48.599628 -1.640665
v 3.942963 -55.069347 -4.459338
v 3.902695 -54.169796 -4.115973
v 1.774775 -36.449074 -4.681816
v 2.941760 -36.468044 -6.005393
v 2.706499 -37.229271 -5.337323
v 3.283353 -37.751984 -5.485239
v 2.321843 -35.808388 -5.944552
v 3.121811 -35.194054 -7.493913
v 3.634356 -36.265358 -6.761483
v 3.764977 -35.598194 -7.463270
v 4.545142 -35.403889 -8.174609
v 4.560442 -34.730465 -9.058033
v 14.625099 -59.546669 -3.824435
v 15.390920 -59.705116 -2.887055
v 14.873544 -61.164745 -2.923875
v 18.924524 -38.952869 3.526542
v 16.810238 -56.131626 -0.523218
v 17.631884 -52.783443 3.885405
v 15.811205 -68.383339 -1.725729
v 8.164305 -41.680202 -6.357130
v 7.411594 -40.877922 -6.409180
v 9.190523 -41.292355 -6.453380
v 10.174925 -42.042683 -6.190343
v 10.020549 -43.079956 -6.038617
v 10.810224 -44.044720 -5.888290
v 10.987748 -41.396610 -6.246477
v 12.178130 -42.246132 -5.891739
v 12.198860 -43.294250 -5.635095
v 11.790028 -47.578571 -5.559990
v 10.818327 -46.857006 -5.791088
v 11.475552 -46.032745 -5.651907
v 10.405349 -40.068581 -6.606774
v 11.222418 -40.490471 -6.418960
v 8.741331 -39.873508 -6.808436
v 7.748989 -40.005283 -6.693336
v 4.456888 -38.736012 -5.918494
v 3.434664 -38.669010 -5.331295
v 12.069353 -65.812515 -6.298880
v 11.298249 -66.288048 -6.752039
v 13.340632 -64.817268 -5.130698
v 12.771999 -66.140999 -5.794796
v 14.424960 -67.824615 -4.542391
v 13.552907 -67.387878 -4.829155
v 13.002196 -67.337753 -5.711574
v 13.662459 -66.308617 -4.343458
v 17.710144 -18.268190 -1.303562
v 16.692226 -16.284981 -2.724714
v 15.971096 -18.405689 -4.968235
v 14.868647 -20.400942 -6.822489
v 14.869267 -19.282385 -6.608326
v 17.567596 -20.181992 -2.496763
v 17.312580 -17.023329 4.919033
v 12.481899 -27.372103 -9.820873
v 12.346459 -28.347925 -9.913284
v 11.829268 -26.648867 -10.262837
v 13.171712 -28.882175 -9.387690
v 13.555416 -27.026752 -9.030890
v 15.052680 -27.304907 -7.663236
v 15.721656 -26.948362 -6.888974
v 13.975537 -28.235920 -8.784624
v 10.718792 -25.494507 -10.764015
v 9.688721 -25.704254 -11.258647
v 8.973784 -24.935087 -11.471255
v 9.355135 -23.929703 -11.225815
v 8.524975 -23.168211 -11.283916
v 10.805135 -27.327974 -10.789907
v 8.937698 -21.948137 -10.935151
v 10.012695 -21.540546 -10.422267
v 13.941666 -29.903599 -8.897459
v 14.742837 -29.880140 -8.215476
v 13.267480 -30.952166 -9.313478
v 11.426396 -20.466995 -9.508290
v 11.611390 -19.157883 -9.011960
v 9.592719 -19.988186 -10.107857
v 8.479581 -20.129391 -10.457169
v 7.842818 -19.357435 -10.298023
v 0.736914 -43.734428 -1.101778
v 5.450131 -33.718571 -10.260333
v 16.579149 -54.632027 -1.679702
v 16.660545 -53.702103 -1.565495
v 2.769967 -22.539507 -11.560700
v 19.063751 -26.182178 1.457163
v 18.665634 -25.402014 -0.667623
v 18.846992 -25.102694 0.591749
v 0.935698 -39.373425 -2.587884
v 17.438831 -36.949112 -3.935800
v 16.742830 -36.625481 -4.890401
v 16.148666 -37.411751 -5.286752
v 16.828747 -35.635544 -5.151344
v 17.546940 -34.849529 -4.333165
v 17.345280 -33.757992 -4.871959
v 18.615265 -36.617561 -2.435424
v 16.334475 -27.942944 -6.380781
v 17.254578 -28.366552 -5.211921
v 17.404072 -27.460968 -4.757198
v 16.871183 -29.620296 -5.967138
v 17.853315 -30.503361 -4.505265
v 18.453442 -29.207739 -3.222116
v 18.369728 -30.964876 -3.624673
v 18.685688 -30.459576 -2.855501
v 18.425240 -31.883427 -3.564796
v 18.145571 -32.941620 -3.952335
v 18.985252 -32.206772 -2.369058
v 19.579739 -32.186142 0.565993
v 19.598825 -33.592487 0.790671
v 19.399988 -33.911026 -0.171273
v 18.482100 -34.791813 -3.045592
v 18.661501 -33.786366 -3.008523
v 17.550980 -31.757601 -5.073123
v 15.008368 -31.327835 -7.983648
v 19.701014 -31.406763 2.721924
v 19.437738 -29.459938 0.370823
v 19.375832 -28.805220 3.348784
v 18.892982 -26.868910 4.242187
v 1.139417 -56.308197 0.498724
v 2.312562 -66.285683 -2.091720
v 2.599293 -60.387241 -3.052343
v 3.131284 -60.492378 -3.854776
v 2.057798 -63.964493 -1.974251
v 18.473940 -20.958963 2.650121
v 18.173567 -20.734907 4.174318
v 16.793703 -62.564068 -0.048621
v 16.617308 -60.662151 -0.005671
v 15.881967 -61.647728 -1.970218
v 14.250458 -62.664680 -3.185384
v 4.398409 -19.832567 -10.769839
v 4.562537 -17.961916 -10.065763
v 1.647938 -49.974941 -1.121448
v 6.096369 -45.422295 -5.694247
v 6.266028 -47.243370 -5.680479
v 16.350449 -47.948830 -2.210261
v 16.589350 -48.309265 -1.352906
v 15.404213 -47.476849 -4.074696
v 13.863256 -48.505993 -5.024823
v 14.705644 -49.144947 -4.527981
v 14.585343 -50.538841 -4.646357
v 13.142364 -49.269897 -5.362497
v 14.391253 -63.792778 -3.210531
v 16.331013 -34.147026 -6.128099
v 15.416924 -35.712555 -6.337767
v 14.427201 -37.016178 -6.450111
v 13.692737 -36.528820 -7.028947
v 13.673268 -38.695129 -6.231982
v 18.015303 -27.825342 -3.728098
v 18.321724 -26.802582 -2.737582
v 17.897112 -25.936768 -3.313085
v 17.212088 -41.707817 -2.557433
v 17.900785 -42.225262 -0.853986
v 17.892651 -41.453308 -1.383998
v 16.381880 -47.060455 -2.794778
v 17.783840 -46.147831 0.424587
v 15.719043 -45.628559 -3.692891
v 14.281653 -42.971413 -4.908266
v 18.346537 -41.856243 0.499095
v 17.002293 -46.953644 -0.995486
v 9.564652 -45.988926 -6.196540
v 11.798395 -55.625446 -5.766757
v 12.938301 -56.679832 -4.485317
v 11.496611 -56.745785 -5.551735
v 11.226839 -54.113251 -5.816784
v 18.214277 -44.364456 1.479319
v 18.120605 -42.644482 4.994639
v 18.496979 -42.226177 1.691036
v 13.070310 -55.551270 -5.150626
v 3.917122 -14.037379 -8.470013
v 3.560797 -33.841908 -9.751978
v 6.078677 -31.001354 -11.554399
v 3.002883 -52.709618 -3.150719
v 0.313418 -39.220615 -0.728678
v 1.902589 -58.104382 -1.584685
v 6.514925 -19.656607 -10.635320
v 13.512788 -53.727249 -5.098995
v 15.331071 -52.100231 -3.550455
v 14.908173 -51.529892 -4.125834
v 15.779972 -53.746532 -3.096273
v 15.388908 -50.279156 -3.160950
v 17.346186 -57.070187 3.241003
v 17.366629 -57.330383 2.054547
v 6.031238 -39.503845 -6.297564
v 14.906797 -17.550190 -6.027486
v 14.363255 -16.684057 -6.170697
v 16.799837 -25.349308 -5.170578
v 9.468199 -57.073936 -5.672627
v 11.982582 -15.060357 -7.061166
v 12.315457 -13.747549 -6.081535
v 12.801393 -13.063428 -5.293828
v 12.827302 -15.619853 -6.838428
v 13.584574 -16.957371 -6.968366
v 13.350958 -17.827898 -7.479381
v 13.882989 -18.488066 -7.244012
v 13.230630 -19.633015 -8.144101
v 2.832555 -70.444145 -2.062433
v 5.614921 -24.620758 -11.982840
v 17.490866 -39.907169 -2.866296
v 19.577696 -35.386189 1.399374
v 8.732016 -17.072964 -9.220868
v 7.948098 -15.762335 -8.764019
v 7.673612 -14.133962 -8.088906
v 7.059783 -13.080190 -7.759890
v 11.943228 -16.919668 -7.977890
v 11.100164 -16.107079 -7.992743
v 5.515125 -12.686477 -7.805249
v 5.246334 -15.668514 -9.031172
v 9.655576 -38.764526 -7.012666
v 4.355486 -22.072775 -11.469275
v 4.347029 -67.288017 -4.841568
v 14.971362 -67.506927 -3.682524
v 14.015387 -54.967102 -4.743785
v 15.124191 -56.210857 -3.768574
v 2.808326 -23.770233 -11.812624
v 16.937054 -52.006397 -1.110462
v 14.092469 -15.627075 -5.837858
v 14.449403 -33.109032 -8.069541
v 7.441259 -36.429409 -8.050953
v 13.219911 -68.842804 -5.892788
v 13.636708 -11.866173 -3.594961
v 12.508580 -12.065136 -4.900650
v 16.365450 -21.129238 -5.074728
v 8.092055 -35.072227 -9.334496
v 0.247581 -37.255779 -0.224406
v 14.215671 -69.107368 -5.329596
v 5.792646 -29.728392 -11.840266
v 12.298968 -30.483402 -9.917192
v 8.673238 -32.470341 -10.771010
v 8.544790 -33.852219 -10.172606
v 13.011181 -32.071922 -9.335759
v 5.038056 -69.409187 -5.114535
v 8.835868 -14.613614 -8.034019
v 5.541777 -60.456444 -6.209301
v 12.683794 -36.186245 -7.607567
v 2.051100 -49.471737 -2.828029
v 1.928337 -43.046425 -3.280813
v 3.092828 -41.669975 -4.474161
v 13.238079 -63.265541 -4.424895
v 11.590459 -64.403458 -6.322170
v 5.985595 -52.906231 -5.869348
v 4.128662 -68.914398 -4.093091
v 16.691832 -57.053474 -0.571653
v 9.048301 -43.157230 -6.157968
v 11.225700 -44.929070 -5.924474
v 10.154328 -44.793953 -5.966614
v 12.737044 -47.362934 -5.103326
v 12.225721 -45.340706 -5.594200
v 18.411367 -25.347006 -1.714236
v 18.586233 -24.293633 -0.042798
v 17.432974 -25.903301 -4.231699
v 17.959173 -43.560650 4.885540
v 5.089705 -25.456446 -12.065604
vt 0.000000 0.000000
vt 1.254401 0.000000
vt 2.508803 0.000000
vt 3.763205 0.000000
vt 5.017606 0.000000
vt 6.272007 0.000000
vt 7.526409 0.000000
vt 8.780810 0.000000
vt 10.035212 0.000000
vt 11.289614 0.000000
vt 12.544015 0.000000
vt 13.798416 0.000000
vt 15.052818 0.000000
vt 16.307219 0.000000
vt 17.561621 0.000000
vt 18.816023 0.000000
vt 20.070423 0.000000
vt 21.324825 0.000000
vt 21.197178 1.223853
vt 21.071945 2.447954
vt 20.949255 3.672313
vt 20.829248 4.896938
vt 20.712078 6.121839
vt 20.597918 7.347022
vt 20.486948 8.572499
vt 20.379379 9.798279
vt 20.275442 11.024372
vt 20.175390 12.250790
vt 20.079515 13.477538
vt 19.988142 14.704632
vt 19.901642 15.932078
vt 19.820438 17.159885
vt 19.745018 18.388062
vt 19.675951 19.616613
vt 19.613903 20.845539
vt 19.559664 22.074835
vt 19.514183 23.304483
vt 19.478621 24.534456
vt 19.454405 25.764706
vt 19.443350 26.995123
vt 19.447794 28.225605
vt 19.470858 29.455875
vt 19.516840 30.685482
vt 19.591967 31.913643
vt 19.705801 33.138786
vt 19.874393 34.357521
vt 20.128357 35.561085
vt 20.539486 36.718842
vt 21.324825 37.638512
vt 20.156267 38.028412
vt 19.032339 38.532555
vt 17.967722 39.152107
vt 16.976118 39.882832
vt 16.068201 40.715298
vt 15.250196 41.636349
vt 14.523613 42.631203
vt 13.886000 43.685390
vt 13.332207 44.786003
vt 12.855635 45.922253
vt 12.449194 47.085484
vt 12.105925 48.268936
vt 11.819332 49.467403
vt 11.583541 50.676914
vt 11.393329 51.894444
vt 11.244097 53.117687
vt 11.131820 54.344879
vt 11.052979 55.574684
vt 11.004495 56.806061
vt 10.983675 58.038223
vt 10.988152 59.270557
vt 11.015839 60.502594
vt 11.064897 61.733963
vt 11.133690 62.964394
vt 11.220766 64.193665
vt 11.324825 65.421616
vt 10.074825 65.421616
vt 8.824825 65.421616
vt 7.574825 65.421616
vt 6.324825 65.421616
vt 5.074825 65.421616
vt 3.824825 65.421616
vt 2.574825 65.421616
vt 1.324825 65.421616
vt 0.074825 65.421616
vt -1.175175 65.421616
vt -2.425175 65.421616
vt -3.675175 65.421616
vt -4.369137 64.386078
vt -4.854239 63.235355
vt -5.205225 62.036240
vt -5.465055 60.813896
vt -5.659013 59.579292
vt -5.802978 58.337822
vt -5.907541 57.092388
vt -5.980122 55.844669
vt -6.026129 54.595680
vt -6.049635 53.346058
vt -6.053793 52.096218
vt -6.041096 50.846436
vt -6.013551 49.596889
vt -5.972806 48.347702
vt -5.920229 47.098957
vt -5.856971 45.850704
vt -5.784010 44.602985
vt -5.702186 43.355812
vt -5.612224 42.109200
vt -5.514760 40.863148
vt -5.410350 39.617664
vt -5.299485 38.372734
vt -5.182603 37.128357
vt -5.060095 35.884518
vt -4.932310 34.641212
vt -4.799564 33.398426
vt -4.662145 32.156147
vt -4.520310 30.914366
vt -4.374298 29.673069
vt -4.224323 28.432243
vt -4.070586 27.191877
vt -3.913270 25.951963
vt -3.752541 24.712484
vt -3.588556 23.473433
vt -3.421460 22.234797
vt -3.251387 20.996565
vt -3.078461 19.758730
vt -2.902799 18.521280
vt -2.724510 17.284204
vt -2.543695 16.047497
vt -2.360451 14.811148
vt -2.174866 13.575146
vt -1.987025 12.339486
vt -1.797006 11.104158
vt -1.604887 9.869157
vt -1.410735 8.634472
vt -1.214620 7.400097
vt -1.016603 6.166027
vt -0.816746 4.932254
vt -0.615104 3.698770
vt -0.411732 2.465570
vt -0.206681 1.232649
vt 8.027386 23.176521
vt 6.177708 35.199421
vt 6.899208 8.121668
vt 2.733562 50.414783
vt 11.804048 16.013111
vt 2.303041 42.101482
vt 0.530627 59.239429
vt 14.425617 6.239442
vt 13.623149 34.601254
vt 2.328616 22.393785
vt 13.779293 22.476706
vt 9.244168 40.157906
vt 0.576710 35.835640
vt 4.203800 13.912704
vt 6.665945 46.049515
vt 5.289350 55.964397
vt 13.834822 28.946178
vt 1.960447 28.569105
vt -0.992056 53.875950
vt -1.272717 47.920113
vt 15.248571 12.482862
vt 5.699825 60.704750
vt 2.761921 8.664651
vt 4.390405 4.424104
vt 9.408011 4.424104
vt 7.156683 50.608936
vt 15.678425 17.521938
vt -1.654897 41.791897
vt 1.178198 18.478054
vt -0.632102 31.987463
vt 16.934420 3.592577
vt 16.891014 8.874547
vt 12.802999 38.639175
vt 9.718694 43.938473
vt -0.320179 25.787735
vt 16.874275 36.048695
vt -1.821042 61.696602
vt -2.442568 57.428585
vt 1.949825 62.199219
vt 13.171216 3.214292
vt 16.059599 25.082523
vt -1.948804 38.059780
vt 1.338948 12.218809
vt 16.158056 31.507313
vt 8.193364 62.511650
vt 16.603624 21.328564
vt 8.001663 57.371582
vt -3.001211 51.502277
vt -2.893407 45.398006
vt 8.220513 53.459789
vt 9.029861 48.166851
vt -0.537734 22.000086
vt 11.752490 41.675037
vt 1.814193 5.991511
vt 6.899208 2.878934
vt 17.186560 15.123970
vt 0.252773 15.830219
vt 17.667803 11.428931
vt -2.169070 34.307880
vt -1.605208 29.378283
vt 18.078367 6.494340
vt 16.857906 27.619711
vt 4.449825 62.938961
vt -3.536456 55.129314
vt 8.491250 59.943001
vt -3.559903 49.051659
vt 1.889426 3.478433
vt 10.662413 2.345428
vt 0.668762 9.594075
vt 17.514942 18.878908
vt 15.056560 38.700626
vt -3.300543 59.841312
vt 4.390405 2.167593
vt 9.365335 50.953991
vt -3.365549 40.416199
vt -3.558721 42.883942
vt -0.852303 19.443550
vt 17.715918 34.035084
vt 18.957291 2.854376
vt 10.719246 45.828407
vt -0.550175 63.394749
vt -2.660350 31.755798
vt 15.680018 1.960536
vt -2.073509 26.815325
vt -1.753348 24.346693
vt 17.617893 23.865154
vt 17.603769 30.141361
vt -3.303992 36.685432
vt 18.697344 36.721127
vt -0.289551 13.229638
vt 18.715113 9.034621
vt -3.000107 63.131329
vt 9.321215 56.123142
vt -4.349232 52.715473
vt 12.079007 43.465801
vt 13.495390 41.117496
vt -4.205728 57.576614
vt 9.515912 63.696709
vt -4.232454 46.558762
vt 1.881602 1.682680
vt 6.949825 63.768044
vt 8.153609 1.644429
vt 18.272392 16.440912
vt 18.446442 13.972884
vt 0.457778 7.035525
vt -1.071222 16.894354
vt 1.949825 63.871029
vt 13.171216 1.545954
vt 19.261845 5.365061
vt 17.923252 26.366205
vt 9.541821 61.177979
vt 9.484681 58.659843
vt 10.557464 48.532150
vt 0.721788 4.550540
vt 16.603279 38.338711
vt 18.188822 1.461725
vt 18.158525 21.397169
vt 9.767674 53.601341
vt -4.580229 50.253559
vt -0.351311 10.696610
vt 18.289955 32.652481
vt 18.680729 35.237972
vt -2.005558 21.798477
vt -4.015698 61.144596
vt 5.644807 1.356021
vt 19.832325 1.702677
vt -4.034850 39.112755
vt -4.243233 41.589443
vt -4.422156 44.066063
vt -1.800175 64.119095
vt 7.361872 55.373768
vt 5.701580 53.479347
vt 2.386072 54.206070
vt 14.687434 40.312778
vt 0.498187 45.000366
vt -3.589092 34.156204
vt -3.023695 29.206835
vt 18.194342 28.864454
vt 13.113431 42.498192
vt 11.927220 44.864784
vt -2.576440 25.495155
vt 5.658245 19.288702
vt 19.020121 11.539253
vt -1.053894 14.375393
vt 17.896854 37.805855
vt 19.352859 7.852043
vt 3.136004 1.192013
vt 11.153307 47.351112
vt 15.484936 37.045326
vt 4.449825 64.258957
vt -4.859027 53.948692
vt -4.774257 47.772686
vt 8.199825 64.240486
vt 9.408011 1.181045
vt 9.230525 2.630134
vt 18.627205 17.703016
vt 17.164379 17.433331
vt 18.790937 15.237034
vt -0.164370 8.199726
vt 1.327903 8.248857
vt 18.320171 25.127018
vt 9.853669 59.912384
vt 9.953927 62.413216
vt 9.841729 57.402672
vt 10.558696 49.849388
vt 10.180834 52.367249
vt 1.454824 14.222705
vt 2.748800 16.443489
vt -4.791156 56.401474
vt -4.590188 58.826263
vt -1.667083 18.067987
vt -0.214787 18.067251
vt 0.699825 64.268440
vt 14.425617 1.154664
vt 11.916814 1.154664
vt 19.759708 4.173937
vt 18.271307 4.251427
vt 16.940174 5.266676
vt 15.173267 4.435690
vt 16.235609 7.061347
vt 14.372772 8.759747
vt 11.157104 7.431614
vt 11.389412 11.426097
vt 9.951808 54.886658
vt 18.422167 31.368820
vt 15.269498 35.278286
vt 15.138256 33.257191
vt 12.425243 31.724916
vt 8.844502 28.161613
vt 9.866511 34.478165
vt -3.381605 47.666386
vt -1.387609 36.151085
vt 16.767284 13.400044
vt 14.906285 14.765606
vt 12.949145 13.305108
vt 10.408745 13.826990
vt 8.248012 16.744429
vt 7.935740 11.416141
vt 10.744147 19.870623
vt 0.600497 3.265871
vt 0.197711 5.729659
vt 16.934420 1.134544
vt 18.417873 22.648270
vt 18.527386 20.174652
vt 17.972414 7.870842
vt 2.954155 2.575900
vt -4.932154 51.482658
vt -0.795023 11.890561
vt -2.070422 20.530550
vt -2.409911 23.001846
vt 6.899208 1.113159
vt 18.346720 27.614334
vt 3.272141 63.598961
vt 5.618423 63.598961
vt 6.475724 62.174824
vt -3.451797 56.467628
vt -1.747324 55.687973
vt 0.546547 55.580666
vt 2.840312 56.732101
vt -0.527887 57.184200
vt -4.146715 37.853333
vt -4.726046 45.290844
vt -3.643587 32.897560
vt -3.908297 35.374680
vt -3.060913 27.946732
vt -3.360127 30.421600
vt 19.052595 12.780160
vt 19.253399 10.320280
vt -1.375101 15.588944
vt 19.584005 6.634635
vt -3.520309 53.780121
vt 10.662413 1.088365
vt 7.396060 31.636925
vt 3.451077 32.277348
vt -2.348434 54.468838
vt -2.221439 52.911400
vt -0.154878 50.847507
vt -0.757244 52.310925
vt 1.372969 52.332073
vt -0.308599 27.817104
vt 15.786180 23.126499
vt 15.707158 29.582045
vt 14.252134 30.938248
vt 16.810940 32.848881
vt -3.316092 58.534279
vt -1.443833 59.165615
vt 13.868120 36.345795
vt 11.704843 35.760098
vt 9.273815 37.287186
vt 6.076126 38.689674
vt 6.291976 42.375931
vt 3.292755 62.255028
vt 2.713306 60.012993
vt 4.514701 61.508476
vt 4.306771 59.926258
vt 6.032793 58.473301
vt 3.424471 58.397617
vt 3.494344 52.396084
vt 4.936620 50.705563
vt 4.201594 47.783390
vt 3.894022 44.728020
vt 12.701004 25.720936
vt 0.178041 23.859045
vt 2.790682 25.562639
vt 5.374577 27.894049
vt -3.050175 64.361206
vt 17.283730 2.363560
vt 16.263208 34.205070
vt 1.161255 39.045326
vt 0.716347 2.019673
vt 0.822608 17.116697
vt 0.995891 63.035122
vt 0.233024 61.202271
vt 0.335970 29.671467
vt 2.176696 30.635899
vt 4.519432 30.132479
vt 1.378339 32.571148
vt 2.727816 34.633194
vt 2.699117 37.107182
vt 3.660801 39.449444
vt 14.286832 24.333204
vt 14.535289 26.217096
vt 12.452546 23.837046
vt 9.999330 25.118917
vt 11.724275 21.799595
vt 13.572615 19.646946
vt 7.337447 25.849125
vt 5.179942 23.866804
vt 9.574312 21.678518
vt 8.208875 19.512552
vt 1.753542 58.048473
vt 18.698647 18.945454
vt 8.679476 45.698463
vt 7.367308 44.122292
vt 8.406043 42.278431
vt 16.349436 16.270718
vt 14.844562 16.269213
vt 13.861586 17.827410
vt 13.382007 15.456104
vt 12.056739 18.473486
vt 10.028085 17.882742
vt 14.119649 2.380123
vt 12.222782 2.380123
vt 11.425734 4.242610
vt 8.630850 54.992023
vt 3.160029 3.898075
vt 3.234683 5.425395
vt 5.226460 6.556735
vt 3.060741 7.054136
vt 4.451286 8.145121
vt 4.414720 11.032653
vt 7.484898 5.819164
vt 17.931684 10.118147
vt 16.256393 10.462838
vt -0.108098 33.936810
vt 7.269506 40.603329
vt 5.264621 40.653542
vt 4.286081 42.404800
vt 14.326706 3.571801
vt 13.268259 4.946701
vt 15.546969 3.222748
vt 12.709581 6.611318
vt 12.649113 8.376117
vt 13.113623 10.353099
vt 10.924902 9.449115
vt 9.099508 8.216910
vt -0.507073 9.409178
vt 15.848465 39.564308
vt 10.514162 51.133472
vt 5.511846 16.348372
vt 7.229581 14.130820
vt 2.186904 4.711125
vt 4.390405 0.993055
vt -2.010981 19.279072
vt -2.665330 39.233086
vt -0.728928 39.610188
vt -1.976041 40.439804
vt 0.703282 40.957790
vt 0.471617 42.972527
vt -1.336997 44.010319
vt -0.155439 37.550217
vt 1.289855 26.793264
vt 17.053991 22.623049
vt 5.969828 48.892147
vt 18.842520 33.879238
vt 13.466638 39.789650
vt 11.791977 39.989014
vt 10.916995 38.280113
vt -4.940286 55.178272
vt 7.234845 60.834366
vt 7.153865 59.389069
vt -1.592656 51.111374
vt -1.136953 49.545391
vt 1.122142 48.538372
vt -2.624262 50.127346
vt 16.897835 29.039841
vt 2.066841 43.965721
vt 2.287769 46.007137
vt -4.506519 40.320553
vt -4.700532 42.801540
vt 0.906598 20.524748
vt 3.253304 19.794792
vt 4.872204 21.520617
vt 20.075203 2.966400
vt 9.770121 46.922184
vt 0.205877 14.387969
vt -2.411633 48.495342
vt -2.595355 35.564045
vt 11.772199 33.704426
vt 9.976110 32.014416
vt 10.937070 29.639589
vt 1.525597 16.035873
vt 2.520624 15.089069
vt 4.076797 15.523334
vt 2.785031 13.675040
vt 3.722926 12.429738
vt 5.784431 12.580712
vt 2.645758 11.026537
vt 5.435750 14.820168
vt 6.734630 15.521489
vt 8.197714 15.258801
vt 9.936534 15.943596
vt 8.798588 13.763618
vt 9.669435 12.124284
vt 6.819418 16.964434
vt 7.728835 18.121428
vt 5.618887 17.816853
vt 4.157494 17.185236
vt 2.780635 18.091566
vt 4.419543 18.585373
vt 9.380106 10.356318
vt 7.759183 9.661393
vt 5.832850 9.727277
vt 7.916323 38.871033
vt 7.174145 36.975029
vt 5.196469 36.917469
vt 8.108969 35.283028
vt 7.215909 33.564896
vt 5.166292 33.410023
vt 11.773323 46.196709
vt 17.183168 25.445992
vt 16.248379 26.417311
vt 15.231571 27.688450
vt 17.418835 20.507082
vt 15.670098 19.586933
vt 0.337005 11.631836
vt 1.397343 10.970502
vt 2.074689 9.814651
vt 3.497605 9.884633
vt 11.308307 5.838535
vt 9.615877 6.481619
vt -0.788998 40.872047
vt -0.425041 42.082138
vt 11.009945 27.316059
vt 4.387160 35.316010
vt -1.259494 42.867226
vt -2.405559 43.363693
vt -0.429087 43.497700
vt -0.438669 44.541050
vt -0.704299 46.267948
vt -1.472827 45.265858
vt -2.072459 46.521473
vt 0.298452 53.269447
vt 2.663067 61.221874
vt 1.453256 60.566113
vt 13.247066 27.340885
vt 12.226112 28.624941
vt 12.758581 30.147120
vt 8.464367 46.988060
vt 7.424570 48.211914
vt 8.264546 49.519268
vt 6.175305 47.435917
vt 4.943812 46.220081
vt 5.653411 44.605480
vt -0.550175 64.504547
vt -2.945519 41.645332
vt 10.969135 44.053108
vt 10.474436 42.572094
vt 10.390891 41.094101
vt 9.592273 49.191673
vt 9.071717 52.682137
vt 7.696420 52.031445
vt 6.097454 51.824486
vt 17.865810 12.927414
vt 6.605188 29.646738
vt 8.485840 30.051626
vt 12.184749 14.577986
vt 4.520609 19.849840
vt 5.551152 20.505358
vt 6.646985 21.972839
vt 6.880141 20.009296
vt 8.053940 21.123598
vt 3.841661 20.865099
vt 2.406116 20.957365
vt 3.695165 22.233227
vt 3.196567 23.885340
vt 1.682648 24.406750
vt 1.947194 19.732973
vt 16.403561 20.314795
vt 14.882114 21.141672
vt 0.824562 46.514137
vt 1.945197 47.383385
vt 2.713655 48.801750
vt 3.183744 46.960922
vt 3.962750 49.592972
vt 3.447519 45.815407
vt 2.705302 44.929287
vt 1.606857 45.123573
vt 5.603807 2.667864
vt 6.011436 4.246794
vt 7.555201 4.276711
vt -1.101937 23.195978
vt 10.561215 23.303051
vt 10.499340 39.790871
vt 9.506441 38.725101
vt 10.951521 15.018901
vt 11.641973 13.386075
vt 12.231651 12.313828
vt 13.764699 11.959502
vt 14.917500 11.056265
vt 10.697573 12.689725
vt 12.471413 11.242949
vt 11.911447 10.162150
vt 4.635067 3.295848
vt 15.155833 9.786869
vt 15.641588 8.604480
vt 14.863666 7.509333
vt 13.688625 7.769595
vt -1.763028 28.082857
vt 4.316064 57.149700
vt 3.897209 55.813522
vt 4.733463 54.595467
vt 6.101183 54.803890
vt 6.963776 53.821102
vt 2.662512 55.460217
vt 1.646098 56.250675
vt 3.524620 54.612652
vt 4.113292 53.496120
vt 4.850154 52.357368
vt 0.579223 56.764286
vt 0.414386 57.999100
vt -0.682459 58.315159
vt 1.577288 55.041885
vt 0.589318 54.407150
vt -0.474918 54.955898
vt 1.407709 53.591888
vt 2.457703 53.005634
vt -0.455247 56.071148
vt -1.708825 58.162342
vt 0.818297 0.965326
vt 8.219878 58.706764
vt 7.749548 12.816893
vt -2.336558 44.455894
vt -3.324980 43.970058
vt 3.547244 60.653133
vt 4.796427 22.723831
vt 5.972039 22.965193
vt 6.686872 24.391947
vt 5.325598 25.873522
vt 8.120200 24.625837
vt 8.786394 25.914196
vt 9.265082 23.824888
vt 8.009057 27.058756
vt 7.388361 28.396814
vt 6.563069 27.070335
vt 10.003556 26.447969
vt 11.270062 25.779409
vt 11.139996 24.477009
vt 9.877504 27.611507
vt 9.896617 28.892347
vt 9.766286 30.171799
vt 10.841233 30.982647
vt 9.024913 31.189478
vt 8.560180 32.686199
vt 11.239115 32.194843
vt 10.441216 33.269417
vt 10.982673 28.478111
vt 3.910900 26.918671
vt 3.850950 28.594538
vt 15.680018 0.879943
vt -2.348024 33.019001
vt -1.246508 33.522923
vt -2.069329 30.595200
vt -0.766080 30.395283
vt 0.480324 31.092127
vt 7.168702 58.193138
vt 6.590548 56.773918
vt 6.852786 11.984941
vt 5.738055 11.241760
vt 6.884434 10.729863
vt 4.185345 23.564705
vt 4.101860 24.992168
vt 7.012436 22.947107
vt 7.703063 22.132378
vt 8.753438 22.378559
vt 9.732019 22.694748
vt 10.632648 22.034630
vt 10.412427 20.938406
vt 9.194939 20.404305
vt 11.511240 20.694347
vt 12.957597 20.988720
vt 11.858249 19.602158
vt 9.478588 19.099604
vt 8.888700 18.100731
vt -3.725616 31.634127
vt -3.132892 26.680912
vt -2.812045 24.206579
vt 2.294088 40.423313
vt 3.721408 40.980446
vt 1.697966 59.411774
vt 11.914981 9.118258
vt 11.142012 8.451990
vt 10.073897 8.741622
vt 10.049964 7.618992
vt 9.145265 9.299014
vt 2.622312 59.008701
vt 18.657816 23.895224
vt 18.648800 30.102282
vt 13.927399 38.757221
vt 13.484519 37.561665
vt 12.059009 37.414318
vt 10.721160 36.835724
vt 9.633998 35.896145
vt 10.264759 44.859200
vt 9.702509 45.714016
vt 14.062242 9.808548
vt 13.141681 9.303445
vt 4.730011 58.387917
vt 5.319346 59.377453
vt 12.727224 19.173187
vt -1.667906 62.906620
vt -0.679370 62.166817
vt 17.942770 3.215020
vt 12.129786 3.442117
vt 11.119705 3.263589
vt 10.389512 4.029179
vt 10.296246 5.214500
vt 12.418966 4.406319
vt 12.329849 5.483968
vt 16.865854 24.508539
vt 6.758211 18.819782
vt 1.401774 21.623478
vt 1.110464 22.916733
vt 0.358420 21.432749
vt -0.717562 20.724592
vt 16.895813 37.212284
vt 17.700798 36.615391
vt 15.940875 28.516825
vt 14.911864 28.849302
vt 14.661587 29.918909
vt 15.474795 30.651899
vt 16.520639 30.318888
vt 15.069777 31.675993
vt 13.758732 32.307053
vt 17.218086 31.181198
vt 12.700332 32.913143
vt 13.713648 33.455494
vt 12.791237 33.959736
vt 12.597683 35.070904
vt 12.749306 36.190254
vt 0.445089 12.595968
vt 1.239066 13.229883
vt 2.195911 12.813936
vt 6.560191 52.809963
vt 9.342504 33.488026
vt 8.777228 34.420914
vt 7.799213 34.352867
vt -0.401226 32.970501
vt 0.376015 32.269329
vt 13.423100 35.518814
vt 14.324974 35.234856
vt 14.621609 34.200783
vt -2.803060 60.962154
vt -1.639455 60.430065
vt -0.484970 59.961315
vt -3.264891 62.013741
vt -3.950568 62.766354
vt 0.923387 61.990116
vt 16.014587 15.147355
vt 15.785457 14.012875
vt 14.633953 13.557737
vt 13.812021 14.377688
vt 12.960457 16.775509
vt 11.814697 17.255180
vt 10.845572 16.642410
vt 11.084541 18.033438
vt 11.121436 18.990400
vt 0.217108 49.545544
vt 1.277583 50.552654
vt -0.105326 48.345596
vt -0.385956 47.301334
vt 12.024240 26.697414
vt 11.928797 27.681744
vt -1.465067 32.544811
vt -1.557802 31.505106
vt 19.267691 37.552338
vt -4.526243 60.040764
vt -3.962647 51.095322
vt 14.184899 4.557498
vt -3.068861 38.181213
vt 5.042967 31.731756
vt 6.251845 32.486588
vt 6.200910 31.222723
vt 7.082911 30.609131
vt 7.730043 46.202835
vt 7.331376 45.200447
vt 8.285041 44.692554
vt 8.397429 43.488094
vt 7.344745 42.931934
vt 7.286087 41.768311
vt 6.269329 41.221851
vt 5.280798 41.818512
vt 5.297572 42.983952
vt 6.330655 43.556366
vt 4.274684 43.597569
vt 3.181750 42.990685
vt 3.161660 44.013596
vt 3.339937 41.955597
vt 9.209911 41.370262
vt 8.166042 41.173176
vt 9.445444 42.388599
vt 4.146998 51.492393
vt 3.088275 51.415295
vt -4.319084 36.585453
vt -1.291789 13.077281
vt -1.423755 25.452093
vt -0.656695 24.621544
vt 3.199825 64.616013
vt 5.699825 64.615631
vt 14.458113 37.200382
vt 8.561509 36.360596
vt 16.669758 14.336713
vt 8.071364 2.815419
vt 8.787917 3.579688
vt 5.452168 62.528770
vt 5.683962 22.043550
vt 19.443224 0.780280
vt -4.886511 49.029491
vt -2.490606 59.178066
vt 1.510384 2.582191
vt 4.670742 9.887790
vt 5.132589 8.944476
vt 5.672002 7.794705
vt 6.589604 6.817171
vt 7.990824 7.173600
vt 6.188867 5.557097
vt 6.123027 8.763084
vt 4.086353 9.076230
vt 5.029311 5.403829
vt 4.140823 6.149070
vt 4.390959 7.132335
vt 0.582138 41.964550
vt 1.400314 42.564308
vt 3.167157 53.650326
vt 3.218981 29.783482
vt 3.587713 31.006897
vt 10.636862 35.332535
vt 10.909176 34.312519
vt 2.044760 23.412823
vt 0.017613 19.999659
vt 0.920997 19.485291
vt -0.826122 61.114197
vt 19.618011 36.394188
vt 19.683458 9.119598
vt 10.285976 56.161129
vt -5.315166 52.718689
vt 12.943015 43.900543
vt 14.280056 41.690571
vt -5.148035 57.655727
vt 10.460268 63.629814
vt 9.449825 64.671127
vt -5.178130 46.510838
vt 1.881602 0.724449
vt 6.949825 64.712944
vt 8.153609 0.702604
vt 19.185331 16.501293
vt 19.358707 14.040813
vt -0.449908 6.889880
vt -1.974988 16.762218
vt 1.949825 64.772285
vt 13.171216 0.645748
vt 17.556641 35.151207
vt 18.957228 1.946064
vt 8.161571 56.219021
vt 12.168175 42.524395
vt 12.702317 41.641277
vt 12.598391 40.621624
vt 15.704888 37.985329
vt 7.811709 63.377506
vt 9.843476 1.969795
vt 17.808353 18.042458
vt 16.474373 18.365959
vt 16.637197 19.347580
vt 17.959705 15.592614
vt 17.314781 16.312113
vt 1.609265 7.128417
vt 0.565791 8.709526
vt 9.094556 62.836426
vt 8.914406 57.818592
vt 8.801237 56.894909
vt -0.940681 18.566811
vt 18.135565 5.369505
vt 18.990782 3.737764
vt 17.353397 4.428196
vt 16.303421 4.431805
vt 15.742079 5.520200
vt 17.020357 6.333791
vt 17.183126 7.296351
vt 15.860974 36.102825
vt 16.321316 35.208893
vt -4.034659 48.286442
vt -2.197595 36.949780
vt -1.159582 37.192402
vt -0.334988 36.466206
vt -0.531649 35.207500
vt -1.558318 35.136200
vt 16.518927 12.095319
vt 1.078140 5.414952
vt 18.654051 7.230981
vt 17.817638 8.788492
vt 3.552566 1.950643
vt 7.264987 1.996047
vt 2.466984 63.035122
vt 6.361272 63.076031
vt -2.443456 56.419075
vt -1.437184 56.680244
vt -3.828859 45.671608
vt -3.152899 46.514507
vt -0.482084 15.176027
vt -0.619186 16.101053
vt -0.113628 16.914568
vt -1.866125 53.724270
vt -1.327866 53.004902
vt -1.687728 52.127419
vt -3.278265 52.736649
vt 0.312093 51.895397
vt -0.901320 26.805769
vt 0.194020 26.756151
vt 17.607399 33.179562
vt 15.837842 32.492798
vt 4.807889 60.665173
vt -0.546112 28.938869
vt 0.725222 28.496958
vt 1.514759 29.660446
vt 2.330723 31.831739
vt 2.501189 33.034363
vt 1.446110 33.999393
vt 3.772684 33.655350
vt 1.642016 35.216087
vt 2.692383 35.869942
vt 3.830474 36.482388
vt 3.916966 37.975712
vt 1.624144 36.494392
vt 1.588915 37.805466
vt 2.482186 38.807262
vt 4.812119 38.890438
vt 0.650329 36.880684
vt 1.362997 31.568329
vt 5.578082 39.633472
vt 6.706380 39.625568
vt 5.312932 37.964077
vt 6.338938 37.649078
vt 7.320594 38.010963
vt 8.392091 37.905140
vt 4.585242 39.888287
vt 14.641213 23.238697
vt 15.120487 22.231405
vt 16.111378 22.189556
vt 15.397182 24.177996
vt 13.783442 25.357924
vt 13.516788 26.349819
vt 12.969814 24.727154
vt 14.964272 25.202190
vt 13.515388 23.546480
vt 12.586314 22.640348
vt 11.628550 23.139112
vt 2.694440 57.718464
vt 14.701667 17.268219
vt 14.906517 18.486595
vt 14.317948 15.494525
vt 13.861815 16.370926
vt 11.452408 1.921541
vt 8.943155 54.087326
vt 2.717891 6.193862
vt 3.470770 7.963193
vt 17.001253 9.839525
vt 16.087362 9.504135
vt 14.995612 2.526511
vt 16.354290 2.669729
vt 13.461929 5.937760
vt 12.173717 7.476392
vt -1.627038 39.061718
vt -0.676599 38.514938
vt 0.340173 38.441086
vt 0.377847 39.868793
vt 1.370034 40.028332
vt 17.362219 21.790228
vt 6.023431 50.123737
vt 5.072991 49.548141
vt 4.988912 48.492146
vt 12.586606 39.530643
vt 11.720510 38.947155
vt 6.425807 61.261375
vt 5.576857 61.616879
vt 8.373202 61.107761
vt 7.434659 61.832703
vt 6.519691 60.149521
vt -0.788831 51.442242
vt -0.972290 50.442608
vt -3.611851 50.041603
vt 0.950944 43.980339
vt 10.601731 46.685123
vt 10.299114 47.660988
vt -1.561936 48.762581
vt 1.016060 15.147797
vt 3.196744 15.671595
vt 3.476052 14.663772
vt 3.767134 16.371281
vt 3.577773 13.296254
vt 4.483498 13.002560
vt 5.277756 13.744694
vt 4.634183 12.011145
vt 6.210288 14.157042
vt 6.695147 13.180365
vt 3.528738 11.463762
vt 4.982385 15.608740
vt 4.537713 14.749356
vt 5.872679 15.564409
vt 7.579866 16.023384
vt 7.391042 14.971699
vt 8.045339 14.410124
vt 8.937821 14.687901
vt 8.918707 15.978056
vt 9.329486 17.014219
vt 9.628917 13.153732
vt 8.757590 12.603917
vt 5.052892 17.119968
vt 1.810799 17.585699
vt 3.219155 17.258749
vt 3.454470 18.821768
vt 10.550354 10.580180
vt 10.432426 11.536239
vt 8.982807 11.328994
vt 8.364776 10.486716
vt 7.983924 8.525848
vt 8.159410 39.948704
vt 6.202577 36.352859
vt 7.121050 35.756069
vt 5.272322 35.873909
vt 6.149750 34.034683
vt 5.153313 34.516956
vt 6.896223 34.599472
vt 17.096533 26.743052
vt 15.342968 26.735308
vt 0.571058 10.526835
vt 1.459130 9.147252
vt 10.620502 6.576969
vt 8.743081 5.530538
vt -1.277197 46.994709
vt -2.093329 47.461372
vt 0.507224 60.239864
vt 14.288413 27.234350
vt 13.128518 28.294537
vt 12.941968 29.228750
vt 13.226046 31.069990
vt 11.934844 29.581049
vt 11.825214 30.622957
vt 8.217175 47.831680
vt 7.418597 47.183243
vt 7.062639 49.405308
vt 8.282280 50.645313
vt 6.547079 48.230988
vt 5.844909 46.538971
vt 5.135619 47.309570
vt 5.677550 45.579319
vt 4.741044 45.247406
vt -2.378871 42.411289
vt 11.202621 43.151989
vt 10.891386 41.807167
vt 11.312037 40.821251
vt 9.093155 50.023170
vt 8.682077 51.726917
vt 6.952313 51.500130
vt 18.293011 12.108641
vt 5.398381 29.185701
vt 5.683226 30.250078
vt 6.287135 28.523277
vt 12.483877 15.425394
vt 6.476814 20.957018
vt 7.738677 20.280306
vt 2.940573 21.706501
vt 3.086780 22.950912
vt 2.606384 24.630281
vt 1.578874 25.615252
vt 0.646919 25.894957
vt 0.257837 24.989294
vt 2.098212 18.777357
vt 14.633420 20.038572
vt 13.943014 20.773809
vt 0.144235 45.868748
vt 0.932244 47.532299
vt 1.982347 48.280613
vt 1.815585 49.288315
vt 2.838303 47.853142
vt 4.153001 46.802471
vt 3.080711 49.603859
vt 3.693252 48.636848
vt 6.154668 3.367733
vt -0.145304 22.916265
vt 10.022808 37.903790
vt 10.348456 38.936050
vt 14.628736 11.874993
vt 14.274984 12.717470
vt 13.914638 10.963590
vt 3.709127 3.135460
vt 16.422041 8.019011
vt 15.337416 6.635416
vt 7.808022 54.391319
vt 5.242596 51.549744
vt 1.429551 57.165726
vt -1.427286 54.772415
vt 5.686218 24.838701
vt 6.328874 25.642902
vt 7.326639 24.980133
vt 7.496672 23.938139
vt 9.034250 24.969614
vt 10.158470 24.173294
vt 8.236952 29.025358
vt 7.289856 27.538126
vt 5.550712 26.878922
vt 9.061066 26.936989
vt 8.080567 30.940252
vt 7.560665 32.624706
vt 2.578112 27.321327
vt 2.219374 26.385777
vt 4.397036 27.775066
vt -0.378059 31.164358
vt 5.519701 57.363678
vt 6.292734 55.802101
vt 6.798509 9.767206
vt 4.315309 25.986042
vt 1.691900 41.265636
vt 3.190073 40.234779
vt 11.596225 36.648376
vt 4.082028 59.037033
vt 0.104273 62.705128
vt 10.070891 3.113546
vt 16.683538 23.538216
vt 6.570087 17.884893
vt 1.053964 23.793301
vt 13.694510 29.903152
vt 14.652340 32.486153
vt 17.467445 32.125618
vt 7.472982 52.923752
vt -4.326487 61.969265
vt 12.961541 14.178512
vt 12.832623 17.796953
vt 10.278976 18.728535
vt 4.457423 32.618446
vt 5.371345 32.551289
vt 9.268385 44.822212
vt 9.223930 43.226677
vt 3.729493 50.574245
vt 2.313180 52.028149
vt 8.977280 7.236065
vt 6.772677 4.810877
vt 2.902056 28.852594
vt 4.484780 31.029152
vt 2.369165 7.758798
vt 15.682796 11.630377
vt 16.776875 11.216486
vt 6.313691 2.033488
vt 1.387344 27.770987
vt 1.245528 30.555466
vt 2.303788 33.877819
vt 0.637896 34.740669
vt 0.695132 33.319294
vt 3.700979 34.625896
vt 4.353797 37.201244
vt 2.976418 38.006447
vt 8.053212 37.086407
vt 13.090574 21.886158
vt 13.990646 18.780621
vt 9.961645 14.750133
vt 4.621255 16.382847
vt 7.974932 5.068670
vt 4.495314 29.228710
vt 3.431983 27.740545
vt 2.064101 51.101799
vt 0.000000 0.000000
vt 1.252993 0.000000
vt 2.505986 0.000000
vt 3.758979 0.000000
vt 5.011972 0.000000
vt 6.264965 0.000000
vt 7.517958 0.000000
vt 8.770951 0.000000
vt 10.023944 0.000000
vt 11.276937 0.000000
vt 12.529930 0.000000
vt 13.782923 0.000000
vt 15.035916 0.000000
vt 16.288910 0.000000
vt 17.541903 0.000000
vt 18.794895 0.000000
vt 20.047888 0.000000
vt 21.300880 0.000000
vt 22.553875 0.000000
vt 23.806868 0.000000
vt 25.059860 0.000000
vt 26.312853 0.000000
vt 27.565845 0.000000
vt 28.818840 0.000000
vt 30.071833 0.000000
vt 31.324825 0.000000
vt 31.531506 1.232649
vt 31.736557 2.465570
vt 31.939928 3.698770
vt 32.141571 4.932254
vt 32.341427 6.166027
vt 32.539444 7.400097
vt 32.735561 8.634472
vt 32.929710 9.869157
vt 33.121830 11.104158
vt 33.311852 12.339486
vt 33.499691 13.575146
vt 33.685276 14.811148
vt 33.868523 16.047497
vt 34.049335 17.284204
vt 34.227623 18.521280
vt 34.403286 19.758730
vt 34.576214 20.996565
vt 34.746284 22.234797
vt 34.913380 23.473433
vt 35.077366 24.712484
vt 35.238094 25.951963
vt 35.395412 27.191877
vt 35.549149 28.432243
vt 35.699123 29.673069
vt 35.845135 30.914366
vt 35.986969 32.156147
vt 36.124390 33.398426
vt 36.257133 34.641212
vt 36.384918 35.884518
vt 36.507427 37.128357
vt 36.624310 38.372734
vt 36.735176 39.617664
vt 36.839584 40.863148
vt 36.937050 42.109200
vt 37.027012 43.355812
vt 37.108837 44.602985
vt 37.181797 45.850704
vt 37.245056 47.098957
vt 37.297630 48.347702
vt 37.338375 49.596889
vt 37.365921 50.846436
vt 37.378620 52.096218
vt 37.374462 53.346058
vt 37.350952 54.595680
vt 37.304947 55.844669
vt 37.232365 57.092388
vt 37.127804 58.337822
vt 36.983837 59.579292
vt 36.789879 60.813896
vt 36.530052 62.036240
vt 36.179066 63.235355
vt 35.693962 64.386078
vt 35.000000 65.421616
vt 33.750000 65.421616
vt 32.500000 65.421616
vt 31.250000 65.421616
vt 30.000000 65.421616
vt 28.750000 65.421616
vt 27.500000 65.421616
vt 26.250000 65.421616
vt 25.000000 65.421616
vt 23.750000 65.421616
vt 22.500000 65.421616
vt 21.250000 65.421616
vt 20.000000 65.421616
vt 18.750000 65.421616
vt 17.500000 65.421616
vt 16.250000 65.421616
vt 15.000000 65.421616
vt 13.750000 65.421616
vt 12.500000 65.421616
vt 11.250000 65.421616
vt 10.000000 65.421616
vt 10.172315 64.174950
vt 10.325967 62.925854
vt 10.459423 61.674438
vt 10.570955 60.420883
vt 10.658605 59.165436
vt 10.720144 57.908440
vt 10.753035 56.650375
vt 10.754363 55.391884
vt 10.720787 54.133854
vt 10.648454 52.877460
vt 10.532926 51.624321
vt 10.369090 50.376595
vt 10.151089 49.137207
vt 9.872269 47.910103
vt 9.525206 46.700573
vt 9.101864 45.515644
vt 8.593988 44.364483
vt 7.993849 43.258713
vt 7.295407 42.212360
vt 6.495834 41.241211
vt 5.596992 40.361221
vt 4.606201 39.586254
vt 3.535696 38.925709
vt 2.400767 38.383121
vt 1.217348 37.956272
vt 0.000000 37.638512
vt 0.785340 36.718842
vt 1.196469 35.561085
vt 1.450432 34.357521
vt 1.619024 33.138786
vt 1.732859 31.913643
vt 1.807985 30.685482
vt 1.853968 29.455875
vt 1.877031 28.225605
vt 1.881476 26.995123
vt 1.870421 25.764706
vt 1.846206 24.534456
vt 1.810642 23.304483
vt 1.765162 22.074835
vt 1.710923 20.845539
vt 1.648874 19.616613
vt 1.579807 18.388062
vt 1.504387 17.159885
vt 1.423183 15.932078
vt 1.336682 14.704632
vt 1.245310 13.477538
vt 1.149435 12.250790
vt 1.049384 11.024372
vt 0.945446 9.798279
vt 0.837878 8.572499
vt 0.726909 7.347022
vt 0.612746 6.121839
vt 0.495577 4.896938
vt 0.375570 3.672313
vt 0.252880 2.447954
vt 0.127647 1.223853
vt 9.300993 8.447427
vt 18.396858 24.824053
vt 9.769650 33.278248
vt 22.656898 41.340900
vt 20.124001 56.031025
vt 23.180370 9.581551
vt 28.824371 57.013580
vt 10.352294 17.232958
vt 25.317453 19.174042
vt 26.489750 28.925400
vt 29.269945 45.687359
vt 9.629709 24.996616
vt 14.409420 5.745095
vt 13.188754 39.034817
vt 17.404465 46.843880
vt 28.976173 37.242176
vt 31.364012 51.532372
vt 29.082350 23.629469
vt 27.667154 13.829682
vt 5.554035 5.031120
vt 15.843501 60.158203
vt 26.939350 5.169821
vt 6.215698 12.471965
vt 6.356098 30.239904
vt 21.875000 60.583870
vt 15.512582 54.635426
vt 20.674385 5.098005
vt 32.074059 60.450253
vt 6.429605 19.991264
vt 31.069765 29.603127
vt 32.150730 41.856739
vt 7.604763 36.773457
vt 26.875000 61.014851
vt 33.036156 56.222321
vt 29.749653 18.535267
vt 33.207108 46.677860
vt 5.719667 25.073578
vt 10.650440 4.068126
vt 12.685954 43.246780
vt 32.086704 34.458187
vt 28.818548 9.883019
vt 4.732688 8.848319
vt 14.643229 50.449989
vt 5.278805 16.293665
vt 5.050107 34.234451
vt 32.907284 38.094189
vt 16.915405 3.384938
vt 31.791212 25.768776
vt 9.469363 39.607761
vt 34.400639 51.501518
vt 31.690628 22.023701
vt 30.624289 14.638821
vt 18.125000 62.332542
vt 24.433363 3.154318
vt 13.860192 57.361069
vt 12.709434 46.441448
vt 3.073922 2.783591
vt 13.186464 62.598087
vt 29.375000 62.553417
vt 24.375000 62.553417
vt 4.488932 22.589758
vt 4.594494 27.620173
vt 13.156426 2.757672
vt 8.144455 2.757672
vt 33.175747 31.848251
vt 29.729143 7.218111
vt 3.285198 6.490731
vt 28.192343 2.698792
vt 3.723511 11.423508
vt 34.374893 58.647667
vt 34.368835 44.156479
vt 33.619312 62.833866
vt 4.178460 31.446859
vt 13.223993 53.359459
vt 20.674385 2.510507
vt 4.113067 18.861864
vt 34.302071 40.448753
vt 34.898312 49.051216
vt 30.777105 12.097102
vt 20.625000 62.928677
vt 13.159526 59.970821
vt 5.638469 2.446307
vt 3.695757 13.912020
vt 33.072079 28.109554
vt 31.991579 19.469891
vt 31.636370 17.005424
vt 10.338501 42.701935
vt 4.004448 36.486961
vt 34.956039 53.925594
vt 15.625000 63.026005
vt 29.664503 4.703965
vt 34.130741 35.487980
vt 12.524270 49.358643
vt 26.875000 63.262554
vt 35.198383 56.348099
vt 34.682743 61.004776
vt 6.323189 38.411942
vt 35.258881 46.573883
vt 10.650440 1.985822
vt 30.873064 9.559952
vt 3.739995 25.112545
vt 2.763277 9.021145
vt 3.321901 16.423090
vt 15.662413 1.866401
vt 18.168398 1.866401
vt 33.144138 24.337963
vt 34.789482 37.917397
vt 25.686357 1.763807
vt 23.180370 1.763807
vt 12.531388 56.023006
vt 11.029753 45.494953
vt 31.875000 63.615326
vt 3.239603 33.983997
vt 29.934807 2.131713
vt 11.875000 63.792191
vt 1.775482 1.673726
vt 2.021581 4.129206
vt 23.125000 63.783230
vt 8.136686 40.704987
vt 3.304988 21.391050
vt 3.446859 28.870384
vt 34.477345 32.951881
vt 34.194855 30.479250
vt 35.423470 42.844978
vt 12.125057 52.109436
vt 12.036880 61.183048
vt 12.217059 58.611729
vt 2.397528 36.639469
vt 18.125000 63.940308
vt 31.952686 13.178209
vt 6.891461 1.463821
vt 4.385476 1.463821
vt 2.637767 12.751592
vt 35.952156 51.485756
vt 33.240456 21.810829
vt 33.879658 26.754255
vt 32.731976 18.105450
vt 32.371029 15.637692
vt 14.375000 63.979221
vt 30.814360 5.780321
vt 11.435446 48.200150
vt 4.815318 38.049629
vt 17.556427 41.692196
vt 19.515524 33.554176
vt 29.375000 64.055611
vt 25.625000 64.070702
vt 13.156426 1.307672
vt 10.054031 44.407948
vt 35.787220 58.811443
vt 36.030849 55.172394
vt 9.397448 1.289386
vt 31.755600 10.684249
vt 31.367924 8.218993
vt 2.564303 35.221134
vt 6.956354 39.871777
vt 8.718966 42.018414
vt 14.592062 12.269950
vt 1.905770 6.619266
vt 28.192343 1.276679
vt 36.003387 47.776714
vt 35.877605 45.300976
vt 3.080107 23.883278
vt 3.129627 26.368649
vt 2.237612 10.306191
vt 2.617290 15.231156
vt 2.780599 17.697920
vt 22.400818 3.726058
vt 24.155546 6.065411
vt 2.909433 32.640827
vt 24.507133 50.691334
vt 7.667371 27.456007
vt 12.243169 29.094454
vt 35.176239 62.290901
vt 16.915405 1.248645
vt 19.421392 1.248645
vt 11.990222 54.729435
vt 33.125000 64.194084
vt 8.084223 38.515369
vt 10.462809 36.923721
vt 14.651197 34.330956
vt 35.469173 39.103004
vt 35.236340 36.625599
vt 24.433363 1.215697
vt 21.927378 1.215697
vt 5.918970 36.775326
vt 6.759975 35.068745
vt 6.893250 32.626289
vt 13.507002 54.854874
vt 18.987619 3.818576
vt 17.728685 7.229930
vt 30.654320 3.277416
vt 3.820578 4.451815
vt 3.000066 30.114399
vt 4.519567 29.957893
vt 11.640579 50.844257
vt 13.185359 50.978062
vt 14.434008 52.148819
vt 18.634901 51.803886
vt 16.498692 51.540798
vt 17.850866 49.365761
vt 21.705866 47.382935
vt 10.854515 46.973698
vt 8.821303 35.108910
vt 20.625000 64.253494
vt 1.463739 2.944944
vt 2.831470 20.172934
vt 4.282906 20.309813
vt 11.785909 59.874920
vt 11.558322 62.424454
vt 11.914878 57.310211
vt 20.536037 49.847408
vt 21.865885 53.041557
vt 24.469814 56.561008
vt 27.987379 33.007725
vt 23.938820 36.185783
vt 34.764492 31.666786
vt 35.038494 34.142899
vt 33.549385 34.116791
vt 34.473026 29.191786
vt 33.068474 29.562099
vt 35.742142 41.575825
vt 34.330498 41.895962
vt 18.942562 59.190548
vt 7.363142 22.712410
vt 11.148870 21.222553
vt 16.393250 18.101122
vt 14.006499 24.565609
vt 14.922080 3.753483
vt 16.875000 64.285408
vt 5.638469 1.134109
vt 3.132483 1.134109
vt 33.717052 23.004232
vt 33.377575 20.533018
vt 34.041435 25.476978
vt 32.484226 14.359551
vt 13.125000 64.294189
vt 26.356787 8.133321
vt 4.296639 33.011997
vt 11.820637 53.440254
vt 34.410511 64.276276
vt 33.848213 36.868607
vt 31.964472 36.396366
vt 30.040905 35.302113
vt 30.841496 38.130650
vt 28.269909 41.127285
vt 27.735676 35.299175
vt 26.271362 37.601551
vt 25.403133 33.883408
vt 22.464231 33.631104
vt 21.111963 28.912878
vt 23.695850 24.251230
vt 24.169117 31.014879
vt 30.292608 33.010666
vt 8.786053 30.946590
vt 3.450826 37.644974
vt 14.552740 48.022923
vt 15.159074 45.451221
vt 36.268902 52.717453
vt 36.243011 50.246113
vt 28.125000 64.309669
vt 30.625000 64.309669
vt 24.375000 64.312424
vt 14.409420 1.104061
vt 11.903434 1.104061
vt 2.875991 22.649414
vt 2.973559 27.614317
vt 2.867140 31.366648
vt 19.438366 63.591084
vt 21.794626 63.591084
vt 22.687563 62.110268
vt 24.035082 60.413452
vt 22.783270 58.321438
vt 26.023510 11.208883
vt 22.040861 14.869722
vt 20.921213 36.224663
vt 17.465925 36.338253
vt 29.142612 30.955994
vt 28.886595 28.542257
vt 27.253864 26.016905
vt 32.879963 16.823603
vt 11.490326 44.100113
vt 12.922480 44.842461
vt 14.405381 43.807281
vt 14.271617 41.300076
vt 16.663544 43.766731
vt 20.254650 44.082932
vt 16.159349 39.006229
vt 19.372999 39.041004
vt 8.144455 1.101303
vt 32.133114 11.888521
vt 31.357620 6.956809
vt 1.630143 5.406465
vt 1.859056 7.862267
vt 26.939350 1.099494
vt 35.982239 44.050625
vt 2.177986 11.549591
vt 2.370538 14.010699
vt 20.674385 1.092136
vt 30.968491 4.490798
vt 2.688399 18.941956
vt 15.625000 64.337814
vt 9.241456 43.297337
vt 34.103992 39.098011
vt 32.488228 40.024849
vt 30.381056 40.583672
vt 29.906120 43.110413
vt 27.076149 43.778774
vt 25.946323 47.292542
vt 17.340067 53.513332
vt 17.613914 56.008533
vt 19.563719 53.852543
vt 23.882088 38.908623
vt 25.463240 41.229797
vt 24.161148 43.838505
vt 19.466412 62.247257
vt 18.701303 60.805138
vt 20.705564 61.466038
vt 20.417763 59.868309
vt 20.410885 57.938946
vt 17.429045 59.789711
vt 16.141531 57.845184
vt 8.288246 5.534029
vt 11.307377 49.572689
vt 31.257656 23.909218
vt 4.493679 26.255123
vt 6.092744 26.823271
vt 7.494842 25.609688
vt 6.047572 28.545219
vt 3.969351 15.236119
vt 5.543507 14.220542
vt 8.748305 14.449046
vt 12.056969 14.396751
vt 11.429425 11.074452
vt 14.012847 9.021179
vt 26.217245 3.501985
vt 4.436673 23.946806
vt 5.897342 23.323524
vt 5.892575 21.614124
vt 4.116785 17.512939
vt 5.873111 18.192247
vt 8.267856 18.437056
vt 7.233067 16.724237
vt 11.961721 41.037724
vt 28.049011 50.187008
vt 26.733900 53.640446
vt 16.942049 61.289654
vt 17.683950 58.222424
vt 29.975281 25.283487
vt 30.423996 27.244633
vt 7.619872 29.134401
vt 9.924999 28.359768
vt 11.789426 26.501530
vt 14.496284 27.364012
vt 15.367052 30.829844
vt 8.648019 20.750904
vt 29.445335 1.029990
vt 3.558373 10.096428
vt 5.295244 10.554111
vt 7.050342 9.029634
vt 8.773707 11.050385
vt 29.350651 3.297350
vt 28.137819 4.224339
vt 28.460754 5.866000
vt 10.797171 34.971508
vt 12.421101 32.827667
vt 13.007322 36.354790
vt 30.684462 62.944382
vt 30.491396 61.202648
vt 30.337303 58.837742
vt 31.982256 62.033276
vt 28.696335 60.855778
vt 27.607580 58.896263
vt 26.632130 56.931271
vt 25.436749 58.749287
vt 21.819336 56.751637
vt 21.608263 54.893654
vt 23.889902 54.267056
vt 35.314102 35.366356
vt 3.903737 35.149395
vt 5.097119 35.732117
vt 32.544895 33.117195
vt 31.478729 31.795868
vt 5.493262 32.134613
vt 17.745220 28.390039
vt 28.011206 7.558692
vt 26.875000 64.432549
vt 12.896584 47.917801
vt 9.475336 2.624632
vt 8.951508 4.107776
vt 7.273298 4.194693
vt 9.831226 5.384225
vt 12.095422 5.880576
vt 9.194925 6.851575
vt 11.035063 7.530722
vt 7.332416 7.162533
vt 12.885345 7.553928
vt 12.128597 9.302284
vt 13.314244 10.794063
vt 12.615301 12.570871
vt 10.597203 12.952066
vt 15.151923 10.494115
vt 18.662916 12.577185
vt 16.094007 8.588655
vt 18.521637 9.846630
vt 16.663469 11.946825
vt 16.788830 15.035411
vt 19.477566 16.940725
vt 19.214369 20.920383
vt 20.417229 7.843703
vt 20.929348 11.090987
vt 23.441900 12.404764
vt 24.954872 14.895355
vt 27.275282 16.816715
vt 13.835352 13.942255
vt 13.649729 16.922468
vt 13.960827 19.980669
vt 15.592889 13.730176
vt 14.945641 15.523744
vt 22.429808 17.972929
vt 22.795261 21.166035
vt 22.121147 2.478977
vt 19.282631 2.546797
vt 17.607199 5.247120
vt 26.949884 31.072468
vt 7.112803 24.175423
vt 8.664264 23.687971
vt 10.666598 23.221209
vt 12.823323 22.684109
vt 15.589875 22.257139
vt 30.433268 10.813708
vt 28.692476 11.967844
vt 30.070133 8.501854
vt 34.692398 47.756340
vt 32.865227 48.710716
vt 30.946630 47.342876
vt 28.694731 47.946751
vt 31.512714 45.092731
vt 30.323664 49.520477
vt 34.573227 45.453777
vt 33.072197 45.025517
vt 32.227531 43.552776
vt 17.230427 63.136425
vt 32.963848 25.989378
vt 32.149006 27.093824
vt 31.731159 28.400850
vt 24.609959 26.876925
vt 21.950594 26.330790
vt 20.958633 23.726168
vt 35.206451 57.648220
vt 33.842743 57.359249
vt 31.976282 57.828823
vt 30.794712 55.896423
vt 32.234474 53.865086
vt 29.595980 53.520885
vt 10.055395 41.112301
vt 10.962301 39.892651
vt 10.463942 38.450012
vt 11.969053 37.685749
vt 9.252252 37.687767
vt 9.261154 36.360844
vt 35.708782 40.328030
vt 26.328363 23.414165
vt 27.911476 20.885286
vt 28.908638 39.236649
vt 26.859371 39.597542
vt 32.403965 23.230103
vt 15.515744 61.575455
vt 14.465109 60.585957
vt 14.689614 58.874668
vt 33.253979 61.312855
vt 33.438511 59.822155
vt 19.188087 6.145387
vt 16.138515 6.332232
vt 14.800000 7.434480
vt 30.481611 28.496511
vt 29.715477 29.613308
vt 28.341269 29.820543
vt 33.115711 58.413635
vt 32.023312 59.139606
vt 31.028885 59.834419
vt 29.714945 60.007866
vt 28.972342 58.862324
vt 36.327518 56.413780
vt 14.454964 2.440093
vt 25.311546 4.884354
vt 25.867474 6.498122
vt 24.638721 7.756621
vt 22.520693 7.447112
vt 25.144138 9.557754
vt 23.801739 4.562842
vt 22.427902 5.679277
vt 27.790289 55.320103
vt 17.184317 13.472522
vt 18.972128 14.756409
vt 20.557940 13.419847
vt 8.749445 22.218922
vt 13.345554 61.269058
vt 14.340303 62.062168
vt 9.819087 21.407507
vt 10.209167 19.339172
vt 12.126602 18.411501
vt 32.349018 21.068907
vt 30.658228 20.607401
vt 29.988457 22.180054
vt 35.184994 52.339615
vt 33.707912 52.935902
vt 32.883713 51.653397
vt 32.235897 50.186066
vt 33.704311 49.940540
vt 33.584633 54.373245
vt 34.607971 55.183788
vt 35.167801 50.647781
vt 2.782886 5.061131
vt 7.180727 13.846434
vt 8.502689 12.747785
vt 6.650479 15.295456
vt 26.810654 2.370578
vt 26.014109 55.265171
vt 35.765812 61.235001
vt 35.457993 60.020409
vt 19.471830 47.778381
vt 19.132162 45.775791
vt 33.252907 41.193241
vt 10.473413 9.673272
vt 26.797520 9.736918
vt 27.510685 11.051408
vt 26.909903 12.478787
vt 25.169336 12.749400
vt 26.216984 13.754894
vt 26.867203 15.243958
vt 28.846930 15.569604
vt 25.669619 16.394012
vt 23.679325 16.423462
vt 26.140581 17.865993
vt 27.871185 18.599310
vt 24.541777 17.772913
vt 23.611763 19.203051
vt 24.490652 20.719929
vt 21.916372 19.649158
vt 20.643969 18.342667
vt 18.573078 18.879440
vt 16.998842 20.495306
vt 24.046064 22.474958
vt 20.994301 21.196468
vt 26.208694 20.644760
vt 21.228830 16.669880
vt 17.754353 22.543804
vt 16.441135 24.144474
vt 16.764341 26.368263
vt 22.384760 22.810404
vt 19.889111 22.445988
vt 24.372211 11.028608
vt 7.986504 15.583857
vt 9.574725 15.826929
vt 11.229515 15.829811
vt 8.610737 16.815363
vt 10.289042 14.461725
vt 12.727200 15.739161
vt 12.051379 16.990934
vt 18.443615 44.100658
vt 19.332628 42.405544
vt 21.188326 42.477612
vt 20.814329 40.477406
vt 21.481644 38.366463
vt 22.219852 44.151737
vt 23.516323 46.014446
vt 23.847336 48.334190
vt 21.183821 45.643414
vt 18.978708 40.718784
vt 17.760508 39.547279
vt 18.127634 37.895542
vt 19.201412 36.520054
vt 18.489136 34.945045
vt 17.040688 32.802021
vt 16.621935 34.646061
vt 15.340225 36.341888
vt 18.985559 30.850348
vt 16.542015 40.513512
vt 15.836364 42.146671
vt 15.117902 40.072849
vt 14.669945 38.593716
vt 13.586133 37.661758
vt 15.724318 37.681889
vt 22.893950 11.031804
vt 21.946127 12.205907
vt 22.532709 13.518638
vt 23.987545 13.778140
vt 21.882040 10.078544
vt 20.283518 9.528814
vt 22.114622 8.741775
vt 23.617785 15.075675
vt 17.308683 45.239166
vt 25.666023 62.763359
vt 25.238270 61.319313
vt 5.254077 19.461962
vt 36.236599 49.000408
vt 3.155397 7.782990
vt 4.643656 7.279830
vt 5.965633 7.991562
vt 5.922128 6.488777
vt 6.836733 5.482512
vt 19.017321 57.791168
vt 30.504234 0.968540
vt 26.885241 22.002813
vt 28.351570 22.319391
vt 25.407845 21.891268
vt 27.703976 23.539488
vt 28.305435 24.928362
vt 28.843754 26.500597
vt 26.907076 24.674301
vt 25.275387 24.660696
vt 27.656952 27.546780
vt 26.152523 27.125124
vt 25.182110 28.238625
vt 23.103191 28.311079
vt 25.188871 29.814028
vt 23.743999 29.620462
vt 21.983744 30.919125
vt 22.370295 29.481253
vt 26.083429 25.603134
vt 24.938162 25.767456
vt 23.420359 25.921738
vt 22.340195 24.885633
vt 20.849628 25.258884
vt 20.080194 27.150539
vt 19.735298 24.409401
vt 19.444511 25.838255
vt 18.547743 27.082767
vt 19.256426 28.417788
vt 18.720776 23.502138
vt 18.479548 29.562643
vt 17.176432 30.817984
vt 19.919722 29.739990
vt 20.478380 31.158138
vt 21.449179 32.412388
vt 23.023138 32.133526
vt 24.549549 32.550919
vt 26.151657 32.464264
vt 16.261906 29.323143
vt 14.393011 29.232262
vt 13.319984 30.982208
vt 11.057442 31.021814
vt 20.983627 33.832211
vt 21.903440 35.053246
vt 20.004187 34.988930
vt 22.433756 36.495419
vt 23.371323 34.810436
vt 23.432470 37.537247
vt 24.858002 37.300758
vt 25.923811 35.763664
vt 25.304846 38.672081
vt 24.792513 39.987572
vt 24.056189 41.187332
vt 24.721077 42.488674
vt 26.229477 42.529736
vt 23.265713 42.676018
vt 23.229277 40.104504
vt 25.619591 43.854633
vt 26.436138 45.511509
vt 24.875032 45.233574
vt 27.681593 42.456886
vt 28.539509 43.649418
vt 27.923279 45.020161
vt 27.640253 46.659737
vt 26.870146 41.276306
vt 22.603045 38.986534
vt 21.987061 40.065956
vt 19.494833 32.154381
vt 18.125158 31.937828
vt 18.263981 33.224579
vt 24.713251 35.061481
vt 14.459784 32.468079
vt 29.628664 44.408916
vt 30.846725 43.990288
vt 31.157740 42.715107
vt 30.198605 41.857384
vt 28.957031 42.228222
vt 27.208889 48.088650
vt 25.645290 49.169174
vt 26.340179 50.875355
vt 27.816748 52.075684
vt 25.257334 52.440117
vt 29.517191 51.326180
vt 23.461313 52.175278
vt 22.496979 50.385159
vt 25.557089 31.160126
vt 21.096897 39.405785
vt 20.377720 38.548676
vt 19.379915 37.783764
vt 20.757074 37.411835
vt 20.129091 39.723656
vt 21.817230 37.359459
vt 16.904726 38.027760
vt 16.571148 36.978996
vt 16.409739 35.808460
vt 15.431971 35.186939
vt 14.131904 35.588696
vt 12.637820 34.603924
vt 26.631496 62.138702
vt 27.990162 62.432629
vt 5.386281 20.593534
vt 4.582506 21.432020
vt 10.650440 0.894086
vt 31.950094 9.390592
vt 21.658394 59.183380
vt 22.917530 59.661633
vt 24.055929 58.870770
vt 23.832800 57.638821
vt 23.133202 56.498188
vt 25.031939 57.620392
vt 23.850019 55.497417
vt 22.822664 54.848286
vt 22.870737 53.666126
vt 24.882027 54.915043
vt 24.990429 53.665562
vt 25.566036 56.658161
vt 26.091179 57.877586
vt 27.190939 57.878479
vt 26.518307 58.879761
vt 25.825829 60.072010
vt 27.047783 59.888645
vt 27.730146 56.921932
vt 28.168566 59.866795
vt 22.248747 55.761875
vt 21.185373 55.888557
vt 20.528833 55.022163
vt 19.249794 55.094570
vt 20.937407 53.856377
vt 20.326551 52.223907
vt 18.866188 56.328953
vt 18.371214 54.211819
vt 17.228638 54.788189
vt 16.277342 55.759514
vt 14.703070 56.008358
vt 18.664173 53.025497
vt 18.000658 57.104351
vt 16.841045 56.897457
vt 23.996925 53.155331
vt 36.293587 57.640675
vt 27.697203 28.790316
vt 29.637331 57.878807
vt 29.975065 56.746937
vt 29.347435 55.321880
vt 30.801594 57.609886
vt 31.569595 56.750053
vt 31.982731 55.596516
vt 31.095123 54.583443
vt 30.986305 53.148140
vt 17.611277 23.930914
vt 17.214905 25.071613
vt 15.934883 25.353436
vt 18.022787 25.983438
vt 15.495460 26.558979
vt 16.333029 27.815081
vt 14.200082 25.973791
vt 12.821426 25.445917
vt 11.263092 24.954704
vt 13.145268 26.925194
vt 13.463714 28.243914
vt 15.221982 24.344429
vt 14.371016 23.118378
vt 14.175309 21.548296
vt 12.708907 20.950443
vt 15.422028 20.579235
vt 15.191386 19.059465
vt 13.778278 18.454315
vt 14.993068 17.577950
vt 16.185160 16.522776
vt 17.782707 17.115046
vt 12.715090 24.064939
vt 11.711964 19.842844
vt 12.134915 27.777233
vt 10.863476 27.436932
vt 9.261244 26.746153
vt 10.477434 26.128794
vt 11.114576 28.630898
vt 10.221130 29.805689
vt 8.961716 29.310337
vt 8.718912 28.100918
vt 15.684850 23.349945
vt 16.630157 22.717260
vt 16.521175 21.557611
vt 23.757528 33.574871
vt 24.758089 46.602604
vt 30.369106 45.306229
vt 30.155907 46.466892
vt 29.803310 47.580040
vt 28.931715 46.804169
vt 31.294395 46.234085
vt 32.102169 47.096371
vt 31.744801 48.252800
vt 30.572512 48.413757
vt 29.491423 48.752010
vt 29.200474 49.901993
vt 28.368767 49.065983
vt 27.157471 49.326595
vt 32.955212 47.680672
vt 5.650939 39.271408
vt 36.335800 46.519306
vt 14.418185 53.907944
vt 15.783731 53.040592
vt 36.286415 53.958164
vt 4.523628 5.922601
vt 26.782888 33.704182
vt 29.386148 41.091084
vt 28.800266 40.253250
vt 27.735359 40.204998
vt 27.833193 39.128574
vt 26.927256 38.492935
vt 27.608223 37.304871
vt 28.467318 38.223328
vt 29.655979 38.217274
vt 30.331352 39.304619
vt 30.172642 37.132557
vt 31.581638 39.150101
vt 29.489603 36.261753
vt 28.336960 36.282784
vt 28.895214 35.282104
vt 29.489195 34.081963
vt 28.299984 34.240448
vt 30.794615 34.224049
vt 31.226696 37.149361
vt 30.877506 36.069298
vt 31.871857 37.968864
vt 31.670130 35.404861
vt 32.895908 35.580414
vt 31.409519 33.259109
vt 32.114620 52.628765
vt 31.414951 40.230022
vt 31.205118 41.304691
vt 29.140028 32.983200
vt 28.541859 31.968832
vt 29.740780 31.970362
vt 30.499285 30.839523
vt 27.446808 32.051796
vt 28.044935 30.989504
vt 11.889840 2.415883
vt 12.165149 3.913379
vt 13.559442 4.106323
vt 29.010489 8.096160
vt 27.941961 8.885121
vt 16.116709 4.766239
vt 26.640951 19.093878
vt 27.618086 19.747114
vt 29.149029 19.959379
vt 21.622627 57.971722
vt 24.875015 47.769409
vt 23.730410 47.167385
vt 22.779545 47.851933
vt 21.689081 48.884850
vt 22.880829 49.050926
vt 24.007549 49.560257
vt 22.631964 46.726299
vt 22.397635 45.529926
vt 23.381901 44.791096
vt 2.698611 25.133041
vt 1.727119 9.112073
vt 7.467462 11.712157
vt 7.583162 10.320475
vt 8.784063 9.697598
vt 6.489538 10.930205
vt 6.186628 9.807801
vt 8.168584 8.711147
vt 5.630790 11.572877
vt 4.730709 12.798234
vt 20.294254 19.834003
vt 13.855351 40.107613
vt 12.675127 40.097462
vt 11.928024 39.080898
vt 13.116215 41.172901
vt 13.571473 42.348923
vt 12.421293 42.110302
vt 11.545605 42.913284
vt 11.112646 41.833286
vt 14.713316 42.353035
vt 15.462552 43.271408
vt 15.353641 44.367279
vt 16.207720 45.080021
vt 16.099571 46.441311
vt 16.281805 48.166752
vt 14.808569 46.725910
vt 13.867969 45.781738
vt 16.230766 49.859707
vt 13.773841 47.195553
vt 22.722338 15.791860
vt 22.680288 16.896372
vt 23.464321 17.646210
vt 21.729673 15.812576
vt 20.257774 15.527633
vt 32.938354 55.187428
vt 29.261639 9.026876
vt 29.871561 9.885267
vt 29.343016 10.839173
vt 20.456429 48.580154
vt 19.249866 49.292076
vt 19.420080 50.664936
vt 18.135374 50.619396
vt 20.564339 47.442196
vt 19.738886 46.702984
vt 18.584578 46.987190
vt 17.854982 48.064583
vt 20.161522 45.764320
vt 20.557228 51.046757
vt 21.514374 51.845497
vt 21.430073 50.431477
vt 21.093880 46.618500
vt 2.291429 16.491243
vt 7.265835 21.168272
vt 7.666564 19.998001
vt 7.054233 18.865841
vt 8.799001 19.537943
vt 7.364997 17.813522
vt 21.276770 6.626051
vt 19.205542 8.595417
vt 17.796638 8.637834
vt 16.905436 9.994164
vt 17.821119 11.098954
vt 19.375364 11.146271
vt 19.284193 7.369780
vt 20.163605 6.684784
vt 25.121635 23.103920
vt 17.364965 33.845226
vt 28.577477 63.333801
vt 16.427223 54.075844
vt 11.831720 23.301041
vt 11.807939 22.157442
vt 17.581812 51.550423
vt 17.048624 50.603325
vt 17.031958 52.479046
vt 20.189655 12.167067
vt 34.173420 24.201742
vt 31.445940 18.290703
vt 30.731064 19.337328
vt 30.464514 17.488546
vt 28.885969 17.177942
vt 30.563032 16.064728
vt 5.292147 30.918438
vt 5.866757 33.310120
vt 6.971035 33.855396
vt 8.285455 33.155197
vt 7.799685 34.624573
vt 7.907111 35.717598
vt 7.958154 31.919977
vt 7.534067 30.720503
vt 9.206147 32.142666
vt 10.508301 32.204109
vt 11.161937 33.444637
vt 6.549399 31.450041
vt 9.914286 31.209530
vt 11.630678 32.006741
vt 12.189072 31.022474
vt 11.623830 30.041845
vt 12.721426 30.072641
vt 13.754378 30.044619
vt 12.785184 31.863361
vt 13.443045 32.662628
vt 13.078018 33.648865
vt 14.119599 33.444305
vt 15.332721 33.319653
vt 15.690741 32.079449
vt 16.346975 33.589664
vt 12.095643 33.775055
vt 13.666588 48.885292
vt 14.861457 49.226631
vt 13.431478 49.932945
vt 34.124508 56.160801
vt 29.089872 21.308245
vt 30.042234 52.406097
vt 28.878132 52.586819
vt 28.176966 53.868549
vt 26.741747 36.560795
vt 10.983483 3.026974
vt 7.397814 8.127271
vt 8.358916 7.577534
vt 8.172750 6.560997
vt 15.662413 0.828052
vt 18.168398 0.828052
vt 21.645098 62.491287
vt 21.893250 61.553635
vt 22.837812 61.050804
vt 23.693905 61.712597
vt 33.938881 48.539978
vt 32.523022 25.105703
vt 9.815802 22.513906
vt 10.783938 22.179575
vt 10.362132 20.438971
vt 21.059507 30.110100
vt 16.420374 19.367943
vt 17.403574 18.713190
vt 17.852449 19.752150
vt 18.075470 20.870129
vt 18.603273 21.839039
vt 18.912868 19.893896
vt 12.867642 19.401897
vt 32.005058 49.215698
vt 31.261715 49.905170
vt 30.411390 50.642605
vt 23.514933 50.453712
vt 6.065423 34.322899
vt 4.376068 2.766051
vt 5.291599 3.728762
vt 6.426824 3.347672
vt 6.280890 4.339986
vt 19.375000 64.611946
vt 21.875000 64.611282
vt 14.659082 37.262177
vt 12.736560 4.918467
vt 13.261198 5.962759
vt 14.001250 6.729305
vt 13.701007 5.072712
vt 14.678230 4.752501
vt 29.747702 11.824239
vt 29.433718 13.465822
vt 18.096750 18.033592
vt 19.178417 17.981508
vt 19.655739 18.956303
vt 10.069380 45.838066
vt 11.927888 47.216087
vt 11.723199 46.227997
vt 32.360611 30.740908
vt 34.439014 60.015362
vt 22.949509 27.074957
vt 21.719828 27.683071
vt 23.852999 27.590244
vt 24.124306 28.622845
vt 20.398380 32.841076
vt 21.966949 53.999580
vt 18.244614 55.216415
vt 3.689976 5.417670
vt 26.207214 34.672966
vt 22.452423 52.219494
vt 22.918112 51.313099
vt 11.198004 24.007727
vt 10.176224 24.125307
vt 6.608570 2.393273
vt 31.875000 64.626602
vt 34.361870 27.927858
vt 31.618488 14.926961
vt 35.082474 63.395088
vt 9.838076 35.454914
vt 9.639415 34.371750
vt 17.370970 29.440641
vt 14.937972 25.301443
vt 24.702539 48.845940
vt 9.638748 10.380573
vt 9.981781 11.717083
vt 5.268886 9.617145
vt 35.786640 37.823738
vt 33.218655 19.252644
vt 12.876104 57.772877
vt 13.356020 58.828239
vt 29.666533 27.906759
vt 28.706404 27.524759
vt 31.422716 21.134563
vt 21.505602 7.839742
vt 21.055159 8.800476
vt 22.969748 30.413303
vt 25.901161 40.191158
vt 25.686357 0.770639
vt 23.180370 0.770639
vt 11.531178 56.021950
vt 2.278263 33.851009
vt 30.896242 1.971814
vt 11.875000 64.726768
vt 10.945539 63.636066
vt 0.864717 1.766903
vt 1.238523 0.922933
vt 1.110379 4.218499
vt 23.125000 64.721634
vt 7.421161 41.294094
vt 2.400965 21.430937
vt 2.536538 28.853319
vt 35.388733 32.851063
vt 35.105602 30.372120
vt 36.327389 42.779747
vt 11.229940 52.191959
vt 11.146951 61.103870
vt 11.323934 58.568005
vt 2.046302 37.511951
vt 3.148369 36.008785
vt 28.924440 1.987735
vt 23.275736 2.937667
vt 21.054619 3.804256
vt 21.782686 4.711427
vt 22.799246 4.732729
vt 20.023840 4.204059
vt 19.146515 4.976928
vt 34.179234 61.935719
vt 17.167564 2.316792
vt 18.096775 3.044436
vt 17.910246 4.158727
vt 32.780468 63.298950
vt 8.348629 39.604469
vt 7.177574 38.908604
vt 7.241809 37.814892
vt 24.755728 2.185007
vt 5.697192 37.698326
vt 4.917161 37.022755
vt 6.761152 36.129841
vt 12.796353 54.214878
vt 3.006344 3.815042
vt 3.815857 30.580235
vt 4.615058 28.790892
vt 12.463471 50.328110
vt 13.278260 52.203686
vt 14.107080 51.246258
vt 15.158816 51.375786
vt 2.228177 2.458575
vt 3.612533 19.654509
vt 12.422170 62.044521
vt 34.017754 32.174561
vt 33.508198 33.000362
vt 34.285461 34.613548
vt 33.628448 28.837212
vt 34.905891 41.160774
vt 34.306973 43.026943
vt 33.230495 42.438816
vt 33.357162 43.645424
vt 15.816381 3.015568
vt 3.580875 1.975809
vt 12.745743 63.431282
vt 4.169088 33.934044
vt 3.752980 32.266018
vt 33.831875 37.830051
vt 32.803963 37.040878
vt 24.010324 63.432919
vt 3.667570 22.216969
vt 3.728032 23.174995
vt 3.785955 27.083490
vt 3.782547 28.026688
vt 18.614361 63.136425
vt 22.553425 63.039013
vt 23.429104 62.691425
vt 10.638138 43.628620
vt 11.923704 45.016674
vt 12.396214 44.105099
vt 13.380298 43.959229
vt 14.023340 44.763664
vt 8.660751 1.929488
vt 7.705128 1.929488
vt 30.624647 7.593926
vt 30.473417 6.651430
vt 29.680792 5.838930
vt 35.209122 44.615482
vt 35.149345 43.704330
vt 2.907912 10.961465
vt 2.986854 11.929125
vt 3.685662 12.711042
vt 33.052353 39.136486
vt 18.758137 61.699005
vt 19.685053 61.191330
vt 17.892704 61.305290
vt 20.965513 60.594425
vt 19.423649 60.087753
vt 19.966944 58.905224
vt 18.359436 59.928734
vt 16.423210 59.057190
vt 4.733453 25.277092
vt 5.168014 26.891567
vt 5.568563 26.020418
vt 6.503799 25.684195
vt 5.690710 27.674292
vt 6.701517 27.768688
vt 7.065760 26.530693
vt 8.157720 26.478966
vt 8.604665 25.450762
vt 5.527442 29.515339
vt 4.288576 16.180311
vt 4.559941 14.423773
vt 5.240404 15.235302
vt 5.019605 23.289724
vt 5.425623 24.159679
vt 5.421486 22.433895
vt 6.409092 22.456188
vt 4.864653 18.189468
vt 5.371318 17.307014
vt 6.209527 16.719593
vt 16.733652 60.392963
vt 30.122881 24.135769
vt 30.511406 23.126587
vt 31.028877 24.981184
vt 30.717722 26.145521
vt 29.812843 26.492506
vt 6.657690 29.309570
vt 3.763631 9.113054
vt 4.335020 10.673598
vt 29.012037 4.111225
vt 28.793999 5.006709
vt 27.871508 5.143218
vt 27.432432 6.102756
vt 27.081705 4.117949
vt 11.618267 36.116882
vt 29.863840 63.304516
vt 30.219177 62.114391
vt 29.395084 61.560913
vt 31.550896 62.798691
vt 31.099154 62.039848
vt 31.534575 61.213139
vt 20.750185 56.912399
vt 19.702219 56.993813
vt 32.315208 32.211723
vt 28.763945 6.852564
vt 12.255218 48.520596
vt 8.865078 3.243173
vt 9.802847 3.558071
vt 8.091989 3.757076
vt 9.015641 5.004948
vt 11.051382 5.230707
vt 10.575922 6.377398
vt 9.106582 5.941628
vt 9.963377 7.601951
vt 10.564754 8.552325
vt 11.595759 8.407905
vt 11.967456 6.964106
vt 12.992636 8.638318
vt 13.171068 9.713560
vt 12.306631 10.377843
vt 12.449872 11.458835
vt 13.459289 11.876995
vt 11.605885 12.152712
vt 11.723404 13.296446
vt 14.325271 11.209827
vt 14.173228 10.074064
vt 15.040614 9.403282
vt 13.607058 12.916956
vt 12.808976 13.632723
vt 14.816987 8.431508
vt 13.861032 7.971005
vt 15.920466 9.864597
vt 16.167528 10.950115
vt 15.588977 11.859730
vt 16.054024 12.793984
vt 11.159731 14.068041
vt 14.649832 13.303447
vt 15.739267 14.796571
vt 14.731627 14.493508
vt 13.796953 15.225018
vt 13.027424 14.599836
vt 14.179140 16.113276
vt 15.122920 16.547302
vt 6.774783 23.364658
vt 7.763534 23.533846
vt 8.063641 24.489031
vt 34.242523 46.813892
vt 33.660213 45.809185
vt 32.268692 44.507759
vt 16.480925 62.307560
vt 33.066067 27.187717
vt 32.527458 28.834480
vt 32.072304 29.737848
vt 31.319702 27.549006
vt 32.818295 57.231461
vt 9.681177 41.998974
vt 9.059292 41.081753
vt 10.126529 40.218193
vt 10.298997 39.314392
vt 9.628686 38.738552
vt 11.022816 37.686451
vt 8.262751 37.529285
vt 32.524273 22.344868
vt 14.971179 59.781979
vt 14.033984 59.575474
vt 14.972783 57.735443
vt 15.653324 56.766136
vt 32.915756 62.198471
vt 32.931175 60.516125
vt 33.803123 60.621147
vt 18.104729 6.211763
vt 17.131351 6.430789
vt 16.556967 7.482939
vt 15.127900 6.468828
vt 15.394773 5.485391
vt 27.158312 29.904961
vt 31.265913 58.510544
vt 25.225527 3.840113
vt 26.035948 5.537445
vt 25.115311 5.871105
vt 25.602270 7.468291
vt 25.380299 8.480669
vt 24.329832 8.814777
vt 23.520874 8.004469
vt 23.472473 6.915231
vt 24.454763 5.202014
vt 16.473230 14.124065
vt 17.594200 12.480842
vt 17.825577 14.466275
vt 18.099218 15.795437
vt 18.631178 13.693237
vt 19.538372 13.160558
vt 19.199886 15.833943
vt 14.628760 63.015789
vt 9.541619 18.235840
vt 10.903257 18.328369
vt 34.619961 53.067566
vt 33.688702 52.042160
vt 32.163536 51.094681
vt 33.040840 50.707355
vt 32.891613 49.593872
vt 33.101982 53.607887
vt 34.617004 49.919727
vt 2.539096 5.949838
vt 6.236426 13.483424
vt 8.149257 13.667171
vt 7.504898 12.891838
vt 9.147049 13.523117
vt 6.445629 14.398965
vt 27.631424 1.987735
vt 26.920681 54.695000
vt 26.883717 55.890274
vt 25.909895 10.209658
vt 26.714424 10.632707
vt 27.790773 10.048743
vt 26.816793 11.599474
vt 27.660751 11.954695
vt 26.065945 12.123567
vt 25.133476 11.708501
vt 28.164770 12.890478
vt 26.965641 13.335231
vt 25.138542 13.830017
vt 26.913975 14.337039
vt 27.798447 14.837318
vt 25.982733 14.743678
vt 28.666618 14.211827
vt 27.694387 15.868651
vt 26.591028 16.154936
vt 24.667715 15.952076
vt 27.171249 17.842392
vt 25.315540 18.259827
vt 24.486715 18.718670
vt 24.478382 19.719320
vt 25.370602 17.314068
vt 23.586691 20.230635
vt 22.639847 18.954012
vt 21.654003 18.652044
vt 23.782799 21.474442
vt 21.886305 20.679636
vt 21.904202 21.738695
vt 20.963486 22.282738
vt 20.434467 17.330782
vt 23.339727 23.258356
vt 22.479408 23.850529
vt 20.040993 21.466799
vt 24.167265 9.983062
vt 7.462791 14.771180
vt 8.837733 15.332184
vt 10.401320 16.287825
vt 9.544451 16.761694
vt 11.948397 15.289478
vt 12.835530 16.605968
vt 12.890696 17.669573
vt 19.355137 44.705063
vt 17.729467 42.996090
vt 16.717030 42.718220
vt 19.343260 43.491802
vt 20.241127 42.939831
vt 20.284351 41.826786
vt 21.514204 41.381611
vt 21.255680 43.590965
vt 22.188913 42.975792
vt 21.302296 44.620079
vt 18.592541 41.680321
vt 18.716789 39.772011
vt 17.881180 40.640926
vt 18.420156 38.827229
vt 18.283279 36.910179
vt 17.478716 35.275303
vt 16.838530 39.636017
vt 16.585978 41.501534
vt 15.568996 41.077934
vt 15.964655 39.857876
vt 15.301092 39.209972
vt 14.449251 39.451073
vt 12.785013 38.173939
vt 12.771173 37.241024
vt 23.634165 11.532207
vt 24.322559 12.141353
vt 21.916189 11.212111
vt 22.749878 11.885127
vt 21.522968 13.916120
vt 20.611197 14.502697
vt 20.958786 10.164231
vt 20.045145 10.458654
vt 22.901762 14.418056
vt 17.488047 44.283031
vt 18.332911 45.125240
vt 18.092871 46.105667
vt 4.091072 8.097968
vt 5.086175 8.041483
vt 5.510840 7.252706
vt 6.379253 7.227566
vt 6.805218 6.453183
vt 27.014025 21.091112
vt 27.711193 21.731329
vt 29.208370 22.700314
vt 26.179790 21.506704
vt 26.104031 22.510111
vt 25.362776 20.981794
vt 25.491241 20.074129
vt 27.069534 22.891069
vt 29.246006 24.609154
vt 28.172508 25.852150
vt 29.079340 25.585081
vt 26.094423 24.284555
vt 27.028517 26.894320
vt 26.733173 27.948080
vt 25.320345 27.379490
vt 25.501932 26.485117
vt 25.603518 29.024532
vt 26.140032 29.809946
vt 24.404285 30.181173
vt 24.111477 25.177742
vt 22.573412 25.723600
vt 21.459635 24.532032
vt 21.698984 25.487864
vt 21.068998 26.134928
vt 19.997587 23.442217
vt 19.332273 26.702732
vt 17.427799 27.295210
vt 18.508993 27.958946
vt 20.308304 28.200188
vt 18.087690 30.459898
vt 19.815266 30.600250
vt 21.307381 31.519314
vt 22.170755 31.811068
vt 22.314957 32.717709
vt 23.908775 31.894489
vt 25.375164 32.961681
vt 16.268610 30.346209
vt 15.303375 29.772942
vt 15.358287 28.643736
vt 21.785522 34.185108
vt 21.069578 34.724430
vt 19.261892 34.441154
vt 20.166258 34.133137
vt 19.990065 35.957535
vt 21.755114 35.926380
vt 22.590614 35.619148
vt 24.246553 38.029736
vt 25.712755 36.755379
vt 24.952705 36.075310
vt 25.486639 42.091801
vt 25.463531 42.979973
vt 23.415504 41.801346
vt 23.142414 43.697102
vt 26.383854 44.507633
vt 24.884821 44.348377
vt 27.847437 44.162178
vt 28.651114 44.523479
vt 27.344454 45.764458
vt 26.653204 46.489353
vt 28.315052 45.922054
vt 25.684456 46.191387
vt 17.138355 31.812042
vt 14.376692 31.351717
vt 27.904182 47.518982
vt 26.196424 48.295120
vt 25.479059 50.231472
vt 27.410473 51.067104
vt 26.702019 51.938599
vt 28.468008 51.162693
vt 25.365944 51.358223
vt 24.432577 51.810921
vt 24.801800 31.673313
vt 22.563896 38.002144
vt 13.670927 34.662296
vt 27.827404 61.413189
vt 22.614969 57.343929
vt 25.855816 53.212257
vt 25.897301 54.241619
vt 28.293751 57.986343
vt 24.965973 60.429005
vt 20.941294 52.924397
vt 15.431534 55.512756
vt 14.541806 54.988155
vt 13.618956 56.271797
vt 19.385592 52.397057
vt 28.568077 56.007622
vt 30.278204 55.087387
vt 30.445675 53.910904
vt 16.838779 28.594641
vt 15.435034 27.506567
vt 11.917892 25.594856
vt 14.693033 22.281000
vt 13.749195 22.398647
vt 15.096359 21.446751
vt 13.614496 20.826540
vt 14.851830 19.888382
vt 14.537871 20.728243
vt 14.310149 19.164799
vt 15.536330 18.259258
vt 14.124392 17.653954
vt 15.869619 17.367268
vt 16.821568 17.241762
vt 17.183701 16.280073
vt 13.449411 23.427841
vt 11.863093 20.709286
vt 9.921698 27.417801
vt 9.347074 30.179264
vt 24.502031 34.146755
vt 32.376495 45.913998
vt 14.100454 53.025452
vt 15.293719 53.777748
vt 4.607973 4.978858
vt 29.684347 39.970253
vt 27.379753 34.429714
vt 32.917175 34.712215
vt 30.637667 32.161118
vt 14.080985 3.312863
vt 27.002876 8.818114
vt 26.098232 9.098275
vt 16.689432 5.541412
vt 28.824621 18.983845
vt 8.360454 11.854738
vt 9.623371 9.312683
vt 4.653642 11.798371
vt 10.997789 40.866043
vt 16.929590 46.067009
vt 16.559994 47.265026
vt 15.545643 47.445866
vt 16.863619 49.031540
vt 28.441450 11.071345
vt 18.756355 48.446590
vt 6.415467 20.886871
vt 8.127474 21.524382
vt 22.201752 6.577500
vt 21.457153 5.672182
vt 20.088003 8.665440
vt 19.368139 9.496808
vt 16.932959 9.041292
vt 17.742039 10.232631
vt 18.610546 10.718451
vt 18.592045 11.649076
vt 18.452429 7.900590
vt 24.619503 23.939491
vt 17.955517 52.431320
vt 21.072422 11.981606
vt 21.308176 12.877079
vt 30.052979 19.935566
vt 29.794554 16.726871
vt 29.848490 15.319762
vt 31.516287 16.059750
vt 8.193970 29.960831
vt 13.227429 29.205866
vt 15.387711 48.450218
vt 30.009022 21.259863
vt 27.565401 53.058804
vt 29.050259 54.363220
vt 9.439305 20.233521
vt 17.479471 21.623423
vt 19.008480 22.646111
vt 30.438311 51.568626
vt 4.362232 3.695896
vt 13.969993 36.559479
vt 30.697878 13.362962
vt 31.415224 30.512333
vt 33.258953 30.478416
vt 22.165710 28.538519
vt 9.561961 23.416691
vt 8.664201 34.095394
vt 10.515822 34.097290
vt 10.475767 10.878017
vt 14.043950 58.244423
vt 19.996584 3.221866
vt 16.971661 4.339028
vt 15.913249 50.772209
vt 15.749250 52.103844
vt 24.958412 63.395470
vt 15.593757 58.611225
vt 6.507222 17.562351
vt 26.939390 7.141760
vt 27.347738 3.181974
vt 10.658516 35.973217
vt 11.785807 35.129776
vt 15.670135 7.761403
vt 22.997978 8.716871
vt 18.587181 16.610239
vt 8.804748 17.703478
vt 11.252344 17.466522
vt 9.643329 12.656573
vt 10.023175 13.621174
vt 21.503450 23.006275
vt 19.937784 40.911903
vt 19.712923 14.120876
vt 21.012840 27.069410
vt 20.202999 26.280945
vt 16.298817 31.319233
vt 24.805113 59.478088
vt 30.009718 12.725174
vt 31.430426 13.984712
vt 0.000000 0.000000
vt 1.254401 0.000000
vt 2.508803 0.000000
vt 3.763205 0.000000
vt 5.017606 0.000000
vt 6.272007 0.000000
vt 7.526409 0.000000
vt 8.780810 0.000000
vt 10.035212 0.000000
vt 11.289614 0.000000
vt 12.544015 0.000000
vt 13.798416 0.000000
vt 15.052818 0.000000
vt 16.307219 0.000000
vt 17.561621 0.000000
vt 18.816023 0.000000
vt 20.070423 0.000000
vt 21.324825 0.000000
vt 21.531506 1.232649
vt 21.736557 2.465570
vt 21.939928 3.698770
vt 22.141571 4.932254
vt 22.341429 6.166027
vt 22.539446 7.400097
vt 22.735561 8.634472
vt 22.929712 9.869157
vt 23.121832 11.104158
vt 23.311850 12.339486
vt 23.499691 13.575146
vt 23.685276 14.811148
vt 23.868521 16.047497
vt 24.049335 17.284204
vt 24.227625 18.521280
vt 24.403286 19.758730
vt 24.576212 20.996565
vt 24.746284 22.234797
vt 24.913382 23.473433
vt 25.077366 24.712484
vt 25.238094 25.951963
vt 25.395412 27.191877
vt 25.549149 28.432243
vt 25.699123 29.673069
vt 25.845135 30.914366
vt 25.986971 32.156147
vt 26.124390 33.398426
vt 26.257135 34.641212
vt 26.384920 35.884518
vt 26.507429 37.128357
vt 26.624311 38.372734
vt 26.735176 39.617664
vt 26.839586 40.863148
vt 26.937050 42.109200
vt 27.027012 43.355812
vt 27.108835 44.602985
vt 27.181797 45.850704
vt 27.245054 47.098957
vt 27.297632 48.347702
vt 27.338377 49.596889
vt 27.365921 50.846436
vt 27.378618 52.096218
vt 27.374460 53.346058
vt 27.350954 54.595680
vt 27.304947 55.844669
vt 27.232367 57.092388
vt 27.127804 58.337822
vt 26.983837 59.579292
vt 26.789881 60.813896
vt 26.530050 62.036240
vt 26.179066 63.235355
vt 25.693962 64.386078
vt 25.000000 65.421616
vt 23.750000 65.421616
vt 22.500000 65.421616
vt 21.250000 65.421616
vt 20.000000 65.421616
vt 18.750000 65.421616
vt 17.500000 65.421616
vt 16.250000 65.421616
vt 15.000000 65.421616
vt 13.750000 65.421616
vt 12.500000 65.421616
vt 11.250000 65.421616
vt 10.000000 65.421616
vt 10.104059 64.193665
vt 10.191135 62.964394
vt 10.259929 61.733963
vt 10.308987 60.502594
vt 10.336675 59.270557
vt 10.341150 58.038223
vt 10.320331 56.806061
vt 10.271848 55.574684
vt 10.193006 54.344879
vt 10.080729 53.117687
vt 9.931497 51.894444
vt 9.741284 50.676914
vt 9.505494 49.467403
vt 9.218902 48.268936
vt 8.875631 47.085484
vt 8.469191 45.922253
vt 7.992619 44.786003
vt 7.438826 43.685390
vt 6.801212 42.631203
vt 6.074629 41.636349
vt 5.256624 40.715298
vt 4.348707 39.882832
vt 3.357103 39.152107
vt 2.292485 38.532555
vt 1.168558 38.028412
vt 0.000000 37.638512
vt 0.785340 36.718842
vt 1.196469 35.561085
vt 1.450432 34.357521
vt 1.619024 33.138786
vt 1.732859 31.913643
vt 1.807985 30.685482
vt 1.853968 29.455875
vt 1.877031 28.225605
vt 1.881476 26.995123
vt 1.870421 25.764706
vt 1.846206 24.534456
vt 1.810642 23.304483
vt 1.765162 22.074835
vt 1.710923 20.845539
vt 1.648874 19.616613
vt 1.579807 18.388062
vt 1.504387 17.159885
vt 1.423183 15.932078
vt 1.336682 14.704632
vt 1.245310 13.477538
vt 1.149435 12.250790
vt 1.049384 11.024372
vt 0.945446 9.798279
vt 0.837878 8.572499
vt 0.726909 7.347022
vt 0.612746 6.121839
vt 0.495577 4.896938
vt 0.375570 3.672313
vt 0.252880 2.447954
vt 0.127647 1.223853
vt 9.300398 8.447479
vt 12.966980 19.661192
vt 10.746169 33.368980
vt 17.162848 41.607841
vt 18.731384 52.944965
vt 17.284367 26.353199
vt 15.725796 6.604612
vt 20.625000 59.073376
vt 7.897987 14.859015
vt 16.706469 13.975723
vt 18.683176 19.939533
vt 8.685029 25.015211
vt 10.873371 38.894386
vt 21.395746 45.563053
vt 15.296188 47.449162
vt 19.142328 34.772682
vt 5.553426 5.031178
vt 6.640280 35.734959
vt 6.808603 30.256826
vt 21.955809 40.645443
vt 15.043636 56.003448
vt 22.666897 50.324944
vt 20.854164 29.629185
vt 22.802265 55.053467
vt 6.853406 19.969866
vt 12.589365 43.526077
vt 15.625000 60.715324
vt 5.272639 10.048907
vt 10.662413 4.310257
vt 20.989342 24.623144
vt 18.563622 9.923106
vt 14.043184 52.013554
vt 18.188822 3.698300
vt 20.004944 15.988379
vt 5.332871 23.818142
vt 22.693937 34.393326
vt 14.425617 3.400501
vt 23.480030 60.749115
vt 19.375000 62.155197
vt 4.610066 15.090721
vt 12.113063 46.787949
vt 4.836966 32.819923
vt 5.009877 27.621674
vt 13.131461 62.511650
vt 21.572817 20.785143
vt 7.873705 39.214783
vt 24.099558 44.174145
vt 23.570917 38.031857
vt 24.346132 47.846489
vt 13.343547 58.665306
vt 9.627263 41.641815
vt 3.073284 2.783655
vt 24.370096 57.479183
vt 24.532661 52.711678
vt 4.315127 18.850504
vt 3.589638 7.705560
vt 8.153609 2.839625
vt 22.604395 26.916058
vt 19.644165 7.231747
vt 20.418137 12.152319
vt 12.275993 49.555042
vt 4.126497 36.605534
vt 23.357262 31.827518
vt 4.281822 30.162333
vt 12.746739 54.798592
vt 16.875000 62.943970
vt 21.875000 62.891495
vt 3.702329 12.668393
vt 21.706419 18.253254
vt 24.452206 41.676723
vt 2.963833 5.278889
vt 4.166009 21.353060
vt 5.644807 2.458807
vt 25.051180 50.272385
vt 23.279497 29.336044
vt 10.373107 44.455635
vt 25.108194 55.138409
vt 11.916814 2.292028
vt 3.091073 10.233843
vt 22.686207 23.143297
vt 20.742765 9.580441
vt 21.556913 14.498787
vt 24.031490 63.007626
vt 11.978318 52.265461
vt 19.443224 2.008702
vt 20.064259 4.638616
vt 16.934420 2.008702
vt 3.781716 25.111723
vt 24.410002 35.459278
vt 3.258425 16.427288
vt 3.328766 33.996330
vt 25.151737 59.924004
vt 6.004898 38.987865
vt 7.851774 41.101181
vt 12.032760 59.925003
vt 12.042551 57.393219
vt 11.875000 63.762493
vt 25.470783 45.324764
vt 24.992319 39.145470
vt 14.425617 1.642409
vt 14.375000 63.768044
vt 1.775210 1.673754
vt 9.408011 1.627611
vt 10.922891 48.494957
vt 19.375000 63.848198
vt 23.592236 25.535229
vt 2.455850 36.660179
vt 3.384110 27.615801
vt 24.553188 32.943493
vt 3.249210 31.390018
vt 2.772770 13.980748
vt 9.037139 43.570801
vt 10.060460 46.018875
vt 22.865112 19.345888
vt 22.509375 16.877785
vt 25.530275 42.837269
vt 1.875850 4.143486
vt 2.110896 6.600152
vt 3.133115 20.157703
vt 3.242740 22.635849
vt 6.899208 1.469386
vt 4.390405 1.469386
vt 24.356190 30.460272
vt 24.057249 27.987446
vt 25.875372 47.782104
vt 25.978886 51.485485
vt 25.844091 57.602936
vt 21.110380 6.996480
vt 21.885647 11.926586
vt 26.006535 53.945358
vt 2.210378 9.069665
vt 2.419021 11.529927
vt 23.323896 21.799370
vt 11.135675 51.082695
vt 11.442805 53.611801
vt 4.642309 38.446236
vt 2.591496 35.226871
vt 6.643555 40.307304
vt 5.895622 37.278015
vt 23.125000 64.125328
vt 20.563042 3.292469
vt 18.188822 1.298108
vt 11.480542 62.419346
vt 7.843690 37.266914
vt 9.014124 35.108856
vt 11.759503 36.109821
vt 15.068312 33.328754
vt 14.734793 38.589928
vt 12.864800 28.788939
vt 25.191151 36.630047
vt 3.438786 37.787273
vt 2.759650 17.699207
vt 11.507701 56.142670
vt 8.159238 42.529736
vt 25.192839 62.295757
vt 11.547036 58.658779
vt 8.189868 32.556244
vt 9.938158 29.941469
vt 23.697565 46.045589
vt 22.167305 47.613926
vt 18.726803 47.737705
vt 25.604187 40.339596
vt 10.184002 47.347492
vt 12.976935 56.253941
vt 20.310949 37.823139
vt 2.979286 30.113623
vt 16.875000 64.261620
vt 5.188662 17.027569
vt 15.680018 1.180476
vt 13.171216 1.180476
vt 13.125000 64.240486
vt 10.662413 1.176344
vt 10.481561 2.642707
vt 3.019343 26.369640
vt 2.830004 32.633446
vt 20.625000 64.262512
vt 23.847832 24.244831
vt 22.445532 24.637583
vt 2.506508 15.238963
vt 2.861647 21.410612
vt 2.954707 23.886904
vt 10.736669 49.855129
vt 24.207743 40.301308
vt 3.675179 28.944691
vt 20.696527 32.508301
vt 17.587322 30.894192
vt 25.057972 34.140816
vt 23.020046 18.063932
vt 22.658928 15.595021
vt 21.376987 16.095665
vt 20.591066 17.319607
vt 18.195459 17.579720
vt 15.849693 19.294838
vt 14.877219 23.167486
vt 14.000440 16.268410
vt 12.552331 11.815934
vt 20.137772 18.994156
vt 25.947308 44.052917
vt 1.667541 5.402887
vt 1.426976 2.948627
vt 8.153609 1.136270
vt 5.644807 1.136270
vt 3.136004 1.136270
vt 24.803301 31.662354
vt 24.205112 26.712963
vt 24.407591 64.274315
vt 11.335394 54.889072
vt 13.799881 60.451969
vt 26.211300 49.008392
vt 26.106537 46.530926
vt 21.544558 8.190930
vt 21.149031 5.726108
vt 22.311974 13.123591
vt 21.932489 10.656732
vt 1.871863 7.861107
vt 2.288719 12.778872
vt 23.394094 20.530710
vt 11.383778 61.162075
vt 15.706349 63.602795
vt 14.854058 62.181927
vt 18.050234 63.602795
vt 15.461579 2.521455
vt 16.233488 4.481123
vt 17.925220 5.873305
vt 13.389655 2.521455
vt 12.678095 4.410002
vt 11.544888 6.893582
vt 5.065115 29.012148
vt 6.931186 28.241680
vt 6.602555 25.973133
vt 24.533899 29.184429
vt 9.226671 44.936478
vt 26.283844 52.717503
vt 25.480841 37.852459
vt 2.694032 18.941639
vt 21.875000 64.336555
vt 26.286486 50.245152
vt 18.032581 62.256664
vt 18.538685 60.021568
vt 18.291224 56.707722
vt 16.809792 61.515675
vt 16.988073 59.974628
vt 15.398135 58.673286
vt 17.811462 58.409710
vt 16.501274 57.121777
vt 16.957493 55.018024
vt 15.148909 53.856674
vt 16.526844 51.776791
vt 18.699245 50.341362
vt 11.916814 1.060199
vt 5.079153 34.685406
vt 6.580573 33.542023
vt 12.562086 50.958019
vt 14.477897 49.836693
vt 12.839025 53.387482
vt 20.349232 63.001698
vt 20.991632 61.278496
vt 10.597701 17.085707
vt 23.829004 36.692905
vt 21.998116 37.034344
vt 20.489250 36.005756
vt 18.582710 36.736145
vt 18.197155 39.266533
vt 16.718111 35.143223
vt 14.257639 35.723129
vt 21.705503 25.833956
vt 19.520266 26.309261
vt 20.904762 27.413527
vt 18.924154 28.476704
vt 18.352753 23.808990
vt 4.133585 23.499636
vt 5.056927 22.440050
vt 7.643865 22.638723
vt 11.086701 22.546696
vt 5.690296 21.012327
vt 23.191496 41.191368
vt 21.611198 43.096893
vt 18.803980 44.094135
vt 23.300699 42.787735
vt 15.698894 44.358936
vt 19.648563 41.571049
vt 17.646780 7.992416
vt 15.365646 10.258714
vt 21.955870 38.839645
vt 20.261402 39.742485
vt 20.838934 34.271610
vt 6.124849 13.141830
vt 9.164729 11.776949
vt 26.305918 55.182526
vt 25.664551 56.314415
vt 24.388834 56.198334
vt 22.737682 56.814743
vt 20.536333 55.852203
vt 22.870070 58.826984
vt 20.998936 53.551079
vt 6.322446 22.903318
vt 7.272813 24.217602
vt 20.634060 2.015418
vt 10.417116 42.938210
vt 12.021940 41.071629
vt 14.546386 41.780838
vt 4.416634 26.356501
vt 5.163145 25.191418
vt 23.841919 33.948425
vt 22.838171 33.061966
vt 21.977165 31.973547
vt 22.530279 30.606379
vt 20.849068 31.072779
vt 19.183254 31.621634
vt 17.546028 33.099167
vt 23.127863 35.609062
vt 21.749662 35.415668
vt 11.859329 25.700981
vt 22.131132 41.920036
vt 20.846254 42.055660
vt 20.131790 43.382141
vt 20.075581 44.871441
vt 18.566313 45.911705
vt 20.072840 46.482456
vt 17.064457 46.963757
vt 16.730289 49.209923
vt 20.467905 48.255417
vt 6.769257 21.702793
vt 8.544490 20.920490
vt 8.755173 18.566238
vt 10.650832 19.922434
vt 19.686567 30.346869
vt 8.235537 5.575107
vt 6.429307 7.596912
vt 23.847485 22.986637
vt 19.590660 14.003472
vt 18.165247 12.255786
vt 18.135546 15.342867
vt 16.116598 16.022795
vt 14.354744 5.295112
vt 13.678637 7.375498
vt 12.113307 9.341516
vt 19.407093 57.940880
vt 20.997826 57.451305
vt 1.954491 10.330193
vt 11.432593 45.480415
vt 13.365801 45.305164
vt 3.998447 17.451239
vt 16.454136 28.689190
vt 14.603242 26.715836
vt 15.059780 30.799454
vt 12.895351 32.071419
vt 20.624582 40.881184
vt 21.878881 9.401790
vt 12.661341 61.043533
vt 13.883812 54.164383
vt 20.043819 1.093963
vt 24.877953 46.407867
vt 5.546258 30.181623
vt 6.086748 31.741426
vt 4.897134 31.280096
vt 18.928947 42.733067
vt 17.342979 43.273720
vt 15.913546 42.585609
vt 14.559972 43.321419
vt 17.425316 44.838184
vt 18.405941 41.605347
vt 18.993744 40.374149
vt 17.715778 40.452991
vt 15.779029 40.235489
vt 16.852131 39.411709
vt 17.363367 37.844921
vt 20.737411 22.621492
vt 22.668512 14.331881
vt 3.880336 35.162937
vt 5.491533 19.620468
vt 6.587278 18.178339
vt 6.893527 16.380825
vt 8.783210 16.535700
vt 10.349412 14.636784
vt 6.246005 14.861033
vt 22.663782 44.078087
vt 23.954006 55.129150
vt 23.467281 53.734653
vt 22.893278 52.070599
vt 20.878206 51.444412
vt 18.877823 54.873474
vt 19.275652 33.198624
vt 14.874045 14.556226
vt 12.609652 14.479828
vt 15.204562 12.417161
vt 23.370262 55.989567
vt 25.016520 58.619877
vt 24.006996 59.383621
vt 26.121777 58.850243
vt 3.508493 9.002857
vt 5.030370 8.446863
vt 4.976194 6.781462
vt 6.363371 9.064621
vt 7.160361 11.044290
vt 7.755351 8.391820
vt 8.472898 9.945744
vt 10.353362 10.006686
vt 8.576046 7.082443
vt 9.985407 5.971937
vt 3.704028 11.373956
vt 5.085984 12.022988
vt 9.284276 38.218884
vt 9.496614 39.926258
vt 10.621147 37.280842
vt 12.362782 37.835083
vt 9.235160 36.727226
vt 10.369992 35.897881
vt 11.257896 34.737530
vt 12.856056 34.931183
vt 12.206182 33.603001
vt 13.661044 33.714226
vt 12.408521 39.476120
vt 13.519146 40.589802
vt 13.134095 41.960403
vt 11.872368 42.399021
vt 10.886286 41.615784
vt 10.932374 40.254837
vt 24.088366 61.797157
vt 22.749119 61.873951
vt 25.062550 61.111782
vt 22.168369 60.696693
vt 25.145567 48.641182
vt 23.746998 49.248650
vt 22.396290 48.973270
vt 21.169878 49.921722
vt 18.629032 61.216873
vt 19.829180 60.525093
vt 9.361302 22.443781
vt 10.132971 24.021368
vt 11.788769 24.046495
vt 13.671105 24.794964
vt 13.032220 22.550205
vt 14.553006 21.070620
vt 16.930943 21.776447
vt 15.666654 25.013193
vt 10.203532 25.675854
vt 11.001084 27.688108
vt 8.679952 27.102362
vt 21.150564 60.119034
vt 21.769783 59.152897
vt 22.029427 58.009201
vt 10.897378 52.397335
vt 21.148727 4.461334
vt 16.934420 0.906432
vt 22.032673 22.009943
vt 7.319236 6.574230
vt 6.901011 5.270941
vt 6.471871 3.775996
vt 7.842947 4.217897
vt 9.267397 3.814820
vt 6.109321 6.243742
vt 5.087762 3.726827
vt 4.221917 4.771239
vt 3.988472 6.005455
vt 3.194993 4.039011
vt 11.645460 32.429848
vt 11.772125 30.513054
vt 9.984543 31.739532
vt 8.509293 30.877960
vt 8.400003 29.152906
vt 12.062024 21.126871
vt 16.609444 23.518269
vt 4.446148 2.688599
vt 19.352091 17.070469
vt 19.185717 18.260710
vt 18.059322 18.838161
vt 17.162621 20.073454
vt 16.746395 18.059546
vt 15.000673 17.735426
vt 13.210417 17.881554
vt 12.233235 16.402964
vt 11.671949 18.577576
vt 15.905537 20.696930
vt 15.535518 21.992205
vt 18.390799 16.455257
vt 17.143637 16.817802
vt 20.085922 20.506117
vt 18.760607 21.767578
vt 21.812897 33.624386
vt 15.834867 45.948009
vt 14.427548 46.290230
vt 13.552453 47.851124
vt 14.611504 45.027222
vt 13.772823 44.198879
vt 14.735717 54.912380
vt 15.857190 54.742599
vt 16.779791 53.392410
vt 16.168091 55.836102
vt 17.288866 56.127689
vt 13.960759 55.720074
vt 14.143888 57.230984
vt 17.946360 55.327038
vt 17.895245 54.038826
vt 4.354465 20.074081
vt 14.088967 32.514931
vt 15.292049 32.063335
vt 16.309448 31.223082
vt 16.277151 32.889999
vt 13.875441 31.261658
vt 13.978290 29.776730
vt 14.333367 28.254980
vt 16.048742 29.937119
vt 13.137352 27.252039
vt 16.034887 34.107170
vt 15.442595 35.241058
vt 15.465672 36.995171
vt 17.293306 29.651609
vt 18.482044 30.026411
vt 17.679258 28.468019
vt 18.310192 27.255930
vt 16.876251 27.523684
vt 15.944891 26.542553
vt 15.285777 28.999456
vt 15.502513 27.740738
vt 14.476999 34.564945
vt 17.137463 34.123379
vt 17.944498 35.051365
vt 17.415037 36.215202
vt 18.247780 33.972694
vt 13.921263 37.252224
vt 16.275610 36.193443
vt 16.499704 37.229809
vt 16.334293 38.375938
vt 17.187984 31.989588
vt 18.268229 32.253567
vt 12.799047 30.956856
vt 12.660388 29.867695
vt 11.418210 29.091955
vt 11.960119 31.488058
vt 10.917552 31.183453
vt 10.203151 28.689095
vt 9.801387 27.550301
vt 8.900920 28.176912
vt 7.903320 27.822062
vt 7.564976 26.678070
vt 6.480764 27.148853
vt 5.561265 26.459435
vt 7.662681 25.535234
vt 8.572283 26.058519
vt 9.533276 26.486870
vt 10.597478 26.683895
vt 11.715498 26.817762
vt 12.137367 27.892431
vt 2.721653 25.132587
vt 3.532491 14.798800
vt 4.382859 13.794619
vt 22.104324 28.359722
vt 14.298244 53.113773
vt 15.323269 52.296471
vt 15.427950 50.885338
vt 16.655252 50.495472
vt 17.740044 51.251278
vt 19.019415 51.639408
vt 20.051310 52.551617
vt 17.537228 52.446213
vt 19.864933 50.742348
vt 19.681320 49.381268
vt 18.383486 49.036045
vt 17.538399 48.118019
vt 16.376390 47.920712
vt 15.348977 48.801247
vt 17.638758 49.907917
vt 21.449739 44.325279
vt 4.162312 9.910829
vt 11.440050 43.465641
vt 11.963220 44.474979
vt 10.213722 18.530464
vt 19.052151 15.718020
vt 19.770166 15.001695
vt 20.549828 14.346241
vt 21.206511 13.411513
vt 15.767940 49.828915
vt 19.852257 5.934865
vt 18.913916 5.115938
vt 17.858130 4.761698
vt 16.915419 5.376424
vt 16.943516 6.593867
vt 16.344995 7.770929
vt 16.743597 9.364504
vt 16.884476 11.090388
vt 14.986384 7.744692
vt 13.884836 9.145833
vt 15.818724 5.504395
vt 15.645708 8.792481
vt 13.816019 10.779032
vt 13.641692 61.538933
vt 14.633845 61.128334
vt 22.211853 53.928677
vt 21.514021 55.012325
vt 21.909285 52.763721
vt 21.691769 56.208233
vt 21.901318 51.707386
vt 10.050900 34.408905
vt 8.852512 33.751656
vt 7.629935 34.585457
vt 7.941228 35.854233
vt 25.466625 35.350681
vt 23.811794 39.188339
vt 22.968472 40.024738
vt 24.701090 53.953346
vt 23.213333 48.136677
vt 23.120920 47.013668
vt 22.507240 45.992340
vt 23.144363 45.080917
vt 21.614002 46.651512
vt 21.171049 47.546429
vt 21.460876 48.537033
vt 17.282272 24.855892
vt 18.656199 25.190018
vt 19.662066 24.245153
vt 19.366201 22.950018
vt 14.359692 19.095238
vt 9.338792 32.700733
vt 8.866572 31.815500
vt 19.398325 3.626390
vt 18.742226 2.798713
vt 17.680252 2.765426
vt 16.513020 3.169947
vt 17.182453 3.968460
vt 6.178891 24.619829
vt 5.427567 18.434521
vt 9.867483 7.271852
vt 10.842763 8.466882
vt 10.293499 21.330112
vt 19.439501 27.452744
vt 20.200075 28.477196
vt 9.460218 17.560511
vt 18.871534 6.442638
vt 18.596846 7.484394
vt 19.447979 8.715572
vt 11.012970 46.600357
vt 11.413857 47.568859
vt 12.022658 48.484802
vt 3.873785 32.292965
vt 3.969166 33.262360
vt 20.534142 25.709583
vt 8.510393 23.675404
vt 12.921556 5.979395
vt 11.619898 5.377742
vt 19.520128 59.411682
vt 18.599180 59.024296
vt 18.730658 35.716831
vt 13.062002 36.261654
vt 9.508197 19.516632
vt 8.286784 19.710875
vt 7.601444 18.762281
vt 7.687097 17.440872
vt 16.745182 12.529953
vt 13.873641 12.137746
vt 12.929600 13.140380
vt 11.093656 12.947394
vt 14.308926 13.373838
vt 13.746886 14.368707
vt 13.273479 15.398664
vt 14.253237 15.318432
vt 15.046033 16.038027
vt 9.569494 13.284570
vt 7.858669 12.935745
vt 11.056312 11.393261
vt 23.804338 58.358150
vt 14.229817 48.743866
vt 13.401161 49.506546
vt 13.649279 50.618244
vt 22.929920 38.768692
vt 22.595739 37.830750
vt 15.508636 3.641206
vt 15.190351 4.648621
vt 12.055798 8.064909
vt 12.614072 7.124312
vt 12.935140 8.664895
vt 12.081568 10.623303
vt 13.011295 10.005039
vt 2.328258 33.857925
vt 24.730421 51.478958
vt 23.865751 50.603168
vt 2.667878 28.855782
vt 17.148779 15.750259
vt 16.397335 14.995168
vt 13.258738 46.485294
vt 19.561794 29.307245
vt 2.256104 16.493580
vt 11.423191 3.384166
vt 11.670134 4.362560
vt 25.083803 63.397587
vt 15.625000 64.617767
vt 18.125000 64.618050
vt 13.680368 39.318394
vt 14.597021 40.080559
vt 15.084744 40.945976
vt 16.126236 41.269249
vt 16.730927 40.490963
vt 4.098180 3.621010
vt 5.332593 14.296096
vt 9.097408 14.457879
vt 9.574044 15.592620
vt 10.836649 15.824432
vt 11.500369 14.858369
vt 11.759919 13.804361
vt 13.740646 38.278294
vt 8.240687 13.889973
vt 7.070971 14.021424
vt 5.331728 39.722050
vt 2.050070 37.568089
vt 20.652863 10.875520
vt 19.249136 11.277433
vt 19.717373 10.159920
vt 18.076025 11.067358
vt 17.462770 10.174493
vt 17.806763 9.144805
vt 18.504566 8.460631
vt 15.874804 62.535698
vt 6.309530 11.928627
vt 6.062208 10.839210
vt 6.778216 10.047873
vt 7.327991 12.057034
vt 8.167201 11.397882
vt 22.954071 62.934238
vt 25.859221 60.574368
vt 22.857536 59.888809
vt 14.993685 20.031090
vt 13.917900 20.188213
vt 13.311928 21.294119
vt 13.528888 26.050581
vt 12.592085 26.363007
vt 12.807757 25.333040
vt 12.772228 24.314371
vt 13.739940 23.585318
vt 7.057343 41.681385
vt 25.778978 41.594696
vt 7.793686 21.622101
vt 7.585571 20.646866
vt 17.962969 42.495926
vt 17.625900 13.276939
vt 18.762159 13.224071
vt 18.239206 14.221468
vt 19.776403 12.975981
vt 23.749870 51.582321
vt 8.586433 15.567567
vt 9.767152 16.557676
vt 11.066833 59.903297
vt 11.075782 57.409554
vt 11.875000 64.709778
vt 11.052359 64.236137
vt 26.424261 45.269009
vt 25.950840 39.060108
vt 14.425617 0.701447
vt 14.375000 64.712944
vt 0.864561 1.766919
vt 1.238304 0.922914
vt 9.408011 0.692960
vt 10.027505 48.709072
vt 19.375000 64.759041
vt 24.497652 25.417820
vt 1.609004 36.359455
vt 25.432825 32.846188
vt 21.608704 19.517569
vt 3.270940 36.014244
vt 6.907238 39.365387
vt 6.904081 38.105793
vt 7.608534 40.155025
vt 8.596761 40.405315
vt 5.545506 38.158806
vt 4.808899 37.406929
vt 5.234877 36.352966
vt 11.078871 63.266808
vt 12.280938 62.913780
vt 12.324154 61.948761
vt 6.866939 36.795547
vt 3.300428 36.915779
vt 8.646331 41.677536
vt 9.168910 42.541531
vt 12.446674 58.281235
vt 13.103581 57.446323
vt 24.393528 45.216187
vt 12.286321 55.617298
vt 4.383441 16.213268
vt 5.550303 15.864690
vt 13.513116 63.377506
vt 11.078141 1.971951
vt 21.726114 23.755186
vt 23.012577 23.962387
vt 11.418719 49.255676
vt 11.612388 50.249115
vt 24.890366 40.889412
vt 4.195130 28.134483
vt 21.819408 15.336938
vt 20.844843 15.277013
vt 21.542789 17.066429
vt 20.751038 18.261538
vt 25.044851 44.439987
vt 2.211220 2.477848
vt 2.377226 3.377855
vt 8.543441 1.987947
vt 9.356944 2.722453
vt 3.583852 1.978207
vt 23.462883 27.272671
vt 23.084295 28.191988
vt 13.065597 59.687908
vt 14.107053 59.421906
vt 14.804153 60.141232
vt 15.746139 59.668247
vt 16.617859 58.805008
vt 2.692741 7.363584
vt 3.096962 6.452068
vt 22.426762 20.252094
vt 14.965657 63.081039
vt 18.846697 63.001698
vt 12.725734 1.941324
vt 13.371424 3.592909
vt 14.051548 4.335139
vt 12.430185 3.181683
vt 6.239264 29.210892
vt 7.321513 29.251923
vt 7.815913 30.137617
vt 7.430191 31.193739
vt 5.877218 28.220839
vt 25.406755 53.164654
vt 24.553953 38.241058
vt 3.474437 18.359907
vt 3.528835 19.327520
vt 16.498838 60.698864
vt 17.440844 60.807846
vt 17.509909 57.406094
vt 5.501212 33.682148
vt 6.162769 34.550865
vt 5.929311 32.752617
vt 7.038130 32.407402
vt 12.985318 51.931038
vt 12.230340 54.056248
vt 21.151138 63.486866
vt 21.064474 62.286995
vt 20.938795 36.967297
vt 21.410046 37.923729
vt 20.879288 38.860619
vt 21.434965 39.742527
vt 19.718576 36.847584
vt 19.039204 37.927734
vt 19.748564 38.768932
vt 22.632341 25.580198
vt 21.646933 26.797012
vt 4.123752 22.296295
vt 5.013980 21.566648
vt 5.866195 21.962500
vt 23.617777 41.964123
vt 24.343590 42.716393
vt 20.141602 35.033325
vt 26.584747 56.428745
vt 7.097772 23.343426
vt 9.923666 43.683250
vt 4.198396 27.230507
vt 4.514222 24.427162
vt 23.673870 32.687019
vt 23.422691 30.276602
vt 21.554815 30.353464
vt 21.853741 29.363255
vt 20.140079 31.723307
vt 23.691034 34.867386
vt 22.855780 36.553783
vt 19.989803 42.450012
vt 19.667458 44.110325
vt 19.089512 45.055794
vt 20.494459 45.677662
vt 19.096790 46.785133
vt 18.086460 46.940849
vt 17.555613 46.066895
vt 16.727993 45.533394
vt 6.570805 20.824650
vt 14.516873 6.497860
vt 18.462137 57.674511
vt 19.564926 56.676613
vt 18.908587 55.894234
vt 20.343641 58.154827
vt 10.573443 45.308586
vt 12.435159 45.789490
vt 19.087219 0.931608
vt 25.089251 47.303589
vt 6.139884 30.849470
vt 4.051963 31.017109
vt 16.842228 42.485188
vt 16.336178 43.536419
vt 15.015801 42.547047
vt 17.879202 44.029900
vt 17.460340 38.743362
vt 6.343086 19.130142
vt 6.226130 17.191963
vt 7.072664 15.406665
vt 22.502380 43.196053
vt 23.413795 43.645927
vt 23.564825 52.769981
vt 19.706734 53.840717
vt 20.417192 54.724518
vt 20.266413 33.430443
vt 15.569329 13.568590
vt 4.147699 8.391653
vt 4.485243 7.547091
vt 5.411593 7.600881
vt 5.492707 9.196287
vt 6.877707 8.352392
vt 7.353037 7.559460
vt 7.280021 9.184752
vt 8.507430 8.987167
vt 9.432237 9.493593
vt 9.393552 10.646409
vt 10.067125 11.371167
vt 9.972982 12.368095
vt 8.543921 7.974195
vt 9.015803 6.190972
vt 9.271067 5.065358
vt 4.726277 10.993113
vt 8.238798 38.234993
vt 9.885688 39.010979
vt 8.875376 39.136627
vt 11.353574 37.992836
vt 9.747221 37.457001
vt 10.341828 38.150990
vt 9.478903 35.869656
vt 12.007668 35.241291
vt 12.981589 33.031067
vt 12.623149 40.372711
vt 13.927466 42.556644
vt 10.064546 40.745762
vt 11.503269 39.548573
vt 11.892959 38.726006
vt 12.816326 38.643597
vt 24.378376 60.463173
vt 24.657532 49.431274
vt 22.018450 49.751839
vt 21.765312 50.691654
vt 20.046122 61.463860
vt 10.193030 23.014467
vt 12.058636 23.005947
vt 14.174253 22.202679
vt 14.600361 25.530630
vt 14.732643 24.321003
vt 15.640837 23.849012
vt 9.650872 24.870676
vt 10.949012 24.815313
vt 6.320173 4.628610
vt 6.809611 2.645678
vt 10.157060 3.521482
vt 4.947319 5.801613
vt 10.681196 32.406628
vt 9.513636 30.852051
vt 8.944951 29.984369
vt 11.829100 19.970842
vt 17.624287 22.805004
vt 19.229542 19.188456
vt 17.048035 19.047171
vt 15.796382 18.313032
vt 16.005163 17.188532
vt 14.064004 17.299564
vt 12.659759 18.712698
vt 11.699594 17.424969
vt 16.784056 20.889208
vt 17.947800 20.933546
vt 16.338900 22.567751
vt 20.672119 21.483591
vt 19.684534 21.411343
vt 21.555771 32.765205
vt 16.092850 46.887810
vt 15.244067 46.583233
vt 14.335379 47.264309
vt 14.831812 44.166889
vt 15.432724 43.507244
vt 15.321383 57.150543
vt 14.372279 58.298878
vt 13.743695 28.919689
vt 14.025316 27.407734
vt 15.110703 36.122635
vt 18.520521 30.961224
vt 18.297079 29.135725
vt 16.502008 25.651207
vt 14.916931 29.867332
vt 17.746487 37.041389
vt 14.780395 37.645966
vt 15.627472 39.177559
vt 10.936391 29.966568
vt 3.537258 13.536859
vt 4.639191 12.871009
vt 16.192791 52.656700
vt 19.477125 48.400902
vt 19.845566 47.463596
vt 20.595871 49.182526
vt 20.582417 44.144859
vt 12.893413 44.503345
vt 10.926122 19.071371
vt 21.226234 12.522768
vt 16.894049 8.480232
vt 16.349104 10.265397
vt 15.851172 11.174733
vt 14.800966 11.144700
vt 14.146732 8.218152
vt 14.851871 9.400716
vt 21.009186 52.404610
vt 7.663081 33.502743
vt 8.383271 36.594463
vt 24.074493 46.928463
vt 22.174927 44.976978
vt 17.434820 23.941130
vt 16.427094 24.448021
vt 18.476555 26.221861
vt 20.545509 23.662325
vt 9.820458 33.502453
vt 10.616380 6.684483
vt 11.132216 9.406556
vt 9.336794 21.476284
vt 9.680052 20.518984
vt 11.127677 20.792673
vt 21.147329 28.339493
vt 17.878298 6.838403
vt 20.404663 8.087179
vt 12.578631 47.663589
vt 20.395456 26.632027
vt 19.652452 25.242754
vt 8.529557 22.778893
vt 13.383610 5.104136
vt 12.470789 5.245742
vt 12.048781 6.158741
vt 10.658118 5.277261
vt 13.005505 37.178623
vt 17.352764 11.862222
vt 12.050418 12.674860
vt 10.455187 13.674752
vt 8.801240 12.682684
vt 22.997080 57.775761
vt 12.980378 48.633465
vt 14.480807 51.136753
vt 11.162976 10.467711
vt 12.923750 10.980099
vt 15.503618 15.234035
vt 11.344314 16.573881
vt 12.295958 15.427044
vt 15.885437 61.606915
vt 12.774727 20.554701
vt 19.137403 12.243230
vt 20.925657 20.132526
vt 4.732549 35.558826
vt 5.705565 35.439468
vt 21.632174 22.839140
vt 16.088247 57.996037
vt 2.822653 8.321544
vt 22.564354 21.206039
vt 25.350857 52.208553
vt 24.539724 37.303909
vt 19.111296 39.449348
vt 24.862270 43.509815
vt 20.455641 56.741634
vt 22.735527 53.170895
vt 13.476651 43.342590
vt 7.388020 3.391209
vt 18.515045 22.639645
vt 19.926733 22.263718
vt 5.305130 13.428222
vt 16.006254 12.044919
vt 8.600410 21.921371
vt 0.000000 0.000000
vt 1.252993 0.000000
vt 2.505986 0.000000
vt 3.758979 0.000000
vt 5.011972 0.000000
vt 6.264965 0.000000
vt 7.517958 0.000000
vt 8.770951 0.000000
vt 10.023944 0.000000
vt 11.276937 0.000000
vt 12.529930 0.000000
vt 13.782923 0.000000
vt 15.035916 0.000000
vt 16.288910 0.000000
vt 17.541903 0.000000
vt 18.794895 0.000000
vt 20.047888 0.000000
vt 21.300880 0.000000
vt 22.553875 0.000000
vt 23.806868 0.000000
vt 25.059860 0.000000
vt 26.312853 0.000000
vt 27.565845 0.000000
vt 28.818840 0.000000
vt 30.071833 0.000000
vt 31.324825 0.000000
vt 31.197178 1.223853
vt 31.071945 2.447954
vt 30.949255 3.672313
vt 30.829248 4.896938
vt 30.712078 6.121839
vt 30.597918 7.347022
vt 30.486948 8.572499
vt 30.379379 9.798279
vt 30.275442 11.024372
vt 30.175390 12.250790
vt 30.079515 13.477538
vt 29.988142 14.704632
vt 29.901642 15.932078
vt 29.820438 17.159885
vt 29.745018 18.388062
vt 29.675951 19.616613
vt 29.613903 20.845539
vt 29.559664 22.074835
vt 29.514183 23.304483
vt 29.478621 24.534456
vt 29.454405 25.764706
vt 29.443350 26.995123
vt 29.447794 28.225605
vt 29.470858 29.455875
vt 29.516840 30.685482
vt 29.591967 31.913643
vt 29.705801 33.138786
vt 29.874393 34.357521
vt 30.128357 35.561085
vt 30.539486 36.718842
vt 31.324825 37.638512
vt 30.107477 37.956272
vt 28.924059 38.383121
vt 27.789129 38.925709
vt 26.718624 39.586254
vt 25.727833 40.361221
vt 24.828991 41.241211
vt 24.029419 42.212360
vt 23.330976 43.258713
vt 22.730837 44.364483
vt 22.222961 45.515644
vt 21.799620 46.700573
vt 21.452557 47.910103
vt 21.173737 49.137207
vt 20.955736 50.376595
vt 20.791901 51.624321
vt 20.676371 52.877460
vt 20.604038 54.133854
vt 20.570461 55.391884
vt 20.571791 56.650375
vt 20.604681 57.908440
vt 20.666222 59.165436
vt 20.753870 60.420883
vt 20.865402 61.674438
vt 20.998859 62.925854
vt 21.152512 64.174950
vt 21.324825 65.421616
vt 20.074825 65.421616
vt 18.824825 65.421616
vt 17.574825 65.421616
vt 16.324825 65.421616
vt 15.074825 65.421616
vt 13.824825 65.421616
vt 12.574825 65.421616
vt 11.324825 65.421616
vt 10.074825 65.421616
vt 8.824825 65.421616
vt 7.574825 65.421616
vt 6.324825 65.421616
vt 5.074825 65.421616
vt 3.824825 65.421616
vt 2.574825 65.421616
vt 1.324825 65.421616
vt 0.074825 65.421616
vt -1.175175 65.421616
vt -2.425175 65.421616
vt -3.675175 65.421616
vt -4.369137 64.386078
vt -4.854239 63.235355
vt -5.205225 62.036240
vt -5.465055 60.813896
vt -5.659013 59.579292
vt -5.802978 58.337822
vt -5.907541 57.092388
vt -5.980122 55.844669
vt -6.026129 54.595680
vt -6.049635 53.346058
vt -6.053793 52.096218
vt -6.041096 50.846436
vt -6.013551 49.596889
vt -5.972806 48.347702
vt -5.920229 47.098957
vt -5.856971 45.850704
vt -5.784010 44.602985
vt -5.702186 43.355812
vt -5.612224 42.109200
vt -5.514760 40.863148
vt -5.410350 39.617664
vt -5.299485 38.372734
vt -5.182603 37.128357
vt -5.060095 35.884518
vt -4.932310 34.641212
vt -4.799564 33.398426
vt -4.662145 32.156147
vt -4.520310 30.914366
vt -4.374298 29.673069
vt -4.224323 28.432243
vt -4.070586 27.191877
vt -3.913270 25.951963
vt -3.752541 24.712484
vt -3.588556 23.473433
vt -3.421460 22.234797
vt -3.251387 20.996565
vt -3.078461 19.758730
vt -2.902799 18.521280
vt -2.724510 17.284204
vt -2.543695 16.047497
vt -2.360451 14.811148
vt -2.174866 13.575146
vt -1.987025 12.339486
vt -1.797006 11.104158
vt -1.604887 9.869157
vt -1.410735 8.634472
vt -1.214620 7.400097
vt -1.016603 6.166027
vt -0.816746 4.932254
vt -0.615104 3.698770
vt -0.411732 2.465570
vt -0.206681 1.232649
vt 13.096263 22.649338
vt 6.891461 8.113237
vt 7.479850 49.411743
vt 2.500453 57.013580
vt 11.949825 56.820648
vt 20.674385 9.675135
vt 21.555176 33.278248
vt 4.953891 21.511847
vt 21.142611 19.801794
vt 7.838628 34.167713
vt 2.302373 43.306904
vt 13.709345 43.142059
vt 11.903434 5.580509
vt 4.207200 13.913220
vt 0.745041 50.370949
vt 14.201315 50.124310
vt 25.097858 6.216617
vt 24.526070 13.680963
vt 23.504080 27.631826
vt 2.345011 27.375935
vt 1.463966 34.695934
vt 18.567175 39.322578
vt 15.699825 60.406342
vt -0.550175 60.687408
vt 6.949825 60.063564
vt 16.017277 54.640896
vt 19.421392 4.898419
vt 24.924255 22.519054
vt -0.577410 39.420650
vt 2.758587 8.664121
vt 4.385476 4.419450
vt -1.711330 56.222321
vt 25.625210 32.900078
vt 23.720062 36.773457
vt 0.870893 20.941452
vt -1.496432 45.479694
vt 17.881458 44.632637
vt 26.347847 10.073971
vt 25.787933 17.528662
vt -0.252930 30.787098
vt 10.699825 61.466766
vt 1.142105 15.962030
vt -0.060162 24.570782
vt 3.199825 61.610565
vt 15.662413 3.851440
vt 8.144455 3.763926
vt -2.504873 52.709339
vt 1.340598 12.219063
vt -2.531326 49.085209
vt 17.566730 50.566212
vt 23.180370 3.372460
vt 26.939350 3.349484
vt -1.742118 35.597317
vt 21.894732 39.640095
vt 27.046379 35.913841
vt 26.506680 27.620979
vt 17.538528 57.359135
vt -2.585282 41.719124
vt 20.340380 42.351357
vt 18.199825 62.682411
vt 11.903434 2.755088
vt 27.910192 6.478670
vt 27.314123 13.888569
vt 1.813100 5.991333
vt 26.915335 20.093260
vt -1.376383 28.155521
vt 18.599844 47.907143
vt 14.449825 62.797150
vt -3.032103 59.799141
vt 6.949825 62.779041
vt 18.168398 2.569401
vt -0.226121 18.275661
vt -2.294487 62.833866
vt 18.228134 59.966434
vt 0.699825 62.930744
vt 18.197643 53.365032
vt 27.058842 23.848989
vt -2.232196 33.053688
vt -2.740292 37.985435
vt 26.982124 30.164610
vt 1.889297 3.478412
vt 20.674385 2.430389
vt 5.638469 2.342942
vt 0.667209 9.593831
vt -3.628873 57.528183
vt -3.766484 55.137787
vt -3.453790 44.129593
vt -3.597939 46.590916
vt -1.177637 21.912195
vt 19.988873 45.385555
vt 28.090416 11.463408
vt 28.299471 8.998147
vt 27.718220 16.404261
vt 9.449825 63.296032
vt 11.949825 63.296032
vt -2.396036 30.535006
vt 4.449825 63.362343
vt 14.409420 2.078584
vt 9.397448 2.038381
vt 28.996840 2.858339
vt 27.683676 32.708813
vt 25.001637 38.411942
vt -0.313442 14.486571
vt -1.870080 25.586752
vt -4.121794 51.490891
vt 3.132483 1.904944
vt 24.433363 1.860805
vt 13.050797 14.076421
vt 22.163857 41.723373
vt 18.825752 56.022972
vt -4.318597 49.026913
vt 27.774004 26.364864
vt -3.784117 40.381111
vt 28.828749 36.674465
vt 26.939350 1.616151
vt 29.191174 5.358301
vt 19.433811 49.470028
vt -0.334718 11.961366
vt -3.428540 35.423988
vt 19.449825 63.838104
vt 16.949825 63.838104
vt 0.457315 7.035451
vt 28.133123 18.913662
vt 28.007837 21.390520
vt -1.120996 16.887077
vt -1.476695 19.354916
vt 16.915405 1.513838
vt 19.313391 61.180786
vt 19.133276 58.610481
vt 19.238688 52.113026
vt 27.958410 28.868877
vt -3.908528 61.121815
vt -0.550175 63.940945
vt 1.949825 63.940945
vt 0.721736 4.550531
vt 1.127840 2.088109
vt 19.421392 1.457438
vt 21.927378 1.457438
vt 6.891461 1.422756
vt 21.169237 44.363140
vt -4.264907 42.832977
vt -4.428438 45.308247
vt 20.261835 46.913879
vt 29.445335 1.395698
vt 24.286659 39.788212
vt 26.509508 38.049629
vt 25.742617 25.582724
vt 15.701303 8.886513
vt -4.675231 53.945236
vt 28.792006 12.759794
vt 28.993195 10.298222
vt 29.209074 7.839023
vt 28.605743 15.223983
vt -4.592184 56.389900
vt -4.391839 58.803265
vt -2.161253 23.035391
vt 10.699825 64.083168
vt 8.199825 64.083168
vt 13.199825 64.083168
vt 28.480944 33.929253
vt 26.781231 34.168980
vt 24.738346 34.869087
vt 11.903434 1.306312
vt -2.831319 27.975189
vt 2.884881 18.554050
vt 7.670683 17.408876
vt -3.286812 31.684246
vt 5.699825 64.107445
vt 28.249527 31.379381
vt 16.716536 28.448605
vt 4.385476 1.261535
vt 23.456373 40.925831
vt 19.344448 54.729698
vt 17.801991 54.861717
vt 28.278990 25.126207
vt 21.951015 43.225506
vt 23.315882 38.410042
vt 20.779312 36.915394
vt 15.468987 34.255394
vt 25.405855 36.775326
vt -4.175132 39.100262
vt 16.472813 62.068321
vt 19.693348 50.845451
vt 20.148516 48.259029
vt 28.852390 35.201748
vt -3.050175 64.252480
vt -4.770230 47.772854
vt -4.851426 50.247581
vt 27.845936 37.586273
vt 25.686357 1.172365
vt 29.741093 4.172112
vt 28.215544 4.185431
vt 26.673748 5.147085
vt 25.063709 3.990774
vt 18.199825 64.259834
vt 15.699825 64.259834
vt -0.164494 8.199706
vt 1.326307 8.247742
vt 28.490976 20.172813
vt 28.630058 17.703192
vt 27.196350 17.821848
vt 28.380608 22.646891
vt 26.940174 22.390787
vt 19.415995 57.310051
vt 28.300247 27.614502
vt 19.548471 59.874256
vt -0.556950 10.664620
vt -0.936403 13.131306
vt -3.717106 34.142529
vt -3.971817 36.619659
vt -1.318922 15.597272
vt -1.680030 18.066122
vt -2.030696 20.536100
vt -0.548077 20.510969
vt 15.662413 1.145829
vt 15.945628 2.498635
vt 19.772532 62.423813
vt -2.805517 39.382259
vt -3.389998 47.984138
vt -1.532223 47.420704
vt 1.612426 46.507854
vt 5.661674 45.705814
vt 7.186436 40.019081
vt 10.128174 45.813469
vt -3.459936 50.128349
vt -1.553880 50.890236
vt 0.112624 52.919586
vt 4.506353 52.657063
vt 0.699825 64.285553
vt 3.199825 64.285553
vt 2.896054 62.948059
vt 1.805369 61.997101
vt 1.853908 59.463638
vt 4.508958 58.853943
vt 7.565255 55.754215
vt 0.600485 3.265868
vt 0.197700 5.729657
vt 18.168398 1.132679
vt 20.674385 1.132679
vt 23.180370 1.132679
vt 8.144455 1.125185
vt 7.795958 2.444556
vt 6.667545 3.448324
vt 6.942973 5.772934
vt 9.474511 6.999373
vt 9.789687 11.282240
vt 12.242117 8.948735
vt 4.712488 6.894559
vt 19.656811 43.809628
vt 17.752220 42.027496
vt 14.936582 39.703957
vt 11.077901 40.264675
vt 28.379410 30.112354
vt 19.505236 53.440315
vt 17.028444 3.431375
vt 17.080454 6.031674
vt 24.090721 19.804863
vt 22.619648 16.937132
vt 17.634060 16.179647
vt 20.621210 13.580914
vt 15.337531 46.906799
vt -4.456004 41.572800
vt 28.192343 1.119679
vt 28.939112 14.009569
vt 29.563301 6.632706
vt -2.572973 24.238218
vt -1.264897 24.014086
vt -0.070356 23.010920
vt 2.892345 23.771524
vt 8.039165 26.396835
vt 13.156426 1.103850
vt 10.650440 1.103850
vt -2.899171 26.710567
vt -3.205918 29.184811
vt 6.949825 64.318672
vt 25.671602 2.629983
vt 1.310708 23.781858
vt 2.112768 25.496906
vt 5.097270 25.806581
vt 5.754515 30.157293
vt 0.328396 26.671316
vt 2.091267 22.206741
vt 2.676311 20.421293
vt 10.297533 30.343142
vt 0.707699 28.823835
vt 2.813558 31.070887
vt 4.434758 19.672441
vt 5.078245 17.147577
vt 7.027196 19.933741
vt 10.836445 19.560133
vt 7.815959 23.121012
vt 14.809611 19.024832
vt 17.590479 22.556595
vt 5.638469 1.087709
vt -2.308552 61.230278
vt 1.879490 1.085355
vt -4.957804 52.717499
vt -3.730114 53.081322
vt -2.743458 54.127327
vt -1.263025 53.647354
vt 0.479581 55.277252
vt -1.800175 64.335876
vt 14.449825 64.336380
vt 28.417992 23.888288
vt 19.235935 7.499763
vt 22.065331 6.394195
vt 14.458879 6.185496
vt 6.603867 15.002242
vt 9.891297 14.984754
vt 6.617745 11.789954
vt 2.368493 53.775864
vt 4.532614 55.309208
vt 18.816998 46.383392
vt 17.118418 46.918674
vt 16.214848 48.881050
vt 16.238365 45.354565
vt 14.155757 45.183445
vt 12.471527 47.605263
vt 10.747900 50.642277
vt 16.360743 43.402302
vt 11.999162 44.585545
vt 9.524646 42.854496
vt 15.836981 41.480610
vt 18.338667 3.979357
vt 19.691170 3.483302
vt 21.371037 4.536827
vt 0.201622 57.644947
vt -4.683373 44.048923
vt -4.828296 46.528564
vt 12.858015 61.333721
vt 11.645124 59.229881
vt 9.408350 57.723106
vt 14.107884 58.317467
vt 5.315355 61.422871
vt -0.780978 62.376892
vt 22.882563 24.705561
vt 19.967545 26.853825
vt 26.851475 31.569462
vt 24.511494 30.643345
vt 21.318792 30.037109
vt 18.211227 31.892939
vt 26.246065 18.857368
vt 25.491156 20.065332
vt 24.845631 18.596899
vt 23.237139 18.431551
vt 24.228140 17.102478
vt 25.506815 15.490090
vt 23.598227 15.323899
vt 21.646576 15.243454
vt 20.012897 17.308424
vt 17.713573 19.083105
vt 19.639183 15.334044
vt 17.457211 12.960187
vt 21.609386 18.229351
vt 22.576418 13.522511
vt 23.760206 11.030592
vt 21.541714 11.640195
vt 19.235714 11.484068
vt 24.566099 21.143959
vt 22.595823 22.391323
vt 20.139265 23.870579
vt 23.049631 20.928377
vt 17.086897 10.704537
vt 14.259853 11.422125
vt 25.949163 21.394119
vt 21.562222 21.268841
vt 19.318388 21.117100
vt 21.117407 22.715555
vt 0.651417 11.124949
vt 2.600500 10.661337
vt 4.996686 9.846139
vt 0.354461 13.055490
vt 2.119681 14.137125
vt 3.295038 15.941037
vt -2.485401 34.538387
vt -0.703928 34.078262
vt -2.685262 36.482971
vt -1.034696 37.295666
vt 2.036175 37.746525
vt 4.752899 35.657978
vt -0.132221 16.075256
vt 0.610722 17.209167
vt 2.184600 17.142994
vt 1.311002 18.620222
vt 12.532711 36.718769
vt 0.057099 35.844387
vt -4.971987 55.182190
vt 10.207783 3.944500
vt 4.296890 2.630781
vt -0.641696 49.087337
vt 1.234014 48.451813
vt 4.008687 47.983120
vt 2.905484 49.899544
vt 5.225023 49.959057
vt 6.876303 51.843632
vt 12.907270 53.267963
vt 11.655143 42.443146
vt 13.275447 41.049095
vt 12.898175 38.884945
vt 14.648098 37.475788
vt 10.879019 38.111687
vt 10.130442 35.544865
vt 12.513171 33.713810
vt 14.534771 31.017275
vt 12.930998 27.444164
vt 7.632239 37.106739
vt 9.181884 39.354141
vt -4.829153 57.628956
vt 13.581840 3.992703
vt 27.006332 25.329628
vt 10.607179 24.576342
vt 21.570829 24.091223
vt 21.519657 25.908062
vt 21.611925 27.805971
vt 19.981045 28.726526
vt 19.512728 30.542582
vt 17.678885 30.077471
vt 16.375286 31.445501
vt 19.996758 32.311481
vt 18.440659 34.932022
vt 18.415720 27.801413
vt 16.532190 25.410442
vt 18.336185 25.926689
vt 0.883686 32.619335
vt 2.912981 33.171650
vt 4.724864 32.033165
vt 6.995636 32.059055
vt 8.035249 30.024715
vt 9.257921 32.377480
vt 9.443907 28.212294
vt 6.785507 28.209425
vt 4.481875 28.236912
vt 16.629890 38.351963
vt 18.454548 37.128723
vt 16.394058 36.206017
vt 16.926435 33.174374
vt 19.981878 34.074928
vt 21.526506 35.173458
vt -0.507912 9.409046
vt -2.345808 21.751743
vt 26.105814 12.164963
vt 28.877571 16.480938
vt 8.597735 61.372055
vt 23.597811 33.171143
vt 2.380123 7.294376
vt 3.373631 6.087155
vt 2.671930 4.759759
vt 0.499660 61.572357
vt 0.731552 60.232063
vt -0.387586 59.113468
vt -1.430737 57.842468
vt 16.682932 4.738955
vt 15.747689 5.734030
vt 16.094072 7.315709
vt 17.599459 8.526628
vt 14.710262 4.837796
vt 14.572124 7.769661
vt 13.982103 9.495441
vt 12.894590 7.093450
vt 12.657238 10.669796
vt 12.834471 12.375366
vt 11.161092 13.452455
vt 9.236758 13.150065
vt 11.046553 10.147700
vt 9.036715 9.184621
vt 10.598077 8.504928
vt 11.343798 11.740455
vt 19.696100 22.503597
vt 18.670008 23.591576
vt 17.206669 24.037413
vt 14.996032 23.803652
vt 12.949680 25.031057
vt 15.153222 21.404474
vt 9.724607 59.736458
vt 22.490299 31.580858
vt 14.317758 13.051018
vt 15.200558 15.437194
vt 12.717336 16.981716
vt 15.863615 12.180590
vt 16.007204 13.905627
vt 16.200130 22.986382
vt 16.540510 21.623741
vt 16.077261 20.056417
vt 17.891214 21.160784
vt 16.272264 18.522131
vt 15.011026 17.231661
vt 17.446356 17.637606
vt 18.814173 18.132198
vt 19.132835 19.613407
vt 16.342083 16.754374
vt 29.245977 11.557678
vt 29.454342 9.099492
vt 26.471800 7.990724
vt 23.982443 8.499512
vt 3.140441 3.189082
vt 1.897845 60.731674
vt 3.306939 60.048073
vt 3.050285 58.587677
vt 4.027423 57.363285
vt 6.215187 57.479664
vt 16.530323 15.437999
vt 17.928810 14.548869
vt 19.021637 13.360125
vt 21.086863 45.777836
vt 9.449825 64.450714
vt 11.949825 64.450714
vt -4.165265 37.852436
vt -1.679978 38.734882
vt 18.163054 5.283539
vt 19.126965 6.184711
vt 20.564911 6.727598
vt 21.670967 8.162319
vt 18.041756 6.936676
vt 22.471434 9.774297
vt 25.816711 30.764729
vt 25.321785 29.008516
vt 25.064640 31.773542
vt 23.775461 31.704039
vt 3.646937 7.681510
vt 4.970782 8.359161
vt 23.647945 5.125678
vt 22.802048 2.252570
vt 21.810907 3.211246
vt 3.164239 12.405666
vt 4.927146 12.300595
vt 6.179896 13.394237
vt 7.753621 13.839200
vt 8.250170 15.479905
vt 9.583548 16.931997
vt 9.034925 18.806250
vt 9.109726 21.156948
vt 9.816455 53.609081
vt 26.591677 26.439362
vt 25.234348 26.935591
vt 24.127445 25.747820
vt 24.784988 24.197388
vt 19.190746 24.857437
vt 20.467026 25.134871
vt 20.046850 18.641886
vt 16.144501 52.357334
vt 14.409420 0.944877
vt 22.270893 37.283764
vt 21.222565 38.324600
vt 20.212957 39.669945
vt 19.709087 38.026337
vt 19.082582 40.953091
vt -1.127670 52.239174
vt 0.055712 51.552681
vt 1.969026 51.876842
vt 13.184963 20.474054
vt 11.436664 21.492216
vt 18.790457 16.813629
vt 7.975729 12.376663
vt 7.940751 10.592689
vt -3.515564 30.403316
vt 4.449825 64.486824
vt 30.096769 2.968561
vt 27.668959 10.204538
vt -1.985598 31.772976
vt -0.856925 32.654396
vt 5.635381 62.794487
vt 3.652591 22.394878
vt 5.451149 23.645006
vt 1.979856 40.535782
vt 4.716542 41.621601
vt 4.644929 38.806602
vt -0.031386 42.174191
vt 3.588137 17.325741
vt 0.483172 19.665602
vt 5.181510 3.483498
vt 5.808618 4.823350
vt 8.678596 41.170383
vt 6.894073 43.121449
vt 15.137230 32.597282
vt 13.472702 32.327106
vt 12.457766 30.418650
vt 11.634574 32.080536
vt 10.626976 33.675510
vt 11.435315 28.731092
vt 10.959898 26.665945
vt 13.953447 29.131720
vt 14.980421 27.355984
vt 15.774294 29.859190
vt 5.840898 33.743526
vt 1.677181 19.760664
vt 14.035549 33.741894
vt 14.165061 35.637840
vt 9.397448 0.922914
vt 10.650775 62.774963
vt 27.933201 2.295041
vt 14.123173 55.991310
vt 19.846191 35.645191
vt -1.625672 59.780941
vt -2.342606 58.729809
vt 11.648807 15.148897
vt 11.292976 7.061564
vt 10.424550 5.837283
vt 8.724298 5.416668
vt 1.803670 58.140041
vt 1.269008 57.030590
vt 1.866567 55.707157
vt 0.222766 56.447266
vt -0.663422 55.639557
vt -1.741102 54.935246
vt -0.403628 54.475029
vt 0.818192 54.017159
vt 3.249583 55.843102
vt 3.457127 54.533257
vt 4.672791 53.981617
vt 6.154940 54.809311
vt 5.997513 53.142422
vt 7.894348 53.479160
vt 8.950026 51.687439
vt 1.329810 52.912697
vt 0.803114 58.840771
vt 3.492393 53.321503
vt 3.329782 51.967461
vt 4.555126 51.225334
vt -0.700920 57.029987
vt -2.697319 55.601246
vt -2.743408 56.767609
vt 5.833734 51.091419
vt 6.993932 50.581985
vt 8.353087 50.460342
vt 9.710753 48.441826
vt 7.749182 46.980633
vt 8.737009 49.252724
vt 7.969708 48.235538
vt 5.989726 48.101040
vt 8.949492 47.416531
vt 10.323278 47.191776
vt 11.607487 46.307030
vt 8.767283 46.047703
vt 7.263779 45.428925
vt 9.195087 44.462749
vt 11.204865 48.398849
vt 12.666799 49.324604
vt 12.612296 51.301292
vt 14.155247 48.284798
vt 9.922788 49.686535
vt 13.103347 46.248104
vt 14.336818 51.968391
vt 10.623687 43.917599
vt 6.337378 49.623360
vt 11.173331 52.405464
vt 11.430699 54.062237
vt 10.096258 55.714092
vt 12.848056 54.927505
vt 14.375419 54.151176
vt 11.061125 49.537827
vt 11.892706 50.370304
vt 11.536592 51.389149
vt 9.624249 50.778309
vt 10.123993 51.853497
vt 23.721241 29.233442
vt 17.630148 40.515491
vt 4.464587 18.335611
vt 6.165570 18.461720
vt 9.414863 52.634003
vt 28.761751 32.608643
vt 17.808113 51.982323
vt 8.252827 62.781239
vt 13.146861 62.781178
vt 27.741987 34.835419
vt 16.018167 63.140041
vt -0.101567 46.476250
vt 0.371931 44.339031
vt 18.593327 33.392292
vt 22.623713 35.972870
vt 22.866434 34.487061
vt 23.758633 35.569653
vt 6.532449 35.402924
vt 5.859616 37.044086
vt 6.697206 38.453899
vt 4.222967 37.215969
vt 2.898049 35.896194
vt 6.262021 44.406071
vt 4.177965 44.231976
vt 5.318162 43.143879
vt 3.801807 46.094391
vt 3.917377 42.817463
vt 3.193450 41.468719
vt 3.448559 39.881054
vt 1.854465 41.954704
vt 1.018324 42.981953
vt 0.804756 41.146938
vt -0.601387 40.856312
vt 0.811667 39.724941
vt 0.434627 38.123425
vt 2.081345 39.142635
vt 3.288445 38.404793
vt -1.703843 40.119869
vt 6.089411 41.959053
vt 5.726596 40.473724
vt 7.474029 41.860268
vt 8.206632 42.961094
vt 7.689153 44.177414
vt -1.307876 41.944084
vt -0.922180 43.460140
vt -2.146075 42.964417
vt -1.957362 44.257210
vt -2.797572 45.272144
vt -2.316008 46.435417
vt 24.758169 35.932137
vt 25.897926 35.379173
vt -1.388268 14.325187
vt -2.949331 25.446800
vt 27.511297 12.614859
vt 27.923262 7.766462
vt 27.316648 15.178464
vt 26.274204 14.535555
vt 26.255116 13.345634
vt 26.545273 16.109844
vt 25.266014 12.870935
vt 23.949858 12.411629
vt 24.954576 11.647976
vt 24.933178 10.225388
vt 25.515224 8.979119
vt 25.107952 7.627872
vt 23.669157 6.932499
vt 22.796877 11.866423
vt 23.747221 9.754720
vt -2.816200 51.283066
vt 3.905566 8.808201
vt 3.210405 9.704748
vt 4.015274 10.890646
vt 2.005730 9.609394
vt 5.265429 11.081966
vt 6.481131 10.170465
vt 7.521373 9.308414
vt -0.440382 50.471382
vt 25.900574 11.081702
vt 26.966154 11.440886
vt 1.547353 10.562675
vt 25.673887 39.271408
vt 16.753439 56.013706
vt 15.731932 57.511555
vt 16.763769 58.958900
vt -3.642113 32.888855
vt 23.780468 22.082773
vt 23.504995 23.453558
vt 17.106363 26.917912
vt 6.794346 24.974661
vt 8.521895 24.718428
vt 9.475610 23.342266
vt 11.043798 23.040163
vt 9.555467 25.924318
vt 5.708072 6.095792
vt 5.891362 7.344076
vt 6.994278 6.944782
vt 8.219664 7.641359
vt 7.977612 6.314683
vt -2.651103 57.770786
vt -3.357776 58.527237
vt 8.109174 38.435841
vt 9.372235 37.232483
vt 8.596178 35.869690
vt 9.131399 34.611881
vt 2.682945 44.899216
vt 25.221043 14.474611
vt 22.328890 10.867846
vt 21.277008 10.583090
vt 20.402138 11.363857
vt 19.931231 12.513677
vt 19.711985 10.386289
vt 19.398632 8.955449
vt 18.389669 10.464807
vt 20.377800 8.109076
vt 11.911731 24.116989
vt 8.800229 33.472347
vt 7.720676 32.992035
vt 8.172617 31.892609
vt 9.194537 31.062283
vt 10.373178 31.664606
vt 7.447113 31.006966
vt 6.889949 30.006153
vt 6.318066 31.145380
vt 5.858562 32.194218
vt 6.197544 29.145002
vt 5.046751 29.244450
vt 3.397833 29.506798
vt 4.397754 30.478443
vt 5.632668 28.137466
vt 6.297448 26.757835
vt 4.960295 27.064976
vt 3.540476 26.273777
vt 7.477912 29.070576
vt 8.115097 27.849310
vt 8.633028 29.035692
vt 9.750990 29.325684
vt 1.883444 29.832262
vt 1.338839 31.209755
vt 3.956019 24.831078
vt 6.900825 33.668045
vt 10.421361 28.541746
vt 10.237118 27.473644
vt 9.101033 27.048868
vt 17.569767 9.668910
vt 16.430241 9.767981
vt 15.156343 10.079308
vt 18.408915 9.119194
vt 13.074173 23.843349
vt 14.050026 24.546015
vt 14.076336 26.096317
vt 15.248805 25.099703
vt 15.639838 26.290318
vt 14.023540 23.263702
vt 14.149124 22.067192
vt 15.174055 22.528063
vt 13.183218 21.563433
vt 12.289126 22.038273
vt 12.132696 23.083488
vt 12.330755 21.017376
vt 12.118396 19.740356
vt 11.681149 18.201084
vt 13.376513 19.053526
vt 11.154461 16.703573
vt 14.150869 20.977814
vt 14.110818 19.876717
vt 16.064617 24.267916
vt 16.076441 27.297333
vt 15.581903 28.325871
vt 14.552061 28.293085
vt 14.971693 29.225576
vt 3.892008 27.312490
vt 3.310063 28.334232
vt 2.088555 28.599274
vt 14.072941 18.034189
vt 13.889897 16.870693
vt 13.174486 15.562403
vt 12.983861 18.037685
vt 25.979805 23.202871
vt 25.992420 24.405874
vt -1.600433 26.866755
vt -0.712790 26.011358
vt 0.281658 25.593758
vt 1.226158 26.092585
vt 1.285463 27.170277
vt 0.361513 27.775160
vt -0.369013 28.597797
vt -1.391103 29.557426
vt -0.033646 29.677742
vt -0.587163 27.251204
vt 10.309275 18.290442
vt 14.140189 14.733881
vt -5.186011 51.480080
vt 17.933905 61.321503
vt 17.002863 60.409866
vt 23.086372 39.783985
vt 22.378914 40.636570
vt 20.954065 40.919300
vt 18.993740 42.609463
vt 17.900745 43.325905
vt 0.823173 0.971597
vt 22.801445 19.654285
vt 24.569658 32.722588
vt 24.935614 33.773705
vt 11.544801 55.468815
vt 25.598658 16.516094
vt 24.604771 16.087950
vt 15.439737 55.834385
vt 10.053761 22.122179
vt 10.333788 20.904034
vt 9.502210 19.967920
vt 8.261020 20.217510
vt 7.303496 21.556599
vt 7.871674 19.086174
vt 21.006647 12.575069
vt 21.593588 13.376755
vt 2.171652 32.153999
vt 4.153115 23.569534
vt 4.754997 22.619104
vt 6.114265 22.291775
vt 16.672873 8.825199
vt 3.132483 0.849451
vt 1.414863 13.306154
vt 0.921396 14.439100
vt 2.441022 13.150173
vt 3.152994 13.927773
vt 3.693635 14.901271
vt 5.146081 15.028723
vt 2.629688 15.089689
vt 5.894914 16.113209
vt 7.165521 16.142345
vt 6.282049 17.258444
vt 16.930098 34.702297
vt -0.661811 38.327118
vt -1.349663 30.875114
vt -0.734563 31.662642
vt 0.343787 31.685593
vt 5.681675 56.155842
vt 7.007603 47.757782
vt 6.138237 46.860622
vt 4.898159 46.696636
vt 1.439968 44.015270
vt 1.240664 45.281319
vt 0.153778 45.411762
vt -0.702891 44.679001
vt 14.695195 16.291061
vt -1.004522 25.017056
vt 10.647470 2.407121
vt 8.224119 58.940639
vt 7.829265 57.371899
vt 8.870334 56.416603
vt 8.817591 54.903648
vt 23.738586 2.560035
vt 24.191723 3.469371
vt 18.045458 24.818220
vt 13.255548 34.747574
vt 11.680064 35.095531
vt 11.211714 36.377102
vt 13.105433 35.810654
vt 13.691458 36.814899
vt 13.601763 37.967552
vt 14.547850 38.621525
vt 15.542853 38.131332
vt 15.660406 37.032482
vt 15.272573 35.949341
vt 2.709668 51.017208
vt 1.859526 50.292278
vt 2.046890 49.202072
vt 2.556627 47.834301
vt 3.689726 50.612930
vt 4.078902 49.397339
vt 5.076673 48.811630
vt 1.079804 49.434383
vt 3.128950 48.799713
vt 15.500355 50.955875
vt 3.666352 34.538090
vt 4.267240 33.315895
vt 4.830693 34.351727
vt 5.759433 34.751274
vt 0.982851 36.861824
vt 14.886575 56.794796
vt 13.706393 57.151699
vt 12.651722 58.166946
vt 13.227094 59.719570
vt 12.970200 56.232235
vt 14.257519 60.804451
vt 14.682091 59.530910
vt 11.382131 57.972733
vt 10.648237 56.895195
vt 10.507760 58.811733
vt 15.259274 61.621990
vt 15.225844 58.531025
vt 14.927682 35.050987
vt 15.958721 35.170540
vt 24.433363 0.824938
vt 17.020594 53.854515
vt 15.925413 53.490452
vt 15.115180 52.746056
vt 14.023771 53.060081
vt 20.415283 21.562979
vt 20.226847 20.454382
vt 20.118288 5.734778
vt 18.628456 15.737485
vt 0.968363 51.974495
vt -3.188955 42.632137
vt 26.027637 6.915630
vt 27.066109 7.115894
vt 26.711306 6.163102
vt 9.752166 33.227192
vt 10.596183 32.657928
vt 11.543141 33.138531
vt 7.201375 4.563696
vt 13.152363 2.401784
vt 19.647869 25.828890
vt 23.195812 30.454367
vt 22.443712 29.407175
vt 21.430357 28.916941
vt 8.287014 45.078667
vt 8.270762 18.187660
vt 8.652641 17.272825
vt 8.821827 16.293215
vt 23.012281 42.289700
vt 18.680119 50.324448
vt 17.840487 49.142345
vt 21.290051 16.938669
vt 20.388376 16.214792
vt 18.632645 22.048609
vt 22.835726 26.026079
vt 22.100216 26.831036
vt 21.034571 26.907061
vt 20.559772 27.846884
vt 3.740025 21.123365
vt 5.940419 9.085983
vt 6.870981 58.689598
vt 5.736737 59.443932
vt 4.628942 60.176762
vt 5.507835 58.347775
vt 5.126959 57.315189
vt 4.536074 56.399223
vt -3.569562 63.065220
vt -3.097227 62.039051
vt -4.151411 62.175610
vt 10.165338 41.478058
vt 3.080686 37.279755
vt 6.719325 41.035099
vt 7.714530 40.877254
vt 8.269903 39.943920
vt -2.545940 47.422714
vt 15.115619 14.414252
vt 6.140399 20.919672
vt 5.761046 19.686682
vt 6.634130 23.385609
vt 7.416693 24.109310
vt 17.540865 35.767426
vt 17.318302 36.904079
vt 18.621679 36.029270
vt 19.513086 36.727207
vt 1.165265 35.765961
vt 1.983986 36.465355
vt 13.984133 3.030673
vt 12.750071 3.363814
vt 11.580242 4.097722
vt 12.600992 4.425479
vt 13.539645 5.224961
vt 17.438078 48.043945
vt 5.950009 60.523678
vt 6.968873 61.421303
vt 26.662483 28.908108
vt 30.365145 1.757188
vt 2.589751 19.466354
vt 3.545512 19.271654
vt 5.884700 52.119389
vt 7.889010 51.444843
vt 8.214876 52.461155
vt 17.350849 39.331631
vt 16.305696 40.203083
vt 17.854366 38.205963
vt 16.808212 51.424133
vt 11.364222 20.455448
vt 22.973545 28.519291
vt 2.767630 21.439793
vt 19.811869 56.021931
vt -5.272370 48.995804
vt 28.724428 26.373405
vt -4.738863 40.301075
vt 29.692650 36.367683
vt 29.276548 37.506474
vt 26.939350 0.686646
vt 30.099659 5.445203
vt 20.367004 49.634174
vt -1.235857 11.822752
vt -4.335629 35.330757
vt 19.449825 64.753204
vt 20.243969 64.295654
vt 16.949825 64.753204
vt -0.450175 6.889837
vt 29.041414 18.964724
vt 28.916945 21.430632
vt -2.003899 16.757992
vt -2.360095 19.229513
vt 2.168996 2.421550
vt -4.204654 59.973896
vt 26.681770 33.098553
vt 27.574871 33.650524
vt 18.526741 54.252670
vt 18.606485 55.184376
vt 17.884115 55.821217
vt 20.860647 43.313644
vt 21.369049 42.376900
vt 24.159504 37.750183
vt 24.158268 38.847660
vt 25.627634 37.698326
vt 26.407665 37.022755
vt 17.175318 62.828152
vt 19.266922 48.555134
vt 19.500511 47.527092
vt 28.094616 35.926132
vt 28.034470 5.328269
vt 28.974478 3.738705
vt 28.192574 3.278377
vt 27.222258 4.309707
vt 26.136133 4.196597
vt 25.407040 5.098691
vt 24.532806 5.458625
vt 18.629869 63.471123
vt 0.565254 8.709505
vt 27.681778 20.556454
vt 26.978361 21.312206
vt 27.872093 17.265760
vt 27.561659 23.074141
vt 18.489153 57.789501
vt 18.001644 58.835163
vt 27.405005 28.044298
vt -0.091044 21.558352
vt 0.935376 22.100430
vt -1.280908 21.023754
vt 15.274749 1.933037
vt 15.009332 2.928536
vt 14.582422 3.839718
vt 18.901672 62.039173
vt -3.369818 38.655975
vt -3.419630 48.892601
vt -2.369098 50.164524
vt -1.362708 49.854748
vt 3.857456 62.463169
vt 4.254094 61.477310
vt 3.582216 63.495464
vt 1.920657 62.965824
vt 1.077613 5.414704
vt 1.696924 4.654301
vt 8.517568 1.929450
vt 8.837930 2.949790
vt 6.661256 2.422468
vt 20.259615 44.505558
vt 19.330463 44.701340
vt 18.672155 43.954838
vt 16.907940 2.476378
vt -3.495842 41.328896
vt -2.703823 40.570267
vt 28.090830 14.429671
vt 28.162481 13.467439
vt 28.692352 7.032125
vt -1.116331 22.978199
vt 6.437062 63.548855
vt 7.451975 63.548855
vt 26.593172 2.482818
vt 0.401683 23.787800
vt 0.861435 24.586687
vt 1.814916 24.591129
vt 2.800577 24.768869
vt 2.097698 23.190893
vt -3.077668 60.720650
vt -3.721069 54.160660
vt -2.128247 53.501774
vt -1.415734 63.377010
vt 13.955081 63.566765
vt 15.030041 63.566765
vt 19.694334 46.226696
vt 18.095951 47.057983
vt 17.752552 45.968292
vt 18.589460 45.394535
vt 16.222755 47.695480
vt 15.272179 48.281952
vt 15.183438 49.462769
vt 16.231474 46.388077
vt 15.330653 45.865292
vt 15.247474 44.655457
vt 14.274808 46.393040
vt 14.297098 44.083031
vt 15.066845 42.948181
vt 13.184231 44.499374
vt 12.512944 43.459435
vt 14.230625 41.942532
vt 14.428024 40.774181
vt 13.604882 39.876705
vt 12.354783 40.157913
vt 11.625796 39.128384
vt 11.802227 41.238461
vt 12.650483 45.350922
vt 14.465432 47.354744
vt 13.476216 47.541576
vt 16.189842 44.371555
vt 16.640467 42.293839
vt 16.874205 41.259357
vt 18.822140 3.205713
vt 19.534969 2.473208
vt 20.325724 4.337547
vt 11.818604 62.043983
vt 11.728559 60.583321
vt 10.642366 60.359173
vt 9.669256 60.964943
vt 9.496747 62.124577
vt -0.204020 63.090809
vt -1.712390 62.026905
vt 27.474977 30.918945
vt 27.192965 18.772533
vt 24.000822 18.908812
vt 24.040127 17.996288
vt 24.903488 17.698210
vt 23.491457 16.362551
vt 22.534708 15.859564
vt 22.644257 14.753465
vt 23.598478 14.240574
vt 20.617689 14.730552
vt 19.645109 14.248630
vt 22.480536 17.869394
vt 22.368141 18.810896
vt 23.864304 20.639168
vt 17.932919 11.723867
vt 16.855291 11.757519
vt 15.948654 11.006141
vt 22.404713 21.530182
vt -2.896794 33.704285
vt -1.508264 34.642841
vt -0.600573 35.080753
vt 0.354779 34.475685
vt 0.149496 33.413673
vt 1.201791 33.649818
vt 2.209000 33.953304
vt 2.465716 34.955891
vt -3.258110 37.214230
vt -2.041890 37.258778
vt -0.310841 17.347616
vt 1.381890 16.800974
vt 2.142009 16.129980
vt 1.466540 17.715277
vt 0.624561 18.081594
vt -0.915082 36.249336
vt -1.585874 48.520603
vt 12.875913 42.223381
vt 12.116623 37.902885
vt 10.402686 39.241367
vt 9.703030 38.331528
vt 21.995903 23.188559
vt 21.939899 25.010757
vt 20.270124 29.769484
vt 20.562243 30.813225
vt 19.220612 29.498840
vt 21.583889 31.052320
vt 21.542416 32.164936
vt 22.532368 32.710320
vt 19.029343 28.549990
vt 17.863436 28.879917
vt 19.380268 27.636541
vt 18.749155 26.848217
vt 22.425026 33.650276
vt 21.663580 34.227711
vt 18.463089 30.833303
vt 17.420931 31.145344
vt 19.232220 31.570011
vt 17.203180 32.167049
vt 16.677052 30.400562
vt 16.916748 29.429033
vt 3.497735 32.091240
vt 20.526047 33.197735
vt 1.403966 7.274475
vt 2.568922 6.437327
vt 3.630504 5.102197
vt 4.702734 5.529061
vt -0.395452 61.569054
vt -1.239963 61.262859
vt -0.094259 59.939137
vt -0.560351 58.191689
vt -1.313668 58.809959
vt 17.458132 4.244353
vt 16.288679 6.444323
vt 17.057655 7.073482
vt 15.321329 6.685709
vt 15.467582 7.993566
vt 13.392382 8.330074
vt 14.694449 8.775232
vt 13.898577 7.021680
vt 12.966809 9.684533
vt 13.706114 10.518590
vt 13.259876 11.469167
vt 12.254889 13.313355
vt 12.093796 14.277996
vt 10.109089 13.872954
vt 10.943162 14.433436
vt 9.843891 10.078828
vt 8.975178 10.642626
vt 8.804011 11.699017
vt 11.292951 9.197831
vt 11.550164 8.245008
vt 9.512061 8.143374
vt 10.707143 11.035156
vt 11.709483 10.848096
vt 12.003248 9.906113
vt 10.325228 12.497502
vt 17.813433 23.404531
vt 13.367167 13.171906
vt 14.865606 12.216067
vt 15.341081 13.125256
vt 16.450113 13.000265
vt 15.935979 20.950298
vt 15.067377 20.354906
vt 16.945862 20.651810
vt 16.773870 19.365419
vt 15.697357 19.228598
vt 15.335593 18.176016
vt 17.132885 18.443003
vt 18.583546 20.444483
vt 18.568281 18.959980
vt 16.533340 17.647184
vt 27.067564 9.071483
vt 4.023260 3.540861
vt 2.800522 60.798275
vt 3.686941 59.228539
vt 2.724486 59.397682
vt 3.867759 58.237968
vt 3.142301 57.672459
vt 17.424290 15.299706
vt 16.907629 14.407618
vt 18.119869 13.627815
vt 21.453997 7.185885
vt 22.604647 7.442526
vt 22.769348 8.621626
vt 18.329939 7.873340
vt 21.601786 9.201407
vt 26.034273 29.755571
vt 25.996986 32.012341
vt 3.839841 6.827840
vt 22.412590 5.205938
vt 23.086790 6.035801
vt 22.978260 4.365321
vt 21.589636 2.315780
vt 2.313297 11.717417
vt 4.077591 12.888337
vt 5.896175 12.454911
vt 5.113903 13.350992
vt 6.835400 14.081301
vt 5.884900 14.331912
vt 8.875468 14.313058
vt 7.556645 14.794305
vt 25.501875 27.962614
vt 24.417356 28.314329
vt 24.976057 26.066641
vt 24.231005 26.760967
vt 24.841497 25.136003
vt 23.905857 24.721325
vt 20.702030 17.958040
vt 20.947666 18.888422
vt 23.162901 37.504059
vt 21.429899 37.485073
vt 21.655664 36.570908
vt 20.900221 35.936035
vt 22.270668 38.331894
vt 21.046549 39.244011
vt 20.547165 37.762726
vt 20.365383 38.648830
vt 19.453880 38.952614
vt 19.285378 39.992271
vt 8.349738 13.181596
vt 7.141661 12.998131
vt 7.551931 11.492642
vt -1.377208 33.430454
vt 4.240833 16.464214
vt -0.498305 19.519999
vt 5.935917 3.947086
vt 15.368258 31.604328
vt 16.167923 32.463894
vt 14.383247 31.979914
vt 13.369471 31.157900
vt 13.478195 30.091991
vt 12.668583 29.093563
vt 12.605865 31.814480
vt 11.359179 30.909304
vt 11.260742 29.815426
vt 11.648078 25.475212
vt 12.634008 26.235239
vt 11.949697 27.044292
vt 13.283698 33.221649
vt 12.445479 32.758579
vt 14.930583 33.500874
vt 15.888241 33.386871
vt 19.384104 34.814266
vt 20.547516 34.914799
vt 12.104687 6.529797
vt 13.014981 6.089422
vt 10.367516 7.504966
vt 11.244999 6.175453
vt 9.133155 4.345139
vt 9.963668 4.931261
vt 11.007173 4.970676
vt 9.474689 6.030133
vt 1.708309 54.635159
vt 3.366041 56.742607
vt 5.236889 54.712376
vt 7.020951 52.888203
vt 6.909552 53.993732
vt 2.595162 52.736656
vt -3.581810 56.157875
vt 10.744748 46.429153
vt 11.053688 45.503193
vt 11.298547 47.232990
vt 10.320273 44.850986
vt 9.562349 46.596527
vt 7.870408 46.090935
vt 6.941118 46.333538
vt 9.348555 45.354385
vt 12.157491 48.511688
vt 13.138100 48.463322
vt 13.652866 49.304596
vt 13.178114 50.215572
vt 13.771148 51.082939
vt 12.373394 46.733925
vt 13.251743 52.210838
vt 12.226903 52.461575
vt 9.735956 43.735691
vt 8.830335 43.626694
vt 10.622739 42.818932
vt 10.769287 53.316605
vt 10.408595 54.601471
vt 12.392393 54.080418
vt 13.396689 54.116253
vt 13.854536 55.017029
vt 24.598415 29.668205
vt 18.207062 41.229843
vt 5.341944 18.036289
vt 5.167040 18.959114
vt 18.478447 52.539703
vt -1.141293 46.457077
vt 0.739669 47.346775
vt -0.389366 47.596096
vt 23.899906 34.200253
vt 5.713662 36.025745
vt 6.767754 36.457897
vt 7.542830 35.731293
vt 6.731637 37.479725
vt 5.589914 38.158039
vt 5.877170 39.302959
vt 3.883833 36.231495
vt 6.410123 45.263000
vt 5.188281 44.698635
vt 4.660961 45.561329
vt 6.111835 43.534378
vt 4.730703 42.496029
vt 3.292227 43.663891
vt 3.914314 41.950455
vt 3.101292 42.386837
vt 4.006472 41.032337
vt 4.628506 40.020073
vt 2.891378 40.605854
vt 0.219194 40.433079
vt 0.239424 39.014523
vt 1.182941 38.754280
vt 4.117927 38.095119
vt 3.822128 39.093723
vt 5.520802 41.310970
vt 8.805264 42.161320
vt -1.817679 41.099663
vt 0.036094 43.172440
vt -2.663509 43.700119
vt -3.604270 45.684814
vt 26.619959 17.061247
vt 24.559669 6.926130
vt 23.085606 12.747576
vt 22.132847 12.571886
vt 24.585249 9.262119
vt -2.026707 51.857849
vt -3.348510 52.143898
vt 4.087718 9.975397
vt 4.018013 11.888721
vt 6.163129 11.012797
vt 8.320826 9.757965
vt 16.870560 55.067116
vt 16.598974 57.005615
vt 24.436676 23.323540
vt 17.450125 27.820444
vt 17.350233 25.961945
vt 5.650068 24.787327
vt 4.791143 24.348417
vt 7.740555 25.402328
vt 9.548450 24.411301
vt 8.578164 23.738869
vt 8.764923 22.337967
vt 10.352685 23.673870
vt 8.228248 8.624731
vt 7.411437 39.089703
vt 8.474411 37.554657
vt 9.481948 36.267643
vt 10.313389 36.850845
vt 10.129872 34.544090
vt 3.668164 45.098206
vt 2.658454 46.043442
vt 3.189889 46.971985
vt 5.254388 31.109982
vt 3.475655 30.427044
vt 3.892054 31.253763
vt 6.120911 25.747822
vt 2.548236 26.396950
vt 7.238974 27.249115
vt 9.049186 30.058258
vt 2.033608 30.688034
vt 4.212639 25.686188
vt 13.944736 27.145042
vt 11.854743 17.298653
vt 10.255955 16.040325
vt 12.061642 16.136101
vt 12.420727 18.822737
vt 1.299123 28.102766
vt -2.342391 29.584837
vt 0.886258 30.234419
vt 10.445599 17.344538
vt 17.015778 61.327923
vt 20.026142 41.369175
vt 17.160727 43.968491
vt 22.155478 20.441334
vt 25.774788 34.361843
vt 24.533772 15.136456
vt 15.044105 54.906452
vt 9.987288 19.168415
vt 7.503354 20.687622
vt 8.194969 21.304159
vt 6.936346 18.998737
vt 7.065317 22.500761
vt 0.439876 15.286343
vt 1.643177 15.111956
vt 17.674484 33.936546
vt 6.571692 55.712219
vt 7.028788 56.672153
vt 5.017778 47.730072
vt 14.074773 15.634693
vt 9.272768 58.775917
vt 8.552132 60.134647
vt 7.764755 60.783211
vt 8.510494 58.034492
vt 8.000484 56.513569
vt 8.426254 55.674686
vt 7.923741 54.934811
vt 8.832527 53.882538
vt 24.750872 2.730934
vt 16.410563 50.108883
vt 5.208458 32.961559
vt -0.003475 37.183132
vt 12.779475 57.244225
vt 13.321993 58.801479
vt 13.381976 60.604256
vt 13.852771 61.849140
vt 9.711250 56.834343
vt 10.382164 57.839111
vt 15.328560 62.536068
vt 15.818462 59.378799
vt 14.140700 34.628773
vt 17.116844 52.793274
vt 21.233280 5.646770
vt 8.126264 4.698394
vt 9.409109 17.898602
vt 7.962646 16.558416
vt 18.588554 51.334549
vt 4.567696 20.627882
vt 7.047945 57.810993
vt 9.603146 40.448727
vt 16.523872 37.413956
vt 10.971032 3.331223
vt 6.142617 61.952995
vt 7.799230 61.923416
vt 5.027753 51.958130
vt 15.903604 39.178715
vt 27.320499 36.810131
vt 9.841590 3.008205
vt 17.167183 45.237747
vt 11.507536 43.437893
vt 15.129785 42.045353
vt 15.399298 40.595280
vt 11.042145 41.756981
vt 20.816040 3.441736
vt 12.314400 59.867912
vt 18.726458 12.376199
vt 11.379937 37.308563
vt 22.663546 23.815952
vt 22.239347 30.347628
vt 20.721317 31.729107
vt 9.956952 9.165359
vt 12.485633 7.976575
vt 17.701569 20.049438
vt 22.132238 4.053646
vt 4.369226 15.542002
vt 14.450508 30.047604
vt 12.266028 28.183943
vt 13.333551 28.353783
vt 10.593190 25.659775
vt 11.214487 27.741922
vt 1.684245 47.456009
vt 0.191741 48.461391
vt 4.084387 47.084728
vt -2.176999 28.655519
vt 16.966747 49.390713
vn -0.875074 -0.066668 0.479375
vn -0.865766 -0.097974 0.490764
vn -0.923778 -0.080853 0.374296
vn -0.869390 -0.114501 0.480677
vn -0.872369 -0.183088 0.453267
vn -0.893292 -0.134439 0.428901
vn -0.910791 -0.052708 0.409490
vn -0.702967 -0.128465 0.699524
vn -0.840128 -0.080624 0.536363
vn -0.716506 -0.129641 0.685429
vn -0.838486 -0.137356 0.527327
vn -0.724591 -0.151385 0.672347
vn -0.856241 -0.140152 0.497200
vn -0.798306 -0.182351 0.573982
vn -0.801866 -0.234064 0.549750
vn -0.794953 -0.243982 0.555448
vn -0.787993 -0.223599 0.573646
vn -0.890468 -0.171779 0.421377
vn -0.892384 -0.171321 0.417493
vn -0.890099 -0.166287 0.424348
vn -0.839098 -0.102908 0.534158
vn -0.874618 -0.081011 0.477997
vn -0.879164 -0.100422 0.465818
vn -0.836156 -0.129476 0.532991
vn -0.863539 -0.102534 0.493748
vn -0.889845 -0.153489 0.429671
vn -0.835053 -0.163909 0.525186
vn -0.804332 -0.156032 0.573327
vn -0.890025 -0.103487 0.444011
vn -0.890355 -0.158758 0.426690
vn -0.888872 -0.101043 0.446875
vn -0.890576 -0.086212 0.446590
vn -0.881026 -0.169189 0.441778
vn -0.908124 -0.144060 0.393138
vn -0.883279 -0.147558 0.445022
vn -0.879114 -0.115724 0.462349
vn -0.906017 -0.032562 0.421987
vn -0.802275 -0.233843 0.549247
vn -0.811066 -0.426282 0.400568
vn -0.865597 -0.249342 0.434248
vn -0.859761 -0.261985 0.438378
vn -0.821185 -0.302297 0.484016
vn -0.817321 -0.236801 0.525273
vn -0.814380 -0.215206 0.538954
vn -0.889310 -0.163469 0.427089
vn -0.785473 -0.245871 0.567961
vn -0.791441 -0.221644 0.569644
vn -0.669958 -0.167020 0.723367
vn -0.764815 -0.184836 0.617166
vn -0.735629 -0.175118 0.654357
vn -0.784479 -0.222322 0.578935
vn -0.807514 -0.190872 0.558111
vn -0.698407 -0.180248 0.692631
vn -0.602445 -0.167177 0.780456
vn -0.785102 -0.310194 0.536092
vn -0.789154 -0.261313 0.555835
vn -0.799603 -0.251005 0.545556
vn -0.795503 -0.222028 0.563807
vn -0.813486 -0.315971 0.488265
vn -0.779278 -0.311939 0.543526
vn -0.798020 -0.278387 0.534476
vn -0.845408 -0.255119 0.469255
vn -0.816180 -0.166242 0.553365
vn -0.799985 -0.163662 0.577268
vn -0.861064 -0.227209 0.454911
vn -0.792663 -0.219653 0.568716
vn -0.803576 -0.205942 0.558438
vn -0.800107 -0.208227 0.562557
vn -0.804002 -0.205399 0.558026
vn -0.793546 -0.241957 0.558338
vn -0.724586 0.144580 0.673849
vn -0.789975 0.140374 0.596854
vn -0.726708 0.110157 0.678057
vn -0.800219 0.126965 0.586114
vn -0.788881 0.088657 0.608117
vn -0.867275 0.124538 0.482001
vn -0.838891 0.165940 0.518388
vn -0.901482 0.144115 0.408119
vn -0.918353 0.145840 0.367911
vn -0.710438 0.136654 0.690365
vn -0.759659 0.124746 0.638245
vn -0.801063 0.141630 0.581583
vn -0.910632 0.051644 0.409980
vn -0.903527 0.053522 0.425175
vn -0.846273 0.038494 0.531358
vn -0.827485 0.097591 0.552942
vn -0.916611 0.087985 0.389978
vn -0.830922 0.051127 0.554035
vn -0.905316 0.034732 0.423316
vn -0.845162 0.051586 0.532015
vn -0.874779 0.113792 0.470970
vn -0.810211 0.117493 0.574241
vn -0.859590 0.146022 0.489677
vn -0.746097 0.210225 0.631779
vn -0.781542 0.181109 0.596986
vn -0.718014 0.178871 0.672652
vn -0.802422 0.080385 0.591319
vn -0.868059 0.110583 0.483989
vn -0.787224 0.162534 0.594862
vn -0.850203 0.173978 0.496876
vn -0.821993 0.269916 0.501470
vn -0.767351 0.244698 0.592702
vn -0.819635 0.295182 0.490985
vn -0.753163 0.206216 0.624676
vn -0.778878 0.223923 0.585839
vn -0.734850 0.192457 0.650351
vn -0.662895 0.214008 0.717476
vn -0.630935 0.198173 0.750099
vn -0.639621 0.204692 0.740936
vn -0.825184 0.054432 0.562235
vn -0.621966 0.195848 0.758157
vn -0.654930 0.225210 0.721351
vn -0.846765 0.029947 0.531124
vn -0.853040 0.023288 0.521325
vn -0.851813 0.019974 0.523464
vn -0.780818 0.249498 0.572777
vn -0.854379 -0.004344 0.519632
vn -0.892413 0.010556 0.451097
vn -0.901056 -0.073698 0.427395
vn -0.869115 -0.071047 0.489481
vn -0.794740 0.183486 0.578551
vn -0.842220 0.186640 0.505798
vn -0.765824 0.209003 0.608138
vn -0.812434 0.226859 0.537109
vn -0.792374 0.236679 0.562251
vn -0.773361 -0.006782 0.633930
vn -0.839330 0.017945 0.543325
vn -0.848703 0.002932 0.528862
vn -0.864200 -0.052957 0.500354
vn -0.899608 -0.058354 0.432783
vn -0.851465 0.219976 0.476044
vn -0.824687 0.274005 0.494786
vn -0.685637 0.204481 0.698634
vn -0.670479 0.220028 0.708551
vn -0.715549 0.191905 0.671686
vn -0.412025 0.119906 0.903249
vn -0.424804 0.132924 0.895473
vn -0.469999 0.121502 0.874265
vn -0.204146 0.150945 0.967233
vn -0.246555 0.158314 0.956110
vn -0.139855 0.162677 0.976717
vn -0.573290 0.174100 0.800642
vn -0.508838 0.154687 0.846850
vn -0.520906 0.163880 0.837735
vn -0.733100 0.197389 0.650848
vn -0.770993 0.197782 0.605353
vn -0.738869 -0.188890 0.646833
vn 0.378573 -0.053119 0.924046
vn 0.355455 -0.050160 0.933347
vn 0.154884 -0.115300 0.981181
vn 0.381491 0.184010 0.905873
vn 0.553003 0.061820 0.830883
vn 0.474586 0.090371 0.875558
vn 0.404465 0.161048 0.900262
vn 0.991722 0.052143 0.117344
vn 0.769068 0.130414 0.625721
vn 0.952449 0.033889 0.302808
vn 0.471251 0.198102 0.859464
vn 0.592199 0.220225 0.775114
vn 0.678883 0.182172 0.711289
vn 0.997121 0.052139 -0.055061
vn 0.320712 0.199194 0.925995
vn 0.592119 0.145367 0.792631
vn 0.384403 0.203692 0.900413
vn 0.985265 -0.145458 0.089973
vn 0.999911 -0.004327 -0.012616
vn 0.976236 -0.173359 0.130037
vn 0.986444 -0.021833 0.162639
vn 0.983223 -0.098476 0.153539
vn 0.954263 -0.109370 0.278245
vn 0.997511 0.068285 -0.017609
vn 0.990843 -0.115885 0.069284
vn 0.993396 0.044009 -0.105962
vn 0.953497 0.017895 0.300872
vn 0.998551 -0.000976 0.053805
vn 0.995003 0.001997 0.099831
vn -0.898696 -0.110433 0.424440
vn -0.892611 -0.098142 0.440015
vn 0.942917 -0.009447 0.332894
vn 0.996789 -0.001661 0.080055
vn 0.933880 0.001526 0.357582
vn 0.920576 0.023997 0.389826
vn 0.920514 -0.191426 0.340603
vn 0.956017 -0.199623 0.214899
vn 0.937989 -0.197247 0.285081
vn 0.918583 0.003687 -0.395211
vn 0.976271 -0.047424 -0.211294
vn 0.943772 0.013093 -0.330338
vn 0.905394 -0.012216 -0.424397
vn 0.978828 -0.003750 -0.204651
vn 0.908613 -0.001788 -0.417636
vn 0.987668 -0.009098 -0.156297
vn 0.911980 -0.014734 -0.409969
vn 0.967167 -0.016780 -0.253588
vn 0.906808 -0.012048 -0.421371
vn 0.999274 0.029986 0.023493
vn 0.925658 -0.031655 -0.377034
vn 0.945570 -0.030275 -0.324008
vn 0.897760 -0.061506 -0.436169
vn 0.942503 -0.009173 -0.334071
vn 0.975576 0.164342 -0.145748
vn 0.984736 0.009203 -0.173811
vn 0.974035 -0.012031 -0.226077
vn 0.920803 0.011639 -0.389854
vn 0.983836 -0.042833 -0.173873
vn 0.873619 0.068054 0.481828
vn 0.998070 0.029163 0.054829
vn 0.948156 0.051605 0.313587
vn 0.999331 0.014431 0.033605
vn 0.935968 0.034091 0.350430
vn 0.997934 0.005468 -0.064008
vn 0.999815 0.007547 0.017714
vn 0.987230 0.051007 0.150918
vn 0.752865 0.045959 0.656569
vn 0.876206 0.055401 0.478743
vn 0.985395 0.005802 -0.170185
vn 0.975389 -0.013774 -0.220060
vn 0.950258 -0.026159 -0.310363
vn 0.967436 -0.005286 -0.253062
vn 0.995695 0.026436 -0.088838
vn -0.035266 -0.067549 0.997092
vn -0.046628 0.026856 0.998551
vn -0.083974 -0.022170 0.996221
vn -0.058698 0.110312 0.992162
vn -0.058479 0.156585 0.985932
vn -0.105341 0.128417 0.986110
vn -0.088362 0.107097 0.990314
vn -0.173123 -0.343547 0.923041
vn -0.163035 -0.312378 0.935863
vn -0.258621 -0.322427 0.910580
vn -0.322221 -0.292794 0.900248
vn -0.255441 -0.280531 0.925231
vn -0.222223 -0.279747 0.934001
vn -0.066469 -0.388395 0.919093
vn -0.063744 -0.333719 0.940515
vn -0.083505 -0.118039 0.989492
vn -0.036807 -0.153886 0.987403
vn -0.426719 0.144227 0.892810
vn -0.383001 0.157163 0.910280
vn -0.490442 0.150460 0.858387
vn -0.250957 0.158761 0.954890
vn -0.317811 0.150945 0.936062
vn -0.071669 0.168126 0.983157
vn -0.097093 0.066506 0.993051
vn -0.183881 0.113296 0.976397
vn -0.043009 0.193540 0.980149
vn -0.055339 0.195563 0.979129
vn -0.032192 0.204156 0.978409
vn -0.020739 0.198034 0.979976
vn -0.024168 0.194143 0.980675
vn -0.160861 0.140941 0.976862
vn -0.052210 -0.233049 0.971063
vn -0.047739 -0.206516 0.977278
vn -0.132487 -0.234399 0.963070
vn 0.017276 -0.757872 0.652174
vn 0.324636 -0.737977 0.591609
vn 0.018517 -0.854997 0.518302
vn 0.998326 0.053186 0.022714
vn 0.996929 0.048153 -0.061752
vn 0.998647 0.052007 0.000337
vn 0.998658 0.012828 -0.050182
vn 0.995008 -0.032865 -0.094225
vn 0.985828 -0.152486 -0.069940
vn 0.997140 0.001937 0.075558
vn 0.999260 0.038436 -0.001790
vn 0.283490 -0.925737 0.250289
vn 0.323728 -0.889787 0.321683
vn 0.374297 -0.863975 -0.336822
vn -0.125978 -0.399960 0.907834
vn -0.028721 -0.455342 0.889853
vn -0.031878 -0.412409 0.910441
vn 0.062794 -0.404982 0.912166
vn 0.050917 -0.455873 0.888587
vn -0.011046 -0.291149 0.956614
vn 0.285957 -0.767208 0.574125
vn 0.074598 -0.848518 0.523882
vn 0.824947 -0.339492 0.451894
vn 0.185046 -0.606435 0.773301
vn -0.002030 -0.579591 0.814905
vn 0.617941 -0.542119 0.569435
vn -0.079902 -0.449903 0.889496
vn -0.007853 -0.479525 0.877493
vn 0.985169 0.137208 -0.103034
vn 0.991085 0.106760 -0.079703
vn 0.976461 -0.172532 0.129452
vn 0.960713 -0.186149 0.205863
vn -0.890667 -0.128329 0.436169
vn -0.893591 -0.144773 0.424896
vn -0.887184 -0.123268 0.444645
vn 0.750327 -0.070668 0.657278
vn 0.747845 -0.052840 0.661768
vn 0.809611 -0.142795 0.569333
vn -0.479555 -0.152671 0.864129
vn -0.522406 -0.153076 0.838844
vn -0.297439 -0.132006 0.945571
vn -0.037486 -0.290684 0.956085
vn -0.042858 -0.266256 0.962949
vn -0.153072 -0.277224 0.948533
vn -0.562842 -0.144554 0.813826
vn -0.501228 -0.124817 0.856266
vn -0.586637 -0.151485 0.795556
vn 0.613672 0.136168 0.777730
vn 0.585527 0.142260 0.798073
vn 0.601247 0.063378 0.796546
vn 0.578842 0.024785 0.815063
vn 0.668058 0.032366 0.743405
vn 0.607126 0.027546 0.794128
vn -0.591552 -0.019593 0.806029
vn -0.587514 0.002631 0.809210
vn -0.640650 0.056432 0.765756
vn -0.789407 0.231006 0.568747
vn -0.828486 0.225554 0.512577
vn -0.575544 -0.177202 0.798341
vn -0.470458 -0.152540 0.869138
vn -0.625341 -0.165625 0.762573
vn 0.690795 -0.015824 0.722877
vn 0.713624 -0.076714 0.696316
vn -0.918419 0.017182 0.395235
vn -0.907899 -0.084723 0.410537
vn -0.888016 -0.033219 0.458611
vn 0.397946 -0.157253 0.903831
vn 0.291199 -0.150834 0.944697
vn 0.460536 -0.161665 0.872795
vn 0.787834 -0.040232 0.614572
vn 0.801659 -0.041280 0.596354
vn 0.793843 -0.064049 0.604740
vn 0.647270 0.011628 0.762172
vn 0.652696 0.017842 0.757410
vn 0.604597 0.127388 0.786279
vn 0.408740 -0.630913 0.659455
vn 0.277131 -0.572155 0.771905
vn 0.050703 0.026258 0.998369
vn 0.068678 0.035647 0.997002
vn 0.029414 0.066677 0.997341
vn -0.652839 0.030046 0.756901
vn -0.668759 -0.012951 0.743367
vn -0.542400 0.038792 0.839225
vn -0.728184 0.011724 0.685281
vn 0.572301 -0.031307 0.819446
vn 0.094536 -0.069134 0.993118
vn 0.338260 -0.017468 0.940891
vn 0.335818 -0.022409 0.941660
vn 0.585788 -0.051491 0.808827
vn 0.521934 -0.030618 0.852436
vn -0.469825 0.140436 0.871517
vn -0.470504 0.182080 0.863408
vn -0.349599 0.156907 0.923667
vn 0.119900 -0.120245 0.985477
vn 0.107192 -0.013653 0.994145
vn 0.245120 -0.043236 0.968528
vn -0.569498 -0.034958 0.821249
vn -0.600524 0.042394 0.798482
vn -0.402995 -0.279476 0.871486
vn -0.375901 -0.278803 0.883724
vn -0.389840 -0.294250 0.872606
vn 0.759523 -0.225153 0.610271
vn 0.795482 -0.222802 0.563532
vn 0.785508 -0.227322 0.575589
vn 0.873212 -0.012910 0.487170
vn 0.811536 -0.036003 0.583192
vn -0.597798 -0.141950 0.788979
vn -0.676293 -0.155902 0.719947
vn -0.661577 -0.142472 0.736219
vn -0.691471 -0.104874 0.714752
vn -0.702557 -0.121811 0.701125
vn -0.690522 -0.111346 0.714690
vn -0.537739 -0.119325 0.834625
vn -0.539710 -0.104514 0.835338
vn -0.498526 -0.168023 0.850436
vn -0.723051 0.181417 0.666548
vn -0.701030 0.166021 0.693537
vn -0.375890 -0.230383 0.897569
vn -0.395621 -0.271397 0.877398
vn -0.387314 -0.198350 0.900358
vn 0.643453 0.044944 0.764165
vn 0.482903 -0.003569 0.875666
vn 0.434777 -0.020167 0.900312
vn 0.952088 0.011992 0.305589
vn -0.565614 0.186212 0.803372
vn -0.193502 -0.184497 0.963596
vn -0.110389 -0.192192 0.975129
vn -0.132891 -0.137039 0.981611
vn -0.679366 -0.161348 0.715841
vn -0.631917 -0.151478 0.760089
vn -0.660735 -0.156388 0.734147
vn -0.644927 -0.173985 0.744176
vn -0.662178 -0.177111 0.728115
vn -0.646108 -0.166438 0.744878
vn -0.753919 -0.252962 0.606314
vn -0.744230 -0.207937 0.634732
vn -0.761856 -0.197767 0.616818
vn -0.788438 -0.248353 0.562749
vn 0.023173 -0.103204 0.994390
vn 0.631140 0.131769 0.764394
vn 0.603335 0.156787 0.781924
vn -0.145102 -0.261922 0.954119
vn -0.357211 -0.209427 0.910242
vn 0.955093 0.038116 0.293844
vn 0.992135 -0.004641 -0.125088
vn 0.779521 -0.139591 0.610624
vn 0.643298 -0.074381 0.761994
vn 0.683938 -0.112373 0.720834
vn -0.901599 0.020664 0.432079
vn -0.542381 0.162459 0.824275
vn -0.576307 0.163208 0.800771
vn -0.599538 0.124223 0.790647
vn -0.776702 -0.193881 0.599287
vn -0.355493 -0.094600 0.929879
vn -0.403205 -0.106550 0.908886
vn -0.243273 -0.070929 0.967361
vn -0.260960 -0.166957 0.950802
vn -0.358071 -0.147163 0.922024
vn -0.427229 -0.113805 0.896953
vn 0.988460 0.089822 -0.121980
vn 0.997889 0.009799 -0.064203
vn 0.619613 0.121230 0.775489
vn 0.547875 0.138380 0.825036
vn 0.565725 0.137842 0.812991
vn 0.395463 -0.078411 0.915129
vn 0.403370 -0.033590 0.914420
vn 0.336546 -0.042265 0.940718
vn 0.864762 0.044947 0.500167
vn 0.872677 0.010666 0.488181
vn 0.960512 0.059460 0.271811
vn -0.171375 -0.079573 0.981987
vn -0.121981 -0.132829 0.983604
vn -0.179143 -0.219100 0.959116
vn 0.164489 -0.438160 0.883719
vn 0.069497 -0.299118 0.951682
vn 0.143881 -0.311325 0.939348
vn -0.905205 -0.017471 0.424615
vn -0.628347 -0.120587 0.768530
vn -0.638470 -0.116922 0.760714
vn -0.714885 -0.107296 0.690961
vn 0.946864 -0.033783 0.319855
vn 0.830803 -0.156735 0.534042
vn 0.884370 -0.162835 0.437464
vn 0.919878 -0.060864 0.387452
vn -0.646186 0.197427 0.737202
vn -0.640831 0.165087 0.749721
vn -0.619228 0.159732 0.768793
vn -0.686087 0.207837 0.697200
vn -0.624492 0.066443 0.778200
vn -0.650379 0.105281 0.752279
vn -0.557029 0.152780 0.816319
vn -0.590563 0.141921 0.794414
vn -0.432346 0.161113 0.887198
vn -0.354920 0.159663 0.921162
vn -0.314569 0.145376 0.938036
vn 0.571944 0.024352 0.819931
vn 0.369824 -0.041380 0.928180
vn -0.471670 -0.153036 0.868394
vn -0.301266 -0.121789 0.945731
vn 0.775259 -0.176767 0.606404
vn 0.683542 -0.216850 0.696956
vn 0.726043 -0.136281 0.674010
vn -0.700668 -0.021553 0.713162
vn -0.808694 -0.037347 0.587042
vn -0.830318 0.069623 0.552924
vn -0.700652 -0.172463 0.692347
vn -0.662330 -0.161854 0.731520
vn -0.625338 -0.151331 0.765540
vn 0.755870 -0.202722 0.622546
vn 0.803766 -0.193803 0.562495
vn 0.720898 -0.180209 0.669201
vn -0.273566 0.127371 0.953383
vn -0.297028 0.094534 0.950178
vn 0.794462 -0.153480 0.587600
vn 0.777726 -0.108006 0.619256
vn 0.712098 -0.053317 0.700052
vn 0.690919 0.021592 0.722610
vn 0.694273 0.073233 0.715976
vn 0.648850 0.030315 0.760312
vn -0.048767 0.084824 0.995202
vn -0.512969 0.110106 0.851316
vn -0.523373 0.092664 0.847050
vn -0.429100 0.093665 0.898387
vn -0.882100 0.121289 0.455179
vn -0.571803 -0.051219 0.818791
vn -0.563406 0.152086 0.812061
vn -0.425656 0.138452 0.894230
vn -0.403849 0.159402 0.900831
vn -0.391356 -0.209115 0.896165
vn -0.347686 -0.254393 0.902440
vn -0.299536 -0.166468 0.939450
vn -0.355629 -0.268272 0.895298
vn -0.321788 -0.249091 0.913458
vn -0.327228 -0.299121 0.896353
vn -0.066110 -0.307995 0.949088
vn -0.146852 -0.316171 0.937268
vn -0.093286 -0.208392 0.973586
vn -0.906027 -0.016623 0.422893
vn -0.766829 -0.120535 0.630432
vn -0.806745 -0.089839 0.584030
vn -0.015940 -0.456742 0.889456
vn 0.567751 -0.330266 0.754045
vn 0.544035 -0.186245 0.818132
vn -0.823803 -0.266091 0.500544
vn -0.841110 -0.220476 0.493887
vn -0.775824 -0.217139 0.592408
vn -0.809763 -0.197935 0.552364
vn -0.624776 -0.172990 0.761400
vn -0.419739 -0.151982 0.894830
vn -0.551747 -0.157364 0.819031
vn -0.469146 -0.143047 0.871458
vn -0.630741 -0.169108 0.757343
vn 0.651506 0.002428 0.758639
vn 0.720813 0.140854 0.678666
vn -0.753694 -0.204240 0.624686
vn -0.704340 -0.200679 0.680906
vn 0.811442 0.096716 0.576375
vn 0.619533 0.105839 0.777803
vn 0.867640 0.099955 0.487041
vn 0.995715 0.029721 0.087569
vn -0.689189 -0.105719 0.716827
vn -0.686827 -0.094123 0.720701
vn -0.691276 -0.105339 0.714871
vn -0.895802 -0.157366 0.415661
vn -0.703641 -0.154948 0.693455
vn -0.707512 -0.135092 0.693669
vn 0.625051 0.009044 0.780532
vn 0.572548 0.093626 0.814508
vn 0.943603 0.067614 0.324101
vn 0.987215 0.004458 0.159333
vn 0.993830 -0.020625 -0.108975
vn 0.906121 -0.210812 0.366746
vn 0.833938 -0.199237 0.514638
vn 0.857962 -0.172047 0.484047
vn -0.591369 0.187618 0.784271
vn -0.686056 0.172937 0.706697
vn -0.669301 0.134792 0.730662
vn -0.332960 0.138871 0.932659
vn -0.348063 0.127411 0.928773
vn -0.277134 0.135604 0.951214
vn -0.543352 -0.055127 0.837693
vn -0.495075 -0.088424 0.864339
vn -0.549102 -0.059665 0.833623
vn -0.884431 -0.187625 0.427291
vn -0.768028 -0.171716 0.616966
vn 0.505689 -0.022178 0.862430
vn 0.255877 -0.062027 0.964718
vn 0.514507 -0.025902 0.857095
vn -0.722691 -0.190978 0.664263
vn -0.715755 -0.189788 0.672068
vn -0.694098 -0.199548 0.691671
vn 0.711650 -0.041942 0.701281
vn 0.650847 0.009744 0.759146
vn 0.760837 0.005984 0.648915
vn 0.781539 -0.055491 0.621384
vn 0.745331 -0.015546 0.666513
vn 0.654769 -0.090139 0.750435
vn 0.436094 -0.537052 0.722079
vn -0.734413 0.212509 0.644576
vn -0.719545 0.205422 0.663368
vn -0.703331 0.191726 0.684520
vn -0.363558 -0.302005 0.881260
vn -0.775828 0.032102 0.630127
vn -0.625936 0.116986 0.771050
vn -0.749669 0.073792 0.657686
vn -0.779880 0.100721 0.617772
vn -0.662155 -0.152028 0.733783
vn -0.658013 -0.149320 0.738053
vn 0.991525 -0.040848 0.123325
vn 0.860340 0.084504 0.502667
vn 0.481037 0.194245 0.854911
vn -0.223025 -0.316767 0.921910
vn -0.244724 -0.242660 0.938736
vn -0.582225 0.116006 0.804709
vn -0.628297 0.129857 0.767059
vn -0.825583 -0.071939 0.559676
vn 0.596562 0.064130 0.800001
vn 0.411340 0.217820 0.885073
vn 0.573501 0.063768 0.816720
vn 0.545067 0.085955 0.833974
vn -0.785178 -0.147653 0.601410
vn -0.877526 -0.056934 0.476137
vn -0.855541 -0.101979 0.507592
vn 0.847259 -0.086661 0.524064
vn 0.846662 -0.165045 0.505889
vn 0.779819 0.006063 0.625976
vn 0.895481 -0.179169 0.407447
vn 0.831563 -0.215013 0.512125
vn 0.904069 -0.201426 0.376944
vn -0.680058 -0.036437 0.732253
vn -0.668430 0.000296 0.743775
vn 0.996377 0.076716 0.036721
vn 0.986721 0.079356 0.141720
vn -0.680714 -0.197452 0.705437
vn 0.999486 0.031345 -0.006686
vn 0.893143 0.076313 0.443251
vn 0.940220 0.058102 0.335574
vn -0.721016 0.203073 0.662494
vn -0.844136 0.172346 0.507672
vn -0.166519 -0.069452 0.983589
vn -0.245965 -0.122492 0.961508
vn -0.187777 -0.232305 0.954345
vn -0.625443 0.077437 0.776418
vn 0.386927 -0.496074 0.777302
vn 0.721970 -0.082845 0.686947
vn -0.842191 0.194264 0.502967
vn -0.083233 0.160667 0.983493
vn -0.764099 0.149566 0.627522
vn -0.712616 0.160542 0.682938
vn -0.862021 -0.203098 0.464405
vn -0.442662 0.142931 0.885224
vn -0.159301 -0.136079 0.977807
vn 0.922751 0.053556 0.381658
vn -0.794730 -0.243594 0.555937
vn -0.803457 -0.129545 0.581098
vn -0.689257 -0.198459 0.696806
vn -0.607091 0.177607 0.774530
vn 0.914159 -0.199508 0.352860
vn 0.904017 -0.101559 0.415258
vn 0.885856 -0.074804 0.457890
vn -0.197059 0.135027 0.971049
vn -0.215108 0.061321 0.974663
vn -0.151524 0.009681 0.988406
vn -0.228083 -0.344955 0.910486
vn -0.826208 -0.267641 0.495731
vn 0.877822 0.008673 0.478908
vn 0.995776 -0.039324 -0.082968
vn -0.622097 0.043383 0.781738
vn -0.722525 0.070152 0.687777
vn -0.715608 0.111775 0.689501
vn -0.749628 0.065325 0.658628
vn -0.771503 0.094465 0.629173
vn -0.692217 -0.188443 0.696653
vn -0.703747 -0.198479 0.682163
vn -0.740233 -0.215069 0.637025
vn 0.934154 -0.167640 0.315046
vn 0.985025 -0.028834 0.169984
vn 0.916321 -0.147871 0.372144
vn 0.930001 -0.179565 0.320711
vn 0.994400 -0.033465 -0.100248
vn 0.996870 -0.052962 -0.058694
vn -0.800392 0.075038 0.594763
vn -0.773504 0.126650 0.621008
vn -0.344037 -0.058022 0.937162
vn -0.453267 -0.110311 0.884523
vn -0.459784 -0.189748 0.867522
vn -0.511855 -0.092924 0.854031
vn -0.427766 -0.264447 0.864340
vn -0.553834 -0.074161 0.829318
vn -0.547550 -0.068943 0.833928
vn -0.557779 -0.045911 0.828719
vn -0.513096 -0.108222 0.851481
vn 0.822708 -0.125130 0.554522
vn -0.558666 0.124826 0.819946
vn -0.265471 -0.060284 0.962232
vn -0.238948 -0.097942 0.966080
vn -0.300560 -0.135384 0.944105
vn -0.840962 -0.044590 0.539254
vn -0.023422 -0.206976 0.978066
vn -0.638486 -0.185111 0.747041
vn -0.652605 -0.189305 0.733669
vn -0.500900 -0.127012 0.856135
vn -0.409951 -0.115570 0.904756
vn -0.402976 -0.108303 0.908780
vn -0.746542 -0.195238 0.636048
vn -0.276817 -0.311823 0.908922
vn -0.167711 -0.389789 0.905504
vn 0.819246 0.031860 0.572556
vn 0.858492 -0.039643 0.511292
vn -0.097053 0.179642 0.978933
vn -0.124246 -0.119743 0.985000
vn -0.068421 -0.103400 0.992284
vn 0.079796 -0.077135 0.993822
vn -0.519278 -0.153760 0.840660
vn -0.318009 -0.130575 0.939053
vn 0.780942 0.032554 0.623755
vn 0.750512 0.022753 0.660465
vn 0.653296 0.044673 0.755783
vn 0.638504 0.055308 0.767628
vn -0.768839 -0.209587 0.604119
vn -0.740679 -0.170397 0.649891
vn -0.722214 -0.186446 0.666067
vn -0.269916 -0.305890 0.913004
vn -0.225631 -0.283970 0.931907
vn -0.688564 -0.168435 0.705343
vn -0.668829 -0.177393 0.721942
vn -0.651240 -0.159275 0.741969
vn -0.618695 -0.147068 0.771744
vn 0.638462 -0.001724 0.769651
vn 0.666072 0.104226 0.738569
vn 0.608048 -0.017869 0.793699
vn 0.670076 -0.031786 0.741611
vn 0.621017 0.021571 0.783500
vn 0.616162 0.083759 0.783153
vn 0.678263 0.030721 0.734177
vn 0.711666 0.077531 0.698227
vn 0.695385 0.080446 0.714120
vn 0.712523 0.035805 0.700734
vn -0.169388 -0.098685 0.980596
vn 0.081047 -0.077645 0.993681
vn -0.235534 -0.136337 0.962256
vn 0.777034 0.007602 0.629412
vn 0.749709 -0.012703 0.661646
vn 0.737451 0.032845 0.674601
vn 0.529903 0.018925 0.847847
vn 0.671213 0.118384 0.731750
vn 0.699118 0.102772 0.707582
vn 0.794444 -0.133657 0.592447
vn 0.949827 -0.129007 0.284933
vn 0.620392 -0.159074 0.767990
vn 0.642015 -0.125247 0.756393
vn 0.512485 -0.125162 0.849526
vn 0.590332 -0.108481 0.799838
vn 0.203977 -0.187521 0.960848
vn 0.372513 -0.198487 0.906552
vn 0.379128 -0.149359 0.913211
vn 0.483455 -0.164019 0.859866
vn -0.449497 -0.116830 0.885609
vn -0.339472 -0.084132 0.936846
vn -0.286744 -0.082617 0.954438
vn 0.622327 -0.029777 0.782191
vn 0.238626 -0.065590 0.968894
vn 0.216559 -0.133665 0.967076
vn 0.342836 -0.132675 0.929979
vn -0.607114 0.139065 0.782351
vn -0.853165 -0.032537 0.520626
vn -0.724958 -0.085056 0.683522
vn -0.686893 -0.043267 0.725470
vn -0.737503 -0.037517 0.674301
vn 0.650106 -0.001480 0.759842
vn 0.559576 0.150417 0.815015
vn 0.649019 0.008911 0.760720
vn 0.640076 0.039882 0.767276
vn 0.735566 0.005707 0.677429
vn 0.700946 0.042664 0.711938
vn 0.215379 -0.045655 0.975463
vn 0.033693 -0.054064 0.997969
vn -0.117263 -0.071391 0.990532
vn 0.252658 -0.049831 0.966272
vn 0.161691 -0.068969 0.984428
vn 0.685308 0.015239 0.728094
vn -0.402386 -0.116903 0.907975
vn -0.386647 -0.103379 0.916415
vn -0.487256 -0.115894 0.865534
vn -0.019514 -0.053287 0.998389
vn -0.576879 -0.143438 0.804137
vn -0.663327 -0.148822 0.733382
vn -0.653472 -0.155639 0.740777
vn 0.789533 -0.166356 0.590731
vn -0.014180 -0.057081 0.998269
vn -0.045242 -0.050469 0.997700
vn 0.083843 -0.051641 0.995140
vn 0.379413 0.185124 0.906518
vn -0.807634 -0.241768 0.537844
vn -0.784008 -0.229957 0.576586
vn -0.818462 -0.086348 0.568035
vn -0.836399 -0.091693 0.540398
vn -0.658329 0.093886 0.746852
vn -0.506344 -0.022810 0.862030
vn -0.650801 0.123051 0.749210
vn -0.599500 0.011273 0.800296
vn -0.592698 -0.008801 0.805377
vn -0.621165 0.058098 0.781523
vn -0.642781 0.107235 0.758508
vn -0.634123 0.103504 0.766273
vn -0.658077 0.138005 0.740195
vn 0.759169 0.114468 0.640749
vn -0.751815 -0.198386 0.628823
vn -0.703234 0.056773 0.708688
vn -0.635388 0.029404 0.771633
vn 0.261006 -0.064306 0.963193
vn 0.064645 -0.095735 0.993306
vn 0.017199 -0.102379 0.994597
vn 0.109684 -0.096041 0.989316
vn 0.004575 -0.076665 0.997046
vn -0.295374 -0.124832 0.947191
vn -0.473993 -0.177953 0.862359
vn -0.690562 -0.066946 0.720168
vn -0.681280 -0.039369 0.730964
vn -0.445162 -0.088867 0.891029
vn -0.662245 -0.092903 0.743506
vn -0.605344 -0.023416 0.795620
vn -0.589586 -0.012852 0.807603
vn -0.460017 -0.016034 0.887765
vn -0.660130 0.025191 0.750729
vn -0.508463 -0.128558 0.851433
vn -0.465815 -0.128862 0.875449
vn -0.427517 -0.197584 0.882151
vn -0.412158 -0.241952 0.878399
vn -0.440863 -0.222593 0.869536
vn -0.688599 -0.115938 0.715814
vn -0.687963 -0.138554 0.712398
vn 0.838721 -0.127438 0.529440
vn 0.826023 -0.215770 0.520702
vn 0.818450 -0.245076 0.519689
vn 0.849873 -0.224297 0.476872
vn 0.593126 -0.174494 0.785973
vn 0.532640 -0.192320 0.824201
vn 0.695595 -0.190845 0.692622
vn -0.672397 0.159734 0.722750
vn -0.673476 0.144563 0.724936
vn -0.676008 0.165685 0.718026
vn 0.450107 -0.107055 0.886534
vn 0.516866 -0.105612 0.849527
vn 0.541664 0.033241 0.839938
vn 0.301844 0.044566 0.952315
vn 0.180947 0.053996 0.982009
vn 0.157426 0.059624 0.985729
vn 0.229083 -0.049681 0.972138
vn 0.164233 -0.039495 0.985631
vn -0.109227 -0.046512 0.992928
vn -0.057920 -0.080177 0.995097
vn -0.571853 0.047375 0.818987
vn -0.387714 0.052681 0.920273
vn -0.097999 0.102284 0.989916
vn -0.044602 0.073586 0.996291
vn -0.090510 0.041781 0.995019
vn -0.085298 0.166400 0.982362
vn -0.083552 0.139067 0.986752
vn -0.235211 0.160498 0.958601
vn -0.505123 0.137276 0.852060
vn -0.613238 0.052085 0.788179
vn -0.573393 0.042465 0.818179
vn -0.619009 0.086325 0.780626
vn -0.539880 0.126769 0.832141
vn -0.585179 0.096005 0.805201
vn -0.479671 0.048403 0.876113
vn -0.544711 0.052207 0.836997
vn -0.259780 -0.032378 0.965125
vn -0.311282 0.023461 0.950028
vn -0.625954 0.113346 0.771579
vn -0.420373 -0.254522 0.870922
vn -0.460662 -0.231845 0.856761
vn -0.413433 -0.262058 0.872008
vn -0.397917 -0.169872 0.901557
vn -0.319716 -0.303589 0.897561
vn -0.366143 -0.302208 0.880119
vn -0.418156 0.175190 0.891322
vn -0.280009 0.176629 0.943609
vn -0.295107 0.182644 0.937845
vn -0.254208 0.180286 0.950197
vn -0.276161 0.163746 0.947060
vn -0.354533 0.094094 0.930297
vn 0.550459 -0.222569 0.804648
vn 0.594723 -0.196357 0.779583
vn 0.566687 -0.254978 0.783487
vn 0.291572 -0.038639 0.955768
vn 0.458428 -0.020488 0.888496
vn 0.399758 0.007068 0.916593
vn -0.666360 -0.128644 0.734449
vn -0.744915 -0.096179 0.660191
vn -0.669029 -0.113940 0.734450
vn -0.578495 -0.139392 0.803687
vn -0.228849 -0.057520 0.971761
vn -0.153347 -0.049503 0.986932
vn -0.073105 -0.047916 0.996173
vn 0.038018 -0.054438 0.997793
vn 0.066622 -0.053731 0.996331
vn -0.172006 -0.056326 0.983484
vn 0.137973 -0.135516 0.981121
vn -0.007186 -0.129931 0.991497
vn -0.547059 -0.020559 0.836841
vn -0.559358 -0.028047 0.828452
vn -0.373443 -0.029518 0.927184
vn -0.581146 0.101523 0.807442
vn -0.635956 0.056518 0.769653
vn -0.629739 0.027838 0.776308
vn -0.678350 -0.186253 0.710740
vn -0.622278 -0.158343 0.766615
vn -0.617171 -0.166366 0.769040
vn -0.673611 0.194504 0.713034
vn -0.685911 0.185636 0.703609
vn -0.688827 0.155092 0.708141
vn -0.665087 0.149373 0.731674
vn -0.611086 -0.172712 0.772493
vn -0.225326 -0.161906 0.960737
vn -0.295090 -0.167487 0.940675
vn 0.071663 -0.146659 0.986588
vn 0.127524 -0.155197 0.979618
vn -0.122918 -0.169993 0.977749
vn -0.210161 -0.121657 0.970068
vn -0.143620 -0.137445 0.980042
vn -0.289259 -0.109176 0.951005
vn -0.621340 -0.097796 0.777414
vn -0.420624 -0.090594 0.902700
vn -0.622264 -0.078297 0.778882
vn -0.302555 -0.104283 0.947410
vn -0.303965 -0.078538 0.949440
vn 0.041438 -0.012448 0.999064
vn -0.142012 -0.004609 0.989854
vn -0.158238 -0.042832 0.986472
vn 0.016440 -0.043968 0.998898
vn -0.301802 0.041123 0.952483
vn -0.366257 0.007957 0.930480
vn -0.315082 -0.023203 0.948781
vn -0.011865 0.082597 0.996512
vn 0.053910 0.082504 0.995132
vn 0.013258 0.111431 0.993684
vn -0.280572 0.161974 0.946067
vn 0.798175 -0.102883 0.593576
vn 0.706839 -0.066257 0.704264
vn 0.877720 -0.093456 0.469972
vn 0.770933 -0.235658 0.591717
vn 0.652034 -0.110537 0.750089
vn 0.546949 -0.088703 0.832453
vn 0.549631 0.000817 0.835407
vn 0.533739 -0.017445 0.845469
vn 0.440767 -0.209525 0.872825
vn 0.303816 -0.012226 0.952652
vn 0.347699 -0.076077 0.934515
vn 0.170379 -0.034448 0.984776
vn 0.440571 -0.057231 0.895892
vn 0.799208 -0.109270 0.591038
vn 0.785161 -0.136825 0.603987
vn 0.813428 -0.097679 0.573406
vn 0.239563 -0.111516 0.964455
vn -0.395853 -0.104449 0.912355
vn -0.471050 -0.124414 0.873289
vn -0.531250 -0.141679 0.835285
vn -0.499572 -0.129126 0.856595
vn -0.578382 -0.144521 0.802862
vn -0.465904 -0.120934 0.876532
vn 0.506388 -0.042260 0.861270
vn -0.119854 -0.066584 0.990556
vn -0.324278 -0.105224 0.940091
vn -0.239319 -0.092012 0.966571
vn -0.237549 -0.085184 0.967633
vn 0.222962 -0.030532 0.974349
vn 0.496512 -0.054234 0.866334
vn 0.364360 -0.019580 0.931052
vn -0.210762 -0.161680 0.964074
vn -0.209133 0.017335 0.977734
vn -0.045397 -0.003893 0.998961
vn 0.010254 0.038395 0.999210
vn 0.014647 -0.064380 0.997818
vn 0.071740 -0.173753 0.982173
vn 0.047690 -0.243848 0.968640
vn 0.710630 -0.024626 0.703135
vn 0.768628 -0.044592 0.638140
vn 0.657264 0.020642 0.753378
vn 0.727300 -0.115054 0.676607
vn 0.803039 -0.012180 0.595803
vn 0.730323 -0.010087 0.683028
vn 0.694727 -0.031592 0.718579
vn 0.551627 -0.035451 0.833337
vn 0.359068 -0.039468 0.932477
vn 0.362118 0.159538 0.918378
vn -0.280216 -0.233491 0.931107
vn -0.262668 -0.277080 0.924247
vn -0.751445 -0.205345 0.627027
vn -0.751039 -0.190781 0.632094
vn -0.717901 -0.177161 0.673225
vn -0.754806 -0.184347 0.629511
vn -0.767945 -0.219562 0.601708
vn -0.674507 -0.187237 0.714131
vn -0.734614 -0.186560 0.652333
vn -0.719231 -0.185479 0.669556
vn -0.752705 -0.221819 0.619864
vn -0.558875 -0.146032 0.816292
vn -0.451646 -0.140657 0.881040
vn -0.378125 -0.113737 0.918741
vn -0.386121 -0.126189 0.913776
vn -0.196378 -0.098990 0.975519
vn 0.215307 -0.054880 0.975003
vn 0.571123 0.114559 0.812831
vn 0.684294 0.083578 0.724401
vn 0.652352 0.074217 0.754274
vn 0.717670 0.042127 0.695108
vn -0.677173 -0.031060 0.735168
vn 0.063466 0.076556 0.995043
vn -0.202261 0.119909 0.971963
vn -0.308797 0.055003 0.949536
vn -0.200791 0.060089 0.977790
vn -0.164688 0.137324 0.976740
vn -0.260953 0.173248 0.949678
vn 0.626241 0.028143 0.779122
vn 0.614265 0.043929 0.787876
vn 0.647809 -0.004248 0.761791
vn 0.569536 -0.001592 0.821965
vn 0.610766 0.065611 0.789088
vn 0.643628 0.118774 0.756066
vn 0.679360 0.123567 0.723327
vn 0.593951 0.122168 0.795171
vn 0.559183 0.145842 0.816115
vn 0.514959 -0.020886 0.856961
vn 0.157074 -0.052235 0.986205
vn 0.520588 -0.003950 0.853799
vn -0.111182 -0.097438 0.989012
vn -0.078219 -0.110987 0.990739
vn 0.531520 0.029449 0.846534
vn -0.360039 -0.124219 0.924631
vn -0.752356 -0.225698 0.618887
vn -0.755580 -0.206651 0.621606
vn -0.616066 -0.156109 0.772071
vn -0.311470 -0.104194 0.944527
vn -0.530718 -0.131950 0.837214
vn -0.618352 -0.145035 0.772403
vn -0.597156 -0.142002 0.789456
vn 0.444379 -0.037830 0.895040
vn -0.653226 0.009646 0.757101
vn -0.667783 0.008209 0.744311
vn -0.523478 0.049912 0.850576
vn -0.704247 0.105867 0.702017
vn -0.558189 0.135857 0.818516
vn -0.583340 0.131973 0.801435
vn -0.694313 0.140049 0.705914
vn -0.690599 -0.093954 0.717109
vn -0.519907 -0.130934 0.844129
vn -0.293741 -0.121672 0.948110
vn -0.479970 -0.174270 0.859802
vn 0.782030 -0.131482 0.609214
vn -0.270304 -0.177873 0.946201
vn 0.326299 -0.383250 0.864088
vn 0.241863 -0.462768 0.852847
vn 0.386512 0.074665 0.919257
vn 0.364427 -0.115198 0.924079
vn 0.437584 -0.263029 0.859847
vn 0.518851 0.015097 0.854732
vn -0.383438 0.049754 0.922226
vn -0.354118 0.106942 0.929066
vn -0.620277 0.103133 0.777573
vn -0.535133 0.027657 0.844315
vn -0.456312 0.084501 0.885798
vn -0.388093 0.027878 0.921198
vn -0.523778 0.133479 0.841332
vn -0.369768 0.101735 0.923538
vn -0.361992 -0.003143 0.932176
vn 0.842475 -0.227226 0.488471
vn -0.174127 0.155374 0.972388
vn -0.215911 0.169127 0.961654
vn -0.256529 0.107456 0.960545
vn -0.261193 0.007953 0.965254
vn -0.284781 0.000501 0.958593
vn -0.319629 0.071225 0.944862
vn -0.608583 -0.162548 0.776663
vn -0.632491 -0.147282 0.760437
vn -0.622063 -0.153270 0.767819
vn -0.577080 -0.134054 0.805610
vn -0.472361 -0.122781 0.872812
vn -0.665477 -0.190889 0.721597
vn -0.670516 -0.197690 0.715071
vn -0.525219 0.095064 0.845640
vn -0.732483 -0.037211 0.679768
vn 0.426361 -0.127566 0.895513
vn 0.108058 -0.093471 0.989741
vn 0.225543 -0.199147 0.953662
vn 0.393459 -0.224361 0.891545
vn 0.558329 -0.256750 0.788891
vn 0.639479 -0.236598 0.731497
vn 0.552293 -0.239156 0.798610
vn -0.541495 -0.144632 0.828170
vn -0.553548 -0.133189 0.822098
vn -0.702255 -0.177989 0.689317
vn -0.682924 -0.165296 0.711542
vn -0.558772 -0.144660 0.816608
vn -0.528582 -0.135060 0.838069
vn -0.725824 -0.164495 0.667923
vn -0.228844 -0.098759 0.968441
vn -0.110086 -0.081314 0.990590
vn 0.217107 -0.054090 0.974648
vn 0.653144 -0.042869 0.756020
vn 0.648678 -0.014018 0.760934
vn 0.300618 -0.049472 0.952461
vn -0.010631 -0.076051 0.997047
vn -0.229981 -0.110052 0.966953
vn -0.200855 -0.112242 0.973170
vn 0.053834 -0.065510 0.996399
vn -0.000197 -0.049280 0.998785
vn 0.126217 -0.032173 0.991481
vn -0.108638 -0.071578 0.991501
vn -0.157395 -0.071408 0.984951
vn -0.572918 -0.136848 0.808108
vn -0.497538 -0.115933 0.859660
vn -0.348680 -0.099375 0.931959
vn -0.297778 -0.131074 0.945594
vn -0.296117 -0.115273 0.948170
vn -0.414056 -0.137163 0.899858
vn -0.104687 0.061905 0.992577
vn 0.228467 0.038153 0.972804
vn 0.083411 -0.036879 0.995833
vn 0.067774 -0.002452 0.997698
vn -0.305281 -0.040197 0.951414
vn 0.089876 -0.060662 0.994104
vn 0.154901 -0.152017 0.976164
vn -0.187025 -0.065828 0.980147
vn -0.189136 -0.090960 0.977729
vn -0.270646 -0.131993 0.953587
vn -0.109245 -0.395233 0.912062
vn 0.655897 -0.251845 0.711599
vn 0.727377 -0.050091 0.684408
vn -0.714901 -0.161623 0.680290
vn -0.155207 -0.103066 0.982491
vn 0.261099 -0.171660 0.949926
vn -0.308876 -0.047583 0.949911
vn -0.355765 -0.027005 0.934185
vn -0.435677 0.191006 0.879604
vn -0.530079 0.161337 0.832458
vn -0.615058 0.152778 0.773539
vn -0.720087 0.151968 0.677038
vn -0.529266 0.148076 0.835435
vn -0.651528 0.126998 0.747919
vn 0.631126 -0.191748 0.751607
vn 0.535061 -0.239079 0.810279
vn 0.503007 -0.191388 0.842825
vn 0.743406 -0.210180 0.634958
vn -0.299967 -0.274563 0.913584
vn -0.325801 -0.207273 0.922438
vn -0.347078 -0.150769 0.925638
vn -0.301267 -0.082531 0.949962
vn -0.328953 -0.063703 0.942195
vn -0.306967 0.046912 0.950563
vn -0.208240 0.106047 0.972312
vn -0.152656 0.070739 0.985745
vn -0.000591 -0.137104 0.990557
vn 0.202603 -0.218863 0.954490
vn -0.372287 -0.288620 0.882100
vn -0.320245 -0.280007 0.905008
vn 0.183937 -0.191986 0.964006
vn -0.049400 -0.167462 0.984640
vn -0.000411 -0.119285 0.992860
vn 0.181172 -0.178722 0.967076
vn 0.198927 -0.192323 0.960958
vn 0.776751 -0.022333 0.629412
vn 0.081880 -0.032874 0.996100
vn 0.144765 -0.039190 0.988690
vn 0.208522 -0.043435 0.977053
vn -0.503471 -0.131006 0.854023
vn -0.741992 -0.106953 0.661822
vn 0.768249 -0.155314 0.621024
vn 0.833719 -0.164874 0.527001
vn -0.284347 0.133061 0.949443
vn -0.419219 -0.094870 0.902915
vn -0.381682 -0.080122 0.920814
vn -0.344856 -0.008753 0.938615
vn -0.363559 -0.108934 0.925180
vn -0.241058 0.177791 0.954087
vn -0.674475 -0.168966 0.718703
vn -0.613916 -0.160438 0.772895
vn -0.406948 -0.141629 0.902405
vn 0.605353 -0.050024 0.794383
vn 0.446411 0.049168 0.893476
vn 0.459853 0.015923 0.887852
vn 0.331040 0.007929 0.943583
vn 0.317373 0.000551 0.948300
vn 0.487389 -0.029703 0.872680
vn 0.727794 0.005053 0.685778
vn 0.701424 0.027367 0.712219
vn 0.551722 0.113936 0.826209
vn 0.566439 0.142373 0.811712
vn -0.560769 -0.019642 0.827739
vn -0.431224 -0.019212 0.902041
vn -0.510424 -0.145522 0.847520
vn -0.378372 -0.146333 0.914014
vn -0.496226 -0.192246 0.846641
vn -0.456061 -0.216711 0.863160
vn -0.643495 0.124714 0.755222
vn -0.478012 -0.166872 0.862356
vn -0.259755 -0.087502 0.961702
vn -0.091796 -0.077276 0.992775
vn -0.184172 -0.071723 0.980274
vn -0.181416 -0.107815 0.977479
vn -0.189112 -0.176175 0.966022
vn -0.217129 -0.184744 0.958501
vn 0.129853 -0.114640 0.984884
vn 0.389080 -0.086080 0.917174
vn -0.248040 -0.166583 0.954320
vn -0.764793 -0.095466 0.637164
vn -0.758433 -0.098180 0.644314
vn -0.691103 -0.104985 0.715091
vn -0.688410 -0.121754 0.715030
vn 0.399280 -0.019962 0.916612
vn 0.714784 -0.060169 0.696753
vn 0.832991 -0.146990 0.533403
vn 0.778314 -0.091036 0.621241
vn 0.698372 -0.051470 0.713881
vn -0.297524 0.094116 0.950064
vn -0.023363 -0.106747 0.994012
vn 0.469912 0.042231 0.881702
vn 0.762899 -0.193736 0.616808
vn 0.698785 -0.167898 0.695349
vn 0.670277 -0.133358 0.730031
vn -0.836098 0.253177 0.486664
vn 0.767539 0.000060 0.641002
vn -0.468992 -0.189234 0.862692
vn 0.635572 -0.256241 0.728278
vn 0.138332 -0.002233 0.990383
vn -0.702480 -0.184754 0.687305
vn -0.684344 -0.168260 0.709480
vn -0.264294 -0.149472 0.952789
vn -0.211496 0.149287 0.965910
vn -0.665983 -0.100170 0.739211
vn -0.425554 -0.072180 0.902050
vn -0.340297 0.046350 0.939175
vn -0.304581 0.029211 0.952039
vn 0.877454 0.058016 -0.476139
vn 0.867702 -0.035499 -0.495816
vn 0.854787 0.006606 -0.518937
vn 0.788301 0.053841 -0.612930
vn 0.868684 -0.027907 -0.494580
vn 0.817292 0.011329 -0.576112
vn 0.836750 0.031102 -0.546701
vn 0.844007 0.016541 -0.536077
vn 0.840257 0.012222 -0.542050
vn 0.857124 -0.030994 -0.514176
vn 0.868153 -0.038057 -0.494836
vn 0.921476 -0.075347 -0.381057
vn 0.915595 -0.078280 -0.394409
vn 0.873270 -0.010725 -0.487118
vn 0.934565 -0.048378 -0.352489
vn 0.943026 -0.021903 -0.331996
vn 0.967814 -0.053401 -0.245934
vn 0.993629 -0.057410 -0.096984
vn 0.995915 -0.085918 -0.027770
vn 0.995206 -0.097439 0.008442
vn 0.960757 -0.053071 -0.272268
vn 0.943085 -0.028201 -0.331355
vn 0.936077 -0.034010 -0.350146
vn 0.838863 0.067671 -0.540121
vn 0.936248 -0.095976 -0.337977
vn 0.807147 0.071204 -0.586041
vn 0.922588 -0.062515 -0.380689
vn 0.725961 0.228743 -0.648581
vn 0.841896 0.108509 -0.528618
vn 0.854837 0.066017 -0.514680
vn 0.958490 -0.265432 -0.104126
vn 0.950632 -0.251167 -0.182247
vn 0.767892 0.026633 -0.640025
vn 0.767774 -0.127301 -0.627947
vn 0.822380 0.028813 -0.568208
vn 0.062973 0.256356 -0.964529
vn 0.183875 0.168195 -0.968453
vn -0.020702 0.301369 -0.953283
vn 0.498024 0.032984 -0.866536
vn 0.646145 0.057467 -0.761048
vn 0.351904 0.033038 -0.935453
vn 0.941770 -0.130718 -0.309810
vn 0.989226 -0.024937 -0.144256
vn 0.984993 -0.037648 -0.168440
vn 0.997734 -0.058587 0.033093
vn 0.998801 -0.046092 0.016528
vn 0.999008 -0.042257 -0.014082
vn 0.996332 -0.029669 -0.080266
vn 0.997064 -0.067422 -0.036302
vn 0.997317 -0.073155 0.002822
vn 0.989194 -0.137714 0.050302
vn 0.974720 -0.046342 -0.218570
vn 0.701500 0.194696 -0.685559
vn 0.997468 -0.063984 0.031030
vn 0.019086 -0.896556 -0.442519
vn -0.041132 -0.925174 -0.377309
vn 0.420380 -0.824865 -0.377993
vn -0.060691 0.229238 -0.971477
vn -0.142923 0.280971 -0.949014
vn 0.934939 -0.178954 -0.306372
vn 0.945378 -0.267646 -0.186079
vn 0.820132 0.059509 -0.569072
vn 0.983469 0.145641 0.107595
vn 0.992705 -0.053389 0.108106
vn 0.017141 -0.999835 -0.005979
vn 0.997625 0.042577 0.054147
vn 0.997252 0.073853 -0.005897
vn 0.991398 -0.013282 0.130210
vn 0.803031 -0.485678 -0.345339
vn 0.806983 -0.528885 -0.262790
vn 0.896098 -0.317194 -0.310476
vn 0.998336 0.044243 0.036991
vn 0.985231 -0.157448 0.067309
vn 0.021929 -0.927291 -0.373699
vn 0.044874 -0.891189 -0.451407
vn 0.998983 -0.040482 0.019868
vn 0.989124 -0.130059 -0.068684
vn -0.074013 -0.801362 -0.593584
vn -0.314937 -0.869310 0.380938
vn 0.526672 -0.750286 -0.399609
vn 0.620521 -0.711450 -0.329836
vn 0.107204 -0.338137 -0.934971
vn 0.243942 -0.462509 -0.852395
vn 0.196741 -0.292057 -0.935946
vn 0.096214 -0.129291 -0.986928
vn 0.065170 -0.088744 -0.993920
vn 0.077524 -0.196041 -0.977526
vn 0.414039 -0.768092 -0.488474
vn 0.036801 -0.808627 -0.587169
vn 0.593983 -0.682161 -0.426428
vn 0.734085 -0.569145 -0.370396
vn 0.204777 -0.361406 -0.909644
vn 0.076089 -0.044319 -0.996116
vn 0.046187 0.015492 -0.998813
vn 0.043176 0.101394 -0.993909
vn 0.040217 0.172955 -0.984108
vn 0.023900 0.165422 -0.985933
vn -0.014931 0.338731 -0.940765
vn -0.000040 0.292464 -0.956276
vn -0.024639 0.310886 -0.950128
vn -0.007332 0.345932 -0.938231
vn -0.012866 0.380658 -0.924627
vn -0.012619 0.381385 -0.924330
vn -0.045394 0.123552 -0.991299
vn -0.115324 0.180411 -0.976807
vn 0.090224 0.083847 -0.992386
vn 0.010521 0.307742 -0.951412
vn 0.021624 0.321176 -0.946773
vn 0.017582 0.279541 -0.959973
vn -0.014390 0.363779 -0.931374
vn 0.000865 0.318001 -0.948090
vn 0.016096 0.267152 -0.963520
vn 0.028858 0.364497 -0.930757
vn -0.018315 0.343921 -0.938820
vn -0.039764 0.327627 -0.943970
vn 0.061060 0.372868 -0.925873
vn -0.027035 0.161183 -0.986554
vn 0.035935 0.250991 -0.967322
vn -0.012501 0.199658 -0.979786
vn 0.028991 0.386992 -0.921627
vn 0.207859 0.152757 -0.966157
vn -0.106307 0.485302 -0.867860
vn 0.230578 -0.278842 -0.932245
vn -0.018633 0.352365 -0.935677
vn -0.010531 0.380022 -0.924918
vn -0.270867 0.091454 -0.958263
vn -0.173714 0.200267 -0.964218
vn -0.237185 0.119498 -0.964087
vn 0.220891 0.218535 -0.950500
vn -0.261336 0.068696 -0.962800
vn 0.007087 -0.145567 -0.989323
vn -0.004830 -0.461641 -0.887054
vn -0.004136 -0.272842 -0.962050
vn -0.177629 0.143006 -0.973652
vn -0.191862 0.216117 -0.957331
vn -0.506320 0.182895 -0.842727
vn -0.599438 0.163603 -0.783523
vn -0.753571 0.149780 -0.640076
vn -0.668462 0.235577 -0.705452
vn -0.990012 -0.115009 -0.081543
vn -0.969674 -0.087764 -0.228099
vn -0.971435 -0.039098 -0.234062
vn -0.929044 0.030155 -0.368739
vn -0.886951 0.089889 -0.453033
vn -0.982914 -0.184060 0.001356
vn -0.958362 -0.241089 0.153033
vn -0.902670 0.038189 -0.428636
vn -0.957841 -0.085886 -0.274163
vn -0.922200 -0.259849 0.286401
vn -0.893421 -0.256025 0.369120
vn -0.912353 -0.268602 0.308972
vn -0.944131 -0.259493 0.203174
vn -0.832206 -0.234557 0.502411
vn -0.800990 -0.288478 0.524591
vn -0.848160 -0.271086 0.455123
vn -0.802260 -0.268196 0.533338
vn -0.790515 -0.294282 0.537108
vn -0.784726 -0.292807 0.546324
vn -0.833250 -0.226065 0.504568
vn -0.826120 -0.206040 0.524474
vn -0.863006 -0.287588 0.415348
vn -0.982730 -0.124815 -0.136616
vn -0.943441 0.000221 -0.331541
vn -0.836694 -0.228069 0.497924
vn -0.854587 -0.217970 0.471349
vn -0.910411 -0.069896 0.407758
vn -0.999306 0.019553 -0.031719
vn -0.998979 -0.028672 -0.034914
vn -0.944240 -0.167213 0.283637
vn -0.952135 -0.046787 0.302076
vn -0.924285 -0.008721 0.381604
vn -0.931204 -0.143306 0.335145
vn -0.909146 -0.140907 0.391916
vn -0.911879 -0.082796 0.402022
vn 0.101428 0.100252 -0.989779
vn 0.165133 0.103055 -0.980872
vn 0.080436 -0.033793 -0.996187
vn -0.906922 -0.057818 0.417311
vn -0.883658 -0.052206 0.465213
vn -0.938685 -0.059509 0.339602
vn -0.965538 -0.052603 0.254891
vn -0.902998 -0.160553 0.398518
vn -0.930624 -0.182858 0.317021
vn -0.949343 0.084779 -0.302589
vn -0.967726 -0.025497 -0.250713
vn -0.924193 0.107007 -0.366629
vn -0.917135 -0.121517 0.379601
vn -0.945673 -0.105621 0.307484
vn -0.963270 -0.124627 0.237861
vn -0.954228 -0.067773 0.291300
vn -0.941068 -0.066425 0.331632
vn -0.932253 -0.107945 -0.345330
vn -0.963324 -0.130427 -0.234512
vn -0.961376 -0.159715 -0.224158
vn -0.912909 -0.097378 0.396376
vn -0.944696 -0.030444 0.326532
vn -0.243217 0.069645 -0.967469
vn -0.245784 0.169201 -0.954443
vn -0.405565 0.325357 -0.854201
vn -0.438948 0.123219 -0.890024
vn -0.337130 0.278291 -0.899387
vn -0.305187 0.042945 -0.951324
vn -0.951982 0.071451 0.297699
vn -0.949105 0.059248 0.309338
vn -0.974474 0.132442 -0.181271
vn -0.944545 0.076545 -0.319335
vn -0.921637 0.232707 -0.310537
vn -0.361581 0.085744 -0.928390
vn -0.949604 0.035396 0.311448
vn -0.954750 0.015032 0.297030
vn -0.975277 -0.122621 0.183843
vn -0.977428 -0.147226 0.151521
vn -0.975422 -0.128175 0.179230
vn -0.909663 0.167123 0.380242
vn -0.918441 0.153101 0.364729
vn -0.914604 0.397215 -0.075627
vn -0.903117 0.424006 -0.067817
vn -0.896172 0.419010 -0.145967
vn -0.805392 0.003593 -0.592732
vn -0.749712 0.033566 -0.660912
vn -0.839446 0.103103 -0.533573
vn -0.900001 0.065241 -0.430977
vn -0.933433 0.062127 -0.353330
vn -0.875654 0.053390 -0.479978
vn -0.787944 0.314172 -0.529566
vn -0.872480 0.241322 -0.424903
vn -0.988764 0.148868 -0.013549
vn -0.989986 0.125733 0.064182
vn -0.989792 0.124006 -0.070247
vn -0.954873 0.156822 0.252239
vn -0.977155 0.148870 0.151678
vn -0.947267 0.167928 0.272921
vn -0.892461 0.215311 0.396427
vn -0.885867 0.282056 0.368352
vn -0.969295 0.113074 -0.218362
vn -0.951241 0.123152 0.282798
vn -0.940513 0.127171 0.315061
vn -0.956546 0.076062 0.281485
vn -0.928187 0.122925 0.351225
vn -0.900105 0.176699 0.398232
vn -0.899870 0.200958 0.387104
vn -0.927362 0.108225 0.358173
vn -0.909904 0.130960 0.393604
vn -0.951908 0.113547 0.284566
vn -0.948852 0.297172 0.106629
vn -0.955145 0.274954 0.109995
vn -0.931260 0.293042 0.216523
vn -0.864557 0.265804 0.426486
vn -0.901944 0.275568 0.332504
vn -0.913734 0.238636 0.328851
vn -0.883991 0.217507 0.413826
vn -0.864686 0.304616 0.399409
vn -0.865794 0.266028 0.423828
vn -0.549738 0.009313 -0.835285
vn -0.600981 -0.035146 -0.798490
vn -0.492958 -0.087468 -0.865646
vn -0.028950 0.180326 -0.983181
vn 0.030679 0.202879 -0.978723
vn -0.940202 -0.108700 0.322807
vn -0.925227 -0.183049 0.332339
vn 0.999597 -0.025513 0.012416
vn -0.651912 0.044753 -0.756973
vn -0.666926 -0.020445 -0.744843
vn -0.582089 0.036073 -0.812324
vn 0.341145 -0.648106 -0.680866
vn -0.017610 -0.632402 -0.774440
vn -0.731446 -0.230423 -0.641788
vn -0.801159 -0.218894 -0.556982
vn -0.748576 -0.215975 -0.626888
vn -0.239128 0.307046 -0.921163
vn -0.153659 0.337435 -0.928723
vn -0.172832 0.287965 -0.941916
vn -0.980577 -0.051104 -0.189358
vn -0.962157 -0.070388 -0.263248
vn -0.975074 -0.076065 -0.208435
vn -0.903000 -0.168471 0.395233
vn -0.833085 -0.224189 0.505677
vn -0.855938 0.121013 -0.502718
vn -0.810422 0.111723 -0.575094
vn -0.798863 0.114766 -0.590464
vn 0.627571 -0.055357 -0.776589
vn 0.678224 -0.071465 -0.731372
vn 0.327198 -0.036195 -0.944262
vn 0.844002 -0.127029 -0.521080
vn 0.860009 -0.113266 -0.497549
vn 0.784838 -0.105127 -0.610719
vn 0.557845 0.028614 -0.829452
vn 0.563197 -0.051292 -0.824729
vn 0.499610 0.157551 -0.851803
vn -0.962642 -0.100060 0.251614
vn -0.934374 -0.133519 0.330331
vn -0.973136 -0.133161 0.187815
vn -0.956300 -0.175538 0.233829
vn -0.250628 -0.275362 -0.928095
vn -0.127048 -0.270017 -0.954437
vn -0.289082 -0.261609 -0.920865
vn -0.932005 0.134383 0.336612
vn -0.941932 0.111039 0.316915
vn -0.653583 0.311888 -0.689605
vn -0.597073 0.366521 -0.713559
vn -0.580282 0.299958 -0.757164
vn 0.812467 -0.115247 -0.571503
vn 0.857003 -0.022035 -0.514839
vn 0.798259 -0.116809 -0.590879
vn 0.853716 -0.203835 -0.479187
vn 0.941934 -0.109574 -0.317418
vn 0.935069 -0.052802 -0.350512
vn 0.889529 -0.099880 -0.445828
vn 0.915224 -0.207826 -0.345216
vn 0.909635 -0.141182 -0.390682
vn 0.138106 -0.059830 -0.988609
vn 0.258053 -0.046958 -0.964989
vn 0.127879 -0.034109 -0.991203
vn -0.126831 -0.187145 -0.974110
vn -0.009810 -0.248142 -0.968674
vn -0.138100 -0.235851 -0.961927
vn -0.642009 0.047346 -0.765234
vn -0.653747 0.058712 -0.754432
vn -0.583012 0.034456 -0.811733
vn -0.065784 0.234645 -0.969853
vn -0.159868 0.262113 -0.951703
vn -0.072579 0.264471 -0.961659
vn -0.489303 -0.282876 -0.824963
vn -0.474017 -0.283205 -0.833728
vn -0.612119 -0.239591 -0.753595
vn -0.976889 -0.170985 0.128265
vn -0.976356 -0.156256 0.149373
vn -0.738711 0.078825 -0.669398
vn -0.795692 0.068966 -0.601763
vn -0.786536 0.096599 -0.609942
vn -0.968524 0.155979 -0.193991
vn -0.962146 0.162535 -0.218765
vn -0.949131 0.144035 -0.280008
vn -0.807483 -0.181622 -0.561235
vn -0.941163 -0.127410 -0.313017
vn -0.759937 -0.114425 -0.639846
vn -0.699055 -0.211143 -0.683184
vn -0.954316 0.140508 -0.263702
vn -0.929434 0.020699 -0.368408
vn -0.917472 0.017844 -0.397399
vn -0.919936 0.110620 -0.376140
vn -0.801322 0.285410 -0.525760
vn 0.943888 -0.282219 -0.171543
vn 0.949973 -0.259820 -0.173334
vn 0.955711 -0.083149 -0.282317
vn 0.818019 -0.005088 -0.575169
vn 0.957353 -0.090098 -0.274513
vn -0.025684 0.381869 -0.923860
vn -0.382450 0.370077 -0.846626
vn -0.317526 0.338218 -0.885882
vn -0.829450 -0.297428 0.472810
vn -0.719281 0.369983 -0.588003
vn -0.738558 0.231220 -0.633300
vn -0.659859 0.357009 -0.661158
vn 0.585248 0.013648 -0.810739
vn 0.700894 0.002660 -0.713260
vn 0.996197 -0.086527 0.010197
vn 0.991467 -0.097609 -0.086407
vn 0.984721 -0.062540 -0.162521
vn 0.798057 -0.145064 -0.584860
vn 0.747389 -0.136063 -0.650305
vn 0.664490 -0.125796 -0.736633
vn -0.575153 0.304806 -0.759139
vn -0.660158 0.230047 -0.715031
vn -0.623414 0.279825 -0.730104
vn -0.687428 0.255460 -0.679840
vn -0.734327 0.241034 -0.634560
vn 0.013968 0.240267 -0.970606
vn 0.025001 0.217923 -0.975646
vn 0.019663 0.232041 -0.972507
vn 0.018125 0.258832 -0.965752
vn -0.175683 -0.417775 -0.891403
vn -0.052667 -0.169234 -0.984168
vn -0.121493 -0.393367 -0.911319
vn 0.128385 0.178711 -0.975490
vn 0.420713 0.071374 -0.904382
vn -0.891654 0.322122 0.318107
vn 0.856804 0.105007 -0.504837
vn 0.879607 0.041222 -0.473911
vn 0.739455 0.175960 -0.649803
vn 0.996904 -0.078177 0.008365
vn 0.971044 0.020114 -0.238051
vn -0.972539 0.030348 -0.230753
vn -0.960224 0.021447 -0.278408
vn -0.981211 -0.037210 -0.189316
vn -0.977034 -0.109331 0.182896
vn -0.995657 -0.083232 0.041708
vn -0.991139 -0.131864 -0.015986
vn 0.936620 -0.286371 -0.201830
vn 0.461394 -0.536688 -0.706457
vn 0.306111 -0.726189 -0.615586
vn 0.434014 -0.657688 -0.615693
vn -0.686426 0.358489 -0.632697
vn -0.711628 0.410486 -0.570164
vn -0.955604 0.290794 -0.047536
vn -0.943860 0.329178 0.027757
vn -0.934490 0.338525 -0.110137
vn -0.963818 0.144686 0.223877
vn -0.982195 0.101897 0.157828
vn -0.942718 -0.165838 -0.289449
vn -0.920548 -0.170173 -0.351614
vn -0.955455 -0.104149 -0.276151
vn -0.956476 0.117510 0.267104
vn -0.949106 0.161152 -0.270607
vn -0.926359 0.153305 -0.344031
vn 0.984247 -0.132679 -0.116849
vn 0.977534 -0.060775 -0.201829
vn 0.961861 -0.144819 -0.232058
vn 0.857282 -0.232265 -0.459479
vn 0.772053 -0.129232 -0.622280
vn 0.893775 -0.234980 -0.382036
vn 0.861995 0.121225 -0.492208
vn 0.827843 0.062294 -0.557490
vn 0.870104 0.020456 -0.492444
vn 0.102816 -0.412846 -0.904979
vn 0.132010 -0.375637 -0.917317
vn 0.164724 -0.526448 -0.834097
vn 0.051593 0.027460 -0.998291
vn 0.064283 0.034890 -0.997322
vn -0.977701 -0.106540 -0.180971
vn -0.622761 -0.119652 -0.773209
vn -0.610051 -0.230427 -0.758116
vn -0.602977 -0.151364 -0.783268
vn -0.820546 -0.263175 0.507389
vn 0.906171 -0.200803 -0.372198
vn 0.890698 -0.242365 -0.384600
vn 0.891630 -0.223066 -0.394001
vn 0.981881 -0.076436 -0.173402
vn 0.992199 -0.119430 -0.035753
vn 0.014982 0.057149 -0.998253
vn 0.017645 -0.042415 -0.998944
vn -0.052567 0.320889 -0.945657
vn -0.010336 0.276177 -0.961051
vn -0.027157 0.291069 -0.956316
vn 0.968328 -0.057122 -0.243060
vn 0.993498 -0.113743 -0.004933
vn 0.981386 -0.088625 -0.170376
vn 0.949567 -0.044324 -0.310415
vn 0.998473 0.050785 0.021719
vn 0.991386 0.051851 0.120274
vn 0.942983 -0.014187 -0.332539
vn 0.977700 -0.086366 -0.191428
vn 0.910562 -0.069761 -0.407445
vn -0.968139 -0.036943 0.247672
vn -0.973389 -0.085131 -0.212759
vn -0.980471 -0.059910 -0.187319
vn -0.354942 0.192821 -0.914787
vn 0.091583 0.331721 -0.938921
vn 0.047543 0.321247 -0.945801
vn -0.094125 0.172564 -0.980491
vn -0.989989 -0.125844 -0.063922
vn -0.964746 -0.169104 -0.201667
vn -0.968501 -0.095545 -0.229949
vn 0.382065 -0.753014 -0.535720
vn 0.532923 -0.655910 -0.534580
vn 0.166071 -0.599959 -0.782604
vn 0.215572 -0.694039 -0.686905
vn 0.229849 -0.724512 -0.649809
vn -0.985767 0.141452 0.090853
vn -0.987083 0.157210 0.030869
vn -0.975758 0.123157 0.180909
vn -0.994311 -0.091347 -0.054790
vn -0.954549 0.050657 -0.293717
vn -0.973080 -0.052107 -0.224502
vn -0.975654 -0.123306 0.181371
vn -0.954808 -0.147587 0.257994
vn -0.959146 0.010715 0.282707
vn -0.993321 -0.115311 -0.004074
vn -0.989774 -0.131365 0.055591
vn -0.967724 -0.133760 -0.213584
vn -0.133797 0.380235 -0.915161
vn -0.153444 0.391782 -0.907172
vn -0.192283 0.379800 -0.904864
vn -0.385937 -0.070090 -0.919859
vn -0.842002 0.177105 -0.509575
vn -0.905476 0.034473 -0.422995
vn -0.718255 0.179998 -0.672094
vn -0.779189 0.157452 -0.606690
vn -0.100345 0.361959 -0.926778
vn -0.121156 0.301272 -0.945810
vn -0.079544 0.381011 -0.921142
vn -0.054017 0.373068 -0.926230
vn -0.061718 0.385555 -0.920618
vn -0.102751 -0.150693 -0.983226
vn -0.180990 -0.135442 -0.974114
vn -0.182613 -0.086446 -0.979377
vn 0.034873 0.139544 -0.989602
vn 0.020190 0.167447 -0.985674
vn 0.027929 0.196330 -0.980140
vn 0.865656 -0.041553 -0.498912
vn 0.025373 0.387984 -0.921317
vn -0.116108 0.365452 -0.923561
vn -0.077969 0.353896 -0.932029
vn -0.107152 0.381915 -0.917965
vn -0.925981 0.376147 0.032748
vn -0.949523 0.306466 0.066970
vn -0.945350 0.326052 -0.002039
vn -0.957728 0.284243 0.044298
vn -0.980499 0.173247 0.092774
vn -0.966706 0.255276 -0.017719
vn -0.666894 -0.007882 -0.745111
vn -0.727443 -0.002402 -0.686164
vn -0.540857 0.411686 -0.733477
vn -0.621613 0.403047 -0.671677
vn -0.559272 0.369587 -0.742037
vn 0.945341 0.055950 -0.321247
vn 0.995718 -0.088469 -0.026831
vn 0.908035 0.067469 -0.413425
vn 0.997519 -0.035856 -0.060582
vn 0.997196 0.072964 -0.016621
vn 0.993316 -0.074585 -0.088093
vn 0.992163 -0.062195 -0.108372
vn 0.193193 0.147763 -0.969970
vn 0.165899 0.280880 -0.945296
vn 0.303406 0.193060 -0.933098
vn 0.617954 -0.016792 -0.786035
vn 0.850547 0.082954 -0.519316
vn -0.966341 -0.130095 -0.221948
vn -0.955525 -0.160818 -0.247203
vn -0.978771 -0.144338 -0.145513
vn -0.967183 -0.175002 0.184207
vn -0.971803 -0.184714 0.146562
vn -0.974931 -0.176578 0.135389
vn -0.986520 -0.022702 -0.162061
vn -0.978033 -0.139478 -0.154908
vn -0.959348 -0.136277 0.247144
vn -0.891521 -0.311763 0.328625
vn -0.902846 -0.291867 0.315727
vn 0.990364 -0.123048 -0.063551
vn 0.960769 -0.106668 -0.256017
vn 0.988059 -0.120047 -0.096580
vn 0.947800 -0.087233 -0.306702
vn -0.834588 -0.244945 0.493421
vn 0.967740 -0.026823 -0.250521
vn 0.970468 -0.034051 -0.238814
vn 0.977578 -0.063417 -0.200798
vn -0.863632 0.322133 0.387775
vn -0.913013 0.403090 0.062657
vn -0.923246 0.354379 0.148433
vn -0.974354 0.125781 0.186583
vn -0.986799 0.144368 0.073383
vn -0.975931 0.124843 0.178809
vn -0.955980 0.032419 0.291635
vn -0.965728 0.064363 0.251448
vn -0.911700 0.373663 0.170819
vn -0.901825 0.350830 0.252249
vn -0.915043 0.384400 0.122201
vn 0.949439 -0.138171 -0.281911
vn 0.885928 -0.106962 -0.451321
vn 0.943532 -0.089695 -0.318907
vn 0.996178 -0.069868 0.052418
vn 0.005620 0.194477 -0.980891
vn 0.004790 0.130590 -0.991425
vn 0.993897 -0.079505 -0.076475
vn 0.993497 -0.088863 -0.071183
vn 0.996681 -0.072652 0.036737
vn -0.999750 0.005249 0.021731
vn -0.993210 0.000008 0.116335
vn -0.971174 0.010519 0.238138
vn -0.969333 -0.009059 0.245583
vn -0.993710 0.073876 0.084164
vn -0.989280 0.145003 0.017316
vn -0.989291 0.106251 -0.100071
vn -0.981861 0.123396 -0.143952
vn -0.962910 0.143789 -0.228320
vn -0.993495 0.043895 -0.105080
vn -0.933443 -0.166509 0.317739
vn -0.564879 0.324225 -0.758808
vn -0.644727 0.146062 -0.750329
vn -0.510957 0.243282 -0.824462
vn 0.025406 0.358307 -0.933258
vn 0.939786 -0.088154 -0.330198
vn 0.978732 -0.164791 -0.122179
vn 0.967239 -0.174503 -0.184385
vn 0.974345 -0.215662 -0.064363
vn 0.978335 -0.041447 -0.202835
vn 0.991607 -0.129255 0.002808
vn 0.991026 -0.103100 -0.085071
vn -0.988894 -0.107361 0.102776
vn -0.996983 -0.047586 0.061327
vn -0.985378 -0.044056 0.164587
vn -0.915206 -0.081812 0.394594
vn -0.983943 -0.084371 0.157285
vn -0.959776 -0.076514 0.270141
vn -0.987817 -0.110715 0.109358
vn 0.254996 -0.645943 -0.719538
vn 0.265368 -0.766438 -0.584938
vn 0.983488 0.007034 -0.180836
vn 0.936315 -0.024704 -0.350291
vn -0.967595 0.250697 -0.030198
vn -0.166796 0.265003 -0.949712
vn -0.805223 -0.290952 0.516684
vn -0.944496 -0.267051 0.191343
vn -0.884703 -0.331207 0.328030
vn -0.882144 -0.294964 0.367177
vn -0.984114 -0.085381 0.155658
vn -0.972160 -0.080657 0.220001
vn 0.072237 -0.069686 -0.994950
vn -0.830778 0.412158 -0.374077
vn -0.892112 0.393978 -0.221174
vn -0.861466 0.377181 -0.340015
vn -0.938728 0.220085 0.265240
vn -0.941976 0.252791 0.220857
vn -0.971244 0.216261 0.099580
vn -0.937596 0.300969 0.174160
vn -0.926457 0.331221 0.178803
vn -0.907954 0.322246 0.267913
vn 0.512204 -0.723906 -0.462176
vn 0.520768 -0.739752 -0.426107
vn -0.957913 0.093967 0.271242
vn 0.813674 0.086357 -0.574871
vn -0.891617 -0.199315 0.406562
vn -0.877825 -0.253845 0.406185
vn -0.836787 -0.266025 0.478559
vn 0.995278 -0.094703 -0.021308
vn 0.965158 -0.063220 -0.253916
vn 0.036466 0.301067 -0.952906
vn -0.723449 0.055261 -0.688163
vn -0.731587 0.205912 -0.649908
vn -0.691464 0.189106 -0.697221
vn -0.972194 -0.048315 0.229139
vn -0.992110 -0.031083 0.121458
vn -0.920648 -0.122440 0.370697
vn -0.972968 -0.090780 0.212349
vn -0.978594 -0.201468 -0.041998
vn -0.931496 -0.296538 0.210667
vn -0.871101 0.099924 -0.480830
vn 0.143192 -0.231947 -0.962131
vn 0.987344 0.115966 0.108182
vn 0.997232 -0.074086 0.006321
vn -0.910340 -0.289099 0.296148
vn -0.887587 -0.291618 0.356580
vn 0.116576 0.353942 -0.927974
vn 0.821727 0.033353 -0.568905
vn 0.874105 -0.019439 -0.485348
vn -0.466896 0.355825 -0.809566
vn 0.981480 -0.146793 -0.123080
vn 0.989398 -0.143946 -0.019248
vn -0.976036 -0.175498 0.128666
vn -0.968959 0.096593 0.227571
vn -0.950889 0.080991 0.298749
vn -0.045212 0.347181 -0.936708
vn -0.007524 0.280656 -0.959779
vn -0.024772 0.382585 -0.923588
vn -0.230121 0.297143 -0.926688
vn -0.997378 -0.057566 -0.043861
vn -0.984126 -0.133124 -0.117364
vn 0.942332 -0.218055 -0.253897
vn 0.865761 -0.013853 -0.500267
vn 0.950648 -0.061152 -0.304185
vn 0.960493 -0.035401 -0.276045
vn -0.961360 0.091154 0.259766
vn -0.964506 -0.090401 0.248105
vn -0.959614 -0.042711 0.278058
vn -0.988209 -0.034276 0.149224
vn -0.984851 0.034351 0.169969
vn -0.981982 -0.107162 0.155649
vn -0.979220 0.001275 0.202795
vn -0.173699 0.059002 -0.983030
vn -0.049628 0.200631 -0.978409
vn -0.076323 0.309915 -0.947696
vn -0.868496 -0.257244 0.423722
vn 0.848547 -0.350600 -0.396293
vn -0.049315 -0.543099 -0.838219
vn 0.060771 -0.663029 -0.746123
vn -0.015806 -0.634077 -0.773109
vn -0.481608 0.013264 -0.876287
vn -0.519591 0.003048 -0.854410
vn 0.621905 -0.295008 -0.725399
vn 0.476498 -0.353478 -0.804986
vn 0.573186 -0.461925 -0.676819
vn -0.243587 -0.106121 -0.964056
vn -0.205915 -0.219602 -0.953611
vn -0.137100 -0.197036 -0.970763
vn -0.959306 0.243380 -0.143170
vn 0.186480 -0.478129 -0.858264
vn -0.939769 0.175946 0.293047
vn 0.936104 -0.104494 -0.335844
vn -0.832349 -0.258284 0.490392
vn 0.419591 -0.770861 -0.479288
vn 0.475753 -0.682698 -0.554602
vn 0.055030 0.378682 -0.923890
vn 0.118234 0.407783 -0.905391
vn 0.106286 0.095674 -0.989722
vn -0.476574 -0.105621 -0.872767
vn -0.468410 -0.091423 -0.878769
vn -0.748313 0.048534 -0.661568
vn -0.976796 -0.203645 -0.066322
vn -0.959491 -0.262230 0.103015
vn -0.962993 0.158415 0.218059
vn -0.953953 0.090413 0.286006
vn 0.987101 -0.157044 -0.031138
vn 0.987129 -0.073637 -0.141968
vn -0.669178 0.240971 -0.702947
vn -0.962499 -0.153768 -0.223498
vn -0.980561 -0.030728 -0.193792
vn -0.656690 0.414880 -0.629789
vn -0.660342 0.324393 -0.677287
vn -0.862919 0.015751 -0.505096
vn 0.992786 0.014644 0.119004
vn 0.997428 0.021656 -0.068320
vn -0.439253 0.256623 -0.860931
vn -0.469037 0.218099 -0.855825
vn -0.550310 0.189378 -0.813201
vn -0.317228 0.150743 -0.936292
vn -0.429192 0.098539 -0.897822
vn -0.416880 0.144293 -0.897436
vn 0.932458 -0.134089 -0.335474
vn 0.952617 -0.078294 -0.293924
vn 0.907686 -0.019443 -0.419199
vn 0.617980 -0.061192 -0.783809
vn 0.785536 -0.076627 -0.614053
vn 0.751360 -0.100592 -0.652181
vn 0.495881 -0.031663 -0.867813
vn 0.479018 -0.077151 -0.874408
vn 0.161914 -0.238617 -0.957521
vn 0.112866 -0.180946 -0.976995
vn -0.001427 -0.213720 -0.976894
vn -0.907086 0.303020 0.292188
vn -0.510559 0.155979 -0.845577
vn -0.362447 0.161449 -0.917914
vn -0.948562 0.248618 0.196009
vn 0.687717 -0.552800 -0.470592
vn 0.618168 -0.505379 -0.602046
vn 0.829301 -0.147364 -0.539021
vn 0.880202 -0.092909 -0.465416
vn -0.247037 -0.359945 -0.899673
vn -0.105982 -0.346578 -0.932015
vn -0.219554 -0.312451 -0.924214
vn 0.672632 -0.348073 -0.653002
vn 0.661680 -0.214131 -0.718559
vn 0.280547 -0.238663 -0.929695
vn 0.265154 -0.312496 -0.912162
vn 0.291757 -0.260920 -0.920217
vn 0.958249 -0.114083 -0.262191
vn 0.996031 -0.024995 -0.085425
vn 0.831808 -0.112006 -0.543646
vn 0.777989 -0.116990 -0.617290
vn -0.053296 0.350250 -0.935139
vn 0.011646 0.009844 -0.999884
vn 0.129499 0.232389 -0.963963
vn -0.321907 0.200208 -0.925361
vn -0.567696 0.247977 -0.785002
vn -0.668617 0.116178 -0.734475
vn -0.484233 0.440122 -0.756182
vn -0.130350 0.500573 -0.855824
vn 0.110276 0.253275 -0.961088
vn 0.031463 0.302379 -0.952668
vn 0.864860 -0.026917 -0.501290
vn 0.977155 -0.212387 0.007692
vn 0.959627 -0.114931 -0.256723
vn 0.989133 -0.138898 -0.048200
vn 0.999398 0.031105 0.015399
vn 0.998811 0.028820 0.039313
vn 0.039754 0.089006 -0.995237
vn 0.058062 0.073619 -0.995595
vn 0.000109 0.213548 -0.976933
vn -0.010906 0.197181 -0.980306
vn -0.293655 0.100654 -0.950597
vn -0.459585 0.041721 -0.887153
vn -0.530590 0.060175 -0.845490
vn -0.014124 0.106885 -0.994171
vn -0.096105 0.055843 -0.993804
vn -0.152606 0.110951 -0.982039
vn -0.207175 0.200271 -0.957586
vn -0.163513 0.214470 -0.962947
vn -0.098252 0.145511 -0.984466
vn -0.292825 -0.042098 -0.955239
vn -0.410089 -0.007142 -0.912018
vn -0.323360 0.030384 -0.945788
vn -0.421681 -0.096236 -0.901623
vn -0.445359 -0.045117 -0.894215
vn -0.384975 -0.099682 -0.917528
vn -0.704394 -0.043178 -0.708494
vn -0.736333 -0.006611 -0.676587
vn -0.684072 -0.005140 -0.729396
vn 0.134739 -0.184277 -0.973595
vn 0.086799 -0.137020 -0.986758
vn 0.694803 -0.082440 -0.714460
vn 0.623302 -0.163394 -0.764721
vn 0.995555 -0.094076 0.004557
vn 0.163706 0.469980 -0.867363
vn -0.514664 0.100824 -0.851443
vn -0.606114 0.075171 -0.791818
vn -0.304575 0.327402 -0.894451
vn -0.357777 0.281095 -0.890495
vn -0.388864 0.316161 -0.865348
vn -0.715820 0.125657 -0.686886
vn -0.709566 0.087864 -0.699140
vn -0.825499 0.080103 -0.558690
vn -0.878166 0.436407 -0.195892
vn -0.845049 0.450121 -0.288588
vn -0.669789 0.369626 -0.644018
vn -0.592657 0.406148 -0.695559
vn -0.957696 -0.142432 -0.250065
vn -0.964667 -0.112303 -0.238341
vn -0.969542 -0.205496 -0.133268
vn -0.943713 -0.185896 -0.273584
vn -0.939464 -0.189488 -0.285486
vn -0.814435 -0.162137 -0.557141
vn -0.881865 -0.136141 -0.451419
vn -0.929951 -0.102719 -0.353044
vn -0.386710 -0.285477 -0.876903
vn -0.973758 -0.105025 0.201906
vn -0.976297 -0.119060 0.180748
vn -0.976284 -0.121933 0.178891
vn -0.975627 -0.175668 0.131500
vn -0.977078 -0.178105 0.116605
vn -0.993616 0.019529 0.111114
vn -0.107942 0.386571 -0.915921
vn -0.306366 0.402502 -0.862631
vn -0.359836 0.402374 -0.841792
vn -0.260530 0.395405 -0.880783
vn 0.776339 0.105498 -0.621424
vn 0.886178 0.017076 -0.463029
vn 0.849093 -0.063541 -0.524407
vn 0.165866 -0.040243 -0.985327
vn 0.264871 -0.302785 -0.915513
vn 0.299828 -0.076222 -0.950944
vn 0.748350 -0.067933 -0.659816
vn 0.758381 -0.073107 -0.647698
vn -0.034344 0.546038 -0.837056
vn 0.053984 0.197679 -0.978779
vn 0.072784 0.023005 -0.997082
vn 0.006131 0.017104 -0.999835
vn 0.570925 -0.165167 -0.804217
vn 0.433897 -0.061688 -0.898848
vn -0.193356 0.340028 -0.920323
vn -0.885295 0.000537 -0.465030
vn -0.827938 -0.049948 -0.558591
vn -0.966833 0.071137 -0.245303
vn -0.653239 0.432510 -0.621461
vn -0.924164 0.243290 0.294500
vn -0.971268 -0.049021 0.232886
vn -0.983971 -0.073383 -0.162530
vn -0.998142 -0.035464 -0.049552
vn -0.992751 -0.050896 0.108878
vn -0.992919 -0.038148 -0.112502
vn -0.991748 -0.007409 -0.127987
vn -0.825602 0.023789 -0.563752
vn -0.873144 0.044520 -0.485425
vn -0.842699 0.066836 -0.534221
vn -0.562033 -0.241333 -0.791124
vn -0.699657 -0.213394 -0.681867
vn -0.675508 -0.160868 -0.719591
vn -0.929006 -0.114718 -0.351836
vn -0.872495 -0.136024 -0.469308
vn -0.956921 -0.110978 -0.268301
vn -0.746031 -0.182322 -0.640466
vn -0.780715 -0.178974 -0.598709
vn -0.800804 -0.135066 -0.583498
vn -0.874270 -0.123774 -0.469395
vn -0.658879 -0.152843 -0.736558
vn -0.754657 -0.097046 -0.648903
vn -0.729276 -0.075001 -0.680097
vn -0.374564 -0.287898 -0.881372
vn -0.402681 -0.324152 -0.856022
vn -0.679473 -0.213723 -0.701882
vn 0.339096 -0.050181 -0.939413
vn 0.219586 -0.139691 -0.965541
vn 0.408404 -0.165804 -0.897616
vn -0.570519 -0.232440 -0.787706
vn -0.457138 -0.226479 -0.860077
vn -0.589045 -0.238744 -0.772028
vn 0.005783 0.057602 -0.998323
vn 0.003545 0.096358 -0.995340
vn -0.232854 -0.029775 -0.972056
vn -0.941227 -0.132962 -0.310505
vn -0.916202 -0.065186 -0.395379
vn -0.973349 -0.048547 -0.224134
vn -0.937609 -0.068059 -0.340966
vn -0.979060 -0.066214 -0.192503
vn -0.393665 -0.085537 -0.915266
vn -0.480202 -0.076887 -0.873782
vn -0.443439 -0.101100 -0.890585
vn -0.685960 -0.163556 -0.709019
vn -0.601215 -0.159863 -0.782934
vn -0.538798 -0.131784 -0.832064
vn -0.944228 -0.186398 -0.271458
vn -0.965502 -0.157926 -0.207038
vn 0.941828 -0.143022 -0.304146
vn 0.957395 -0.153679 -0.244493
vn 0.946827 -0.149767 -0.284761
vn 0.476472 -0.100126 -0.873469
vn 0.506994 -0.103587 -0.855703
vn -0.040578 -0.100254 -0.994134
vn -0.142374 -0.052754 -0.988406
vn 0.024870 -0.019967 -0.999491
vn 0.012224 -0.196121 -0.980503
vn 0.045935 -0.153301 -0.987111
vn -0.978269 0.095475 0.184051
vn -0.908661 0.338113 -0.244979
vn -0.935770 0.327905 -0.129666
vn -0.482911 0.381059 -0.788410
vn -0.621543 0.341542 -0.705006
vn -0.465733 0.401571 -0.788564
vn -0.431101 0.408435 -0.804570
vn -0.518216 0.423261 -0.743170
vn -0.685768 0.417802 -0.595956
vn -0.389998 0.406350 -0.826305
vn -0.512920 0.404705 -0.757052
vn -0.429954 0.387850 -0.815299
vn -0.642107 -0.054223 -0.764695
vn -0.614530 -0.072161 -0.785586
vn -0.894243 0.122151 -0.430591
vn -0.668977 -0.030987 -0.742637
vn -0.737547 0.316741 -0.596406
vn -0.117610 0.231248 -0.965760
vn -0.086764 0.186868 -0.978546
vn 0.029382 0.140293 -0.989674
vn 0.025700 0.191535 -0.981149
vn -0.073738 -0.075986 -0.994379
vn -0.529127 -0.270983 -0.804110
vn -0.484560 -0.302236 -0.820886
vn -0.312468 -0.434341 -0.844815
vn -0.235495 -0.533078 -0.812631
vn -0.239619 -0.552504 -0.798325
vn -0.276907 -0.482680 -0.830869
vn -0.089660 -0.456343 -0.885275
vn -0.142302 -0.443918 -0.884696
vn -0.937292 -0.195193 -0.288762
vn -0.933704 -0.075225 -0.350055
vn -0.863828 -0.067470 -0.499249
vn -0.975236 -0.105522 -0.194372
vn -0.971829 -0.130049 -0.196558
vn -0.975268 -0.078793 -0.206506
vn -0.779995 -0.062185 -0.622689
vn -0.726279 -0.167671 -0.666637
vn -0.607384 -0.222169 -0.762710
vn -0.665851 -0.228947 -0.710089
vn 0.329349 -0.450081 -0.830034
vn 0.102868 -0.335380 -0.936450
vn 0.073376 -0.214534 -0.973957
vn 0.083244 -0.291768 -0.952860
vn -0.048850 -0.360760 -0.931379
vn 0.029546 -0.524235 -0.851061
vn 0.185738 -0.431614 -0.882729
vn 0.089303 -0.606199 -0.790283
vn 0.195294 -0.587985 -0.784942
vn -0.003894 -0.583337 -0.812221
vn -0.319554 -0.177190 -0.930854
vn -0.404840 -0.160116 -0.900259
vn -0.521307 -0.034704 -0.852663
vn -0.630069 -0.036456 -0.775683
vn -0.637157 -0.105122 -0.763532
vn -0.252571 -0.429555 -0.867001
vn -0.382602 -0.422115 -0.821848
vn -0.142346 -0.532171 -0.834585
vn -0.556923 -0.276799 -0.783083
vn -0.543909 -0.307663 -0.780709
vn -0.522926 -0.325548 -0.787761
vn -0.577182 -0.141611 -0.804244
vn 0.970460 -0.102708 -0.218308
vn 0.380015 -0.582157 -0.718806
vn -0.997245 0.057817 -0.046474
vn -0.993193 0.009958 -0.116055
vn -0.990332 0.074550 -0.116982
vn -0.979761 -0.042404 -0.195626
vn -0.945948 -0.024372 -0.323401
vn -0.987544 0.132313 0.085144
vn -0.993866 0.109033 -0.018500
vn -0.911423 0.082757 -0.403062
vn -0.812298 0.107637 -0.573225
vn -0.856424 0.126851 -0.500446
vn -0.810747 0.105432 -0.575824
vn -0.771807 0.028907 -0.635200
vn -0.794531 -0.008140 -0.607169
vn -0.982752 0.171208 -0.069899
vn -0.717428 0.076688 -0.692399
vn -0.664150 0.072311 -0.744094
vn -0.287497 0.277261 -0.916773
vn -0.341520 0.392451 -0.854018
vn -0.223624 0.387535 -0.894321
vn -0.432293 0.209887 -0.876966
vn -0.475488 0.310225 -0.823209
vn -0.574962 -0.240483 -0.782040
vn -0.789865 -0.122994 -0.600821
vn -0.835171 -0.014450 -0.549801
vn -0.718507 0.032928 -0.694740
vn -0.578703 -0.040203 -0.814547
vn -0.514967 -0.083407 -0.853143
vn -0.240662 0.366124 -0.898908
vn -0.219258 0.384882 -0.896544
vn -0.159261 0.378556 -0.911774
vn -0.310048 0.384987 -0.869284
vn -0.390717 0.349278 -0.851672
vn -0.463222 0.340987 -0.818018
vn -0.238511 0.383948 -0.892018
vn -0.093446 0.392511 -0.914988
vn -0.066210 0.390177 -0.918356
vn 0.889804 -0.252490 -0.380129
vn 0.890076 -0.211965 -0.403528
vn 0.838295 -0.067353 -0.541041
vn 0.926622 -0.147921 -0.345676
vn -0.997240 -0.050424 0.054490
vn -0.988456 -0.043683 0.145077
vn -0.998905 -0.037326 -0.028200
vn -0.997021 -0.065185 -0.041235
vn 0.998836 -0.001994 -0.048201
vn 0.893558 -0.130086 -0.429689
vn 0.967230 0.020647 -0.253062
vn 0.937218 0.024906 -0.347854
vn 0.799537 -0.108157 -0.590798
vn 0.852228 -0.141921 -0.503553
vn 0.968501 -0.136287 -0.208403
vn 0.990377 -0.135930 0.026004
vn 0.994093 -0.106896 -0.018779
vn 0.988323 -0.130704 -0.078317
vn 0.934265 -0.042420 -0.354047
vn 0.866856 -0.048057 -0.496237
vn 0.667787 0.106627 -0.736676
vn 0.787798 0.045846 -0.614226
vn 0.845461 -0.096497 -0.525247
vn 0.836755 0.065126 -0.543691
vn 0.769932 0.077754 -0.633371
vn 0.033842 0.305642 -0.951545
vn -0.080037 0.462438 -0.883032
vn 0.739558 -0.035647 -0.672149
vn 0.797213 -0.089369 -0.597047
vn 0.629042 0.104218 -0.770354
vn 0.664626 0.001911 -0.747173
vn 0.584063 0.186809 -0.789919
vn 0.113883 -0.065930 -0.991304
vn 0.174365 -0.153763 -0.972602
vn 0.062503 -0.015622 -0.997922
vn 0.831646 0.068755 -0.551033
vn 0.979580 -0.042975 -0.196409
vn 0.996235 -0.086468 -0.006283
vn 0.936736 -0.199852 -0.287375
vn 0.828306 -0.018937 -0.559955
vn 0.963478 -0.085171 -0.253880
vn 0.960391 -0.128810 -0.247097
vn 0.970361 -0.061972 -0.233578
vn 0.649132 -0.087063 -0.755677
vn 0.682563 0.064691 -0.727958
vn 0.726468 0.167132 -0.666567
vn 0.991786 -0.127784 -0.005561
vn 0.911980 -0.253169 -0.322798
vn 0.414821 -0.743861 -0.524017
vn 0.130986 -0.673819 -0.727193
vn 0.206348 -0.718138 -0.664604
vn -0.830634 0.117077 -0.544371
vn -0.974797 0.195493 -0.107489
vn -0.981491 0.132371 -0.138396
vn -0.985344 0.164480 -0.045198
vn -0.921814 0.112771 -0.370866
vn -0.932793 0.087230 -0.349697
vn -0.952587 0.137530 -0.271411
vn -0.773883 0.320733 -0.546110
vn -0.734024 0.300290 -0.609126
vn -0.799942 0.272982 -0.534391
vn -0.120421 0.332305 -0.935453
vn -0.121698 0.382353 -0.915967
vn -0.176073 0.386221 -0.905446
vn -0.243432 0.366261 -0.898106
vn -0.159625 0.366882 -0.916470
vn -0.206449 0.356853 -0.911063
vn -0.993318 -0.063413 -0.096432
vn 0.802546 -0.128036 -0.582689
vn 0.836534 -0.105689 -0.537625
vn 0.582375 -0.096854 -0.807130
vn 0.479675 -0.099075 -0.871835
vn 0.529635 -0.081153 -0.844335
vn 0.466034 0.107131 -0.878257
vn 0.371690 0.061544 -0.926315
vn 0.234668 -0.047654 -0.970907
vn 0.280266 0.107540 -0.953880
vn 0.179363 0.066340 -0.981544
vn 0.127999 -0.020953 -0.991553
vn 0.006137 -0.002784 -0.999977
vn -0.125461 -0.031321 -0.991604
vn -0.307142 -0.047473 -0.950479
vn -0.239868 0.080407 -0.967470
vn -0.062269 -0.066212 -0.995861
vn -0.130547 -0.043390 -0.990492
vn -0.164107 -0.084690 -0.982800
vn -0.021814 -0.254992 -0.966697
vn -0.110962 -0.221216 -0.968892
vn -0.097760 -0.250594 -0.963144
vn 0.414744 0.306489 -0.856768
vn 0.756141 -0.045421 -0.652831
vn 0.780950 0.076834 -0.619849
vn 0.987994 -0.078936 -0.132806
vn 0.981274 -0.040840 -0.188240
vn 0.974743 -0.090650 -0.204103
vn 0.989779 -0.103155 -0.098470
vn 0.990624 -0.060100 -0.122688
vn 0.986327 -0.112567 -0.120362
vn 0.973051 -0.120604 -0.196538
vn 0.644251 0.111074 -0.756705
vn 0.664796 -0.006802 -0.746994
vn 0.715483 0.117844 -0.688620
vn 0.723895 0.098854 -0.682791
vn 0.938892 -0.061890 -0.338602
vn 0.837380 0.034628 -0.545523
vn -0.917724 -0.251143 0.307749
vn 0.558573 -0.179125 -0.809883
vn 0.700934 -0.131414 -0.701015
vn 0.605867 -0.140160 -0.783122
vn 0.457169 -0.206969 -0.864963
vn 0.313399 -0.211019 -0.925879
vn 0.331474 -0.186044 -0.924939
vn 0.690024 -0.103405 -0.716362
vn 0.183934 -0.114711 -0.976222
vn 0.274718 -0.086855 -0.957594
vn 0.080414 -0.362021 -0.928695
vn 0.204582 -0.266613 -0.941841
vn 0.020683 -0.262120 -0.964814
vn -0.801011 0.375650 -0.466121
vn -0.818813 0.452733 -0.352956
vn -0.848163 0.450778 -0.278242
vn -0.908598 0.403937 -0.106231
vn -0.898798 0.374859 -0.227253
vn -0.765142 0.459201 -0.451322
vn -0.769699 0.436549 -0.465821
vn -0.713822 0.457145 -0.530544
vn -0.735082 0.439381 -0.516332
vn -0.798268 0.442185 -0.408950
vn -0.795276 0.375034 -0.476325
vn -0.734015 0.367525 -0.571093
vn -0.826482 0.205477 -0.524125
vn -0.867527 0.236910 -0.437346
vn -0.596208 0.435226 -0.674621
vn -0.439728 0.321558 -0.838594
vn -0.515785 0.314737 -0.796810
vn -0.512926 0.359086 -0.779721
vn -0.620541 0.193535 -0.759917
vn -0.779472 0.207611 -0.591034
vn -0.701619 0.258675 -0.663941
vn -0.725939 0.170412 -0.666313
vn -0.988227 -0.151943 0.017915
vn -0.984120 -0.145822 0.101215
vn -0.980868 -0.176070 0.083047
vn -0.980411 -0.196964 0.000653
vn 0.915286 -0.084952 -0.393744
vn -0.081331 -0.043211 -0.995750
vn -0.145395 -0.237919 -0.960341
vn -0.895484 0.211508 -0.391629
vn -0.826258 0.085261 -0.556802
vn 0.065082 -0.096033 -0.993248
vn 0.856270 -0.176079 -0.485590
vn 0.893824 -0.200046 -0.401323
vn 0.864798 -0.060778 -0.498428
vn 0.879094 -0.195886 -0.434537
vn 0.896870 -0.182011 -0.403107
vn 0.887128 -0.138877 -0.440134
vn 0.951389 -0.088711 -0.294940
vn 0.910933 -0.056683 -0.408642
vn 0.059976 0.156810 -0.985806
vn 0.006248 -0.070264 -0.997509
vn 0.008407 0.130269 -0.991443
vn 0.799984 -0.029950 -0.599274
vn 0.466527 0.102323 -0.878568
vn 0.396408 0.079891 -0.914592
vn -0.024324 -0.039992 -0.998904
vn 0.390761 -0.001913 -0.920490
vn 0.281318 -0.002239 -0.959612
vn 0.968136 -0.019850 -0.249637
vn 0.965519 -0.060378 -0.253235
vn 0.963056 -0.078628 -0.257566
vn 0.906937 -0.204787 -0.368140
vn 0.927016 -0.185409 -0.325984
vn 0.184563 -0.071724 -0.980200
vn 0.331273 0.018466 -0.943354
vn 0.392535 0.197369 -0.898310
vn 0.599136 -0.110230 -0.793023
vn 0.502023 0.266168 -0.822877
vn 0.817965 -0.124519 -0.561631
vn 0.709978 -0.064702 -0.701245
vn 0.777021 0.003225 -0.629467
vn 0.175717 -0.171259 -0.969430
vn -0.173092 0.377694 -0.909608
vn 0.130359 0.469907 -0.873037
vn 0.001904 0.399367 -0.916789
vn 0.013479 -0.022832 -0.999648
vn -0.041115 0.181179 -0.982590
vn 0.034054 0.042760 -0.998505
vn -0.304646 0.146156 -0.941185
vn -0.560698 0.097101 -0.822307
vn 0.045557 -0.057795 -0.997289
vn -0.367550 0.189815 -0.910427
vn -0.264187 0.078917 -0.961237
vn -0.051571 -0.128626 -0.990351
vn -0.418804 0.261023 -0.869753
vn -0.714329 0.316293 -0.624254
vn -0.559910 0.407754 -0.721275
vn -0.910205 0.159448 -0.382236
vn -0.766859 0.259724 -0.586916
vn 0.128148 -0.373797 -0.918615
vn -0.622033 0.019313 -0.782753
vn -0.467759 -0.237585 -0.851325
vn 0.095519 -0.194827 -0.976176
vn -0.492007 -0.139180 -0.859394
vn -0.671135 -0.065355 -0.738449
vn -0.589131 -0.374485 -0.716021
vn -0.595970 -0.361390 -0.717089
vn -0.592703 -0.013296 -0.805311
vn -0.644393 -0.054408 -0.762757
vn -0.376083 -0.030707 -0.926077
vn -0.412851 0.035547 -0.910105
vn -0.431733 -0.032103 -0.901430
vn -0.582156 -0.182691 -0.792286
vn -0.816808 -0.150910 -0.556822
vn -0.790631 -0.240975 -0.562880
vn -0.902249 -0.091442 -0.421408
vn -0.547111 0.207557 -0.810919
vn -0.630711 0.032905 -0.775320
vn -0.792443 -0.189936 -0.579619
vn -0.977414 -0.079823 -0.195681
vn -0.627350 -0.116680 -0.769946
vn -0.959524 -0.139261 -0.244784
vn -0.935325 -0.135501 -0.326814
vn -0.935450 -0.159105 -0.315624
vn -0.938157 -0.077469 -0.337431
vn -0.815434 -0.101599 -0.569864
vn -0.712727 -0.055459 -0.699246
vn -0.929806 -0.131658 -0.343696
vn -0.937209 -0.048530 -0.345376
vn -0.888074 -0.091179 -0.450568
vn -0.568723 -0.121746 -0.813469
vn 0.014080 0.107581 -0.994097
vn 0.363872 -0.147220 -0.919741
vn 0.510274 -0.170631 -0.842915
vn 0.429250 0.068780 -0.900563
vn -0.120652 0.155152 -0.980495
vn -0.084926 0.126464 -0.988329
vn 0.571230 0.203171 -0.795247
vn 0.006112 -0.168752 -0.985640
vn -0.024925 -0.096480 -0.995023
vn -0.016735 -0.185538 -0.982495
vn 0.476892 0.036122 -0.878219
vn 0.279779 0.296857 -0.913016
vn 0.315802 0.326622 -0.890835
vn -0.395409 -0.038471 -0.917699
vn -0.632221 0.134787 -0.762974
vn -0.613342 0.173797 -0.770458
vn -0.619944 0.026713 -0.784191
vn -0.518693 0.091109 -0.850092
vn -0.635082 -0.056112 -0.770404
vn -0.702293 0.232317 -0.672913
vn 0.074543 -0.122317 -0.989688
vn -0.759818 -0.205073 -0.616946
vn -0.880345 -0.178010 -0.439665
vn -0.704390 -0.205214 -0.679502
vn -0.749740 -0.205691 -0.628953
vn -0.720653 -0.206144 -0.661940
vn 0.900790 -0.081463 -0.426546
vn 0.726772 0.250008 -0.639764
vn 0.818919 -0.057260 -0.571045
vn 0.673373 -0.092939 -0.733438
vn 0.649218 0.058132 -0.758378
vn 0.616478 -0.027342 -0.786897
vn 0.340633 -0.041322 -0.939288
vn 0.450716 -0.134462 -0.882483
vn -0.018919 -0.045534 -0.998784
vn 0.088686 -0.018256 -0.995892
vn 0.112594 -0.070072 -0.991167
vn 0.051552 -0.102557 -0.993390
vn 0.092330 -0.031580 -0.995228
vn -0.033556 0.019773 -0.999241
vn -0.972488 -0.147321 0.180457
vn -0.982326 0.133381 0.131318
vn -0.986001 0.101965 0.131933
vn -0.994568 0.096385 0.039302
vn -0.939336 0.145274 -0.310714
vn -0.931134 0.120691 -0.344126
vn -0.901642 0.148062 -0.406348
vn -0.989039 0.097520 -0.110871
vn -0.983482 0.089913 -0.157093
vn -0.963535 0.139316 -0.228455
vn -0.912340 0.143733 -0.383375
vn -0.884110 0.148204 -0.443154
vn -0.911891 0.137304 -0.386785
vn -0.994666 0.094844 -0.040554
vn -0.974320 0.117210 -0.192254
vn -0.977299 0.168069 -0.128991
vn -0.967743 0.076487 -0.240048
vn -0.960484 0.085303 -0.264943
vn -0.989141 0.146690 -0.009063
vn -0.987150 0.132518 0.089300
vn -0.979751 0.143716 -0.139408
vn -0.994038 0.089167 0.062759
vn -0.682927 -0.081679 -0.725906
vn -0.706843 -0.142116 -0.692947
vn -0.671535 -0.132361 -0.729055
vn -0.511528 -0.072440 -0.856207
vn -0.498602 0.039752 -0.865919
vn -0.526802 -0.106607 -0.843276
vn -0.522977 -0.094807 -0.847058
vn -0.449576 0.058626 -0.891316
vn -0.470258 0.079405 -0.878950
vn -0.454393 0.109354 -0.884064
vn -0.405313 -0.092398 -0.909497
vn -0.198779 -0.104288 -0.974480
vn -0.175096 0.140078 -0.974536
vn -0.249500 -0.133947 -0.959066
vn -0.605148 -0.120746 -0.786903
vn -0.751987 0.092597 -0.652642
vn -0.672103 0.020959 -0.740161
vn -0.845426 0.306523 -0.437376
vn -0.887528 0.304413 -0.345871
vn -0.844812 0.381604 -0.375061
vn -0.967479 0.195652 0.160325
vn -0.987540 0.137451 0.076623
vn -0.895260 0.258728 -0.362725
vn -0.937770 0.272407 -0.215364
vn -0.824709 0.109431 -0.554869
vn -0.824143 0.151124 -0.545848
vn -0.806745 0.129539 -0.576526
vn 0.303763 -0.770135 -0.560911
vn 0.387893 -0.562580 -0.730098
vn 0.297272 -0.544469 -0.784336
vn 0.297895 -0.413740 -0.860278
vn 0.238403 -0.472497 -0.848475
vn 0.748482 -0.408928 -0.522066
vn 0.720424 -0.167126 -0.673096
vn -0.989062 -0.119084 0.087033
vn -0.997103 -0.071260 0.026603
vn -0.746767 0.102433 -0.657150
vn -0.845506 -0.027979 -0.533233
vn -0.672791 -0.093446 -0.733907
vn -0.939203 -0.042770 -0.340690
vn -0.861187 -0.030400 -0.507378
vn -0.809895 -0.097760 -0.578372
vn -0.982516 -0.082395 0.166953
vn -0.061298 0.387515 -0.919823
vn -0.046417 0.388917 -0.920103
vn -0.043470 0.382927 -0.922755
vn -0.057088 0.379828 -0.923294
vn -0.906555 0.417706 0.060663
vn -0.883819 0.358082 0.301066
vn -0.869901 0.176772 -0.460460
vn -0.740039 0.170280 -0.650652
vn -0.765074 0.086715 -0.638077
vn 0.155885 -0.139533 -0.977870
vn -0.019701 0.406974 -0.913227
vn 0.015840 0.419222 -0.907746
vn 0.118186 -0.158931 -0.980190
vn 0.152211 -0.181286 -0.971580
vn 0.083703 -0.097277 -0.991731
vn -0.981133 -0.098880 -0.166135
vn -0.929257 -0.202823 -0.308779
vn -0.879210 -0.185518 -0.438832
vn 0.109393 0.221999 -0.968891
vn 0.020763 0.384651 -0.922829
vn -0.834897 0.158776 -0.527008
vn -0.787019 0.043933 -0.615362
vn -0.822009 -0.095881 -0.561345
vn -0.861447 0.224591 -0.455487
vn -0.879516 0.242987 -0.409156
vn -0.893358 0.169705 -0.416067
vn -0.864278 0.134899 -0.484588
vn -0.918579 0.238874 -0.314885
vn -0.956944 0.254433 -0.139719
vn 0.003653 0.380533 -0.924760
vn -0.194164 -0.266285 -0.944136
vn -0.267950 -0.191521 -0.944205
vn -0.309195 -0.298365 -0.902982
vn -0.248523 -0.173195 -0.953016
vn -0.233822 0.045293 -0.971224
vn -0.169749 0.010144 -0.985435
vn -0.161771 0.043896 -0.985852
vn -0.461470 0.206794 -0.862718
vn -0.462597 0.393469 -0.794472
vn -0.421558 0.257311 -0.869529
vn -0.571745 -0.256311 -0.779367
vn -0.774303 0.026309 -0.632268
vn 0.656431 0.070882 -0.751049
vn 0.645639 0.012101 -0.763547
vn 0.728583 0.051472 -0.683020
vn 0.450135 0.197710 -0.870798
vn 0.407818 -0.001648 -0.913062
vn 0.580456 -0.092817 -0.808985
vn 0.547935 -0.157894 -0.821484
vn -0.997918 -0.061666 -0.018923
vn -0.937644 -0.041354 -0.345129
vn -0.973231 -0.068013 -0.219536
vn -0.918445 -0.126545 -0.374761
vn -0.940895 -0.011606 -0.338500
vn -0.983074 0.135910 0.122861
vn -0.988986 0.134479 -0.061830
vn -0.976497 0.129238 0.172485
vn 0.976557 -0.150737 -0.153674
vn 0.968070 -0.123435 -0.218185
vn 0.987561 -0.136931 -0.077283
vn 0.752392 0.119672 -0.647754
vn -0.430520 -0.020971 -0.902337
vn -0.609198 0.055029 -0.791106
vn -0.392417 -0.060087 -0.917823
vn -0.293956 -0.133138 -0.946501
vn -0.576986 0.008977 -0.816705
vn -0.792888 -0.161718 -0.587516
vn -0.971075 0.120580 -0.206093
vn -0.953697 0.140281 -0.266052
vn -0.977278 -0.045165 -0.207095
vn -0.979322 0.054688 -0.194775
vn -0.945305 0.167370 -0.279975
vn -0.610203 -0.109427 -0.784652
vn -0.933951 -0.141338 -0.328268
vn -0.663173 -0.157325 -0.731745
vn -0.963079 -0.235216 -0.130964
vn -0.948110 -0.155501 -0.277319
vn -0.952918 -0.086294 -0.290690
vn -0.615259 -0.228848 -0.754377
vn -0.932457 -0.047510 -0.358144
vn -0.980451 -0.103934 -0.167075
vn -0.965563 -0.071811 -0.250064
vn -0.908574 -0.036311 -0.416143
vn -0.636483 -0.182880 -0.749296
vn -0.500810 -0.222543 -0.836459
vn -0.481325 -0.074915 -0.873335
vn -0.843535 0.016706 -0.536814
vn -0.505034 0.059200 -0.861067
vn -0.814412 0.021437 -0.579890
vn -0.748485 -0.204102 -0.630962
vn -0.659446 0.073297 -0.748170
vn -0.561884 0.004884 -0.827202
vn -0.495072 -0.137872 -0.857844
vn -0.620086 -0.137303 -0.772426
vn -0.334208 0.128691 -0.933672
vn -0.112288 -0.089361 -0.989649
vn 0.020588 0.093412 -0.995415
vn 0.125367 0.016394 -0.991975
vn 0.064232 0.047708 -0.996794
vn -0.621275 0.200748 -0.757441
vn -0.555524 -0.110075 -0.824183
vn -0.599715 0.099466 -0.794008
vn -0.450913 0.049790 -0.891178
vn -0.935450 -0.123079 -0.331339
vn -0.318451 0.052297 -0.946496
vn -0.562730 0.142648 -0.814240
vn -0.716428 0.138466 -0.683782
vn -0.195284 0.108973 -0.974674
vn -0.356746 0.104084 -0.928385
vn -0.183819 0.080360 -0.979670
vn -0.164929 0.065941 -0.984099
vn -0.099604 0.082022 -0.991641
vn 0.049800 -0.061440 -0.996868
vn 0.104299 -0.062639 -0.992571
vn 0.142497 0.008074 -0.989762
vn -0.470466 -0.271862 -0.839496
vn 0.834149 -0.267705 -0.482213
vn 0.831704 -0.129521 -0.539901
vn 0.155175 -0.130165 -0.979274
vn 0.358477 0.108532 -0.927208
vn 0.163034 0.085866 -0.982877
vn 0.403708 0.278882 -0.871347
vn 0.777220 -0.142221 -0.612946
vn 0.462122 -0.051616 -0.885313
vn 0.304727 0.358713 -0.882308
vn 0.532901 -0.051100 -0.844634
vn -0.371345 -0.035048 -0.927833
vn -0.270659 -0.086587 -0.958773
vn -0.352514 -0.242398 -0.903868
vn -0.328427 -0.330762 -0.884721
vn -0.447353 -0.236797 -0.862440
vn -0.550678 -0.231408 -0.802000
vn -0.518106 -0.133317 -0.844863
vn -0.575252 -0.072519 -0.814755
vn -0.455632 -0.299750 -0.838182
vn -0.699318 0.051595 -0.712946
vn -0.709145 0.068044 -0.701772
vn -0.751068 0.072927 -0.656185
vn -0.784100 0.069178 -0.616767
vn -0.751950 0.086688 -0.653496
vn -0.765991 0.094726 -0.635835
vn -0.808968 0.084453 -0.581754
vn -0.754026 0.097507 -0.649567
vn -0.670956 0.081612 -0.736992
vn -0.729153 0.087829 -0.678692
vn -0.547643 0.037832 -0.835856
vn -0.272085 -0.372781 -0.887132
vn -0.422812 -0.361589 -0.830953
vn -0.082527 -0.577728 -0.812047
vn -0.126707 -0.427658 -0.895016
vn -0.187121 -0.465902 -0.864825
vn -0.207713 -0.381950 -0.900538
vn -0.384416 -0.365294 -0.847812
vn -0.088190 -0.272597 -0.958078
vn 0.272898 -0.188714 -0.943352
vn 0.226004 -0.235987 -0.945110
vn -0.029417 -0.437902 -0.898541
vn -0.061122 -0.339141 -0.938748
vn 0.107054 -0.098371 -0.989375
vn -0.031466 -0.153958 -0.987576
vn 0.029002 -0.518072 -0.854845
vn 0.088910 -0.266451 -0.959739
vn -0.180331 -0.054724 -0.982082
vn -0.365292 -0.182268 -0.912875
vn -0.163052 -0.372182 -0.913726
vn -0.195034 -0.238959 -0.951241
vn -0.284258 -0.287079 -0.914759
vn 0.108571 -0.716391 -0.689200
vn 0.151577 -0.677633 -0.719609
vn 0.207348 -0.633285 -0.745625
vn 0.283869 -0.667753 -0.688132
vn -0.409925 0.089810 -0.907687
vn -0.322782 0.291811 -0.900366
vn -0.955626 0.050686 -0.290189
vn -0.605125 -0.102867 -0.789457
vn -0.523230 -0.098544 -0.846475
vn -0.796935 -0.193658 -0.572181
vn -0.886149 0.198338 -0.418810
vn -0.602618 -0.268013 -0.751679
vn -0.227626 -0.069354 -0.971276
vn -0.658625 0.428270 -0.618707
vn 0.946629 -0.166297 -0.276113
vn -0.284574 0.369376 -0.884635
vn -0.337746 0.344585 -0.875893
vn -0.954634 -0.074506 -0.288309
vn -0.956198 -0.117269 -0.268204
vn -0.715951 -0.085079 -0.692947
vn -0.781939 -0.046644 -0.621607
vn -0.694329 0.013382 -0.719534
vn -0.667159 0.064915 -0.742082
vn -0.782574 -0.125054 -0.609869
vn -0.711034 -0.183396 -0.678820
vn -0.442708 -0.149767 -0.884070
vn -0.668206 -0.220504 -0.710548
vn -0.644177 -0.253513 -0.721642
vn -0.489942 -0.225970 -0.841959
vn -0.402501 -0.218176 -0.889040
vn -0.411632 -0.244890 -0.877831
vn -0.417623 -0.211600 -0.883638
vn -0.422620 -0.257606 -0.868926
vn -0.292661 -0.244904 -0.924322
vn -0.398572 -0.224608 -0.889209
vn -0.564800 -0.162975 -0.808975
vn -0.353083 -0.013195 -0.935499
vn -0.462168 -0.029140 -0.886313
vn -0.217639 -0.010655 -0.975971
vn -0.191042 -0.030879 -0.981096
vn -0.188381 -0.061918 -0.980142
vn -0.056989 -0.040468 -0.997554
vn 0.035392 0.020507 -0.999163
vn -0.305608 -0.056450 -0.950483
vn -0.127323 -0.144350 -0.981301
vn -0.710729 -0.229129 -0.665105
vn -0.703482 -0.227089 -0.673456
vn -0.715695 -0.217581 -0.663656
vn -0.826396 -0.203757 -0.524931
vn 0.155711 -0.056397 -0.986192
vn 0.237417 -0.222772 -0.945519
vn 0.391287 -0.079094 -0.916864
vn 0.514584 -0.176536 -0.839070
vn -0.437474 -0.260762 -0.860592
vn -0.443297 -0.268642 -0.855172
vn -0.114137 -0.273804 -0.954989
vn -0.459853 -0.263930 -0.847866
vn -0.532588 -0.246087 -0.809810
vn -0.772909 -0.196858 -0.603207
vn -0.748516 -0.212675 -0.628086
vn -0.771125 -0.182540 -0.609956
vn -0.819824 -0.126979 -0.558359
vn -0.800872 -0.090216 -0.592001
vn -0.778559 -0.059217 -0.624772
vn -0.682865 0.007804 -0.730503
vn -0.640064 0.005080 -0.768305
vn -0.752227 0.082676 -0.653697
vn -0.866207 0.105047 -0.488519
vn -0.786285 0.101985 -0.609390
vn -0.898355 0.037612 -0.437656
vn -0.927473 0.061141 -0.368857
vn -0.938805 0.136863 -0.316090
vn -0.951712 0.083613 -0.295385
vn -0.861470 0.148754 -0.485531
vn -0.873043 0.121254 -0.472328
vn -0.882697 0.132498 -0.450878
vn -0.901336 0.099158 -0.421618
vn -0.854065 0.087066 -0.512828
vn -0.859669 0.085033 -0.503725
vn -0.915062 0.084914 -0.394274
vn -0.888507 0.095390 -0.448838
vn -0.678283 0.154147 -0.718450
vn -0.691271 0.152927 -0.706227
vn -0.900941 0.066024 -0.428889
vn -0.929006 0.077973 -0.361757
vn -0.974436 0.098323 -0.202008
vn -0.767500 0.127414 -0.628259
vn -0.482406 0.151139 -0.862810
vn -0.559495 0.161140 -0.813019
vn -0.601780 0.168925 -0.780593
vn 0.342744 -0.246963 -0.906386
vn 0.484929 -0.241266 -0.840616
vn 0.478594 -0.196684 -0.855724
vn 0.990320 -0.084569 -0.110061
vn 0.993993 -0.102672 0.037898
vn -0.670112 0.450526 -0.589895
vn -0.519373 0.246122 -0.818337
vn -0.762561 0.258275 -0.593123
vn -0.400447 0.218084 -0.889990
vn -0.213375 0.255373 -0.943003
vn -0.062165 0.376206 -0.924448
vn -0.042638 0.356978 -0.933139
vn -0.036537 0.366896 -0.929544
vn -0.350979 0.190341 -0.916834
vn -0.916050 0.205274 -0.344551
vn -0.965135 0.145442 -0.217628
vn -0.939682 0.251158 -0.232201
vn -0.939424 0.150738 -0.307831
vn -0.986425 0.110168 -0.121778
vn 0.108062 -0.053629 -0.992697
vn 0.692023 -0.107764 -0.713787
vn 0.364015 0.082114 -0.927766
vn 0.692956 -0.073224 -0.717252
vn 0.701747 -0.190208 -0.686565
vn 0.224150 -0.067747 -0.972197
vn 0.405222 -0.107366 -0.907892
vn 0.432654 0.010353 -0.901501
vn 0.494695 -0.090651 -0.864326
vn 0.591792 -0.120256 -0.797071
vn 0.396325 -0.113275 -0.911096
vn 0.575890 -0.174009 -0.798794
vn 0.069994 0.047600 -0.996411
vn 0.247327 0.005899 -0.968914
vn -0.159151 0.097764 -0.982402
vn 0.896488 -0.130302 -0.423474
vn 0.539661 -0.111140 -0.834514
vn 0.797412 -0.135379 -0.588053
vn -0.987797 0.141982 0.064016
vn -0.992838 0.119385 0.004404
vn 0.000402 0.236153 -0.971716
vn -0.844033 -0.208619 -0.494051
vn -0.915505 -0.192802 -0.353098
vn -0.939054 -0.186125 -0.289023
vn -0.979686 -0.166530 -0.111726
vn -0.978476 -0.187107 0.087040
vn 0.038666 0.187340 -0.981534
vn -0.994660 -0.101067 0.020899
vn -0.720280 0.087785 -0.688106
vn -0.588269 0.109390 -0.801233
vn -0.626453 0.097267 -0.773367
vn -0.584253 0.028169 -0.811082
vn -0.324946 -0.052046 -0.944299
vn -0.215228 -0.061004 -0.974657
vn -0.130978 -0.335040 -0.933056
vn -0.192558 -0.177820 -0.965040
vn -0.212841 -0.025649 -0.976750
vn -0.213614 0.030726 -0.976435
vn -0.208622 0.082043 -0.974549
vn -0.201871 0.155056 -0.967061
vn -0.002965 0.127305 -0.991859
vn -0.419076 0.055988 -0.906224
vn -0.654660 0.122027 -0.746009
vn -0.641625 0.063341 -0.764399
vn -0.500061 0.323315 -0.803372
vn -0.286775 0.162957 -0.944037
vn -0.994308 -0.098309 0.041070
vn -0.991942 -0.126680 -0.001920
vn 0.647374 -0.125526 -0.751765
vn -0.991839 0.098193 -0.081328
vn -0.456349 -0.007271 -0.889771
vn 0.720463 -0.069580 -0.689994
vn 0.969889 -0.014922 -0.243091
vn -0.920624 -0.233608 0.312857
vn 0.629814 0.176527 -0.756421
vn -0.693064 -0.056060 -0.718693
vn -0.544229 0.237309 -0.804674
vn -0.970552 0.017318 -0.240267
vn -0.989525 -0.087254 0.115005
vn -0.993562 -0.091308 0.067068
vn -0.999961 0.008276 -0.003150
vn -0.967725 0.082149 -0.238243
vn -0.967863 0.005660 -0.251416
vn -0.992549 0.114236 0.042381
vn -0.872445 0.061342 0.484848
vn -0.903979 0.080584 0.419915
vn -0.990544 0.063048 0.121855
vn -0.886909 0.046725 0.459574
vn -0.990348 0.050709 0.128998
vn -0.982562 0.095294 0.159661
vn -0.972732 0.095512 -0.211355
vn -0.981007 0.064706 -0.182862
vn -0.899106 0.040158 0.435885
vn -0.990033 0.043603 0.133917
vn -0.805090 0.046035 0.591364
vn -0.997321 0.055179 0.048012
vn -0.997743 0.040011 0.053936
vn -0.968844 0.067440 -0.238314
vn -0.984675 0.041304 -0.169441
vn -0.986034 0.041050 0.161405
vn -0.990610 0.020273 -0.135209
vn -0.989199 0.012445 -0.146050
vn -0.991868 0.018427 0.125931
vn -0.978012 0.039236 -0.204822
vn -0.990337 0.059919 0.125072
vn -0.981566 0.064735 0.179828
vn -0.970362 0.053060 -0.235760
vn -0.646958 0.095569 0.756513
vn -0.474296 0.035386 0.879654
vn -0.534546 0.010762 0.845071
vn -0.546984 0.017356 0.836963
vn -0.583149 -0.047837 0.810956
vn -0.671414 -0.068386 0.737920
vn -0.434714 -0.056049 0.898823
vn -0.644596 -0.048219 0.763001
vn -0.673392 -0.102752 0.732110
vn -0.865054 -0.018991 0.501320
vn -0.775426 -0.075160 0.626949
vn -0.821346 -0.113858 0.558952
vn -0.327472 -0.048035 0.943639
vn -0.552244 -0.052650 0.832019
vn -0.700616 -0.063568 0.710701
vn -0.674968 -0.081648 0.733316
vn -0.705793 -0.075637 0.704369
vn -0.712395 -0.067039 0.698569
vn -0.985821 0.039252 0.163146
vn -0.999919 0.012768 -0.000063
vn -0.998212 0.009629 -0.058988
vn -0.999704 -0.002431 0.024195
vn -0.952427 0.030982 0.303189
vn -0.964660 0.024577 0.262348
vn -0.834571 -0.009423 0.550820
vn -0.832501 0.023078 0.553542
vn -0.997638 -0.011505 0.067714
vn -0.951070 0.004081 0.308948
vn -0.958708 -0.002688 0.284380
vn -0.903642 -0.175003 0.390902
vn -0.929342 -0.174647 0.325302
vn -0.941080 -0.173503 0.290285
vn -0.986084 -0.147666 0.076371
vn -0.987651 -0.093311 0.125855
vn -0.960582 -0.160937 0.226674
vn -0.997802 -0.013480 0.064879
vn -0.966441 -0.005980 0.256818
vn -0.994794 -0.024086 0.099016
vn -0.851798 0.032987 0.522831
vn -0.934642 -0.352445 0.047181
vn -0.855384 -0.492447 0.160668
vn -0.997674 -0.051340 -0.044832
vn -0.999837 -0.007552 0.016411
vn -0.599949 -0.075423 0.796475
vn -0.586028 0.072279 0.807061
vn -0.564822 0.043815 0.824049
vn -0.980712 0.017098 -0.194709
vn -0.985906 0.135702 0.097854
vn -0.997023 -0.027787 0.071927
vn -0.998210 0.040857 -0.043669
vn -0.988923 -0.092247 0.116286
vn -0.999638 0.019074 0.018980
vn -0.994827 0.098359 -0.025392
vn -0.746086 0.059763 0.663162
vn -0.690466 0.094802 0.717126
vn -0.806950 0.064926 0.587040
vn -0.886388 -0.220740 0.406928
vn -0.762370 -0.341909 0.549446
vn -0.666686 -0.587637 0.458489
vn -0.452428 -0.015572 0.891665
vn -0.586414 -0.004726 0.809998
vn -0.474667 -0.060856 0.878059
vn -0.999357 -0.035858 0.000173
vn -0.247588 -0.633133 0.733378
vn -0.155080 -0.473994 0.866764
vn -0.154993 -0.624829 0.765223
vn 0.318321 -0.331087 0.888287
vn 0.256582 -0.315744 0.913494
vn 0.329063 -0.317115 0.889470
vn -0.473286 -0.693022 0.543802
vn -0.311874 -0.686601 0.656744
vn -0.274838 -0.752266 0.598799
vn -0.468522 -0.572500 0.672853
vn 0.064192 -0.469940 0.880361
vn 0.111516 -0.288136 0.951074
vn 0.087213 -0.311023 0.946393
vn 0.208080 -0.304910 0.929372
vn 0.075696 -0.423096 0.902918
vn 0.049685 -0.259455 0.964476
vn 0.042776 -0.180281 0.982685
vn 0.056558 -0.107690 0.992575
vn 0.100055 -0.044647 0.993980
vn 0.014663 -0.027363 0.999518
vn 0.078044 -0.230558 0.969924
vn 0.110639 0.180453 0.977341
vn -0.003847 0.207962 0.978129
vn 0.067760 0.193216 0.978814
vn -0.009179 0.218749 0.975738
vn 0.021766 0.179942 0.983436
vn -0.010305 0.093861 0.995532
vn 0.036151 0.053872 0.997893
vn 0.093792 0.096914 0.990864
vn 0.212858 0.178654 0.960611
vn 0.275819 0.159668 0.947855
vn 0.155275 0.182715 0.970827
vn 0.116080 0.199756 0.972946
vn -0.010133 0.215556 0.976439
vn 0.136148 0.036102 0.990030
vn 0.046315 -0.354304 0.933983
vn 0.004032 -0.437745 0.899090
vn 0.461643 -0.134322 0.876837
vn 0.325073 -0.138649 0.935470
vn 0.579988 -0.148422 0.800990
vn 0.644818 -0.155360 0.748380
vn 0.672332 -0.141656 0.726570
vn 0.779086 -0.165541 0.604666
vn 0.842163 -0.182743 0.507313
vn 0.861635 -0.212712 0.460802
vn 0.823761 -0.202570 0.529513
vn 0.838309 -0.184172 0.513147
vn 0.825083 -0.168741 0.539227
vn 0.905365 -0.231730 0.355830
vn 0.866977 -0.231275 0.441432
vn 0.887921 -0.247296 0.387867
vn 0.888807 -0.199708 0.412480
vn 0.869802 -0.249403 0.425726
vn 0.791167 -0.229489 0.566912
vn 0.828999 -0.194620 0.524293
vn 0.818551 -0.189245 0.542366
vn 0.817621 -0.284371 0.500629
vn 0.890596 -0.233464 0.390299
vn 0.846893 -0.270473 0.457839
vn 0.790508 -0.258815 0.555078
vn 0.852758 -0.231086 0.468405
vn 0.789135 -0.284979 0.544108
vn 0.838681 -0.242437 0.487687
vn 0.766409 -0.294439 0.570897
vn 0.808537 -0.196958 0.554505
vn 0.794630 -0.232810 0.560680
vn 0.781849 -0.265688 0.564023
vn 0.832210 -0.135359 0.537684
vn 0.806556 -0.165565 0.567500
vn 0.810266 -0.176329 0.558907
vn 0.761539 -0.192789 0.618781
vn 0.720330 -0.200847 0.663916
vn 0.769336 -0.216586 0.601010
vn 0.805884 -0.283027 0.520045
vn 0.807728 -0.229733 0.542953
vn 0.864632 -0.256373 0.432071
vn 0.821745 -0.147717 0.550377
vn 0.820230 -0.133552 0.556225
vn 0.824506 -0.140619 0.548102
vn 0.847306 -0.106370 0.520344
vn 0.869153 -0.062815 0.490537
vn 0.869759 -0.105402 0.482090
vn 0.829122 -0.133862 0.542805
vn 0.640779 -0.147588 0.753406
vn 0.555180 -0.119812 0.823055
vn 0.602911 -0.135729 0.786178
vn 0.871258 -0.125849 0.474417
vn 0.861359 -0.145125 0.486826
vn 0.871535 -0.128366 0.473233
vn 0.920021 -0.049099 0.388782
vn 0.902922 -0.038315 0.428094
vn 0.896921 -0.031033 0.441101
vn 0.852239 -0.110887 0.511265
vn 0.719844 -0.168525 0.673368
vn 0.709367 -0.166892 0.684796
vn 0.700138 -0.165100 0.694658
vn 0.902853 -0.155611 0.400801
vn 0.898279 -0.161870 0.408526
vn 0.911730 -0.103404 0.397563
vn 0.899993 -0.167355 0.402499
vn 0.895681 -0.171737 0.410198
vn 0.895913 -0.174136 0.408676
vn 0.885806 -0.101330 0.452858
vn 0.895126 -0.124181 0.428169
vn 0.887956 -0.108958 0.446836
vn 0.896700 -0.136706 0.421001
vn 0.884906 -0.116457 0.450977
vn 0.890206 -0.130056 0.436598
vn 0.855431 -0.067909 0.513446
vn 0.877031 -0.091525 0.471635
vn 0.860553 -0.058778 0.505958
vn 0.727632 -0.110270 0.677047
vn 0.744469 -0.122575 0.656309
vn 0.707754 -0.107751 0.698193
vn 0.281552 -0.078028 0.956368
vn 0.381247 -0.094015 0.919680
vn 0.497183 -0.113518 0.860188
vn 0.842272 -0.118365 0.525897
vn 0.888523 -0.069404 0.453553
vn 0.854018 -0.020792 0.519828
vn 0.702572 -0.021350 0.711292
vn 0.725582 -0.038358 0.687065
vn 0.789741 -0.023614 0.612986
vn 0.198832 0.155608 0.967601
vn 0.280531 0.166790 0.945242
vn 0.345999 0.190496 0.918693
vn 0.722342 0.228641 0.652645
vn 0.773734 0.199853 0.601161
vn 0.705766 0.221194 0.673029
vn 0.643220 0.239038 0.727413
vn 0.643989 0.239415 0.726608
vn 0.631631 0.224175 0.742151
vn 0.854047 0.000916 0.520194
vn 0.892898 -0.009587 0.450157
vn 0.891556 -0.001769 0.452906
vn 0.856143 -0.001455 0.516737
vn 0.853088 -0.002388 0.521761
vn 0.850194 0.009908 0.526377
vn 0.848754 0.051021 0.526322
vn 0.840108 0.062311 0.538828
vn 0.849110 -0.033816 0.527133
vn 0.815628 -0.048924 0.576505
vn 0.548310 0.192412 0.813839
vn 0.476887 0.172180 0.861935
vn 0.511072 0.175420 0.841447
vn 0.163195 0.091897 0.982305
vn 0.663990 0.114632 0.738902
vn 0.646217 0.055356 0.761144
vn 0.681480 0.081805 0.727250
vn 0.796099 0.254146 0.549214
vn 0.810192 0.242434 0.533680
vn 0.748246 0.244594 0.616686
vn 0.792663 0.216035 0.570101
vn 0.679345 0.238040 0.694137
vn 0.655372 0.242648 0.715269
vn 0.916824 0.159256 0.366157
vn 0.837664 0.123294 0.532088
vn 0.927521 0.093410 0.361910
vn 0.889366 0.135972 0.436508
vn 0.802484 0.162103 0.574232
vn 0.836378 0.033221 0.547145
vn 0.802930 0.085780 0.589869
vn 0.816864 0.044644 0.575100
vn 0.792395 0.099680 0.601809
vn 0.864559 0.141057 0.482329
vn 0.860521 0.078413 0.503343
vn 0.791040 0.038286 0.610565
vn 0.734452 0.068810 0.675163
vn 0.728540 0.054690 0.682817
vn 0.609300 0.115224 0.784524
vn 0.635849 0.045366 0.770479
vn 0.717182 0.157137 0.678939
vn 0.787121 0.141078 0.600448
vn 0.788751 0.147672 0.596712
vn 0.793148 0.151047 0.590001
vn 0.783374 0.146707 0.603989
vn 0.847480 0.170213 0.502797
vn 0.833256 0.289638 0.470950
vn 0.781237 0.263805 0.565752
vn 0.784624 0.282232 0.552006
vn 0.823174 0.302352 0.480592
vn 0.827711 0.327944 0.455354
vn 0.769370 0.214877 0.601580
vn 0.837097 0.232717 0.495087
vn 0.828246 0.260517 0.496124
vn 0.404456 0.175220 0.897615
vn 0.415473 0.174820 0.892648
vn 0.762407 0.179106 0.621818
vn 0.713956 0.148139 0.684340
vn 0.748045 0.134453 0.649886
vn 0.853691 0.163204 0.494547
vn 0.801679 0.106685 0.588158
vn 0.859290 0.089364 0.503622
vn 0.835680 0.056891 0.546263
vn 0.910658 0.055798 0.409377
vn -0.967844 0.058718 -0.244604
vn 0.757611 -0.161210 0.632485
vn 0.812741 -0.165540 0.558613
vn 0.808890 -0.167036 0.563734
vn 0.798945 -0.187855 0.571312
vn -0.996972 0.019335 0.075324
vn -0.994320 0.010337 -0.105927
vn 0.778832 -0.141874 0.610976
vn -0.994396 0.008685 -0.105359
vn 0.795145 -0.108251 0.596680
vn -0.063366 -0.453356 0.889074
vn 0.881973 -0.096748 0.461263
vn 0.879626 -0.098680 0.465318
vn 0.267621 -0.043146 0.962558
vn 0.197530 -0.030946 0.979808
vn 0.191748 -0.102409 0.976087
vn 0.795324 -0.117352 0.594717
vn 0.841938 -0.082030 0.533302
vn 0.453120 -0.160128 0.876950
vn 0.324880 -0.138772 0.935519
vn 0.264953 -0.166481 0.949781
vn -0.645319 0.017344 0.763717
vn -0.623588 0.020998 0.781471
vn -0.648933 0.047903 0.759336
vn 0.612596 0.216793 0.760083
vn 0.851295 0.195956 0.486722
vn 0.645769 -0.144218 0.749789
vn 0.755694 -0.168369 0.632913
vn 0.688679 -0.144316 0.710559
vn -0.782410 -0.178086 0.596758
vn -0.780463 -0.118495 0.613871
vn -0.795766 -0.136510 0.590018
vn 0.592104 -0.135542 0.794381
vn 0.787876 -0.186066 0.587053
vn 0.794478 -0.207352 0.570798
vn 0.776371 -0.196248 0.598944
vn 0.868291 -0.108839 0.483967
vn 0.873767 -0.071806 0.481016
vn 0.369509 -0.086255 0.925215
vn 0.435928 -0.112485 0.892924
vn 0.500665 -0.108632 0.858798
vn 0.028347 -0.061087 0.997730
vn -0.191972 -0.035834 0.980746
vn -0.073748 -0.056419 0.995680
vn -0.554141 -0.142104 0.820204
vn -0.634692 -0.128524 0.762002
vn -0.593798 -0.151961 0.790134
vn -0.532819 0.060848 0.844039
vn 0.222893 0.178996 0.958269
vn 0.142694 0.186295 0.972076
vn 0.268509 0.164696 0.949093
vn 0.869627 0.149893 0.470406
vn 0.304639 0.175221 0.936212
vn 0.448232 0.181144 0.875371
vn 0.395172 0.108457 0.912182
vn 0.253545 0.167928 0.952636
vn 0.356598 0.132129 0.924868
vn 0.374007 0.149755 0.915255
vn 0.439088 -0.230594 0.868348
vn 0.407967 -0.186537 0.893738
vn 0.360179 -0.252664 0.898016
vn -0.362933 0.004966 0.931802
vn -0.480214 0.058192 0.875219
vn 0.393850 -0.034249 0.918536
vn 0.620061 -0.042047 0.783426
vn 0.496605 -0.048342 0.866630
vn -0.675716 -0.051472 0.735362
vn -0.639592 0.026195 0.768268
vn -0.990375 -0.115829 0.075766
vn -0.488353 -0.043712 0.871551
vn -0.656409 -0.059897 0.752024
vn -0.597370 -0.060199 0.799703
vn 0.904387 0.050945 0.423661
vn 0.698177 -0.042117 0.714685
vn 0.726704 -0.070097 0.683365
vn 0.751555 -0.042188 0.658320
vn 0.591525 0.122400 0.796942
vn 0.552794 0.110275 0.825989
vn 0.581337 0.082682 0.809451
vn 0.652883 0.182720 0.735090
vn 0.671729 0.188594 0.716389
vn 0.694003 0.219734 0.685622
vn 0.238533 0.185437 0.953265
vn 0.248910 0.191538 0.949398
vn 0.237394 0.213558 0.947648
vn 0.828637 -0.125873 0.545451
vn 0.183626 -0.040349 0.982168
vn 0.031572 -0.057638 0.997838
vn 0.273927 -0.071998 0.959052
vn 0.611230 0.109264 0.783874
vn 0.623374 0.134461 0.770276
vn 0.561165 -0.080521 0.823778
vn 0.603695 -0.003246 0.797209
vn 0.603684 -0.000011 0.797224
vn -0.723123 -0.012574 0.690605
vn -0.734866 0.019059 0.677945
vn -0.735549 -0.035111 0.676561
vn -0.829775 -0.211159 0.516610
vn -0.876430 -0.203041 0.436629
vn -0.042054 -0.344886 0.937702
vn -0.182792 -0.229069 0.956093
vn -0.059388 -0.094261 0.993775
vn -0.076954 -0.183748 0.979957
vn 0.519525 0.129802 0.844539
vn 0.555813 0.117401 0.822976
vn 0.566206 0.151313 0.810256
vn -0.669300 0.011365 0.742905
vn -0.657544 0.083136 0.748815
vn -0.622734 0.080325 0.778300
vn -0.639846 0.050103 0.766868
vn -0.653478 0.045957 0.755549
vn -0.833006 0.052703 0.550748
vn 0.080815 -0.086012 0.993011
vn -0.100572 -0.083582 0.991413
vn -0.192897 -0.053999 0.979732
vn 0.052741 -0.094824 0.994096
vn 0.238422 -0.112350 0.964641
vn 0.218121 -0.070404 0.973379
vn 0.275989 -0.075707 0.958175
vn 0.714809 -0.146870 0.683724
vn 0.762845 -0.150160 0.628904
vn 0.709491 -0.144176 0.689809
vn 0.807575 -0.182343 0.560869
vn 0.451292 -0.119374 0.884356
vn 0.171031 -0.271286 0.947181
vn 0.383852 -0.145649 0.911835
vn 0.343255 -0.094985 0.934427
vn 0.340133 -0.016735 0.940228
vn 0.788142 -0.178436 0.589061
vn 0.716626 -0.165454 0.677549
vn 0.737796 -0.163913 0.654820
vn 0.700251 -0.142355 0.699560
vn -0.998255 0.006294 0.058706
vn -0.809706 -0.155996 0.565722
vn 0.884303 -0.107684 0.454326
vn 0.887252 -0.095649 0.451260
vn 0.838385 -0.092651 0.537147
vn 0.738943 -0.095739 0.666931
vn -0.413199 -0.034853 0.909974
vn -0.441435 -0.022264 0.897017
vn -0.203283 -0.058594 0.977365
vn -0.562580 -0.042900 0.825629
vn -0.566804 -0.026406 0.823429
vn -0.667074 -0.081609 0.740508
vn 0.844727 0.275337 0.458940
vn 0.860064 0.197244 0.470516
vn 0.859214 0.227293 0.458354
vn 0.576973 0.198567 0.792259
vn 0.590418 0.213936 0.778227
vn 0.534710 0.188701 0.823697
vn -0.749189 0.017256 0.662132
vn -0.771496 0.011022 0.636138
vn -0.751577 -0.016799 0.659431
vn 0.212520 -0.323999 0.921879
vn 0.113383 -0.351946 0.929128
vn 0.152403 -0.273181 0.949814
vn -0.868969 -0.157377 0.469175
vn -0.771331 -0.189547 0.607553
vn -0.825985 -0.128477 0.548856
vn -0.997814 0.049145 -0.044189
vn -0.992950 0.118106 -0.010051
vn -0.990251 0.099002 -0.097991
vn -0.964230 -0.067329 0.256373
vn -0.750729 -0.199075 0.629900
vn -0.747773 -0.133041 0.650488
vn -0.664331 -0.135050 0.735137
vn 0.022939 0.128570 0.991435
vn 0.423892 0.174381 0.888767
vn 0.317449 0.170327 0.932853
vn 0.866286 -0.087881 0.491758
vn 0.819443 -0.125267 0.559304
vn 0.838690 -0.083537 0.538165
vn 0.749160 -0.123076 0.650854
vn -0.695831 -0.153689 0.701569
vn -0.650992 -0.363322 0.666488
vn 0.750836 0.100216 0.652842
vn 0.715361 -0.020444 0.698456
vn 0.836180 -0.089358 0.541127
vn 0.625644 0.161169 0.763279
vn 0.522582 0.167876 0.835898
vn 0.519989 0.195862 0.831415
vn 0.721833 0.170843 0.670648
vn 0.741806 0.118231 0.660110
vn 0.314391 0.097657 0.944257
vn 0.403864 0.086487 0.910721
vn 0.377888 0.129953 0.916686
vn -0.164264 -0.373362 0.913027
vn -0.671728 -0.017091 0.740601
vn -0.686622 0.044964 0.725623
vn 0.763787 0.244221 0.597482
vn 0.747089 0.217080 0.628278
vn 0.778098 0.246541 0.577737
vn 0.677019 0.150623 0.720387
vn 0.715676 0.184986 0.673490
vn 0.695920 0.191748 0.692046
vn 0.708218 0.106516 0.697912
vn 0.651789 0.060969 0.755946
vn 0.685966 0.050517 0.725878
vn 0.706289 0.001301 0.707923
vn -0.976150 0.038008 0.213745
vn -0.890976 0.041749 0.452127
vn -0.782445 0.015520 0.622526
vn -0.981130 0.092399 -0.169846
vn -0.639452 0.035054 0.768032
vn -0.666807 0.033311 0.744486
vn -0.675559 0.016979 0.737110
vn -0.564235 -0.011415 0.825535
vn -0.634435 -0.035980 0.772138
vn 0.798701 -0.178736 0.574570
vn 0.787715 -0.183958 0.587933
vn 0.844501 -0.228720 0.484258
vn 0.870700 -0.222731 0.438489
vn 0.804514 -0.193479 0.561536
vn 0.779240 -0.173354 0.602273
vn 0.781588 -0.179789 0.597325
vn 0.228884 -0.214741 0.949473
vn 0.292799 -0.232852 0.927388
vn 0.272528 -0.285720 0.918745
vn 0.570233 -0.016045 0.821326
vn 0.697171 -0.057679 0.714581
vn 0.715374 -0.121301 0.688132
vn 0.710620 -0.108676 0.695132
vn -0.971277 -0.181981 0.153307
vn -0.908379 -0.169005 0.382473
vn -0.885368 -0.189114 0.424688
vn -0.836136 -0.182933 0.517119
vn 0.196719 -0.188496 0.962170
vn 0.226006 -0.249244 0.941700
vn 0.264493 -0.229180 0.936760
vn 0.588951 0.218776 0.777993
vn 0.616652 0.216680 0.756829
vn 0.555163 0.195545 0.808429
vn 0.646458 0.242515 0.723380
vn 0.654433 0.216304 0.724520
vn 0.673723 0.229877 0.702320
vn -0.731753 -0.035634 0.680638
vn -0.758103 -0.076587 0.647622
vn -0.718873 -0.028386 0.694561
vn 0.703567 -0.154188 0.693700
vn 0.765105 -0.133678 0.629877
vn 0.712237 -0.134355 0.688961
vn 0.803479 -0.139994 0.578638
vn 0.728927 -0.028541 0.683996
vn 0.835843 -0.001374 0.548967
vn 0.815484 -0.003410 0.578770
vn -0.791832 -0.042272 0.609274
vn -0.605741 -0.183054 0.774318
vn -0.972685 0.071182 -0.220947
vn -0.735487 0.054832 0.675317
vn -0.738186 0.024570 0.674150
vn -0.663554 -0.029614 0.747542
vn -0.664101 -0.090051 0.742200
vn -0.679979 -0.130622 0.721503
vn -0.653710 -0.158244 0.740015
vn 0.579005 0.063469 0.812850
vn 0.649125 0.177457 0.739693
vn 0.706482 -0.148625 0.691949
vn 0.703201 -0.153251 0.694279
vn 0.713476 -0.147348 0.685011
vn 0.171917 -0.401028 0.899790
vn 0.794965 0.198325 0.573321
vn 0.003261 -0.086113 0.996280
vn 0.134051 -0.093412 0.986562
vn -0.806775 0.043260 0.589274
vn -0.826399 0.052493 0.560632
vn 0.761716 -0.107610 0.638912
vn 0.830434 -0.117287 0.544631
vn 0.780743 -0.196188 0.593255
vn 0.761573 -0.171402 0.625002
vn 0.748242 -0.168914 0.641562
vn 0.729718 -0.165369 0.663449
vn 0.734351 -0.164185 0.658614
vn 0.793254 -0.182140 0.581010
vn 0.705544 0.208938 0.677165
vn 0.740490 0.238918 0.628166
vn 0.151124 -0.220115 0.963697
vn 0.889595 -0.245322 0.385276
vn 0.871700 -0.223426 0.436143
vn 0.837835 -0.197532 0.508934
vn -0.921507 -0.044897 0.385757
vn -0.858626 -0.107241 0.501259
vn -0.910363 -0.138632 0.389899
vn -0.941412 -0.166134 0.293500
vn -0.697777 0.016484 0.716125
vn -0.985682 -0.100745 0.135208
vn -0.954156 -0.044843 0.295933
vn -0.987478 -0.074571 -0.139017
vn -0.992880 -0.064719 -0.100007
vn 0.712867 0.199267 0.672394
vn 0.676473 0.175507 0.715249
vn -0.882533 0.091739 0.461216
vn -0.404842 -0.515598 0.755157
vn 0.271142 0.074718 0.959635
vn 0.222255 0.112963 0.968423
vn 0.142385 0.129051 0.981363
vn 0.129389 0.149776 0.980217
vn 0.079117 0.215312 0.973335
vn 0.749542 0.162060 0.641813
vn 0.778284 0.146658 0.610546
vn 0.896202 0.013797 0.443432
vn 0.472559 -0.127443 0.872036
vn 0.483566 0.168367 0.858963
vn 0.400829 0.156170 0.902744
vn 0.495509 0.183611 0.848975
vn -0.964132 -0.004669 0.265380
vn -0.408852 -0.034043 0.911966
vn 0.284129 -0.314321 0.905800
vn 0.213619 -0.318326 0.923599
vn 0.271761 -0.314317 0.909588
vn 0.627150 0.234457 0.742774
vn 0.783443 -0.134412 0.606754
vn -0.975792 -0.102427 -0.193234
vn -0.997061 -0.028787 0.070998
vn -0.936556 -0.173018 0.304840
vn -0.934791 -0.186799 0.302114
vn -0.991656 -0.055380 0.116415
vn -0.848153 0.032489 0.528754
vn -0.105072 -0.311092 0.944554
vn 0.082210 -0.423146 0.902324
vn 0.215094 -0.361280 0.907310
vn 0.774066 -0.152137 0.614553
vn 0.702894 0.139227 0.697536
vn 0.822257 0.111403 0.558107
vn -0.849866 0.028635 0.526221
vn -0.948110 0.057137 0.312767
vn -0.933779 0.053022 0.353899
vn -0.796286 0.017187 0.604676
vn -0.872113 -0.042004 0.487499
vn -0.704324 -0.119132 0.699811
vn -0.624858 -0.078905 0.776741
vn -0.562350 0.122898 0.817716
vn 0.807629 -0.161662 0.567100
vn 0.711782 -0.149503 0.686306
vn 0.774291 -0.150795 0.614602
vn 0.881054 -0.139775 0.451892
vn 0.854244 -0.121670 0.505435
vn 0.756113 0.051125 0.652441
vn 0.752167 0.117174 0.648472
vn 0.796015 -0.117452 0.593772
vn 0.133963 -0.146669 0.980073
vn -0.932614 0.115498 0.341895
vn -0.912954 0.018568 0.407640
vn -0.852804 0.076884 0.516541
vn -0.824643 0.035794 0.564520
vn 0.708168 0.241874 0.663321
vn -0.722179 -0.067202 0.688434
vn -0.828895 -0.039086 0.558037
vn -0.736902 -0.112980 0.666491
vn -0.843178 -0.100128 0.528229
vn -0.892983 -0.142518 0.426932
vn -0.515148 -0.106364 0.850476
vn -0.585229 -0.063042 0.808414
vn -0.363198 -0.043348 0.930703
vn -0.403401 -0.098721 0.909682
vn -0.366821 -0.067895 0.927811
vn -0.212006 -0.057470 0.975577
vn -0.177389 -0.078781 0.980983
vn -0.128594 -0.124025 0.983911
vn -0.091820 -0.091011 0.991608
vn 0.638595 -0.078276 0.765551
vn 0.583940 -0.136584 0.800224
vn 0.710686 -0.111063 0.694687
vn -0.047461 -0.035376 0.998247
vn -0.121488 -0.061315 0.990697
vn 0.325557 -0.042663 0.944560
vn -0.469252 -0.160675 0.868324
vn -0.516206 -0.201790 0.832354
vn -0.495579 -0.167157 0.852326
vn -0.726514 -0.075950 0.682941
vn -0.712757 -0.089744 0.695646
vn -0.771739 -0.104587 0.627281
vn 0.849840 -0.010351 0.526939
vn -0.876601 0.017973 0.480882
vn -0.712169 -0.154233 0.684856
vn -0.694497 -0.161920 0.701039
vn -0.619314 -0.212994 0.755701
vn -0.555703 -0.172254 0.813340
vn -0.258624 -0.158790 0.952838
vn -0.416335 -0.143445 0.897825
vn -0.419716 -0.158029 0.893792
vn 0.530490 0.132728 0.837235
vn 0.649466 0.163292 0.742651
vn 0.598370 0.182625 0.780129
vn 0.520474 0.064319 0.851451
vn 0.587304 -0.067408 0.806555
vn 0.568067 -0.078473 0.819232
vn 0.552872 -0.093531 0.828000
vn 0.518267 -0.016126 0.855067
vn 0.555693 -0.035231 0.830641
vn 0.461091 -0.155419 0.873636
vn 0.162791 -0.342630 0.925259
vn 0.259824 -0.133494 0.956384
vn 0.317259 -0.177629 0.931555
vn 0.467527 0.019929 0.883754
vn 0.347553 0.048912 0.936384
vn 0.365613 0.027069 0.930373
vn 0.288989 0.040866 0.956460
vn 0.312089 0.041740 0.949135
vn 0.145274 0.061491 0.987479
vn -0.759847 -0.061794 0.647159
vn -0.765140 -0.049453 0.641962
vn -0.718321 -0.025903 0.695229
vn -0.761703 -0.025764 0.647414
vn 0.602379 -0.148797 0.784219
vn 0.265619 -0.112153 0.957532
vn -0.202531 -0.064404 0.977156
vn 0.673170 -0.011073 0.739405
vn 0.288711 -0.120726 0.949775
vn 0.317808 -0.098991 0.942974
vn 0.306665 -0.098817 0.946674
vn 0.130850 -0.159776 0.978443
vn 0.283238 -0.135191 0.949474
vn 0.143769 -0.140774 0.979547
vn 0.358539 -0.149416 0.921480
vn 0.823267 -0.066321 0.563767
vn 0.702820 -0.155946 0.694064
vn 0.710857 -0.155571 0.685915
vn 0.680752 -0.141239 0.718768
vn 0.612390 -0.139482 0.778154
vn 0.583997 -0.132012 0.800950
vn 0.662079 -0.139027 0.736425
vn 0.667909 -0.159248 0.727006
vn 0.635519 -0.124907 0.761914
vn 0.481650 -0.115622 0.868703
vn 0.634211 -0.120697 0.763681
vn 0.009974 -0.057870 0.998274
vn -0.188489 -0.049816 0.980811
vn -0.013499 -0.072980 0.997242
vn 0.281431 -0.080361 0.956211
vn 0.237609 -0.130270 0.962586
vn 0.120366 -0.101856 0.987490
vn -0.035035 -0.055528 0.997842
vn 0.236114 -0.081943 0.968264
vn -0.700726 -0.007758 0.713389
vn -0.666621 -0.013311 0.745278
vn -0.715530 -0.014014 0.698442
vn -0.596390 -0.059032 0.800521
vn -0.513945 -0.035198 0.857101
vn -0.344893 -0.038729 0.937843
vn -0.574262 -0.004667 0.818659
vn -0.470090 -0.025831 0.882241
vn -0.619908 0.010268 0.784607
vn 0.672988 -0.145467 0.725208
vn 0.301989 0.142328 0.942627
vn 0.219588 0.165782 0.961404
vn 0.747478 0.139711 0.649428
vn 0.738795 -0.185860 0.647795
vn 0.784026 -0.200191 0.587560
vn 0.745938 -0.172710 0.643233
vn 0.302253 0.167502 0.938396
vn 0.200085 0.167832 0.965297
vn 0.762329 -0.167450 0.625153
vn 0.788939 -0.178127 0.588087
vn 0.686504 -0.152927 0.710863
vn 0.760504 -0.181349 0.623495
vn 0.807439 -0.170603 0.564745
vn 0.384851 -0.108078 0.916629
vn 0.175475 -0.099573 0.979436
vn 0.481746 -0.122099 0.867763
vn -0.622766 0.013841 0.782286
vn 0.501514 -0.119643 0.856836
vn 0.488099 -0.137509 0.861888
vn 0.346095 -0.108591 0.931894
vn -0.817484 -0.204415 0.538456
vn -0.776969 -0.215999 0.591323
vn -0.803444 -0.214978 0.555214
vn -0.811860 -0.154651 0.562998
vn -0.610060 -0.119702 0.783261
vn -0.794709 -0.152193 0.587601
vn -0.829424 -0.108827 0.547917
vn 0.813394 -0.155626 0.560509
vn 0.027548 -0.334284 0.942070
vn -0.879321 0.034068 0.475010
vn 0.618710 0.178686 0.765029
vn 0.607921 0.136905 0.782106
vn 0.461134 0.120797 0.879070
vn 0.358820 0.051102 0.932007
vn 0.286169 0.025763 0.957833
vn 0.359621 -0.038488 0.932304
vn 0.444814 -0.031035 0.895085
vn 0.421562 -0.093783 0.901937
vn 0.479785 -0.064604 0.875004
vn 0.586839 0.009339 0.809650
vn 0.627795 0.069046 0.775311
vn 0.494444 0.100807 0.863344
vn 0.519507 0.091956 0.849504
vn 0.206282 0.041296 0.977621
vn 0.494980 0.015628 0.868764
vn 0.538235 -0.011391 0.842718
vn 0.557546 0.056748 0.828204
vn 0.464157 0.072354 0.882793
vn 0.575611 0.020579 0.817465
vn 0.431877 0.036067 0.901211
vn 0.340559 -0.107520 0.934055
vn 0.553049 -0.037686 0.832296
vn 0.370751 -0.296341 0.880185
vn 0.300635 -0.279430 0.911887
vn 0.376039 -0.321266 0.869128
vn 0.409514 -0.292308 0.864207
vn 0.434371 -0.268100 0.859910
vn 0.398436 -0.294871 0.868504
vn 0.371268 -0.308448 0.875797
vn 0.307088 0.099088 0.946509
vn 0.334053 0.073494 0.939685
vn -0.987060 -0.103937 0.122103
vn -0.875800 -0.053907 0.479654
vn 0.268900 -0.287845 0.919151
vn 0.317937 -0.291746 0.902109
vn 0.327417 -0.258306 0.908887
vn 0.326437 -0.134853 0.935550
vn 0.289911 0.003784 0.957046
vn 0.640504 0.154691 0.752214
vn 0.650595 0.159362 0.742516
vn -0.602182 -0.057359 0.796296
vn -0.504456 -0.024125 0.863100
vn -0.588528 -0.047078 0.807105
vn -0.658345 -0.004761 0.752702
vn 0.679571 -0.031390 0.732938
vn 0.608913 -0.103791 0.786417
vn 0.432022 -0.035834 0.901151
vn 0.461004 -0.076140 0.884126
vn 0.346187 -0.009923 0.938113
vn -0.068729 -0.123038 0.990019
vn 0.654015 0.011614 0.756393
vn 0.589596 0.008348 0.807656
vn 0.683043 -0.001763 0.730376
vn 0.267828 0.113646 0.956741
vn 0.074792 0.123330 0.989543
vn 0.281714 0.053881 0.957985
vn 0.320500 0.004100 0.947240
vn -0.174271 0.047708 0.983541
vn -0.062069 0.027022 0.997706
vn -0.065773 0.057779 0.996160
vn -0.070645 -0.015908 0.997375
vn -0.129509 -0.006668 0.991556
vn -0.134265 -0.049284 0.989719
vn 0.695369 -0.112792 0.709746
vn 0.584212 -0.119085 0.802817
vn 0.424750 -0.099595 0.899816
vn 0.337988 -0.088939 0.936939
vn 0.713894 -0.138839 0.686352
vn 0.579350 -0.163740 0.798463
vn 0.698141 -0.140357 0.702068
vn 0.674407 -0.167398 0.719134
vn 0.265513 -0.154566 0.951637
vn 0.006574 -0.052556 0.998596
vn 0.244491 -0.075496 0.966708
vn 0.140215 -0.055908 0.988541
vn 0.690426 -0.141868 0.709356
vn 0.609910 -0.133560 0.781135
vn -0.732303 0.018175 0.680736
vn -0.771370 -0.085618 0.630601
vn -0.797377 -0.141317 0.586702
vn -0.767972 -0.135681 0.625947
vn -0.241331 -0.025972 0.970095
vn -0.381722 -0.011086 0.924211
vn -0.028310 -0.052980 0.998194
vn -0.072723 -0.044689 0.996351
vn 0.693025 0.089325 0.715358
vn 0.587257 0.105310 0.802521
vn 0.558316 0.139482 0.817819
vn 0.506763 0.187301 0.841493
vn 0.438485 0.224428 0.870266
vn 0.550090 0.156131 0.820380
vn 0.390417 0.155616 0.907391
vn 0.256821 0.107029 0.960514
vn 0.216660 0.049668 0.974983
vn 0.179349 0.143540 0.973258
vn 0.576803 0.164925 0.800061
vn 0.209671 -0.116205 0.970842
vn 0.153909 -0.177947 0.971929
vn 0.058794 0.041077 0.997425
vn 0.024796 0.112702 0.993319
vn 0.033936 0.122773 0.991855
vn 0.594513 -0.149218 0.790119
vn 0.544483 -0.134067 0.827988
vn 0.645829 -0.137993 0.750908
vn 0.484251 -0.117916 0.866947
vn -0.248706 -0.058758 0.966795
vn -0.245948 -0.061530 0.967328
vn 0.655162 -0.007999 0.755446
vn 0.529675 0.045033 0.847005
vn 0.693594 -0.034751 0.719528
vn 0.540407 0.098155 0.835659
vn 0.338618 0.096793 0.935932
vn 0.706912 -0.085918 0.702064
vn -0.626484 0.081602 0.775151
vn -0.663882 0.072612 0.744304
vn -0.669355 0.054267 0.740958
vn -0.631054 0.021121 0.775452
vn -0.654181 0.023070 0.755986
vn -0.705063 -0.054094 0.707078
vn -0.710625 -0.060829 0.700936
vn -0.661672 -0.048450 0.748226
vn 0.662606 0.120020 0.739289
vn 0.599553 0.056274 0.798354
vn 0.510650 -0.101845 0.853735
vn 0.528814 -0.132969 0.838257
vn 0.571182 -0.052195 0.819162
vn 0.530944 -0.111369 0.840057
vn 0.645165 0.133892 0.752220
vn 0.454068 -0.241154 0.857710
vn 0.475212 -0.215477 0.853079
vn 0.495403 -0.187155 0.848262
vn 0.630159 0.001605 0.776465
vn -0.448267 -0.251077 0.857915
vn -0.383175 -0.188158 0.904308
vn -0.008525 -0.167768 0.985790
vn -0.342229 0.013628 0.939518
vn -0.314933 0.062984 0.947022
vn -0.135422 -0.006554 0.990766
vn 0.068740 0.158482 0.984966
vn -0.007496 0.137895 0.990419
vn -0.837482 -0.192079 0.511596
vn 0.706659 -0.112696 0.698522
vn 0.676929 -0.094933 0.729901
vn 0.711403 -0.124863 0.691604
vn 0.452457 -0.099636 0.886203
vn 0.347844 -0.146997 0.925957
vn 0.114667 -0.106168 0.987715
vn -0.428822 -0.078209 0.899997
vn -0.560146 -0.040799 0.827389
vn -0.548644 -0.134112 0.825230
vn -0.444835 -0.177148 0.877918
vn 0.253266 0.161973 0.953741
vn 0.449157 0.218942 0.866211
vn 0.320105 0.242959 0.915698
vn 0.309089 0.233284 0.921978
vn 0.298387 0.043883 0.953436
vn 0.184885 0.192202 0.963782
vn 0.376076 -0.026389 0.926213
vn 0.274701 -0.029020 0.961092
vn 0.311684 -0.145482 0.938982
vn 0.255591 -0.072047 0.964097
vn 0.344950 -0.225807 0.911055
vn 0.500876 0.150907 0.852262
vn 0.370006 0.052117 0.927566
vn 0.423235 -0.061827 0.903908
vn -0.739894 0.042906 0.671354
vn -0.783473 -0.010049 0.621345
vn -0.799674 -0.069119 0.596443
vn -0.721510 -0.054337 0.690269
vn -0.760418 -0.005371 0.649412
vn -0.651506 -0.041257 0.757521
vn -0.744215 0.016433 0.667737
vn -0.257396 -0.046166 0.965203
vn -0.465915 -0.057085 0.882986
vn -0.446802 -0.033846 0.893992
vn -0.592071 -0.052290 0.804187
vn -0.615255 -0.054407 0.786448
vn -0.218087 -0.052589 0.974511
vn -0.266212 -0.044900 0.962868
vn -0.433641 -0.036881 0.900331
vn 0.335307 -0.131779 0.932847
vn 0.574538 -0.170070 0.800614
vn -0.677396 0.036055 0.734735
vn -0.679450 0.022824 0.733367
vn -0.647457 0.001785 0.762100
vn -0.698871 0.020343 0.714959
vn 0.693862 -0.153110 0.703643
vn 0.618790 -0.126733 0.775266
vn 0.575935 -0.118844 0.808811
vn 0.675955 -0.149210 0.721679
vn 0.722438 -0.196231 0.663006
vn 0.642572 -0.145073 0.752367
vn 0.107413 -0.080047 0.990987
vn 0.563044 -0.126242 0.816728
vn 0.649562 -0.148726 0.745621
vn 0.015767 -0.079330 0.996724
vn 0.235305 -0.094632 0.967304
vn -0.041536 -0.068434 0.996791
vn 0.310086 -0.114249 0.943819
vn 0.369817 -0.112624 0.922253
vn -0.508942 -0.030230 0.860270
vn -0.198658 -0.058626 0.978314
vn -0.358931 -0.045437 0.932258
vn 0.620116 0.103958 0.777592
vn 0.065958 -0.268950 0.960893
vn 0.081093 -0.218177 0.972534
vn 0.097629 -0.127099 0.987074
vn 0.046843 0.007551 0.998874
vn 0.099716 -0.056161 0.993430
vn 0.206211 -0.006398 0.978487
vn 0.163406 -0.079502 0.983350
vn -0.718389 -0.047712 0.694003
vn -0.295672 -0.194849 0.935207
vn -0.191516 -0.187650 0.963384
vn -0.166830 -0.168021 0.971564
vn -0.270865 -0.044508 0.961588
vn -0.210812 -0.123990 0.969631
vn -0.239759 -0.150717 0.959062
vn -0.442355 -0.036818 0.896084
vn -0.369252 -0.040004 0.928468
vn -0.257946 -0.073338 0.963372
vn -0.086618 -0.134418 0.987132
vn -0.145345 -0.139173 0.979544
vn -0.277744 -0.081430 0.957198
vn -0.414435 -0.125000 0.901454
vn -0.263384 -0.131740 0.955654
vn 0.314127 -0.294590 0.902519
vn -0.781118 -0.211328 0.587533
vn -0.740314 -0.191206 0.644496
vn -0.743903 -0.186756 0.641662
vn -0.853599 -0.165565 0.493920
vn -0.909614 -0.143175 0.390004
vn -0.063905 0.042276 0.997060
vn -0.026478 0.021832 0.999411
vn 0.096280 0.117613 0.988381
vn 0.148707 0.036645 0.988202
vn 0.034543 -0.030580 0.998935
vn 0.002262 0.061925 0.998078
vn -0.105677 0.112761 0.987987
vn 0.045268 0.060668 0.997131
vn -0.044449 0.079055 0.995879
vn 0.104878 0.021307 0.994257
vn 0.292342 -0.030120 0.955840
vn 0.703473 -0.123314 0.699943
vn 0.391523 -0.094004 0.915354
vn 0.410817 -0.111385 0.904888
vn 0.513883 -0.118590 0.849624
vn -0.690501 -0.057152 0.721070
vn -0.615120 -0.057589 0.786327
vn -0.693364 -0.041344 0.719401
vn -0.092281 -0.059238 0.993969
vn 0.032752 -0.063833 0.997423
vn 0.245003 -0.092671 0.965083
vn -0.649280 0.018029 0.760336
vn -0.743381 -0.075820 0.664557
vn -0.735026 -0.066294 0.674790
vn 0.540547 0.227083 0.810088
vn 0.609143 0.004093 0.793050
vn 0.610145 -0.019356 0.792053
vn 0.513844 -0.160925 0.842655
vn 0.471936 -0.171800 0.864732
vn 0.418306 -0.130734 0.898849
vn 0.489772 -0.182868 0.852457
vn 0.331657 -0.070096 0.940792
vn -0.288966 -0.034281 0.956726
vn 0.367350 -0.122023 0.922043
vn 0.154728 -0.083633 0.984411
vn -0.439804 -0.044466 0.896992
vn -0.219342 -0.047704 0.974481
vn 0.188016 -0.086491 0.978350
vn 0.547957 -0.125912 0.826976
vn 0.737308 0.225232 0.636904
vn 0.686800 0.180372 0.704111
vn -0.641337 0.045263 0.765923
vn -0.738282 0.040861 0.673253
vn -0.668581 0.070796 0.740261
vn -0.679950 0.035218 0.732412
vn -0.685757 0.003033 0.727824
vn -0.665083 0.089207 0.741422
vn -0.701114 0.041839 0.711821
vn -0.729577 -0.013739 0.683761
vn -0.697494 0.036236 0.715674
vn -0.622613 0.090170 0.777317
vn -0.662375 0.039218 0.748145
vn -0.667356 0.024945 0.744321
vn -0.651112 0.012637 0.758877
vn -0.607136 -0.006157 0.794574
vn -0.296699 -0.045225 0.953900
vn -0.679592 0.033638 0.732819
vn -0.526238 -0.027123 0.849905
vn -0.413015 -0.040223 0.909835
vn -0.171338 -0.067082 0.982926
vn -0.620089 0.061515 0.782116
vn -0.666481 0.036986 0.744604
vn -0.576701 0.028201 0.816469
vn -0.224415 -0.503972 0.834057
vn -0.314012 0.017401 0.949260
vn -0.241309 -0.039924 0.969627
vn -0.617035 -0.012818 0.786831
vn -0.430343 -0.121996 0.894384
vn -0.365115 -0.096965 0.925899
vn -0.183819 0.085228 0.979258
vn 0.010627 -0.090851 0.995808
vn -0.285992 -0.493600 0.821321
vn 0.689111 0.074175 0.720850
vn 0.517576 -0.101263 0.849624
vn 0.474371 -0.078149 0.876850
vn 0.454699 0.079747 0.887068
vn 0.499580 -0.150802 0.853041
vn -0.711444 -0.079326 0.698252
vn -0.738822 -0.095492 0.667100
vn -0.695205 -0.073584 0.715036
vn -0.436309 -0.009622 0.899745
vn 0.121436 -0.069565 0.990159
vn -0.117806 -0.075820 0.990138
vn -0.422562 -0.025426 0.905977
vn -0.302896 -0.029827 0.952557
vn -0.203030 -0.053848 0.977691
vn -0.104911 -0.049696 0.993239
vn 0.113374 -0.065360 0.991400
vn 0.286359 -0.091538 0.953740
vn 0.469613 -0.108492 0.876181
vn 0.465725 -0.104411 0.878748
vn 0.672543 -0.133870 0.727850
vn 0.087837 -0.060067 0.994322
vn 0.204663 -0.067971 0.976470
vn -0.528396 -0.208295 0.823050
vn -0.618195 -0.228936 0.751946
vn -0.730092 -0.217758 0.647725
vn -0.260959 -0.187343 0.946997
vn -0.445364 -0.193245 0.874247
vn -0.547663 -0.231813 0.803945
vn -0.535962 -0.233008 0.811450
vn 0.754217 -0.103987 0.648339
vn 0.716978 -0.132831 0.684323
vn 0.710404 -0.127820 0.692090
vn -0.687536 -0.113157 0.717280
vn -0.673571 0.066952 0.736084
vn -0.680121 0.071744 0.729581
vn -0.647184 -0.031343 0.761690
vn -0.471997 -0.159323 0.867084
vn -0.653524 -0.171602 0.737197
vn -0.514888 -0.154917 0.843144
vn -0.682118 -0.175028 0.709986
vn -0.766591 -0.211109 0.606441
vn -0.592094 -0.228970 0.772656
vn -0.542452 -0.029579 0.839566
vn 0.245701 -0.072724 0.966614
vn 0.577730 -0.128960 0.805976
vn 0.463212 -0.109063 0.879511
vn 0.186716 -0.069709 0.979938
vn -0.659984 -0.074316 0.747595
vn -0.104518 -0.028672 0.994110
vn -0.524091 -0.067152 0.849011
vn 0.632119 -0.124166 0.764858
vn 0.534169 -0.122977 0.836385
vn 0.279338 -0.191946 0.940812
vn 0.411019 -0.268920 0.871060
vn -0.024098 -0.164507 0.986082
vn 0.046128 -0.154220 0.986959
vn 0.205126 -0.173397 0.963253
vn -0.104030 -0.138658 0.984861
vn -0.345722 -0.189977 0.918904
vn 0.079431 -0.035758 0.996199
vn -0.063495 0.016610 0.997844
vn -0.170284 -0.186783 0.967531
vn -0.284404 0.004054 0.958696
vn -0.046479 0.096825 0.994216
vn -0.672601 -0.221867 0.705962
vn -0.320474 -0.099519 0.942015
vn -0.623465 0.094211 0.776155
vn 0.342428 -0.329133 0.880008
vn 0.346645 -0.323318 0.880513
vn 0.366238 -0.220359 0.904053
vn 0.400348 -0.255068 0.880149
vn 0.436213 -0.217181 0.873241
vn 0.532535 -0.130983 0.836212
vn 0.751404 -0.195662 0.630165
vn 0.764308 -0.167459 0.622729
vn 0.715166 -0.161790 0.679972
vn 0.720213 -0.150473 0.677238
vn 0.714132 -0.159912 0.681501
vn 0.735870 -0.160801 0.657753
vn 0.671904 -0.139258 0.727429
vn 0.055977 -0.082238 0.995040
vn 0.431680 -0.116792 0.894434
vn 0.273853 -0.095503 0.957018
vn 0.692055 -0.158078 0.704323
vn -0.611571 -0.107605 0.783838
vn 0.681509 -0.129220 0.720311
vn -0.416957 -0.038550 0.908108
vn -0.317591 -0.064055 0.946062
vn -0.426199 -0.033982 0.903991
vn 0.013984 -0.075276 0.997065
vn -0.277031 -0.040458 0.960009
vn 0.377050 -0.121911 0.918135
vn -0.631111 -0.030811 0.775080
vn -0.691858 -0.039934 0.720928
vn 0.372787 -0.096646 0.922870
vn -0.467689 -0.025846 0.883515
vn 0.611010 -0.032205 0.790968
vn -0.298697 0.055910 0.952709
vn -0.287797 0.060599 0.955772
vn -0.639635 -0.040170 0.767629
vn -0.556123 -0.023315 0.830773
vn 0.709361 -0.199222 0.676105
vn 0.129768 0.154909 0.979369
vn 0.909918 -0.064625 0.409724
vn 0.969579 -0.075481 0.232849
vn 0.909294 -0.087774 0.406793
vn 0.893042 -0.061923 0.445692
vn 0.894859 -0.107370 0.433243
vn 0.918710 -0.093569 0.383689
vn 0.876065 -0.102968 0.471070
vn 0.888345 -0.123060 0.442379
vn 0.805410 -0.168788 0.568178
vn 0.871958 -0.153713 0.464824
vn 0.962954 -0.094113 0.252710
vn 0.863450 -0.116593 0.490775
vn 0.828942 -0.204257 0.520705
vn 0.975087 -0.114955 0.189714
vn 0.976992 -0.122466 0.174608
vn 0.976097 -0.118168 0.182405
vn -0.137833 0.082795 -0.986989
vn 0.113322 0.125325 -0.985622
vn 0.131282 -0.060914 -0.989472
vn 0.914136 -0.160202 0.372412
vn 0.928064 -0.151347 0.340280
vn 0.885818 -0.084397 0.456294
vn 0.911412 -0.107429 0.397225
vn 0.930014 -0.034372 0.365914
vn 0.976841 -0.086518 0.195693
vn 0.991480 -0.077389 0.104777
vn 0.982086 -0.151526 0.112013
vn 0.986941 -0.048507 -0.153607
vn 0.997986 -0.046348 0.043315
vn 0.997205 -0.040932 0.062508
vn 0.804921 -0.249521 0.538369
vn 0.750769 -0.282178 0.597261
vn 0.866498 -0.276818 0.415395
vn 0.856349 -0.257814 0.447436
vn 0.793166 -0.358297 0.492454
vn 0.774900 -0.337174 0.534643
vn 0.803024 -0.320710 0.502291
vn 0.818597 -0.308982 0.484179
vn 0.962046 -0.267550 0.053714
vn 0.979420 -0.075157 -0.187319
vn 0.981675 -0.165164 -0.095054
vn 0.423530 0.237978 -0.874065
vn 0.516073 0.244017 -0.821051
vn 0.599121 0.258364 -0.757827
vn 0.983261 -0.109045 -0.145972
vn 0.944801 0.067862 -0.320539
vn 0.911602 -0.359121 0.200036
vn 0.974156 -0.225476 0.013468
vn 0.764452 -0.287239 0.577155
vn 0.786842 0.195067 -0.585516
vn 0.680442 0.213681 -0.700956
vn 0.119959 0.088987 -0.988783
vn 0.268704 0.109289 -0.957003
vn -0.069021 0.167578 -0.983440
vn 0.875188 -0.324502 0.358810
vn 0.842503 -0.324668 0.429859
vn 0.869608 -0.371109 0.325668
vn 0.861043 -0.365549 0.353523
vn 0.852570 -0.378899 0.359944
vn 0.907373 -0.355742 0.223881
vn 0.935281 -0.321630 0.147662
vn 0.848786 -0.377997 0.369703
vn 0.912244 0.009654 0.409534
vn 0.950754 0.112352 0.288867
vn 0.913819 0.152860 0.376256
vn 0.957889 0.125950 0.258040
vn 0.968067 0.124489 0.217599
vn 0.940121 0.022531 0.340096
vn 0.958870 0.114965 0.259521
vn 0.960878 0.091028 0.261586
vn 0.955284 0.090343 0.281552
vn 0.951700 0.056808 0.301730
vn 0.949094 0.002995 0.314980
vn 0.963944 0.017620 0.265523
vn 0.929911 0.101947 0.353373
vn 0.913183 0.144505 0.381070
vn 0.902456 0.169029 0.396235
vn 0.927694 0.206643 0.310937
vn 0.921843 0.246315 0.299221
vn 0.881836 0.230209 0.411544
vn 0.891940 0.175911 -0.416531
vn 0.873634 0.164094 -0.458079
vn 0.928300 0.149700 -0.340365
vn 0.889297 0.282011 0.360029
vn 0.888034 0.343352 0.305786
vn 0.915351 0.296032 0.272942
vn 0.865813 0.270921 0.420678
vn 0.957564 0.270774 -0.098756
vn 0.959564 0.244679 -0.139172
vn 0.932624 0.243388 -0.266413
vn 0.954444 0.114717 0.275458
vn 0.944096 -0.094202 0.315926
vn 0.980057 0.184405 -0.074047
vn 0.975975 0.203016 0.079100
vn 0.971697 0.235768 -0.014802
vn 0.858971 0.345288 0.378081
vn 0.913619 -0.092260 0.395966
vn 0.890707 0.341024 0.300573
vn 0.851853 0.353726 0.386296
vn 0.860946 0.311692 0.402020
vn 0.992875 0.095762 0.070917
vn 0.979368 0.053049 0.194996
vn 0.997326 0.069669 -0.022065
vn 0.905977 0.219067 0.362236
vn 0.921403 0.178007 0.345441
vn 0.813269 0.465020 -0.349786
vn 0.791807 0.467865 -0.392611
vn 0.840123 0.463530 -0.281664
vn 0.938294 -0.131241 0.319969
vn 0.930312 -0.127597 0.343858
vn 0.934554 0.353151 -0.043515
vn 0.954639 0.253871 -0.155606
vn 0.965630 0.237521 0.105557
vn 0.961616 0.196304 -0.191729
vn 0.962398 0.183260 0.200517
vn 0.718699 0.077162 -0.691026
vn 0.798650 0.141582 -0.584904
vn 0.741570 0.145125 -0.654991
vn 0.499585 0.338194 -0.797521
vn 0.562796 0.130609 -0.816212
vn 0.636960 0.194905 -0.745851
vn 0.286680 -0.005261 -0.958012
vn -0.016591 0.142153 -0.989706
vn 0.272221 0.118392 -0.954924
vn 0.302895 0.326435 -0.895374
vn 0.422769 0.202329 -0.883363
vn 0.390209 0.359602 -0.847599
vn 0.938475 0.220755 -0.265579
vn -0.626844 0.130343 -0.768165
vn -0.707279 0.101346 -0.699632
vn -0.492154 0.083914 -0.866454
vn -0.998134 -0.057230 -0.021292
vn -0.653897 0.203590 -0.728677
vn -0.817363 0.030084 -0.575337
vn -0.666013 0.200517 -0.718484
vn -0.211974 0.064233 -0.975162
vn -0.190014 0.234734 -0.953307
vn -0.297610 0.144925 -0.943623
vn -0.804084 0.048094 -0.592567
vn -0.902332 -0.137166 -0.408634
vn -0.900590 -0.168813 -0.400551
vn -0.882994 0.016901 -0.469081
vn -0.920901 -0.125823 -0.368931
vn -0.915882 -0.149061 -0.372747
vn -0.735219 0.061260 -0.675056
vn 0.982306 -0.078301 -0.170129
vn 0.952973 0.024475 -0.302066
vn 0.983592 -0.045901 -0.174471
vn -0.999701 0.024330 0.002628
vn -0.725157 0.215227 -0.654083
vn -0.773522 0.151038 -0.615509
vn -0.810002 0.107904 -0.576414
vn -0.901777 -0.050178 -0.429278
vn -0.927547 -0.061350 -0.368637
vn -0.958605 -0.150843 -0.241502
vn -0.847527 0.080604 -0.524597
vn -0.997104 -0.072824 -0.021915
vn -0.970353 -0.125123 -0.206785
vn -0.996797 -0.057113 -0.055972
vn -0.970522 -0.104527 -0.217166
vn -0.992317 -0.123505 -0.007319
vn -0.859257 0.110859 -0.499387
vn -0.895254 -0.017130 -0.445227
vn -0.374374 -0.792888 -0.480804
vn -0.867320 0.057174 -0.494457
vn -0.744493 0.106771 -0.659038
vn -0.743836 0.120448 -0.657420
vn -0.914367 0.020945 -0.404344
vn -0.896184 0.010506 -0.443559
vn -0.899005 -0.014158 -0.437710
vn -0.892495 -0.021627 -0.450538
vn -0.842907 0.062300 -0.534441
vn -0.849186 0.079440 -0.522085
vn -0.864655 0.068099 -0.497730
vn -0.890671 0.037104 -0.453131
vn -0.819999 0.070350 -0.568026
vn -0.984460 -0.016074 -0.174871
vn -0.983392 -0.012522 -0.181061
vn -0.985279 -0.011922 -0.170540
vn -0.990131 -0.037493 -0.135041
vn -0.990818 -0.015121 -0.134352
vn -0.993890 -0.029135 -0.106462
vn -0.986277 -0.038531 -0.160541
vn -0.973335 -0.015145 -0.228887
vn -0.982937 -0.034295 -0.180720
vn -0.981125 -0.013510 -0.192902
vn -0.936055 -0.001468 -0.351849
vn -0.943890 -0.025561 -0.329269
vn -0.947422 -0.003036 -0.319973
vn -0.939684 0.019781 -0.341471
vn -0.969225 -0.006825 -0.246082
vn -0.954227 -0.017571 -0.298566
vn 0.018034 0.271500 -0.962270
vn 0.029983 0.306249 -0.951479
vn 0.013560 0.277142 -0.960733
vn 0.506661 0.027776 -0.861698
vn 0.362333 0.057464 -0.930276
vn 0.049514 0.381508 -0.923038
vn 0.030800 0.312996 -0.949255
vn 0.047270 0.344921 -0.937441
vn 0.047058 0.383390 -0.922387
vn 0.329361 0.175232 -0.927801
vn 0.288820 0.109912 -0.951053
vn 0.380712 0.004495 -0.924683
vn 0.372778 -0.003399 -0.927914
vn 0.337077 0.055175 -0.939859
vn 0.089242 0.052810 -0.994609
vn -0.461930 0.415361 -0.783642
vn -0.732612 0.104567 -0.672566
vn -0.172112 0.386206 -0.906213
vn 0.233099 0.162117 -0.958845
vn -0.386912 0.149540 -0.909910
vn -0.287341 0.336330 -0.896837
vn 0.055794 0.274447 -0.959982
vn -0.140419 0.282445 -0.948951
vn 0.056008 0.380085 -0.923254
vn -0.057476 -0.079736 -0.995158
vn -0.028560 -0.150553 -0.988189
vn -0.091943 -0.147451 -0.984787
vn -0.992421 -0.116067 0.040362
vn -0.992476 -0.122441 0.000703
vn -0.965452 0.195941 0.171783
vn -0.767017 -0.633635 -0.100955
vn -0.970999 0.195351 0.137836
vn -0.996254 0.059241 0.063003
vn -0.864366 -0.424188 -0.270067
vn -0.999196 -0.035702 -0.018239
vn -0.975265 -0.022453 -0.219895
vn -0.993815 0.035859 -0.105101
vn -0.998543 0.006429 0.053583
vn -0.106711 -0.327390 -0.938844
vn -0.036577 -0.077909 -0.996289
vn -0.084559 -0.104750 -0.990897
vn -0.070095 -0.192364 -0.978817
vn -0.713710 -0.631748 -0.302512
vn -0.275442 -0.749366 -0.602148
vn -0.319998 -0.639367 -0.699150
vn -0.408369 -0.688435 -0.599409
vn -0.221966 -0.474593 -0.851759
vn -0.326521 -0.644929 -0.690978
vn 0.964437 -0.103974 0.243002
vn 0.933023 -0.115020 0.340937
vn -0.996167 0.079106 0.037331
vn -0.013057 0.013608 -0.999822
vn -0.957580 -0.017146 -0.287659
vn -0.987337 -0.060047 -0.146833
vn -0.987044 -0.032545 -0.157116
vn 0.934416 0.058526 -0.351343
vn 0.944629 0.002063 -0.328133
vn 0.949036 0.047190 -0.311615
vn 0.926557 -0.038240 -0.374206
vn 0.900708 -0.015331 -0.434156
vn 0.852845 0.042035 -0.520470
vn -0.018446 0.095407 -0.995267
vn 0.899845 0.282569 0.332316
vn 0.722597 0.407882 -0.558109
vn 0.762990 0.417643 -0.493377
vn 0.752476 0.368091 -0.546158
vn 0.624261 0.053405 -0.779389
vn 0.428563 0.153103 -0.890446
vn 0.436436 0.183005 -0.880927
vn 0.515799 0.155731 -0.842437
vn -0.957561 -0.045548 -0.284608
vn 0.769247 0.083232 -0.633507
vn 0.800385 0.298443 -0.519919
vn 0.821688 -0.022881 -0.569478
vn -0.537917 -0.769396 -0.344494
vn -0.433808 -0.815331 -0.383466
vn -0.388224 0.215555 -0.896001
vn -0.708048 0.053306 -0.704149
vn -0.652299 0.005081 -0.757944
vn 0.926898 -0.183465 -0.327416
vn 0.902015 -0.148284 -0.405439
vn 0.926126 -0.180543 -0.331201
vn 0.015471 0.013760 -0.999786
vn -0.096078 -0.344368 -0.933906
vn -0.091281 -0.200849 -0.975360
vn -0.979803 -0.066301 -0.188656
vn -0.979841 -0.068994 -0.187488
vn -0.959699 -0.077768 -0.270055
vn 0.965188 0.161081 -0.206071
vn 0.980602 0.161392 -0.111230
vn 0.977401 0.153695 -0.145142
vn 0.958989 0.094174 0.267343
vn 0.960860 0.041178 0.273955
vn 0.753870 0.016299 -0.656821
vn 0.777333 0.099790 -0.621124
vn 0.813179 0.048548 -0.579986
vn 0.912725 0.124130 -0.389261
vn 0.879322 0.139068 -0.455470
vn 0.876272 0.089324 -0.473465
vn -0.374946 -0.123564 -0.918775
vn -0.501296 -0.107881 -0.858524
vn -0.333226 -0.133005 -0.933419
vn -0.188844 0.088693 -0.977994
vn 0.857119 -0.005596 -0.515088
vn 0.813703 0.001534 -0.581278
vn 0.868133 0.001143 -0.496330
vn 0.651325 0.377242 -0.658380
vn 0.479971 0.230090 -0.846573
vn 0.721550 0.145615 -0.676877
vn 0.959990 -0.085761 0.266580
vn 0.994791 -0.069115 0.074922
vn 0.935554 0.139544 -0.324449
vn 0.973726 0.153220 -0.168466
vn 0.960799 0.112979 -0.253180
vn 0.984078 0.124413 0.126936
vn 0.963873 0.177841 0.198297
vn 0.982222 0.113702 0.149373
vn 0.002499 0.227612 -0.973749
vn 0.531039 0.068126 -0.844604
vn 0.616040 0.073381 -0.784289
vn 0.594187 0.058737 -0.802179
vn -0.641027 -0.012551 -0.767416
vn -0.777609 -0.080849 -0.623528
vn -0.603779 -0.008956 -0.797101
vn -0.806307 0.004695 -0.591479
vn -0.973382 -0.017065 -0.228553
vn -0.963227 -0.074329 -0.258203
vn -0.972738 -0.037742 -0.228815
vn -0.934982 -0.002942 -0.354684
vn -0.599202 -0.072419 -0.797316
vn -0.557545 -0.068878 -0.827284
vn -0.685600 -0.043512 -0.726677
vn -0.976203 -0.076905 -0.202765
vn 0.715080 -0.019531 -0.698770
vn 0.785555 0.088586 -0.612418
vn 0.803022 0.030994 -0.595143
vn 0.967134 -0.154096 -0.202251
vn 0.948686 -0.205155 -0.240635
vn 0.981617 -0.184364 -0.049381
vn 0.770879 -0.127708 -0.624048
vn 0.770499 -0.107902 -0.628243
vn 0.793473 -0.139022 -0.592514
vn 0.249088 -0.569571 -0.783290
vn 0.185896 -0.552395 -0.812590
vn 0.139986 -0.639211 -0.756183
vn -0.694088 -0.382111 -0.610110
vn -0.708979 -0.251459 -0.658876
vn -0.776878 -0.340764 -0.529472
vn 0.255123 0.148023 -0.955511
vn 0.365210 0.070267 -0.928269
vn 0.069488 0.373980 -0.924830
vn 0.067212 0.393187 -0.916999
vn 0.104507 0.385492 -0.916774
vn 0.942475 0.220055 0.251629
vn 0.814166 0.453060 -0.363140
vn 0.806593 0.403814 -0.431674
vn 0.515896 0.111699 -0.849338
vn -0.041612 0.074148 -0.996379
vn -0.025331 0.150750 -0.988247
vn -0.024996 0.130210 -0.991171
vn -0.071295 0.035321 -0.996830
vn -0.348085 0.002911 -0.937459
vn -0.416786 0.032067 -0.908439
vn -0.996119 -0.028447 -0.083290
vn -0.953108 -0.144004 -0.266172
vn -0.957489 -0.096510 -0.271847
vn -0.959875 -0.119843 -0.253529
vn 0.976650 -0.048272 -0.209343
vn 0.980768 -0.059193 -0.185985
vn 0.974191 -0.089023 -0.207429
vn 0.952187 -0.057559 -0.300044
vn 0.928334 -0.033735 -0.370213
vn 0.943359 0.028065 -0.330584
vn 0.934613 -0.117609 0.335660
vn 0.958099 -0.127111 0.256688
vn 0.988504 -0.090953 0.120777
vn 0.891602 0.236707 -0.386026
vn 0.964740 -0.030936 -0.261381
vn 0.929978 -0.193024 0.312862
vn 0.852006 -0.200751 0.483514
vn 0.884678 0.195051 0.423439
vn -0.999650 -0.023804 0.011545
vn -0.972905 -0.128388 -0.192280
vn -0.986828 -0.132795 -0.092396
vn -0.978871 -0.125544 -0.161404
vn -0.682761 -0.622932 -0.381829
vn -0.913525 -0.073224 -0.400137
vn -0.943119 -0.037497 -0.330333
vn -0.868958 -0.113518 -0.481690
vn 0.989468 -0.061768 0.130914
vn 0.969185 -0.040507 0.242979
vn 0.995402 -0.070603 0.064731
vn 0.990903 0.133488 -0.017092
vn 0.982753 0.092906 0.159892
vn 0.950735 0.121070 0.285386
vn 0.974058 0.104910 0.200511
vn -0.126186 -0.199537 -0.971732
vn -0.249740 -0.747453 -0.615584
vn -0.205502 -0.749992 -0.628714
vn -0.981183 -0.067614 -0.180856
vn -0.940696 -0.012799 -0.339010
vn -0.938344 -0.004299 -0.345676
vn -0.921789 -0.022340 -0.387047
vn -0.888575 0.010220 -0.458618
vn -0.772869 0.046837 -0.632834
vn 0.912667 -0.185056 0.364407
vn 0.948365 -0.139982 -0.284619
vn 0.967400 -0.112515 -0.226887
vn 0.943430 -0.153827 -0.293732
vn 0.497503 0.315087 -0.808215
vn 0.558670 0.257837 -0.788294
vn 0.431481 0.306404 -0.848493
vn 0.199604 0.417622 -0.886426
vn 0.156211 0.396381 -0.904699
vn 0.266185 0.420449 -0.867392
vn 0.817990 0.086561 -0.568683
vn 0.995291 -0.088237 -0.040119
vn 0.997621 -0.066983 -0.016310
vn 0.874749 0.454665 -0.167615
vn 0.891202 0.422505 -0.165073
vn 0.911827 0.405956 -0.061414
vn 0.777398 0.389066 -0.494247
vn 0.666848 0.400063 -0.628700
vn 0.723006 0.312855 -0.615942
vn -0.116464 0.085210 -0.989533
vn -0.254588 0.034544 -0.966433
vn -0.458752 -0.035603 -0.887851
vn 0.438418 0.232072 -0.868293
vn 0.471457 0.355844 -0.806910
vn 0.519433 0.309063 -0.796661
vn 0.838193 0.160503 -0.521220
vn 0.929071 0.097446 -0.356835
vn 0.637214 0.321433 -0.700457
vn 0.663051 0.426520 -0.615178
vn 0.789928 0.289636 -0.540486
vn 0.909032 0.091771 0.406496
vn 0.992003 0.114899 -0.052237
vn 0.988687 0.107363 -0.104744
vn 0.989282 0.145270 -0.014771
vn 0.842929 -0.195902 0.501092
vn 0.895575 -0.155864 0.416716
vn 0.984515 -0.072192 0.159747
vn 0.931222 -0.127150 0.341554
vn 0.974536 -0.127526 0.184437
vn 0.944687 0.109518 0.309147
vn 0.944291 0.144507 0.295690
vn 0.988415 0.125676 0.085099
vn 0.978140 0.117569 0.171524
vn 0.989576 0.122478 0.075760
vn -0.011603 0.174666 -0.984559
vn -0.049716 0.037366 -0.998064
vn -0.048484 -0.011894 -0.998753
vn -0.065150 -0.033394 -0.997317
vn -0.801164 -0.017288 -0.598195
vn -0.746014 0.010174 -0.665852
vn -0.892879 -0.064447 -0.445661
vn -0.749589 -0.102868 -0.653861
vn -0.577127 0.053383 -0.814908
vn -0.495705 0.100464 -0.862661
vn -0.719410 0.181774 -0.670379
vn -0.817111 0.111934 -0.565508
vn 0.986199 -0.117331 0.116811
vn 0.998253 -0.058743 0.006390
vn 0.984836 -0.036918 0.169517
vn 0.942701 -0.042654 0.330900
vn -0.589862 -0.615090 -0.523188
vn -0.610918 -0.456710 -0.646680
vn -0.736083 -0.573512 -0.359535
vn -0.962603 -0.101227 -0.251293
vn -0.939940 -0.076293 -0.332704
vn -0.952388 0.005834 -0.304833
vn -0.953247 -0.022255 -0.301371
vn 0.173282 0.394979 -0.902200
vn 0.119957 0.376261 -0.918716
vn 0.156004 0.367690 -0.916770
vn 0.975265 -0.005087 -0.220981
vn 0.962721 0.023845 -0.269445
vn 0.986685 0.004527 -0.162580
vn 0.971945 0.136273 0.191712
vn 0.977816 0.158358 0.137106
vn -0.151162 -0.415813 -0.896800
vn -0.129010 -0.470722 -0.872799
vn -0.221010 -0.581626 -0.782857
vn 0.383292 -0.046555 -0.922453
vn 0.087400 0.308165 -0.947310
vn 0.398065 0.192332 -0.896969
vn 0.895657 0.075923 -0.438217
vn 0.871793 0.115024 -0.476179
vn -0.748230 0.095930 -0.656467
vn -0.968510 -0.019416 -0.248218
vn -0.982560 -0.065865 -0.173890
vn -0.985833 -0.073459 -0.150791
vn 0.949203 -0.107390 -0.295771
vn 0.816939 -0.018308 -0.576433
vn 0.972976 -0.159962 -0.166523
vn -0.941666 -0.028179 -0.335366
vn -0.815509 0.062116 -0.575401
vn 0.916153 -0.115827 0.383730
vn 0.982990 -0.047116 0.177511
vn 0.995604 -0.044708 0.082309
vn 0.082512 -0.019810 -0.996393
vn 0.203032 -0.049940 -0.977898
vn 0.101020 -0.108910 -0.988905
vn 0.246254 0.220550 -0.943778
vn 0.191938 0.281634 -0.940129
vn 0.211302 0.338650 -0.916879
vn 0.146130 0.331909 -0.931924
vn 0.930099 0.359071 -0.077356
vn 0.904202 0.415856 -0.097377
vn 0.927210 0.374447 -0.008451
vn 0.829870 0.219699 -0.512882
vn 0.515467 0.428214 -0.742244
vn 0.425586 0.418433 -0.802366
vn 0.461317 0.399770 -0.792068
vn -0.231912 -0.104660 -0.967090
vn -0.122068 -0.070995 -0.989979
vn 0.991251 -0.083942 0.101855
vn 0.975347 -0.083609 0.204223
vn 0.932366 -0.073491 0.353968
vn 0.872624 0.299346 0.385900
vn 0.943303 0.323604 0.073891
vn 0.927392 0.363252 0.089401
vn 0.057271 0.378730 -0.923734
vn 0.067277 0.387843 -0.919267
vn 0.842693 0.447776 -0.298941
vn 0.898962 0.363106 -0.244992
vn 0.874362 0.307357 -0.375529
vn 0.013539 0.297222 -0.954712
vn 0.002956 0.249239 -0.968438
vn -0.996552 -0.033285 -0.076004
vn -0.992999 -0.082825 -0.084221
vn -0.984351 -0.054471 -0.167591
vn 0.972764 -0.126598 0.194172
vn 0.974715 -0.140990 0.173355
vn 0.979100 -0.168652 0.113667
vn 0.971346 -0.088073 0.220748
vn 0.976169 -0.098732 0.193252
vn 0.974343 -0.061739 0.216437
vn 0.973010 -0.011926 0.230455
vn 0.994207 -0.000810 0.107482
vn 0.971377 -0.002987 0.237522
vn -0.998637 0.051506 -0.008413
vn 0.886250 -0.300578 0.352441
vn 0.979328 -0.201369 0.019174
vn 0.953375 -0.159416 0.256248
vn -0.665688 -0.002265 -0.746227
vn -0.822924 -0.179498 -0.539052
vn 0.898064 -0.178903 0.401839
vn 0.976604 -0.146271 0.157639
vn 0.953844 0.300204 0.007729
vn 0.943194 0.166762 0.287361
vn 0.993203 0.109177 -0.040362
vn 0.973379 0.093035 0.209471
vn 0.987931 0.133707 0.078194
vn 0.993663 -0.052656 0.099304
vn -0.293831 -0.488749 -0.821455
vn -0.979088 -0.064849 -0.192826
vn -0.978452 -0.052748 -0.199622
vn -0.984520 -0.078744 -0.156585
vn -0.972773 -0.025680 -0.230335
vn 0.691396 0.440681 -0.572513
vn 0.292352 0.368170 -0.882599
vn 0.359180 0.397207 -0.844521
vn 0.283255 0.405797 -0.868962
vn 0.255550 0.124097 -0.958798
vn 0.814484 0.433666 -0.385420
vn 0.846687 0.322305 -0.423369
vn 0.414690 0.199020 -0.887932
vn 0.364486 0.322723 -0.873499
vn 0.140210 0.110499 -0.983937
vn 0.825489 0.121194 -0.551253
vn 0.623098 0.233639 -0.746432
vn -0.745325 0.115221 -0.656669
vn -0.805969 0.102633 -0.582992
vn -0.997078 0.002734 0.076340
vn -0.840630 -0.394223 -0.371390
vn 0.991769 -0.094220 0.086695
vn 0.987231 -0.048762 0.151646
vn 0.956577 -0.060937 0.285039
vn 0.989477 0.076471 0.122828
vn -0.930555 -0.186765 -0.314938
vn -0.942623 -0.158479 -0.293849
vn -0.020477 0.080342 -0.996557
vn -0.901944 -0.029565 -0.430839
vn -0.889655 -0.014364 -0.456407
vn -0.735073 0.038749 -0.676880
vn -0.316515 -0.778043 -0.542648
vn -0.415282 -0.755816 -0.506244
vn -0.352069 -0.766724 -0.536826
vn -0.554317 -0.722063 -0.413954
vn 0.024139 0.309483 -0.950599
vn 0.035365 0.334849 -0.941608
vn -0.977023 -0.105370 -0.185265
vn -0.992621 -0.104761 -0.061067
vn -0.878900 0.001915 -0.477003
vn -0.845107 -0.000515 -0.534597
vn -0.746601 0.095072 -0.658444
vn -0.770024 0.063629 -0.634835
vn -0.041844 0.022958 -0.998860
vn 0.973466 -0.104904 0.203368
vn 0.159897 0.053373 -0.985690
vn 0.093399 0.375455 -0.922123
vn 0.109376 0.364989 -0.924565
vn 0.968541 -0.147952 0.200098
vn 0.892175 -0.221901 0.393425
vn -0.974286 -0.013642 -0.224901
vn 0.997289 -0.062341 0.039104
vn -0.277534 -0.073175 -0.957925
vn 0.060868 0.385658 -0.920632
vn 0.047555 0.361652 -0.931099
vn 0.038669 0.326471 -0.944416
vn -0.006280 0.208477 -0.978007
vn 0.002067 0.247098 -0.968988
vn 0.877611 0.384143 0.286765
vn 0.899773 0.383049 0.209002
vn 0.919158 0.351365 0.178022
vn 0.933770 0.314372 0.171010
vn 0.914332 0.367942 -0.169162
vn 0.788647 -0.340014 0.512275
vn 0.868864 -0.257096 0.423056
vn 0.789819 -0.311218 0.528517
vn 0.792153 -0.268311 0.548182
vn 0.823767 -0.341284 0.452696
vn -0.758055 -0.134265 -0.638220
vn -0.481317 -0.001204 -0.876546
vn -0.718829 0.060229 -0.692573
vn -0.680452 0.174384 -0.711741
vn -0.210835 -0.378550 -0.901248
vn -0.384185 -0.673845 -0.631138
vn -0.459978 -0.745685 -0.482052
vn -0.864382 -0.314951 -0.391981
vn -0.949191 -0.035747 -0.312665
vn -0.991837 -0.035107 -0.122585
vn -0.990648 0.086641 0.105401
vn -0.955527 -0.127018 -0.266146
vn -0.703297 0.056381 -0.708657
vn -0.637520 0.162047 -0.753199
vn -0.663301 0.047727 -0.746829
vn 0.284157 0.203336 -0.936968
vn 0.103069 0.108389 -0.988751
vn 0.170843 0.104238 -0.979769
vn -0.962544 -0.035148 -0.268838
vn -0.985984 -0.050092 -0.159142
vn -0.982843 -0.034850 -0.181122
vn 0.952064 0.228982 0.202832
vn 0.937137 0.282649 0.204654
vn 0.926298 0.319020 0.200495
vn 0.879794 0.397915 0.260050
vn 0.972319 -0.046959 0.228889
vn 0.974528 -0.047812 0.219108
vn 0.654420 0.329604 -0.680511
vn 0.573450 0.382807 -0.724303
vn 0.198963 0.212674 -0.956652
vn -0.997118 0.071288 0.025955
vn -0.943013 0.004354 -0.332728
vn -0.978993 -0.103098 -0.175910
vn -0.941020 -0.160228 -0.298008
vn -0.865959 -0.159939 -0.473850
vn 0.958614 -0.182829 0.218250
vn 0.960036 -0.171224 0.221389
vn 0.926142 -0.067107 -0.371156
vn 0.947750 -0.062121 -0.312906
vn 0.988252 -0.069881 -0.135920
vn 0.972744 -0.065287 -0.222501
vn 0.966730 -0.061734 -0.248239
vn 0.997003 -0.072829 -0.026092
vn 0.962390 -0.105113 -0.250513
vn 0.913820 -0.104132 -0.392543
vn 0.943600 -0.105735 -0.313750
vn 0.413713 0.149363 -0.898071
vn 0.448370 -0.018907 -0.893648
vn 0.400795 -0.006460 -0.916145
vn 0.963817 -0.165348 0.209087
vn 0.966933 -0.135055 0.216336
vn -0.373181 -0.157769 -0.914246
vn -0.507296 -0.149011 -0.848791
vn -0.547903 -0.144109 -0.824036
vn 0.596245 -0.262981 -0.758507
vn 0.713592 -0.241970 -0.657448
vn 0.700608 -0.238799 -0.672401
vn -0.473204 -0.776373 -0.416320
vn -0.480136 -0.746215 -0.461121
vn 0.050496 0.366675 -0.928978
vn 0.041884 0.346383 -0.937158
vn 0.031292 0.328211 -0.944086
vn -0.992936 -0.033944 -0.113688
vn -0.985511 -0.022470 -0.168116
vn -0.692116 -0.563859 -0.450598
vn -0.514541 -0.635868 -0.575255
vn -0.094933 -0.640659 -0.761934
vn -0.089657 -0.731081 -0.676375
vn -0.549346 -0.377190 -0.745618
vn -0.650287 -0.232678 -0.723179
vn -0.627509 -0.379214 -0.680021
vn 0.097571 -0.252245 -0.962732
vn 0.094624 -0.302693 -0.948379
vn 0.227286 -0.330269 -0.916113
vn -0.857676 -0.087595 -0.506675
vn 0.972973 -0.022745 0.229795
vn 0.212549 0.183566 -0.959753
vn 0.069818 0.377757 -0.923269
vn -0.057221 -0.019953 -0.998162
vn 0.976447 0.152651 0.152476
vn -0.974345 -0.083272 -0.209087
vn -0.978435 -0.056961 -0.198544
vn -0.939450 -0.123538 -0.319644
vn -0.963080 -0.082828 -0.256159
vn -0.869890 -0.090213 -0.484926
vn -0.780415 0.058238 -0.622544
vn -0.905591 -0.137201 -0.401349
vn 0.114802 0.333270 -0.935816
vn 0.984325 -0.135097 0.113374
vn -0.984688 -0.059318 -0.163923
vn -0.962862 0.011469 -0.269751
vn -0.844908 -0.005264 -0.534886
vn -0.886254 0.016105 -0.462919
vn 0.986567 -0.093756 0.133772
vn 0.963319 -0.083986 0.254879
vn 0.994063 -0.063967 0.088022
vn 0.236003 0.132525 -0.962673
vn 0.999232 0.009901 -0.037902
vn 0.996713 0.042572 -0.068934
vn 0.988613 0.150169 0.009649
vn 0.954726 0.158275 -0.251889
vn 0.976421 0.156915 -0.148258
vn 0.979457 0.140083 -0.145054
vn 0.996892 0.077699 -0.012988
vn 0.993100 0.116804 0.010403
vn 0.987641 0.098939 -0.121563
vn 0.880027 0.148366 -0.451154
vn 0.923635 0.164837 -0.346016
vn 0.888821 0.140479 -0.436191
vn 0.972350 0.150612 -0.178468
vn 0.971083 0.081314 -0.224470
vn 0.982905 -0.020303 -0.182989
vn 0.662423 0.081833 -0.744647
vn 0.707676 0.077534 -0.702270
vn 0.118682 -0.578551 -0.806966
vn 0.173007 -0.425165 -0.888427
vn 0.256423 -0.523650 -0.812427
vn 0.379845 -0.114563 -0.917929
vn 0.307720 -0.169093 -0.936331
vn 0.375337 -0.104375 -0.920993
vn 0.799832 -0.021528 -0.599838
vn 0.175954 -0.233899 -0.956207
vn 0.187542 -0.189425 -0.963819
vn 0.253707 -0.182647 -0.949880
vn 0.995809 0.091437 0.001957
vn 0.988389 0.094680 -0.118838
vn 0.917781 0.157985 -0.364307
vn 0.939048 0.106262 -0.326952
vn 0.971416 0.236820 -0.016361
vn 0.597639 0.111734 -0.793942
vn 0.675014 0.105191 -0.730267
vn 0.900174 0.307528 -0.308405
vn 0.940270 0.291246 -0.176264
vn 0.836865 0.454526 -0.305063
vn 0.891454 0.443456 -0.093044
vn 0.895132 0.390442 -0.215159
vn 0.894181 0.239307 -0.378381
vn 0.759789 0.466363 -0.453018
vn 0.788580 0.118173 -0.603470
vn 0.807157 0.087979 -0.583744
vn 0.738383 0.131289 -0.661478
vn 0.195224 0.400590 -0.895218
vn 0.278808 0.408852 -0.868968
vn 0.278574 0.355517 -0.892191
vn 0.907398 0.112056 -0.405059
vn 0.914465 0.084063 -0.395838
vn 0.959793 -0.260060 0.105667
vn 0.718669 0.217351 -0.660510
vn 0.611289 0.320347 -0.723674
vn 0.695331 0.157162 -0.701296
vn 0.530297 0.013397 -0.847706
vn 0.616216 0.120856 -0.778249
vn 0.571721 -0.003189 -0.820442
vn 0.694483 -0.107132 -0.711489
vn 0.881585 -0.119203 -0.456726
vn 0.856772 -0.125777 -0.500122
vn 0.715693 0.070894 -0.694807
vn 0.552831 -0.307197 -0.774602
vn 0.654655 0.048082 -0.754397
vn 0.432354 0.154154 -0.888429
vn 0.260780 0.193046 -0.945900
vn 0.381931 0.315936 -0.868512
vn 0.496553 0.297272 -0.815515
vn 0.452343 0.232707 -0.860949
vn 0.955149 -0.084378 -0.283849
vn -0.102600 -0.283973 -0.953327
vn -0.054098 -0.360583 -0.931157
vn -0.066880 -0.439998 -0.895505
vn 0.149610 -0.212852 -0.965563
vn 0.026406 -0.296288 -0.954734
vn 0.019986 -0.183389 -0.982837
vn 0.049881 -0.349771 -0.935506
vn 0.426331 -0.120902 -0.896451
vn 0.413095 -0.265260 -0.871200
vn 0.344815 -0.180926 -0.921069
vn -0.007265 -0.684169 -0.729287
vn -0.018854 -0.660932 -0.750209
vn 0.476435 -0.041122 -0.878248
vn 0.392629 -0.325095 -0.860323
vn 0.318772 -0.368540 -0.873248
vn -0.453946 0.111575 -0.884016
vn -0.515377 0.085955 -0.852642
vn -0.509258 0.063399 -0.858275
vn -0.592992 -0.040324 -0.804198
vn 0.515433 0.239849 -0.822680
vn 0.521837 0.028939 -0.852554
vn 0.481194 -0.024910 -0.876260
vn -0.863541 -0.035998 -0.502993
vn -0.829424 -0.024599 -0.558078
vn -0.875744 -0.108359 -0.470458
vn -0.725426 0.126966 -0.676488
vn -0.898344 -0.031395 -0.438169
vn -0.817879 0.076020 -0.570346
vn -0.721814 -0.007966 -0.692042
vn -0.626200 0.078830 -0.775667
vn -0.753706 -0.004684 -0.657195
vn -0.710969 0.054211 -0.701131
vn 0.123932 0.212452 -0.969281
vn 0.082176 0.090359 -0.992513
vn -0.111425 0.076379 -0.990833
vn 0.291105 0.132648 -0.947450
vn 0.429854 0.146709 -0.890900
vn -0.820681 -0.057122 -0.568525
vn -0.661538 0.033960 -0.749142
vn -0.769031 0.014162 -0.639055
vn -0.801930 -0.053883 -0.594983
vn -0.492468 -0.011605 -0.870254
vn -0.560011 0.021215 -0.828213
vn 0.439106 0.035091 -0.897750
vn 0.515734 0.042320 -0.855703
vn -0.062198 -0.263598 -0.962625
vn -0.973232 -0.044483 -0.225481
vn 0.943924 -0.031847 0.328623
vn 0.951100 -0.075696 0.299465
vn 0.970741 -0.070551 -0.229533
vn 0.903850 -0.006128 -0.427805
vn 0.974581 -0.030315 -0.221975
vn 0.854784 -0.050693 -0.516502
vn 0.907997 -0.232613 -0.348472
vn 0.882658 -0.088872 -0.461537
vn 0.997720 -0.064063 -0.021228
vn 0.102987 -0.190977 -0.976177
vn 0.120614 -0.092780 -0.988354
vn 0.025979 -0.168448 -0.985368
vn 0.667411 -0.010575 -0.744615
vn 0.822619 -0.062395 -0.565159
vn 0.605032 0.046958 -0.794815
vn -0.938090 -0.223491 -0.264648
vn 0.947380 -0.047075 -0.316631
vn 0.865880 -0.046248 -0.498109
vn 0.990222 -0.051343 -0.129712
vn 0.855137 0.049119 -0.516070
vn 0.508044 -0.020110 -0.861096
vn 0.518901 -0.185373 -0.834493
vn 0.583313 -0.179166 -0.792241
vn 0.417994 -0.219687 -0.881487
vn 0.529448 -0.241678 -0.813189
vn 0.443334 -0.185012 -0.877055
vn 0.942550 -0.210843 -0.259122
vn 0.946893 -0.200657 -0.251256
vn 0.932042 -0.220609 -0.287455
vn 0.994074 -0.058344 -0.091719
vn 0.912012 -0.010126 -0.410038
vn 0.970656 -0.125564 -0.205088
vn 0.957124 -0.075109 -0.279773
vn 0.505824 0.104529 -0.856281
vn 0.387843 0.110431 -0.915086
vn 0.592587 0.031238 -0.804901
vn -0.128821 -0.209011 -0.969391
vn 0.075378 -0.279917 -0.957060
vn 0.015068 -0.217653 -0.975910
vn 0.937473 -0.161151 -0.308504
vn 0.864956 -0.069562 -0.497003
vn 0.889167 -0.213468 -0.404738
vn 0.918905 -0.189334 -0.346072
vn 0.985110 -0.164041 -0.051474
vn 0.980226 -0.193884 0.039572
vn 0.963012 -0.188364 -0.192685
vn 0.966733 -0.104756 -0.233352
vn 0.960379 -0.118321 -0.252335
vn 0.952345 -0.098755 -0.288593
vn 0.907018 -0.037333 -0.419434
vn 0.898091 -0.020266 -0.439344
vn 0.989875 -0.066600 -0.125344
vn 0.995248 -0.059669 -0.076946
vn 0.946080 -0.079381 -0.314056
vn 0.965892 -0.064880 -0.250685
vn 0.946765 -0.083440 -0.310923
vn 0.515738 -0.175541 -0.838570
vn 0.673003 -0.038140 -0.738656
vn 0.493467 -0.232262 -0.838180
vn 0.896577 -0.169782 -0.409051
vn 0.340847 -0.061777 -0.938087
vn 0.474298 -0.393197 -0.787679
vn 0.180413 -0.382440 -0.906196
vn 0.194069 -0.115247 -0.974195
vn 0.214079 -0.142788 -0.966324
vn 0.594030 -0.044766 -0.803196
vn 0.476293 -0.015386 -0.879152
vn 0.341234 -0.117846 -0.932562
vn 0.333545 -0.075904 -0.939673
vn 0.216394 -0.031868 -0.975786
vn 0.041011 0.236498 -0.970766
vn -0.631878 0.084532 -0.770444
vn -0.108425 0.246891 -0.962958
vn -0.183138 0.151906 -0.971280
vn -0.453308 -0.068473 -0.888720
vn -0.367601 -0.098140 -0.924791
vn -0.391637 0.343577 -0.853566
vn 0.899904 0.410985 0.145823
vn 0.905175 0.401517 0.139435
vn 0.899176 0.433342 0.060799
vn 0.966442 0.134361 0.218944
vn 0.986046 0.139891 0.090239
vn 0.971960 0.215981 0.092984
vn 0.981883 0.179811 -0.059788
vn -0.547567 -0.017390 -0.836581
vn -0.430635 -0.027823 -0.902098
vn -0.619921 -0.121059 -0.775270
vn -0.620132 -0.000679 -0.784497
vn -0.810065 -0.150284 -0.566754
vn -0.952659 -0.049426 -0.299998
vn 0.494566 0.237536 -0.836051
vn 0.957399 -0.059305 -0.282612
vn 0.907859 -0.061469 -0.414744
vn 0.951775 -0.080249 -0.296117
vn 0.071294 0.098658 -0.992564
vn 0.549739 -0.044214 -0.834166
vn 0.410328 0.010384 -0.911879
vn 0.782808 -0.139702 -0.606378
vn 0.874838 -0.064634 -0.480084
vn 0.528744 0.147559 -0.835856
vn 0.530063 -0.119092 -0.839553
vn 0.400830 0.203272 -0.893317
vn 0.929633 0.069236 -0.361923
vn 0.553675 -0.314878 -0.770906
vn 0.828793 0.028069 -0.558851
vn 0.673962 -0.183525 -0.715607
vn 0.973997 0.087706 -0.208896
vn 0.943624 0.085232 -0.319858
vn 0.888345 0.195054 -0.415689
vn 0.831658 0.220040 -0.509831
vn 0.832577 0.152817 -0.532412
vn 0.756433 0.289511 -0.586509
vn 0.811162 0.279445 -0.513738
vn -0.074811 -0.224288 -0.971647
vn -0.015619 -0.092074 -0.995630
vn 0.034585 0.135915 -0.990117
vn -0.004606 0.196232 -0.980547
vn 0.165831 0.102066 -0.980858
vn 0.245245 0.059935 -0.967607
vn 0.195982 0.042572 -0.979683
vn 0.129556 -0.178313 -0.975407
vn 0.201698 -0.114777 -0.972699
vn 0.108982 -0.284845 -0.952358
vn 0.384479 -0.047684 -0.921902
vn 0.286199 -0.057415 -0.956449
vn 0.353786 0.000504 -0.935326
vn 0.441005 0.072635 -0.894561
vn 0.375538 0.067882 -0.924318
vn 0.238175 0.203689 -0.949623
vn 0.366305 0.190898 -0.910702
vn 0.341628 0.165059 -0.925227
vn 0.583271 0.210677 -0.784481
vn 0.651102 0.174424 -0.738676
vn 0.560379 0.205335 -0.802379
vn 0.241169 -0.256107 -0.936081
vn 0.417631 -0.051598 -0.907150
vn 0.427120 -0.014399 -0.904080
vn 0.485540 -0.034799 -0.873522
vn 0.454683 -0.030165 -0.890142
vn 0.549643 0.014752 -0.835269
vn 0.524897 -0.003810 -0.851157
vn 0.619326 0.046190 -0.783774
vn 0.613588 0.061239 -0.787248
vn 0.679420 0.083091 -0.729030
vn 0.739605 -0.113721 -0.663364
vn 0.648687 -0.214986 -0.730059
vn 0.654038 -0.135023 -0.744314
vn 0.020852 -0.596522 -0.802326
vn -0.673627 -0.031994 -0.738378
vn -0.810565 -0.090949 -0.578543
vn -0.792532 -0.103143 -0.601044
vn 0.862262 0.376427 -0.338833
vn 0.894629 0.446792 -0.003991
vn 0.220009 0.383120 -0.897115
vn 0.337305 0.426247 -0.839368
vn 0.131972 0.396436 -0.908527
vn 0.121769 0.403438 -0.906868
vn 0.402946 0.441900 -0.801473
vn 0.532580 0.434886 -0.726108
vn 0.600076 0.387815 -0.699649
vn 0.522096 0.399986 -0.753278
vn 0.132548 0.377499 -0.916475
vn 0.091095 0.402310 -0.910960
vn 0.109144 0.393353 -0.912886
vn 0.685600 0.460843 -0.563539
vn 0.637302 0.453348 -0.623155
vn 0.910540 0.408987 0.060382
vn -0.483332 -0.051823 -0.873902
vn -0.577122 0.017070 -0.816479
vn -0.483039 0.083368 -0.871621
vn -0.823815 -0.113129 -0.555455
vn -0.818253 0.018609 -0.574557
vn -0.853814 -0.133025 -0.503295
vn -0.821482 -0.134487 -0.554148
vn -0.914887 -0.139050 -0.379008
vn -0.457329 -0.068022 -0.886692
vn -0.515486 -0.047310 -0.855591
vn -0.993327 0.014323 -0.114442
vn -0.907734 -0.101685 -0.407038
vn -0.935284 -0.099189 -0.339713
vn -0.640561 -0.087521 -0.762903
vn -0.636901 -0.130018 -0.759903
vn -0.799737 -0.107505 -0.590646
vn -0.029746 -0.230455 -0.972628
vn -0.208087 -0.192524 -0.958976
vn -0.796625 0.037268 -0.603324
vn -0.798264 -0.105738 -0.592954
vn 0.074238 -0.224749 -0.971585
vn -0.103425 -0.195246 -0.975286
vn -0.544577 -0.079174 -0.834966
vn -0.546560 -0.106260 -0.830651
vn -0.473758 -0.104170 -0.874472
vn -0.811613 0.138584 -0.567520
vn -0.767425 0.019047 -0.640855
vn -0.733558 0.095167 -0.672931
vn -0.777833 0.067783 -0.624806
vn -0.846567 0.035486 -0.531097
vn -0.948671 -0.056774 -0.311127
vn -0.987729 -0.062886 -0.142960
vn -0.936248 -0.020599 -0.350736
vn -0.913090 -0.001638 -0.407754
vn -0.838039 -0.194553 -0.509745
vn -0.894807 -0.226960 -0.384460
vn -0.487461 0.268472 -0.830846
vn -0.255129 0.219080 -0.941761
vn -0.247466 0.043072 -0.967939
vn -0.226896 0.090018 -0.969750
vn -0.332994 0.239859 -0.911912
vn -0.317982 0.111894 -0.941471
vn -0.834668 -0.051507 -0.548340
vn -0.657405 0.009209 -0.753482
vn 0.017807 0.128701 -0.991524
vn -0.181238 0.028020 -0.983040
vn 0.362089 -0.043236 -0.931140
vn 0.195419 0.098665 -0.975744
vn -0.086568 0.040974 -0.995403
vn 0.228222 0.177018 -0.957382
vn -0.664572 -0.046712 -0.745763
vn -0.862372 -0.061001 -0.502587
vn -0.800910 -0.000216 -0.598784
vn -0.859375 -0.203068 -0.469296
vn -0.792343 0.029229 -0.609376
vn -0.846438 0.072675 -0.527504
vn -0.609825 0.107841 -0.785165
vn -0.885795 -0.002333 -0.464072
vn -0.898495 0.021777 -0.438444
vn -0.828902 0.010068 -0.559303
vn -0.612246 -0.089604 -0.785573
vn -0.735445 0.087818 -0.671869
vn -0.737408 -0.002418 -0.675444
vn -0.813825 -0.038093 -0.579860
vn -0.801217 0.023207 -0.597923
vn -0.801285 -0.092141 -0.591145
vn -0.752995 -0.085924 -0.652392
vn -0.556627 -0.002884 -0.830758
vn -0.193534 0.065744 -0.978888
vn -0.871240 -0.147405 -0.468202
vn -0.896311 -0.099030 -0.432227
vn -0.682036 0.054609 -0.729277
vn -0.459922 -0.033489 -0.887327
vn -0.775285 0.153545 -0.612663
vn -0.173533 0.070437 -0.982306
vn -0.296359 0.010997 -0.955013
vn -0.178272 0.011779 -0.983911
vn -0.879174 -0.193551 -0.435420
vn -0.207673 0.042674 -0.977267
vn 0.096146 -0.065096 -0.993236
vn 0.138713 0.103106 -0.984951
vn 0.248855 0.195582 -0.948588
vn -0.485575 0.086950 -0.869860
vn -0.876673 0.019936 -0.480673
vn -0.939478 -0.185393 -0.288116
vn 0.995317 -0.020345 -0.094505
vn 0.988611 -0.033635 -0.146689
vn 0.948157 0.108900 -0.298561
vn 0.719608 -0.192478 -0.667171
vn 0.399769 -0.451435 -0.797741
vn 0.973855 -0.059805 -0.219157
vn 0.960754 -0.104358 -0.257022
vn 0.960989 -0.078830 -0.265114
vn 0.976632 -0.134250 0.167828
vn 0.979203 -0.143593 0.143325
vn 0.994846 -0.093832 -0.038423
vn 0.980667 -0.125591 0.150062
vn 0.984758 -0.106783 0.137291
vn 0.978313 -0.082638 -0.189934
vn 0.980864 -0.072541 -0.180675
vn 0.849048 -0.112999 -0.516090
vn 0.904808 -0.145153 -0.400317
vn 0.802991 -0.190161 -0.564841
vn 0.852329 0.030767 -0.522101
vn 0.889827 0.034352 -0.455003
vn 0.860395 0.002596 -0.509620
vn 0.963751 -0.155489 -0.216812
vn 0.809694 -0.195886 -0.553195
vn 0.742289 -0.219620 -0.633067
vn 0.994110 -0.098340 0.045548
vn 0.995692 -0.087677 -0.030169
vn 0.970908 -0.054110 -0.233259
vn 0.945967 -0.072003 -0.316169
vn 0.357751 -0.475663 -0.803591
vn 0.250587 -0.488777 -0.835645
vn 0.090582 -0.238854 -0.966821
vn 0.972206 -0.112276 -0.205448
vn 0.959351 -0.153955 -0.236525
vn 0.969263 -0.109319 -0.220404
vn 0.563254 0.234434 -0.792329
vn 0.585140 -0.000422 -0.810932
vn 0.853047 0.037289 -0.520500
vn 0.981860 -0.183468 -0.047867
vn 0.990501 0.137487 0.002040
vn 0.987728 0.086804 -0.129841
vn 0.977536 0.059560 -0.202177
vn 0.853040 0.132785 -0.504669
vn 0.868146 0.094299 -0.487267
vn 0.834953 0.102538 -0.540685
vn 0.950453 0.063950 -0.304220
vn 0.927581 0.059861 -0.368795
vn 0.754239 0.093686 -0.649882
vn 0.785904 0.112027 -0.608116
vn 0.753343 0.115008 -0.647494
vn 0.841263 0.075009 -0.535397
vn 0.891757 0.070908 -0.446925
vn 0.839855 0.113164 -0.530884
vn 0.935377 0.098942 -0.339530
vn 0.892603 0.117126 -0.435364
vn 0.745617 0.097019 -0.659274
vn 0.903020 0.090012 -0.420063
vn 0.857832 0.081661 -0.507401
vn 0.850272 0.109443 -0.514840
vn 0.610911 0.153497 -0.776677
vn 0.700683 0.126899 -0.702097
vn 0.689141 0.256200 -0.677825
vn 0.650264 0.330448 -0.684077
vn 0.152733 0.353771 -0.922778
vn 0.253497 0.347577 -0.902734
vn 0.188756 0.315821 -0.929854
vn 0.522657 0.221156 -0.823359
vn 0.452006 0.237844 -0.859722
vn 0.436350 0.302864 -0.847274
vn 0.539237 -0.060890 -0.839950
vn 0.567271 -0.174607 -0.804808
vn 0.524498 -0.166445 -0.834984
vn 0.087482 -0.459355 -0.883934
vn 0.129024 -0.318180 -0.939209
vn 0.487868 -0.333706 -0.806613
vn 0.341482 -0.434919 -0.833208
vn 0.066382 -0.492746 -0.867638
vn 0.174893 -0.414669 -0.893008
vn -0.024191 -0.251333 -0.967598
vn -0.164097 -0.475963 -0.864020
vn -0.271452 -0.220901 -0.936759
vn -0.251043 -0.400462 -0.881254
vn 0.572829 -0.266389 -0.775180
vn 0.512553 -0.375692 -0.772104
vn 0.440235 -0.327599 -0.835986
vn 0.474104 -0.278453 -0.835278
vn 0.502928 -0.353750 -0.788622
vn 0.606166 -0.265690 -0.749647
vn 0.500158 -0.291852 -0.815269
vn 0.444202 -0.279136 -0.851333
vn 0.400615 -0.278596 -0.872865
vn 0.426490 -0.272993 -0.862311
vn -0.174243 -0.085645 -0.980971
vn -0.284241 -0.077682 -0.955601
vn -0.198675 -0.126068 -0.971923
vn 0.482064 -0.101458 -0.870242
vn 0.613881 -0.166125 -0.771720
vn -0.186026 0.042637 -0.981619
vn -0.283494 -0.082000 -0.955462
vn 0.407712 -0.429017 -0.806049
vn 0.793731 -0.161724 -0.586375
vn 0.755814 -0.164933 -0.633674
vn 0.804188 -0.128835 -0.580244
vn 0.609522 -0.050201 -0.791178
vn 0.659470 -0.068650 -0.748589
vn 0.741827 -0.189335 -0.643308
vn 0.766923 -0.148503 -0.624320
vn 0.432640 0.088714 -0.897191
vn 0.526000 0.361798 -0.769692
vn 0.512033 0.475637 -0.715256
vn 0.270621 0.084671 -0.958955
vn 0.081229 0.044549 -0.995699
vn 0.174450 0.045461 -0.983616
vn 0.347397 -0.154616 -0.924883
vn 0.241815 0.014191 -0.970219
vn 0.403652 -0.111497 -0.908093
vn -0.823602 0.029164 -0.566418
vn -0.918020 -0.027608 -0.395573
vn -0.806904 -0.146653 -0.572188
vn -0.704637 -0.129254 -0.697697
vn -0.764278 -0.116224 -0.634327
vn -0.668431 -0.104898 -0.736340
vn -0.542558 -0.134381 -0.829200
vn -0.529003 -0.094243 -0.843371
vn -0.346107 -0.053017 -0.936696
vn -0.427903 -0.034197 -0.903177
vn -0.481507 -0.075029 -0.873225
vn -0.233662 -0.173284 -0.956752
vn -0.192733 -0.165354 -0.967219
vn -0.131372 -0.080117 -0.988090
vn -0.546042 -0.086160 -0.833315
vn -0.445062 -0.340067 -0.828417
vn -0.288747 -0.450208 -0.844948
vn -0.408266 -0.194487 -0.891905
vn -0.514819 -0.195085 -0.834808
vn -0.462843 -0.551658 -0.693865
vn -0.499835 -0.469780 -0.727648
vn -0.432879 0.009559 -0.901401
vn -0.308245 -0.043178 -0.950327
vn -0.140970 0.043501 -0.989058
vn -0.059642 0.065852 -0.996045
vn 0.362789 0.202369 -0.909632
vn 0.965508 -0.207686 -0.157036
vn 0.977836 -0.186472 -0.095208
vn 0.888561 -0.138672 -0.437298
vn 0.941593 -0.172652 -0.289126
vn 0.738143 -0.123700 -0.663207
vn 0.689864 -0.182759 -0.700490
vn 0.709714 -0.210930 -0.672172
vn 0.712705 -0.234371 -0.661152
vn 0.838739 -0.251319 -0.483068
vn 0.778624 -0.241905 -0.578988
vn 0.641417 -0.213933 -0.736761
vn 0.631936 -0.102884 -0.768162
vn 0.389785 -0.198552 -0.899247
vn 0.385376 -0.244895 -0.889669
vn 0.447955 0.078195 -0.890630
vn 0.109460 0.065888 -0.991805
vn 0.118873 -0.023546 -0.992630
vn 0.147626 -0.007787 -0.989013
vn 0.807019 -0.096401 -0.582603
vn 0.928831 -0.070682 -0.363698
vn -0.070267 -0.429429 -0.900363
vn -0.055035 -0.591300 -0.804572
vn -0.199687 -0.696299 -0.689415
vn -0.124841 -0.621494 -0.773408
vn -0.268367 -0.586239 -0.764397
vn -0.189824 -0.603015 -0.774816
vn -0.259292 -0.164392 -0.951705
vn -0.282620 -0.150656 -0.947327
vn -0.658490 -0.097031 -0.746308
vn -0.758554 -0.071958 -0.647624
vn -0.980134 -0.045472 -0.193052
vn 0.501067 0.445384 -0.742000
vn 0.434461 0.427966 -0.792521
vn -0.748574 -0.151357 -0.645545
vn -0.883775 -0.108229 -0.455223
vn -0.817245 -0.124993 -0.562571
vn 0.867244 0.460216 -0.189971
vn 0.906702 0.421685 0.008518
vn 0.934190 0.332715 0.128804
vn 0.904946 0.408094 0.120553
vn 0.909764 0.371910 0.184424
vn -0.514275 -0.024226 -0.857283
vn 0.275893 0.205934 -0.938869
vn 0.101015 0.162161 -0.981580
vn 0.418868 0.280152 -0.863750
vn 0.477938 -0.076370 -0.875067
vn 0.279514 0.214407 -0.935896
vn 0.294568 0.246382 -0.923323
vn 0.605952 0.258703 -0.752260
vn 0.744441 0.076073 -0.663341
vn 0.568363 -0.235513 -0.788351
vn 0.372067 0.332356 -0.866664
vn 0.455020 -0.377493 -0.806509
vn 0.737096 0.013467 -0.675653
vn 0.518251 -0.008261 -0.855189
vn 0.474626 -0.038187 -0.879359
vn 0.545260 -0.248988 -0.800435
vn 0.675998 -0.096995 -0.730492
vn 0.581418 0.207872 -0.786602
vn 0.726057 0.195251 -0.659332
vn 0.496100 -0.301063 -0.814399
vn 0.887460 -0.004317 -0.460864
vn 0.847680 0.033470 -0.529451
vn 0.649784 0.380972 -0.657754
vn 0.800324 0.108082 -0.589745
vn -0.350562 -0.006967 -0.936514
vn -0.204340 -0.025843 -0.978559
vn -0.079196 -0.027687 -0.996475
vn 0.005834 -0.004493 -0.999973
vn -0.058083 -0.203990 -0.977248
vn 0.056635 -0.162382 -0.985101
vn 0.069837 -0.037671 -0.996847
vn -0.150867 -0.117940 -0.981493
vn 0.301781 -0.103860 -0.947703
vn 0.349702 0.162573 -0.922648
vn 0.301108 0.067029 -0.951231
vn 0.613141 0.454150 -0.646379
vn 0.343064 0.423769 -0.838288
vn -0.856032 -0.114394 -0.504106
vn -0.793830 -0.147801 -0.589906
vn -0.871150 -0.120613 -0.475974
vn 0.152561 -0.055864 -0.986714
vn 0.167620 0.145786 -0.975013
vn 0.134207 0.242122 -0.960919
vn 0.194754 -0.116683 -0.973887
vn 0.030507 -0.071845 -0.996949
vn 0.133639 -0.084077 -0.987457
vn 0.262622 0.005791 -0.964881
vn 0.114433 0.325582 -0.938564
vn 0.376113 0.242478 -0.894284
vn 0.111951 0.187290 -0.975904
vn 0.119289 0.113951 -0.986299
vn -0.020452 -0.202600 -0.979048
vn 0.052371 0.040375 -0.997811
vn -0.037279 0.132240 -0.990516
vn 0.000069 -0.152217 -0.988347
vn -0.655669 -0.099592 -0.748451
vn 0.192729 0.225851 -0.954907
vn 0.169653 0.225831 -0.959280
vn 0.134522 0.309906 -0.941203
vn -0.845829 -0.049538 -0.531150
vn -0.729668 -0.043307 -0.682429
vn -0.962476 -0.101075 -0.251841
vn -0.866267 -0.083335 -0.492581
vn 0.693123 0.448513 -0.564284
vn 0.842066 0.422655 -0.335093
vn 0.797296 0.374720 -0.473185
vn 0.877400 0.294439 -0.378781
vn 0.803647 0.197717 -0.561301
vn 0.571853 0.383748 -0.725067
vn 0.618863 0.429219 -0.657860
vn -0.673772 -0.083628 -0.734192
vn -0.146382 -0.251165 -0.956812
vn -0.752850 -0.040623 -0.656938
vn -0.836815 -0.157301 -0.524401
vn -0.873933 -0.048423 -0.483629
vn -0.619554 -0.114710 -0.776527
vn -0.510031 -0.070068 -0.857298
vn -0.832868 -0.092256 -0.545729
vn -0.992979 0.014750 -0.117370
vn -0.924512 -0.111077 -0.364610
vn -0.960344 -0.135089 -0.243905
vn 0.788136 -0.097149 -0.607786
vn 0.628299 -0.138971 -0.765459
vn -0.809783 -0.132663 -0.571535
vn -0.793231 -0.116341 -0.597704
vn -0.838049 -0.203327 -0.506293
vn -0.736937 0.012387 -0.675848
vn -0.830964 -0.158832 -0.533171
vn 0.989397 -0.062726 -0.130990
vn 0.740716 -0.139308 -0.657216
vn 0.464767 -0.349075 -0.813719
vn 0.904418 -0.085078 -0.418080
vn 0.498129 -0.107306 -0.860438
vn 0.808211 -0.075544 -0.584027
vn 0.333860 0.267917 -0.903747
vn 0.527784 -0.352339 -0.772853
vn 0.308371 -0.002995 -0.951262
vn 0.358488 0.052771 -0.932042
vn 0.425604 -0.023087 -0.904615
vn 0.264582 -0.004213 -0.964354
vn 0.726629 -0.012039 -0.686924
vn 0.356167 0.086003 -0.930456
vn 0.327263 0.086892 -0.940930
vn 0.293037 -0.078204 -0.952897
vn 0.812697 0.000164 -0.582687
vn 0.826543 0.102438 -0.553473
vn 0.442937 0.201204 -0.873684
vn 0.373231 0.234103 -0.897716
vn 0.713299 0.145898 -0.685506
vn 0.691292 0.192930 -0.696343
vn 0.782814 0.136450 -0.607111
vn -0.904519 -0.099185 -0.414738
vn -0.873450 -0.298671 -0.384553
vn -0.953700 -0.148250 -0.261682
vn 0.015253 0.241163 -0.970365
vn 0.041370 0.311405 -0.949376
vn 0.114164 0.288552 -0.950634
vn 0.105150 0.176016 -0.978755
vn -0.346862 -0.529840 -0.773923
vn -0.187999 -0.646051 -0.739780
vn -0.140480 -0.532090 -0.834953
vn -0.237907 -0.675907 -0.697531
vn 0.932982 0.071308 -0.352789
vn 0.279078 -0.055838 -0.958644
vn 0.697006 -0.313655 -0.644828
vn 0.750873 0.185138 -0.633967
vn 0.977855 -0.185112 0.097635
vn 0.980325 -0.192332 0.044393
vn 0.976433 -0.192417 0.097744
vn 0.732513 0.463497 -0.498593
vn 0.821765 0.067527 -0.565812
vn 0.797772 0.080267 -0.597593
vn 0.877680 -0.197284 -0.436758
vn 0.873857 0.001056 -0.486183
vn 0.933661 0.037672 -0.356172
vn 0.947885 -0.106293 -0.300361
vn 0.928258 -0.026831 -0.370969
vn 0.740107 -0.054790 -0.670254
vn 0.770515 -0.192217 -0.607749
vn 0.734804 -0.237679 -0.635273
vn 0.745210 -0.228883 -0.626318
vn 0.976416 0.066983 -0.205242
vn 0.950502 0.139057 -0.277866
vn 0.983714 -0.038133 -0.175647
vn 0.989015 0.021618 -0.146223
vn 0.939064 -0.050547 -0.340006
vn 0.792438 0.341677 -0.505271
vn 0.698726 0.000741 -0.715389
vn 0.575066 0.029553 -0.817573
vn 0.715545 0.063903 -0.695637
vn -0.198624 -0.222469 -0.954493
vn 0.102155 -0.218043 -0.970578
vn 0.097334 -0.238537 -0.966244
vn 0.110527 -0.215137 -0.970309
vn 0.153516 -0.153191 -0.976200
vn 0.100179 -0.226839 -0.968766
vn 0.262405 -0.215359 -0.940619
vn 0.252660 -0.079357 -0.964295
vn 0.244833 -0.255424 -0.935316
vn 0.362746 -0.266423 -0.892992
vn 0.424906 -0.085460 -0.901195
vn 0.396859 0.144443 -0.906443
vn 0.401114 -0.068260 -0.913481
vn 0.476974 -0.135880 -0.868350
vn 0.437195 -0.016872 -0.899209
vn 0.148015 0.047784 -0.987830
vn 0.024452 0.056621 -0.998096
vn 0.025798 -0.075770 -0.996792
vn -0.158359 -0.052155 -0.986003
vn -0.194977 -0.247627 -0.949034
vn 0.092108 -0.421959 -0.901924
vn 0.215773 0.366102 -0.905213
vn 0.329053 0.332906 -0.883684
vn -0.585352 -0.193500 -0.787350
vn 0.305621 -0.089033 -0.947982
vn 0.501345 -0.259714 -0.825349
vn 0.303881 0.192946 -0.932967
vn 0.906034 0.008514 -0.423119
vn 0.825621 0.179405 -0.534943
vn 0.766793 0.332506 -0.549062
vn 0.938838 0.200917 -0.279672
vn 0.955376 0.270061 0.119684
vn 0.833495 0.112293 -0.540995
vn 0.746466 0.202119 -0.633985
vn 0.528742 0.273962 -0.803354
vn 0.641940 0.228008 -0.732069
vn 0.596990 0.116793 -0.793702
vn 0.530673 0.185008 -0.827139
vn 0.787771 0.085307 -0.610033
vn 0.735791 0.089504 -0.671268
vn 0.799523 0.100567 -0.592156
vn 0.665220 0.090643 -0.741125
vn 0.717756 0.084090 -0.691198
vn 0.712101 0.109133 -0.693543
vn 0.828910 0.140213 -0.541524
vn 0.578176 0.015338 -0.815768
vn 0.524842 -0.021267 -0.850934
vn 0.729334 0.113228 -0.674723
vn 0.771509 0.136100 -0.621490
vn 0.796642 0.130950 -0.590097
vn 0.685342 0.077087 -0.724130
vn 0.585643 0.015229 -0.810426
vn 0.233717 -0.018131 -0.972136
vn 0.415898 0.103812 -0.903467
vn 0.278535 0.085895 -0.956577
vn 0.200995 0.226854 -0.952963
vn 0.357300 0.297170 -0.885453
vn 0.293810 -0.106388 -0.949925
vn 0.265471 0.228757 -0.936587
vn 0.319744 0.305405 -0.896935
vn 0.360213 0.348285 -0.865416
vn 0.432030 0.396313 -0.810115
vn 0.185805 0.296621 -0.936746
vn 0.104918 0.340130 -0.934507
vn 0.027406 0.337939 -0.940769
vn 0.010813 -0.482060 -0.876072
vn 0.927328 -0.034432 -0.372661
vn 0.866400 -0.036924 -0.497983
vn 0.744771 -0.024486 -0.666871
vn -0.010188 0.201586 -0.979418
vn 0.578678 0.435466 -0.689566
vn 0.114105 0.331814 -0.936418
vn 0.987684 0.150976 -0.041071
vn 0.949675 0.153238 -0.273194
vn 0.994690 0.045684 -0.092219
vn -0.280726 -0.242910 -0.928540
vn -0.948039 -0.016865 -0.317706
vn 0.636581 -0.254630 -0.727962
vn 0.587607 -0.260827 -0.765955
vn 0.797204 -0.140766 -0.587069
vn 0.849505 -0.134513 -0.510145
vn 0.807227 -0.134305 -0.574758
vn 0.851708 -0.120374 -0.510003
vn 0.953421 -0.106302 -0.282292
vn 0.953556 -0.189622 -0.234038
vn 0.844220 0.049385 -0.533718
vn 0.883026 0.056025 -0.465968
vn 0.941399 0.156217 -0.298937
vn 0.902702 0.162707 -0.398316
vn 0.931255 0.131258 -0.339904
vn 0.941338 0.088837 -0.325561
vn 0.917078 0.097805 -0.386526
vn 0.931902 0.064785 -0.356877
vn 0.957471 0.041400 -0.285545
vn 0.827928 -0.042940 -0.559188
vn 0.829622 -0.093216 -0.550489
vn 0.992856 0.094111 -0.073346
vn 0.992143 -0.091174 -0.085675
vn 0.996431 0.039820 0.074429
vn 0.663506 0.032489 -0.747465
vn 0.987371 0.155358 0.031008
vn -0.932171 0.012547 -0.361801
vn -0.871311 -0.002069 -0.490727
vn -0.767131 0.023728 -0.641051
vn -0.719236 0.045362 -0.693284
vn -0.928750 -0.080675 -0.361823
vn -0.869972 -0.102277 -0.482378
vn -0.676664 0.076446 -0.732313
vn 0.961076 0.052156 -0.271317
vn 0.919743 -0.025699 -0.391678
vn 0.908294 0.173604 -0.380610
vn 0.080058 0.386454 -0.918828
vn -0.930402 -0.071779 -0.359445
vn -0.283711 -0.056082 -0.957268
vn 0.867766 -0.169473 -0.467183
vn 0.821545 -0.159703 -0.547319
vn 0.614786 -0.021848 -0.788391
vn 0.837558 -0.176671 -0.516995
vn 0.638516 -0.030394 -0.769008
vn 0.316339 -0.167200 -0.933796
vn 0.259476 -0.101827 -0.960366
vn 0.626869 -0.234194 -0.743094
vn 0.544481 -0.326771 -0.772503
vn 0.478589 -0.315613 -0.819354
vn 0.431266 -0.347784 -0.832500
vn 0.381318 -0.267330 -0.884947
vn 0.358992 -0.124405 -0.925013
vn 0.912689 -0.215951 -0.346935
vn 0.750292 -0.219777 -0.623506
vn 0.730870 -0.223397 -0.644921
vn 0.935890 -0.162223 -0.312721
vn 0.926238 -0.200967 -0.318898
vn 0.566297 0.039265 -0.823265
vn 0.882824 -0.042073 -0.467815
vn 0.946357 -0.092473 -0.309607
vn 0.978479 -0.186271 0.088779
vn 0.986367 -0.139631 0.087083
vn 0.224251 -0.056401 -0.972898
vn -0.062145 0.123421 -0.990407
vn 0.376497 -0.064700 -0.924156
vn 0.091968 0.132464 -0.986912
vn -0.018447 -0.038591 -0.999085
vn 0.207434 -0.124805 -0.970255
vn 0.258797 -0.366139 -0.893849
vn -0.067417 -0.017509 -0.997571
vn 0.993925 -0.104148 -0.035597
vn 0.988917 -0.042907 -0.142137
vn 0.153069 0.254086 -0.954992
vn 0.081201 0.340294 -0.936807
vn -0.069538 -0.342898 -0.936795
vn 0.513573 -0.036319 -0.857277
vn 0.871063 -0.077744 -0.484980
vn 0.942229 -0.199011 -0.269444
vn 0.998019 -0.058265 -0.023730
vn 0.539100 -0.105731 -0.835579
vn 0.704447 0.366441 -0.607846
vn 0.830997 0.137311 -0.539065
vn 0.873909 0.143560 -0.464406
vn 0.674107 0.285489 -0.681231
vn 0.635573 0.260161 -0.726886
vn 0.428006 0.358140 -0.829787
vn 0.589973 0.335594 -0.734376
vn 0.006796 -0.377677 -0.925912
vn 0.297900 -0.381673 -0.874975
vn 0.048986 -0.587373 -0.807833
vn -0.086830 -0.695171 -0.713581
vn 0.957630 0.146699 -0.247841
vn 0.212517 0.148196 -0.965854
vn 0.226649 0.406785 -0.884961
vn 0.161496 0.398766 -0.902721
vn 0.373298 0.408546 -0.832910
vn 0.147180 0.318070 -0.936573
vn 0.273067 0.290857 -0.916971
vn -0.969611 -0.050604 -0.239362
vn -0.961447 -0.092607 -0.258926
vn 0.237391 -0.224465 -0.945125
vn -0.648796 -0.122207 -0.751085
vn -0.844766 -0.113111 -0.523046
vn 0.636572 0.043794 -0.769973
vn -0.033418 0.069649 -0.997012
vn 0.980634 -0.082148 -0.177790
vn 0.962101 -0.132439 -0.238373
vn 0.436309 0.091197 -0.895163
vn 0.061201 0.077161 -0.995139
vn 0.552009 0.444944 -0.705203
vn -0.958408 -0.149377 -0.243188
vn 0.659888 0.190808 -0.726733
vn 0.114828 -0.418089 -0.901119
vn 0.310488 -0.323355 -0.893890
vn 0.404427 0.343357 -0.847670
vn 0.423712 0.118356 -0.898031
vn 0.198296 -0.007047 -0.980117
vn 0.206804 -0.047553 -0.977226
f 878/878/1 310/310/2 126/126/3
f 825/825/4 223/223/5 280/280/6
f 126/126/3 127/127/7 878/878/1
f 743/743/8 744/744/9 859/859/10
f 900/900/11 310/310/2 311/311/12
f 127/127/7 128/128/13 368/368/14
f 131/131/15 259/259/16 347/347/17
f 116/116/18 117/117/19 276/276/20
f 680/680/21 275/275/22 362/362/23
f 682/682/24 221/221/25 365/365/26
f 628/628/27 199/199/28 276/276/20
f 120/120/29 280/280/6 119/119/30
f 113/113/31 275/275/22 112/112/32
f 705/705/33 118/118/34 119/119/30
f 122/122/35 349/349/36 121/121/37
f 131/131/15 347/347/17 130/130/38
f 2/2/39 649/649/40 1/1/41
f 872/872/42 2/2/39 3/3/43
f 239/239/44 409/409/45 649/649/40
f 345/345/46 239/239/44 286/286/47
f 350/350/48 264/264/49 6/6/50
f 264/264/49 212/212/51 472/472/52
f 1171/1171/53 350/350/48 921/921/54
f 135/135/55 877/877/56 134/134/57
f 298/298/58 134/134/57 877/877/56
f 340/340/59 135/135/55 136/136/60
f 872/872/42 286/286/47 239/239/44
f 137/137/61 253/253/62 136/136/60
f 472/472/52 4/4/63 5/5/64
f 137/137/61 339/339/65 253/253/62
f 130/130/38 824/824/66 129/129/67
f 133/133/68 466/466/69 132/132/70
f 705/705/33 280/280/6 223/223/5
f 203/203/71 290/290/72 370/370/73
f 837/837/74 258/258/75 100/100/76
f 871/871/77 102/102/78 103/103/79
f 330/330/80 910/910/81 291/291/82
f 105/105/83 106/106/84 499/499/85
f 361/361/86 104/104/87 268/268/88
f 107/107/89 267/267/90 106/106/84
f 98/98/91 865/865/92 97/97/93
f 236/236/94 308/308/95 355/355/96
f 346/346/97 99/99/98 258/258/75
f 488/488/99 96/96/100 290/290/72
f 93/93/101 309/309/102 92/92/103
f 775/775/104 263/263/105 772/772/106
f 312/312/107 246/246/108 879/879/109
f 98/98/91 99/99/98 346/346/97
f 267/267/90 215/215/110 499/499/85
f 82/82/111 83/83/112 879/879/109
f 214/214/113 498/498/114 266/266/115
f 92/92/103 309/309/102 796/796/116
f 360/360/117 266/266/115 109/109/118
f 111/111/119 112/112/32 363/363/120
f 405/405/121 88/88/122 231/231/123
f 1154/1154/124 775/775/104 776/776/125
f 181/181/126 474/474/127 799/799/128
f 823/823/129 110/110/130 111/111/119
f 776/776/125 88/88/122 89/89/131
f 796/796/116 263/263/105 91/91/132
f 263/263/105 1154/1154/124 91/91/132
f 574/574/133 84/84/134 85/85/135
f 161/161/136 1003/1003/137 940/940/138
f 292/292/139 888/888/140 897/897/141
f 352/352/142 202/202/143 289/289/144
f 269/269/145 85/85/135 86/86/146
f 275/275/22 113/113/31 362/362/23
f 264/264/49 608/608/147 212/212/51
f 11/11/148 314/314/149 10/10/150
f 313/313/151 247/247/152 880/880/153
f 11/11/148 12/12/154 880/880/153
f 255/255/155 341/341/156 15/15/157
f 904/904/158 170/170/159 903/903/160
f 16/16/161 255/255/155 15/15/157
f 13/13/162 14/14/163 679/679/164
f 42/42/165 43/43/166 717/717/167
f 39/39/168 40/40/169 249/249/170
f 260/260/171 324/324/172 44/44/173
f 44/44/173 324/324/172 43/43/166
f 716/716/174 37/37/175 38/38/176
f 122/122/35 123/123/177 262/262/178
f 39/39/168 249/249/170 300/300/179
f 36/36/180 342/342/181 256/256/182
f 495/495/183 277/277/184 226/226/185
f 21/21/186 503/503/187 20/20/188
f 24/24/189 369/369/190 23/23/191
f 285/285/192 25/25/193 863/863/194
f 26/26/195 863/863/194 25/25/193
f 282/282/196 27/27/197 28/28/198
f 18/18/199 19/19/200 17/17/201
f 24/24/189 285/285/192 369/369/190
f 248/248/202 315/315/203 22/22/204
f 265/265/205 20/20/188 503/503/187
f 242/242/206 875/875/207 295/295/208
f 35/35/209 36/36/180 256/256/182
f 35/35/209 343/343/210 34/34/211
f 282/282/196 28/28/198 366/366/212
f 297/297/213 893/893/214 243/243/215
f 32/32/216 875/875/207 31/31/217
f 29/29/218 30/30/219 876/876/220
f 876/876/220 297/297/213 243/243/215
f 265/265/205 19/19/200 20/20/188
f 68/68/221 69/69/222 303/303/223
f 71/71/224 72/72/225 250/250/226
f 250/250/226 301/301/227 71/71/224
f 252/252/228 304/304/229 579/579/230
f 581/581/231 1081/1081/232 580/580/233
f 61/61/234 62/62/235 252/252/228
f 68/68/221 864/864/236 67/67/237
f 828/828/238 79/79/239 80/80/240
f 78/78/241 873/873/242 292/292/139
f 302/302/243 250/250/226 72/72/225
f 251/251/244 301/301/227 204/204/245
f 869/869/246 73/73/247 74/74/248
f 74/74/248 75/75/249 76/76/250
f 897/897/141 250/250/226 302/302/243
f 77/77/251 78/78/241 292/292/139
f 65/65/252 66/66/253 257/257/254
f 56/56/255 867/867/256 55/55/257
f 47/47/258 261/261/259 46/46/260
f 261/261/259 47/47/258 862/862/261
f 228/228/262 795/795/263 284/284/264
f 48/48/265 50/50/266 795/795/263
f 50/50/266 48/48/265 49/49/267
f 51/51/268 795/795/263 50/50/266
f 862/862/261 47/47/258 48/48/265
f 61/61/234 287/287/269 60/60/270
f 279/279/271 234/234/272 866/866/273
f 576/576/274 234/234/272 279/279/271
f 53/53/275 54/54/276 467/467/277
f 278/278/278 57/57/279 866/866/273
f 273/273/280 54/54/276 55/55/257
f 57/57/279 278/278/278 56/56/255
f 60/60/270 539/539/281 59/59/282
f 46/46/260 484/484/283 45/45/284
f 252/252/228 62/62/235 304/304/229
f 253/253/62 340/340/59 136/136/60
f 300/300/179 38/38/176 39/39/168
f 40/40/169 41/41/285 351/351/286
f 114/114/287 115/115/288 704/704/289
f 420/420/290 973/973/291 965/965/292
f 241/241/293 874/874/294 293/293/295
f 297/297/213 30/30/219 31/31/217
f 258/258/75 99/99/98 100/100/76
f 63/63/296 64/64/297 468/468/298
f 501/501/299 592/592/300 593/593/301
f 1115/1115/302 626/626/303 319/319/304
f 720/720/305 719/719/306 172/172/307
f 932/932/308 158/158/309 931/931/310
f 868/868/311 93/93/101 94/94/312
f 303/303/223 69/69/222 251/251/244
f 285/285/192 24/24/189 25/25/193
f 1165/1165/313 451/451/314 845/845/315
f 273/273/280 55/55/257 867/867/256
f 973/973/291 422/422/316 974/974/317
f 124/124/318 125/125/319 473/473/320
f 509/509/321 672/672/322 671/671/323
f 144/144/324 782/782/325 783/783/326
f 831/831/327 779/779/328 332/332/329
f 235/235/330 278/278/278 885/885/331
f 961/961/332 962/962/333 389/389/334
f 993/993/335 956/956/336 953/953/337
f 474/474/127 181/181/126 991/991/338
f 335/335/339 522/522/340 1034/1034/341
f 698/698/342 338/338/343 697/697/344
f 790/790/345 1099/1099/346 600/600/347
f 818/818/348 819/819/349 151/151/350
f 158/158/309 643/643/351 644/644/352
f 1118/1118/353 997/997/354 582/582/355
f 156/156/356 748/748/357 749/749/358
f 225/225/359 482/482/360 342/342/181
f 157/157/361 942/942/362 1172/1172/363
f 1136/1136/364 683/683/365 684/684/366
f 272/272/367 645/645/368 646/646/369
f 176/176/370 772/772/106 773/773/371
f 361/361/86 103/103/79 104/104/87
f 998/998/372 398/398/373 604/604/374
f 990/990/375 321/321/376 549/549/377
f 732/732/378 903/903/160 170/170/159
f 80/80/240 81/81/379 289/289/144
f 444/444/380 323/323/381 232/232/382
f 1018/1018/383 153/153/384 1016/1016/385
f 1037/1037/386 511/511/387 307/307/388
f 895/895/389 1168/1168/390 299/299/391
f 298/298/58 299/299/391 896/896/392
f 10/10/150 314/314/149 371/371/393
f 627/627/394 626/626/303 320/320/395
f 64/64/297 65/65/252 305/305/396
f 997/997/354 998/998/372 483/483/397
f 431/431/398 33/33/399 34/34/211
f 700/700/400 424/424/401 699/699/402
f 498/498/114 107/107/89 108/108/403
f 558/558/404 560/560/405 479/479/406
f 283/283/407 368/368/14 128/128/13
f 655/655/408 502/502/409 835/835/410
f 365/365/26 115/115/288 116/116/18
f 678/678/411 854/854/412 1166/1166/413
f 17/17/201 836/836/414 16/16/161
f 22/22/204 23/23/191 248/248/202
f 367/367/415 26/26/195 27/27/197
f 985/985/416 453/453/417 986/986/418
f 856/856/419 721/721/420 722/722/421
f 288/288/422 908/908/423 745/745/424
f 805/805/425 806/806/426 432/432/427
f 884/884/428 1077/1077/429 1078/1078/430
f 706/706/431 120/120/29 121/121/37
f 596/596/432 1093/1093/433 1095/1095/434
f 53/53/275 467/467/277 254/254/435
f 326/326/436 939/939/437 407/407/438
f 411/411/439 777/777/440 178/178/441
f 269/269/145 220/220/442 574/574/133
f 308/308/95 236/236/94 868/868/311
f 647/647/443 356/356/444 644/644/352
f 391/391/445 178/178/441 563/563/446
f 353/353/447 923/923/448 240/240/449
f 738/738/450 549/549/377 443/443/451
f 832/832/452 241/241/293 294/294/453
f 277/277/184 351/351/286 41/41/285
f 421/421/454 970/970/455 969/969/456
f 912/912/457 181/181/126 911/911/458
f 575/575/459 215/215/110 267/267/90
f 132/132/70 466/466/69 259/259/16
f 1024/1024/460 450/450/461 1021/1021/462
f 484/484/283 260/260/171 45/45/284
f 382/382/463 752/752/464 753/753/465
f 873/873/242 78/78/241 79/79/239
f 489/489/466 490/490/467 204/204/245
f 599/599/468 1097/1097/469 544/544/470
f 894/894/471 296/296/472 435/435/473
f 71/71/224 301/301/227 70/70/474
f 394/394/475 1144/1144/476 728/728/477
f 291/291/82 837/837/74 101/101/478
f 645/645/368 642/642/479 643/643/351
f 105/105/83 499/499/85 268/268/88
f 851/851/480 1141/1141/481 852/852/482
f 323/323/381 257/257/254 66/66/253
f 632/632/483 633/633/484 270/270/485
f 1069/1069/486 569/569/487 570/570/488
f 723/723/489 724/724/490 1160/1160/491
f 348/348/492 262/262/178 123/123/177
f 174/174/493 825/825/4 826/826/494
f 57/57/279 58/58/495 866/866/273
f 485/485/496 1000/1000/497 172/172/307
f 138/138/498 339/339/65 137/137/61
f 206/206/499 445/445/500 471/471/501
f 874/874/294 7/7/502 8/8/503
f 843/843/504 142/142/505 842/842/506
f 195/195/507 893/893/214 894/894/471
f 243/243/215 583/583/508 366/366/212
f 129/129/67 824/824/66 283/283/407
f 229/229/509 505/505/510 283/283/407
f 919/919/511 985/985/416 171/171/512
f 452/452/513 230/230/514 367/367/415
f 768/768/515 1176/1176/516 767/767/517
f 181/181/126 799/799/128 911/911/458
f 364/364/518 276/276/20 117/117/19
f 941/941/519 379/379/520 942/942/362
f 906/906/521 317/317/522 901/901/523
f 315/315/203 316/316/524 902/902/525
f 717/717/167 277/277/184 42/42/165
f 201/201/526 1053/1053/527 541/541/528
f 246/246/108 352/352/142 827/827/529
f 391/391/445 202/202/143 352/352/142
f 865/865/92 290/290/72 97/97/93
f 177/177/530 355/355/96 924/924/531
f 354/354/532 1002/1002/533 1005/1005/534
f 70/70/474 251/251/244 69/69/222
f 102/102/78 871/871/77 291/291/82
f 1008/1008/535 376/376/536 1007/1007/537
f 139/139/538 409/409/45 138/138/498
f 445/445/500 446/446/539 471/471/501
f 11/11/148 880/880/153 314/314/149
f 733/733/540 734/734/541 442/442/542
f 547/547/543 517/517/544 546/546/545
f 132/132/70 259/259/16 131/131/15
f 343/343/210 35/35/209 256/256/182
f 598/598/546 892/892/547 543/543/548
f 770/770/549 386/386/550 769/769/551
f 53/53/275 254/254/435 52/52/552
f 93/93/101 868/868/311 309/309/102
f 211/211/553 384/384/554 838/838/555
f 5/5/64 6/6/50 264/264/49
f 345/345/46 445/445/500 206/206/499
f 65/65/252 257/257/254 305/305/396
f 165/165/556 1069/1069/486 570/570/488
f 266/266/115 108/108/403 109/109/118
f 214/214/113 474/474/127 476/476/557
f 555/555/558 556/556/559 1076/1076/560
f 105/105/83 268/268/88 104/104/87
f 859/859/10 860/860/561 500/500/562
f 262/262/178 348/348/492 744/744/9
f 175/175/563 745/745/424 908/908/423
f 45/45/284 260/260/171 44/44/173
f 406/406/564 988/988/565 341/341/156
f 19/19/200 265/265/205 836/836/414
f 287/287/269 61/61/234 252/252/228
f 504/504/566 568/568/567 432/432/427
f 392/392/568 563/563/446 564/564/569
f 246/246/108 312/312/107 411/411/439
f 116/116/18 276/276/20 365/365/26
f 680/680/21 198/198/570 275/275/22
f 458/458/571 460/460/572 318/318/573
f 247/247/152 313/313/151 441/441/574
f 628/628/27 936/936/575 379/379/520
f 276/276/20 364/364/518 628/628/27
f 349/349/36 122/122/35 262/262/178
f 224/224/576 349/349/36 611/611/577
f 1147/1147/578 380/380/579 482/482/360
f 342/342/181 482/482/360 996/996/580
f 183/183/581 750/750/582 751/751/583
f 42/42/165 277/277/184 41/41/285
f 363/363/120 112/112/32 275/275/22
f 913/913/584 480/480/585 912/912/457
f 284/284/264 51/51/268 52/52/552
f 261/261/259 881/881/586 217/217/587
f 505/505/510 229/229/509 761/761/588
f 129/129/67 283/283/407 128/128/13
f 27/27/197 282/282/196 367/367/415
f 918/918/589 344/344/590 200/200/591
f 269/269/145 730/730/592 220/220/442
f 87/87/593 405/405/121 86/86/146
f 232/232/382 899/899/594 883/883/595
f 323/323/381 444/444/380 982/982/596
f 158/158/309 1120/1120/597 931/931/310
f 97/97/93 290/290/72 96/96/100
f 58/58/495 59/59/282 279/279/271
f 234/234/272 576/576/274 1077/1077/429
f 886/886/598 485/485/496 235/235/330
f 718/718/599 273/273/280 485/485/496
f 94/94/312 95/95/600 308/308/95
f 309/309/102 384/384/554 211/211/553
f 870/870/601 869/869/246 76/76/250
f 77/77/251 870/870/601 76/76/250
f 330/330/80 238/238/602 927/927/603
f 102/102/78 291/291/82 101/101/478
f 3/3/43 4/4/63 286/286/47
f 409/409/45 839/839/604 339/339/65
f 828/828/238 289/289/144 353/353/447
f 834/834/605 353/353/447 202/202/143
f 293/293/295 8/8/503 9/9/606
f 241/241/293 293/293/295 294/294/453
f 295/295/208 32/32/216 33/33/399
f 242/242/206 295/295/208 296/296/472
f 243/243/215 195/195/507 831/831/327
f 366/366/212 583/583/508 1083/1083/607
f 895/895/389 299/299/391 244/244/608
f 134/134/57 298/298/58 133/133/68
f 311/311/12 245/245/609 930/930/610
f 126/126/3 310/310/2 125/125/319
f 83/83/112 84/84/134 312/312/107
f 391/391/445 352/352/142 922/922/611
f 12/12/154 13/13/162 313/313/151
f 247/247/152 442/442/542 314/314/149
f 901/901/523 316/316/524 248/248/202
f 22/22/204 315/315/203 21/21/186
f 1052/1052/612 540/540/613 249/249/170
f 739/739/614 300/300/179 540/540/613
f 72/72/225 73/73/247 302/302/243
f 204/204/245 1004/1004/615 489/489/466
f 650/650/616 204/204/245 490/490/467
f 899/899/594 303/303/223 898/898/617
f 62/62/235 63/63/296 304/304/229
f 1012/1012/618 287/287/269 252/252/228
f 471/471/501 253/253/62 206/206/499
f 917/917/619 244/244/608 340/340/59
f 254/254/435 467/467/277 887/887/620
f 746/746/621 284/284/264 745/745/424
f 406/406/564 732/732/378 170/170/159
f 15/15/157 341/341/156 14/14/163
f 36/36/180 37/37/175 342/342/181
f 256/256/182 543/543/548 343/343/210
f 66/66/253 67/67/237 323/323/381
f 257/257/254 580/580/233 305/305/396
f 494/494/622 1009/1009/623 205/205/624
f 797/797/625 233/233/626 346/346/97
f 546/546/545 517/517/544 182/182/627
f 760/760/628 347/347/17 545/545/629
f 1152/1152/630 938/938/631 383/383/632
f 183/183/581 751/751/583 754/754/633
f 261/261/259 228/228/262 746/746/621
f 484/484/283 261/261/259 217/217/587
f 123/123/177 124/124/318 348/348/492
f 611/611/577 349/349/36 262/262/178
f 772/772/106 263/263/105 211/211/553
f 1154/1154/124 776/776/125 89/89/131
f 6/6/50 7/7/502 350/350/48
f 264/264/49 1171/1171/53 608/608/147
f 218/218/634 882/882/635 265/265/205
f 255/255/155 16/16/161 836/836/414
f 109/109/118 110/110/130 360/360/117
f 474/474/127 214/214/113 266/266/115
f 498/498/114 267/267/90 107/107/89
f 575/575/459 267/267/90 214/214/113
f 653/653/636 215/215/110 556/556/559
f 361/361/86 926/926/637 238/238/602
f 405/405/121 269/269/145 86/86/146
f 231/231/123 775/775/104 730/730/592
f 270/270/485 883/883/595 686/686/638
f 155/155/639 631/631/640 632/632/483
f 155/155/639 630/630/641 631/631/640
f 1118/1118/353 582/582/355 638/638/642
f 634/634/643 642/642/479 272/272/367
f 562/562/644 377/377/645 935/935/646
f 485/485/496 273/273/280 235/235/330
f 467/467/277 273/273/280 210/210/647
f 479/479/406 555/555/558 557/557/648
f 1072/1072/649 154/154/650 571/571/651
f 113/113/31 114/114/287 362/362/23
f 507/507/652 363/363/120 275/275/22
f 117/117/19 118/118/34 364/364/518
f 682/682/24 365/365/26 276/276/20
f 226/226/185 751/751/583 495/495/183
f 201/201/526 1052/1052/612 351/351/286
f 884/884/428 278/278/278 234/234/272
f 867/867/256 278/278/278 235/235/330
f 539/539/281 279/279/271 59/59/282
f 576/576/274 723/723/489 173/173/653
f 706/706/431 280/280/6 120/120/29
f 825/825/4 280/280/6 224/224/576
f 168/168/654 311/311/12 410/410/655
f 518/518/656 1022/1022/657 1027/1027/658
f 28/28/198 29/29/218 366/366/212
f 452/452/513 367/367/415 282/282/196
f 760/760/628 761/761/588 229/229/509
f 368/368/14 929/929/659 245/245/609
f 52/52/552 254/254/435 284/284/264
f 745/745/424 284/284/264 254/254/435
f 344/344/590 285/285/192 230/230/514
f 369/369/190 200/200/591 248/248/202
f 472/472/52 286/286/47 4/4/63
f 345/345/46 206/206/499 839/839/604
f 1012/1012/618 190/190/660 504/504/566
f 287/287/269 1011/1011/661 539/539/281
f 718/718/599 829/829/662 210/210/647
f 386/386/550 325/325/663 908/908/423
f 81/81/379 82/82/111 827/827/529
f 353/353/447 289/289/144 202/202/143
f 370/370/73 290/290/72 233/233/626
f 203/203/71 308/308/95 488/488/99
f 330/330/80 291/291/82 238/238/602
f 205/205/624 1009/1009/623 837/837/74
f 888/888/140 292/292/139 240/240/449
f 870/870/601 292/292/139 237/237/664
f 371/371/393 293/293/295 9/9/606
f 294/294/453 293/293/295 889/889/665
f 1146/1146/666 734/734/541 735/735/667
f 610/610/668 832/832/452 833/833/669
f 431/431/398 295/295/208 33/33/399
f 890/890/670 209/209/671 891/891/672
f 296/296/472 890/890/670 891/891/672
f 296/296/472 166/166/673 435/435/473
f 875/875/207 297/297/213 31/31/217
f 893/893/214 297/297/213 242/242/206
f 299/299/391 298/298/58 244/244/608
f 298/298/58 896/896/392 466/466/69
f 895/895/389 244/244/608 193/193/674
f 162/162/675 547/547/543 1055/1055/676
f 540/540/613 300/300/179 249/249/170
f 716/716/174 300/300/179 225/225/359
f 204/204/245 301/301/227 250/250/226
f 251/251/244 70/70/474 301/301/227
f 869/869/246 302/302/243 73/73/247
f 897/897/141 302/302/243 237/237/664
f 898/898/617 303/303/223 251/251/244
f 864/864/236 303/303/223 232/232/382
f 468/468/298 304/304/229 63/63/296
f 1080/1080/677 570/570/488 579/579/230
f 257/257/254 982/982/596 580/580/233
f 468/468/298 305/305/396 213/213/678
f 514/514/679 1018/1018/383 1016/1016/385
f 512/512/680 307/307/388 511/511/387
f 307/307/388 512/512/680 1015/1015/681
f 1015/1015/681 1017/1017/682 307/307/388
f 95/95/600 96/96/100 488/488/99
f 355/355/96 308/308/95 203/203/71
f 384/384/554 309/309/102 236/236/94
f 796/796/116 211/211/553 263/263/105
f 311/311/12 310/310/2 245/245/609
f 310/310/2 900/900/11 473/473/320
f 245/245/609 929/929/659 930/930/610
f 168/168/654 860/860/561 311/311/12
f 574/574/133 312/312/107 84/84/134
f 411/411/439 178/178/441 922/922/611
f 679/679/164 313/313/151 13/13/162
f 247/247/152 441/441/574 179/179/683
f 442/442/542 247/247/152 179/179/683
f 10/10/150 371/371/393 9/9/606
f 316/316/524 315/315/203 248/248/202
f 315/315/203 902/902/525 503/503/187
f 901/901/523 248/248/202 200/200/591
f 903/903/160 732/732/378 316/316/524
f 907/907/684 319/319/304 906/906/521
f 904/904/158 905/905/685 318/318/573
f 318/318/573 798/798/686 458/458/571
f 458/458/571 179/179/683 441/441/574
f 986/986/418 171/171/512 985/985/416
f 319/319/304 626/626/303 1116/1116/687
f 160/160/688 779/779/328 780/780/689
f 1146/1146/666 294/294/453 889/889/665
f 622/622/690 463/463/691 621/621/692
f 164/164/693 736/736/694 1057/1057/695
f 1155/1155/696 616/616/697 334/334/698
f 711/711/699 462/462/700 710/710/701
f 864/864/236 323/323/381 67/67/237
f 883/883/595 444/444/380 232/232/382
f 938/938/631 1152/1152/630 260/260/171
f 717/717/167 324/324/172 226/226/185
f 770/770/549 771/771/702 325/325/663
f 908/908/423 909/909/703 175/175/563
f 755/755/704 757/757/705 508/508/706
f 1152/1152/630 183/183/581 754/754/633
f 757/757/705 758/758/707 508/508/706
f 585/585/708 669/669/709 670/670/710
f 509/509/321 671/671/323 674/674/711
f 403/403/712 691/691/713 1140/1140/714
f 758/758/707 769/769/551 759/759/715
f 765/765/716 673/673/717 764/764/718
f 238/238/602 926/926/637 927/927/603
f 1059/1059/719 330/330/80 927/927/603
f 363/363/120 507/507/652 227/227/720
f 681/681/721 914/914/722 915/915/723
f 778/778/724 779/779/328 831/831/327
f 916/916/725 332/332/329 160/160/688
f 333/333/726 778/778/724 436/436/727
f 616/616/697 617/617/728 334/334/698
f 780/780/689 333/333/726 781/781/729
f 781/781/729 1155/1155/696 334/334/698
f 1032/1032/730 336/336/731 1028/1028/732
f 712/712/733 713/713/734 711/711/699
f 436/436/727 166/166/673 977/977/735
f 469/469/736 526/526/737 1036/1036/738
f 1032/1032/730 1028/1028/732 520/520/739
f 532/532/740 840/840/741 841/841/742
f 974/974/317 150/150/743 973/973/291
f 692/692/744 589/589/745 693/693/746
f 339/339/65 138/138/498 409/409/45
f 206/206/499 253/253/62 339/339/65
f 917/917/619 340/340/59 253/253/62
f 877/877/56 340/340/59 244/244/608
f 406/406/564 341/341/156 255/255/155
f 679/679/164 341/341/156 222/222/747
f 716/716/174 342/342/181 37/37/175
f 1147/1147/578 225/225/359 739/739/614
f 256/256/182 996/996/580 543/543/548
f 431/431/398 343/343/210 209/209/671
f 230/230/514 919/919/511 344/344/590
f 1115/1115/302 907/907/684 344/344/590
f 286/286/47 920/920/748 345/345/46
f 1114/1114/749 445/445/500 345/345/46
f 797/797/625 346/346/97 258/258/75
f 865/865/92 346/346/97 233/233/626
f 545/545/629 347/347/17 259/259/16
f 824/824/66 347/347/17 229/229/509
f 473/473/320 348/348/492 124/124/318
f 216/216/750 859/859/10 744/744/9
f 611/611/577 262/262/178 191/191/751
f 706/706/431 349/349/36 224/224/576
f 874/874/294 350/350/48 7/7/502
f 921/921/54 350/350/48 241/241/293
f 201/201/526 351/351/286 277/277/184
f 249/249/170 40/40/169 351/351/286
f 289/289/144 81/81/379 827/827/529
f 922/922/611 352/352/142 246/246/108
f 354/354/532 923/923/448 834/834/605
f 240/240/449 873/873/242 828/828/238
f 1005/1005/534 1002/1002/533 489/489/466
f 354/354/532 1005/1005/534 888/888/140
f 924/924/531 203/203/71 356/356/444
f 177/177/530 236/236/94 355/355/96
f 374/374/752 203/203/71 370/370/73
f 158/158/309 932/932/308 562/562/644
f 630/630/641 155/155/639 629/629/753
f 177/177/530 924/924/531 925/925/754
f 251/251/244 204/204/245 650/650/616
f 357/357/755 635/635/756 639/639/757
f 642/642/479 635/635/756 357/357/755
f 359/359/758 640/640/759 641/641/760
f 823/823/129 360/360/117 110/110/130
f 227/227/720 911/911/458 799/799/128
f 268/268/88 653/653/636 926/926/637
f 871/871/77 361/361/86 238/238/602
f 704/704/289 362/362/23 114/114/287
f 362/362/23 221/221/25 680/680/21
f 507/507/652 275/275/22 198/198/570
f 823/823/129 363/363/120 227/227/720
f 705/705/33 364/364/518 118/118/34
f 364/364/518 223/223/5 628/628/27
f 682/682/24 276/276/20 199/199/28
f 704/704/289 365/365/26 221/221/25
f 876/876/220 366/366/212 29/29/218
f 243/243/215 332/332/329 583/583/508
f 452/452/513 282/282/196 197/197/761
f 863/863/194 367/367/415 230/230/514
f 928/928/762 368/368/14 283/283/407
f 878/878/1 368/368/14 245/245/609
f 369/369/190 285/285/192 918/918/589
f 248/248/202 23/23/191 369/369/190
f 370/370/73 934/934/763 375/375/764
f 203/203/71 374/374/752 356/356/444
f 981/981/765 371/371/393 314/314/149
f 371/371/393 207/207/766 889/889/665
f 801/801/767 537/537/768 1049/1049/769
f 854/854/412 855/855/770 414/414/771
f 454/454/772 1176/1176/516 1175/1175/773
f 944/944/774 957/957/775 414/414/771
f 931/931/310 370/370/73 375/375/764
f 1120/1120/597 158/158/309 644/644/352
f 934/934/763 370/370/73 233/233/626
f 932/932/308 933/933/776 377/377/645
f 1007/1007/537 491/491/777 1008/1008/535
f 1008/1008/535 787/787/778 376/376/536
f 933/933/776 187/187/779 491/491/777
f 1007/1007/537 935/935/646 377/377/645
f 378/378/780 935/935/646 788/788/781
f 143/143/782 1162/1162/783 822/822/784
f 936/936/575 937/937/785 379/379/520
f 941/941/519 942/942/362 413/413/786
f 965/965/292 968/968/787 420/420/290
f 380/380/579 965/965/292 966/966/788
f 750/750/582 382/382/463 749/749/358
f 542/542/789 747/747/790 748/748/357
f 382/382/463 750/750/582 752/752/464
f 327/327/791 1066/1066/792 1064/1064/793
f 383/383/632 938/938/631 407/407/438
f 939/939/437 183/183/581 383/383/632
f 236/236/94 177/177/530 384/384/554
f 641/641/760 648/648/794 359/359/758
f 648/648/794 384/384/554 177/177/530
f 774/774/795 773/773/371 385/385/796
f 829/829/662 718/718/599 719/719/306
f 857/857/797 387/387/798 856/856/419
f 759/759/715 719/719/306 720/720/305
f 1001/1001/799 172/172/307 1000/1000/497
f 614/614/800 1045/1045/801 533/533/802
f 830/830/803 536/536/804 722/722/421
f 433/433/805 807/807/806 806/806/426
f 408/408/807 953/953/337 954/954/808
f 812/812/809 390/390/810 813/813/811
f 456/456/812 811/811/813 708/708/814
f 563/563/446 178/178/441 564/564/569
f 393/393/815 202/202/143 391/391/445
f 1119/1119/816 976/976/817 430/430/818
f 654/654/819 563/563/446 392/392/568
f 391/391/445 563/563/446 654/654/819
f 161/161/136 1002/1002/533 1003/1003/137
f 1144/1144/476 392/392/568 715/715/820
f 629/629/753 727/727/821 396/396/822
f 1144/1144/476 396/396/822 727/727/821
f 186/186/823 685/685/824 686/686/638
f 392/392/568 564/564/569 709/709/825
f 976/976/817 629/629/753 396/396/822
f 821/821/826 398/398/373 1118/1118/353
f 637/637/827 271/271/828 631/631/640
f 604/604/374 1162/1162/783 1105/1105/829
f 1070/1070/830 1082/1082/831 165/165/556
f 376/376/536 787/787/778 788/788/781
f 1010/1010/832 496/496/833 607/607/834
f 607/607/834 496/496/833 606/606/835
f 817/817/836 707/707/837 708/708/814
f 553/553/838 791/791/839 792/792/840
f 694/694/841 695/695/842 661/661/843
f 743/743/8 742/742/844 1108/1108/845
f 1149/1149/846 858/858/847 596/596/432
f 427/427/848 656/656/849 657/657/850
f 1123/1123/851 657/657/850 1124/1124/852
f 657/657/850 1121/1121/853 427/427/848
f 372/372/854 801/801/767 802/802/855
f 88/88/122 405/405/121 87/87/593
f 269/269/145 405/405/121 231/231/123
f 882/882/635 732/732/378 406/406/564
f 170/170/159 460/460/572 988/988/565
f 407/407/438 217/217/587 881/881/586
f 407/407/438 325/325/663 771/771/702
f 952/952/856 948/948/857 949/949/858
f 477/477/859 551/551/860 994/994/861
f 649/649/40 409/409/45 139/139/538
f 409/409/45 239/239/44 839/839/604
f 511/511/387 410/410/655 196/196/862
f 1037/1037/386 528/528/863 1096/1096/864
f 220/220/442 1145/1145/865 312/312/107
f 220/220/442 730/730/592 731/731/866
f 731/731/866 1145/1145/865 220/220/442
f 731/731/866 861/861/867 412/412/868
f 413/413/786 942/942/362 943/943/869
f 199/199/28 683/683/365 682/682/24
f 1135/1135/870 678/678/411 1187/1187/871
f 855/855/770 944/944/774 414/414/771
f 584/584/872 803/803/873 1085/1085/874
f 800/800/875 1159/1159/876 1158/1158/877
f 416/416/878 944/944/774 945/945/879
f 945/945/879 946/946/880 416/416/878
f 945/945/879 373/373/881 947/947/882
f 1046/1046/883 535/535/884 1048/1048/885
f 141/141/886 1046/1046/883 1048/1048/885
f 951/951/887 418/418/888 950/950/889
f 958/958/890 959/959/891 810/810/892
f 1141/1141/481 707/707/837 145/145/893
f 969/969/456 972/972/894 421/421/454
f 969/969/456 971/971/895 420/420/290
f 541/541/528 180/180/896 540/540/613
f 1053/1053/527 1061/1061/897 421/421/454
f 401/401/898 666/666/899 667/667/900
f 697/697/344 424/424/401 696/696/901
f 666/666/899 553/553/838 665/665/902
f 659/659/903 660/660/904 426/426/905
f 423/423/906 667/667/900 666/666/899
f 424/424/401 697/697/344 699/699/402
f 1182/1182/907 729/729/908 1156/1156/909
f 296/296/472 891/891/672 166/166/673
f 662/662/910 426/426/905 660/660/904
f 690/690/911 691/691/713 595/595/912
f 1090/1090/913 1091/1091/914 149/149/915
f 501/501/299 587/587/916 592/592/300
f 696/696/901 612/612/917 695/695/842
f 1088/1088/918 835/835/410 588/588/919
f 524/524/920 1148/1148/921 526/526/737
f 703/703/922 440/440/923 702/702/924
f 709/709/825 715/715/820 392/392/568
f 639/639/757 640/640/759 359/359/758
f 343/343/210 431/431/398 34/34/211
f 431/431/398 209/209/671 890/890/670
f 1011/1011/661 287/287/269 1012/1012/618
f 804/804/925 805/805/425 432/432/427
f 1072/1072/649 1074/1074/926 154/154/650
f 808/808/927 807/807/806 433/433/805
f 808/808/927 809/809/928 434/434/929
f 820/820/930 1078/1078/430 577/577/931
f 436/436/727 435/435/473 166/166/673
f 778/778/724 195/195/507 435/435/473
f 978/978/932 437/437/933 977/977/735
f 979/979/934 333/333/726 436/436/727
f 699/699/402 338/338/343 701/701/935
f 782/782/325 144/144/324 1087/1087/936
f 437/437/933 980/980/937 977/977/735
f 144/144/324 615/615/938 1087/1087/936
f 440/440/923 1157/1157/939 702/702/924
f 783/783/326 782/782/325 1156/1156/909
f 338/338/343 698/698/342 702/702/924
f 336/336/731 1032/1032/730 1033/1033/940
f 222/222/747 987/987/941 313/313/151
f 458/458/571 441/441/574 987/987/941
f 442/442/542 179/179/683 733/733/540
f 981/981/765 314/314/149 442/442/542
f 179/179/683 458/458/571 798/798/686
f 736/736/694 735/735/667 443/443/451
f 1117/1117/942 270/270/485 633/633/484
f 982/982/596 189/189/943 580/580/233
f 1114/1114/749 212/212/51 623/623/944
f 445/445/500 163/163/945 446/446/539
f 163/163/945 848/848/946 849/849/947
f 471/471/501 983/983/948 193/193/674
f 623/623/944 609/609/949 163/163/945
f 984/984/950 162/162/675 1168/1168/390
f 849/849/947 446/446/539 163/163/945
f 849/849/947 850/850/951 448/448/952
f 846/846/953 842/842/506 142/142/505
f 846/846/953 142/142/505 1139/1139/954
f 841/841/742 846/846/953 532/532/740
f 1023/1023/955 687/687/956 651/651/957
f 609/609/949 845/845/315 848/848/946
f 549/549/377 321/321/376 1056/1056/958
f 1170/1170/959 985/985/416 452/452/513
f 452/452/513 985/985/416 919/919/511
f 916/916/725 1170/1170/959 197/197/761
f 1113/1113/960 1111/1111/961 618/618/962
f 914/914/722 152/152/963 913/913/584
f 680/680/21 681/681/721 198/198/570
f 809/809/928 810/810/892 455/455/964
f 810/810/892 959/959/891 455/455/964
f 811/811/813 456/456/812 810/810/892
f 964/964/965 419/419/966 955/955/967
f 457/457/968 811/811/813 812/812/809
f 145/145/893 817/817/836 815/815/969
f 460/460/572 987/987/941 222/222/747
f 147/147/970 989/989/971 798/798/686
f 459/459/972 798/798/686 989/989/971
f 733/733/540 737/737/973 443/443/451
f 988/988/565 460/460/572 222/222/747
f 904/904/158 460/460/572 170/170/159
f 147/147/970 626/626/303 627/627/394
f 461/461/974 990/990/375 549/549/377
f 320/320/395 725/725/975 726/726/976
f 710/710/701 726/726/976 622/622/690
f 619/619/977 624/624/978 453/453/417
f 618/618/962 334/334/698 617/617/728
f 1041/1041/979 530/530/980 1040/1040/981
f 465/465/982 712/712/733 714/714/983
f 464/464/984 1040/1040/981 530/530/980
f 844/844/985 142/142/505 843/843/504
f 298/298/58 466/466/69 133/133/68
f 466/466/69 208/208/986 1054/1054/987
f 273/273/280 467/467/277 54/54/276
f 467/467/277 210/210/647 887/887/620
f 305/305/396 468/468/298 64/64/297
f 304/304/229 468/468/298 213/213/678
f 1019/1019/988 153/153/384 1018/1018/383
f 469/469/736 519/519/989 524/524/920
f 1025/1025/990 513/513/991 1026/1026/992
f 615/615/938 1183/1183/993 335/335/339
f 983/983/948 471/471/501 446/446/539
f 471/471/501 193/193/674 917/917/619
f 264/264/49 472/472/52 5/5/64
f 472/472/52 212/212/51 920/920/748
f 310/310/2 473/473/320 125/125/319
f 348/348/492 473/473/320 216/216/750
f 799/799/128 266/266/115 360/360/117
f 475/475/994 991/991/338 992/992/995
f 995/995/996 954/954/808 707/707/837
f 476/476/557 167/167/997 575/575/459
f 991/991/338 476/476/557 474/474/127
f 551/551/860 476/476/557 475/475/994
f 852/852/482 478/478/998 851/851/480
f 476/476/557 551/551/860 167/167/997
f 557/557/648 558/558/404 479/479/406
f 551/551/860 552/552/999 167/167/997
f 653/653/636 556/556/559 652/652/1000
f 552/552/999 555/555/558 167/167/997
f 152/152/963 948/948/857 952/952/856
f 993/993/335 475/475/994 992/992/995
f 1095/1095/434 1093/1093/433 1094/1094/1001
f 1134/1134/1002 677/677/1003 1133/1133/1004
f 967/967/1005 482/482/360 380/380/579
f 482/482/360 967/967/1005 996/996/580
f 1068/1068/1006 154/154/650 804/804/925
f 804/804/925 568/568/567 1068/1068/1006
f 261/261/259 484/484/283 46/46/260
f 484/484/283 217/217/587 938/938/631
f 235/235/330 885/885/331 886/886/598
f 718/718/599 485/485/496 172/172/307
f 1079/1079/1007 192/192/1008 1078/1078/430
f 614/614/800 1110/1110/1009 613/613/1010
f 486/486/1011 1079/1079/1007 613/613/1010
f 720/720/305 721/721/420 1143/1143/1012
f 203/203/71 488/488/99 290/290/72
f 95/95/600 488/488/99 308/308/95
f 395/395/1013 1006/1006/1014 728/728/477
f 204/204/245 250/250/226 1004/1004/615
f 1006/1006/1014 490/490/467 489/489/466
f 650/650/616 685/685/824 186/186/823
f 187/187/779 494/494/622 491/491/777
f 205/205/624 330/330/80 506/506/1015
f 1008/1008/535 494/494/622 492/492/1016
f 789/789/1017 493/493/1018 787/787/778
f 790/790/345 789/789/1017 159/159/1019
f 1100/1100/1020 1101/1101/1021 493/493/1018
f 187/187/779 797/797/625 1009/1009/623
f 494/494/622 205/205/624 506/506/1015
f 747/747/790 495/495/183 381/381/1022
f 201/201/526 277/277/184 495/495/183
f 815/815/969 457/457/968 814/814/1023
f 400/400/1024 605/605/1025 606/606/835
f 572/572/1026 1104/1104/1027 605/605/1025
f 1101/1101/1021 1100/1100/1020 601/601/1028
f 266/266/115 498/498/114 108/108/403
f 267/267/90 498/498/114 214/214/113
f 267/267/90 499/499/85 106/106/84
f 268/268/88 499/499/85 215/215/110
f 593/593/301 597/597/1029 501/501/299
f 741/741/1030 500/500/562 593/593/301
f 307/307/388 1017/1017/682 1038/1038/1031
f 587/587/916 501/501/299 1039/1039/1032
f 587/587/916 588/588/919 502/502/409
f 1091/1091/914 1090/1090/913 594/594/1033
f 315/315/203 503/503/187 21/21/186
f 265/265/205 503/503/187 218/218/634
f 568/568/567 504/504/566 190/190/660
f 724/724/490 504/504/566 432/432/427
f 1014/1014/1034 505/505/510 306/306/1035
f 928/928/762 505/505/510 196/196/862
f 159/159/1019 1013/1013/1036 506/506/1015
f 506/506/1015 1013/1013/1036 494/494/622
f 915/915/723 507/507/652 198/198/570
f 911/911/458 507/507/652 331/331/1037
f 674/674/711 675/675/1038 509/509/321
f 753/753/465 755/755/704 327/327/791
f 766/766/1039 673/673/717 765/765/716
f 372/372/854 802/802/855 803/803/873
f 669/669/709 328/328/1040 668/668/1041
f 566/566/1042 1063/1063/1043 1065/1065/1044
f 196/196/862 1014/1014/1034 511/511/387
f 511/511/387 1014/1014/1034 512/512/680
f 514/514/679 512/512/680 306/306/1035
f 1016/1016/385 513/513/991 1015/1015/681
f 1026/1026/992 153/153/384 1020/1020/1045
f 1017/1017/682 513/513/991 1184/1184/1046
f 762/762/1047 306/306/1035 761/761/588
f 1024/1024/460 762/762/1047 517/517/544
f 514/514/679 306/306/1035 762/762/1047
f 515/515/1048 1021/1021/462 1019/1019/988
f 688/688/1049 687/687/956 516/516/1050
f 1020/1020/1045 1022/1022/657 518/518/656
f 182/182/627 545/545/629 546/546/545
f 548/548/1051 517/517/544 547/547/543
f 153/153/384 1019/1019/988 1020/1020/1045
f 1022/1022/657 519/519/989 1027/1027/658
f 519/519/989 1022/1022/657 1029/1029/1052
f 519/519/989 1028/1028/732 524/524/920
f 520/520/739 1029/1029/1052 1030/1030/1053
f 616/616/697 615/615/938 335/335/339
f 520/520/739 1030/1030/1053 1031/1031/1054
f 144/144/324 783/783/326 784/784/1055
f 651/651/957 522/522/340 1030/1030/1053
f 620/620/1056 616/616/697 335/335/339
f 523/523/1057 1034/1034/341 1035/1035/1058
f 337/337/1059 1043/1043/1060 1042/1042/1061
f 525/525/1062 524/524/920 336/336/731
f 526/526/737 469/469/736 524/524/920
f 336/336/731 1033/1033/940 703/703/922
f 429/429/1063 590/590/1064 740/740/1065
f 1148/1148/921 525/525/1062 740/740/1065
f 527/527/1066 1036/1036/738 529/529/1067
f 529/529/1067 526/526/737 281/281/1068
f 168/168/654 410/410/655 1037/1037/386
f 527/527/1066 1039/1039/1032 1038/1038/1031
f 501/501/299 1096/1096/864 1039/1039/1032
f 587/587/916 529/529/1067 281/281/1068
f 529/529/1067 587/587/916 1039/1039/1032
f 714/714/983 1043/1043/1060 531/531/1069
f 530/530/980 714/714/983 712/712/733
f 651/651/957 687/687/956 337/337/1059
f 1044/1044/1070 531/531/1069 142/142/505
f 689/689/1071 687/687/956 688/688/1049
f 840/840/741 450/450/461 548/548/1051
f 960/960/1072 961/961/332 389/389/334
f 533/533/802 963/963/1073 614/614/800
f 1046/1046/883 1047/1047/1074 534/534/1075
f 533/533/802 962/962/333 963/963/1073
f 951/951/887 955/955/967 419/419/966
f 949/949/858 554/554/1076 950/950/889
f 141/141/886 1049/1049/769 1051/1051/1077
f 765/765/716 722/722/421 536/536/804
f 766/766/1039 1051/1051/1077 537/537/768
f 1131/1131/1078 673/673/717 372/372/854
f 1049/1049/769 1050/1050/1079 538/538/1080
f 1167/1167/1081 373/373/881 855/855/770
f 287/287/269 539/539/281 60/60/270
f 279/279/271 539/539/281 219/219/1082
f 541/541/528 1052/1052/612 201/201/526
f 739/739/614 540/540/613 180/180/896
f 1053/1053/527 201/201/526 542/542/789
f 541/541/528 1053/1053/527 972/972/894
f 201/201/526 495/495/183 747/747/790
f 156/156/356 1062/1062/1083 1061/1061/897
f 598/598/546 543/543/548 185/185/1084
f 209/209/671 343/343/210 543/543/548
f 598/598/546 185/185/1084 599/599/468
f 1182/1182/907 437/437/933 978/978/932
f 259/259/16 466/466/69 1054/1054/987
f 760/760/628 545/545/629 182/182/627
f 1054/1054/987 545/545/629 259/259/16
f 547/547/543 162/162/675 548/548/1051
f 1054/1054/987 547/547/543 546/546/545
f 1055/1055/676 547/547/543 208/208/986
f 162/162/675 984/984/950 847/847/1085
f 1024/1024/460 548/548/1051 450/450/461
f 713/713/734 321/321/376 711/711/699
f 443/443/451 737/737/973 738/738/450
f 1164/1164/1086 465/465/982 844/844/985
f 735/735/667 736/736/694 164/164/693
f 994/994/861 551/551/860 475/475/994
f 552/552/999 851/851/480 478/478/998
f 477/477/859 552/552/999 551/551/860
f 557/557/648 555/555/558 552/552/999
f 1130/1130/1087 662/662/910 660/660/904
f 969/969/456 970/970/455 401/401/898
f 949/949/858 950/950/889 418/418/888
f 1177/1177/1088 417/417/1089 947/947/882
f 557/557/648 552/552/999 478/478/998
f 556/556/559 555/555/558 479/479/406
f 652/652/1000 556/556/559 479/479/406
f 215/215/110 575/575/459 1076/1076/560
f 1010/1010/832 557/557/648 478/478/998
f 557/557/648 1010/1010/832 558/558/404
f 558/558/404 274/274/1090 1099/1099/346
f 558/558/404 559/559/1091 560/560/405
f 607/607/834 600/600/347 274/274/1090
f 560/560/405 561/561/1092 188/188/1093
f 561/561/1092 560/560/405 559/559/1091
f 652/652/1000 560/560/405 188/188/1093
f 559/559/1091 1058/1058/1094 561/561/1092
f 1058/1058/1094 1059/1059/719 561/561/1092
f 645/645/368 272/272/367 642/642/479
f 158/158/309 562/562/644 643/643/351
f 178/178/441 777/777/440 564/564/569
f 392/392/568 394/394/475 654/654/819
f 412/412/868 1060/1060/1095 564/564/569
f 564/564/569 1060/1060/1095 709/709/825
f 792/792/840 1062/1062/1083 566/566/1042
f 666/666/899 791/791/839 553/553/838
f 1065/1065/1044 1063/1063/1043 567/567/1096
f 676/676/1097 510/510/1098 669/669/709
f 1150/1150/1099 156/156/356 749/749/358
f 671/671/323 510/510/1098 1066/1066/792
f 1067/1067/1100 568/568/567 190/190/660
f 804/804/925 432/432/427 568/568/567
f 1067/1067/1100 570/570/488 569/569/487
f 1071/1071/1101 571/571/651 1068/1068/1006
f 579/579/230 190/190/660 252/252/228
f 1070/1070/830 165/165/556 570/570/488
f 999/999/1102 571/571/651 483/483/397
f 1073/1073/1103 572/572/1026 1072/1072/649
f 1104/1104/1027 399/399/1104 603/603/1105
f 1075/1075/1106 573/573/1107 1074/1074/926
f 814/814/1023 457/457/968 812/812/809
f 805/805/425 573/573/1107 433/433/805
f 269/269/145 574/574/133 85/85/135
f 312/312/107 574/574/133 220/220/442
f 476/476/557 575/575/459 214/214/113
f 575/575/459 167/167/997 1076/1076/560
f 723/723/489 279/279/271 219/219/1082
f 173/173/653 577/577/931 1077/1077/429
f 1161/1161/1108 173/173/653 807/807/806
f 578/578/1109 818/818/348 151/151/350
f 818/818/348 820/820/930 434/434/929
f 578/578/1109 151/151/350 613/613/1010
f 1080/1080/677 304/304/229 213/213/678
f 570/570/488 190/190/660 579/579/230
f 581/581/231 580/580/233 189/189/943
f 305/305/396 580/580/233 1081/1081/232
f 633/633/484 763/763/1110 1153/1153/1111
f 1082/1082/831 1070/1070/830 581/581/231
f 271/271/828 763/763/1110 633/633/484
f 271/271/828 637/637/827 638/638/642
f 916/916/725 583/583/508 332/332/329
f 282/282/196 1083/1083/607 197/197/761
f 1128/1128/1112 1086/1086/1113 664/664/1114
f 663/663/1115 1127/1127/1116 584/584/872
f 1127/1127/1116 669/669/709 585/585/708
f 672/672/322 585/585/708 670/670/710
f 586/586/1117 1087/1087/936 615/615/938
f 586/586/1117 615/615/938 616/616/697
f 588/588/919 587/587/916 281/281/1068
f 592/592/300 587/587/916 502/502/409
f 590/590/1064 281/281/1068 740/740/1065
f 1089/1089/1118 590/590/1064 429/429/1063
f 590/590/1064 588/588/919 281/281/1068
f 655/655/408 656/656/849 427/427/848
f 698/698/342 591/591/1119 1089/1089/1118
f 1088/1088/918 588/588/919 590/590/1064
f 693/693/746 694/694/841 140/140/1120
f 1088/1088/918 591/591/1119 589/589/745
f 594/594/1033 592/592/300 502/502/409
f 594/594/1033 1090/1090/913 592/592/300
f 741/741/1030 593/593/301 149/149/915
f 597/597/1029 593/593/301 500/500/562
f 502/502/409 655/655/408 594/594/1033
f 691/691/713 403/403/712 1092/1092/1121
f 594/594/1033 655/655/408 690/690/911
f 858/858/847 1092/1092/1121 596/596/432
f 596/596/432 1092/1092/1121 1093/1093/433
f 1149/1149/846 402/402/1122 742/742/844
f 860/860/561 597/597/1029 500/500/562
f 597/597/1029 860/860/561 1096/1096/864
f 380/380/579 966/966/788 967/967/1005
f 544/544/470 891/891/672 892/892/547
f 1181/1181/1123 1098/1098/1124 150/150/743
f 544/544/470 598/598/546 599/599/468
f 601/601/1028 600/600/347 497/497/1125
f 789/789/1017 790/790/345 1100/1100/1020
f 497/497/1125 603/603/1105 601/601/1028
f 143/143/782 788/788/781 1102/1102/1126
f 602/602/1127 1101/1101/1021 1103/1103/1128
f 398/398/373 821/821/826 1162/1162/783
f 603/603/1105 497/497/1125 605/605/1025
f 399/399/1104 1106/1106/1129 1103/1103/1128
f 1106/1106/1129 604/604/374 1105/1105/829
f 998/998/372 999/999/1102 483/483/397
f 606/606/835 605/605/1025 497/497/1125
f 605/605/1025 400/400/1024 1075/1075/1106
f 607/607/834 606/606/835 497/497/1125
f 496/496/833 815/815/969 816/816/1130
f 600/600/347 607/607/834 497/497/1125
f 607/607/834 274/274/1090 1010/1010/832
f 1107/1107/1131 608/608/147 194/194/1132
f 623/623/944 212/212/51 608/608/147
f 609/609/949 1107/1107/1131 610/610/668
f 451/451/314 843/843/504 845/845/315
f 194/194/1132 921/921/54 832/832/452
f 1185/1185/1133 164/164/693 1057/1057/695
f 1108/1108/845 611/611/577 191/191/751
f 826/826/494 611/611/577 402/402/1122
f 424/424/401 974/974/317 975/975/1134
f 661/661/843 1126/1126/1135 1125/1125/1136
f 614/614/800 613/613/1010 151/151/350
f 613/613/1010 1110/1110/1009 1001/1001/799
f 614/614/800 151/151/350 1045/1045/801
f 1109/1109/1137 614/614/800 388/388/1138
f 784/784/1055 615/615/938 144/144/324
f 1183/1183/993 521/521/1139 1031/1031/1054
f 335/335/339 1034/1034/341 620/620/1056
f 616/616/697 620/620/1056 617/617/728
f 322/322/1140 621/621/692 617/617/728
f 1111/1111/961 1112/1112/1141 618/618/962
f 621/621/692 618/618/962 617/617/728
f 1170/1170/959 1169/1169/1142 453/453/417
f 1113/1113/960 619/619/977 1111/1111/961
f 624/624/978 725/725/975 320/320/395
f 1041/1041/979 620/620/1056 523/523/1057
f 617/617/728 620/620/1056 322/322/1140
f 322/322/1140 1040/1040/981 622/622/690
f 621/621/692 463/463/691 1113/1113/960
f 322/322/1140 622/622/690 621/621/692
f 710/710/701 622/622/690 464/464/984
f 623/623/944 608/608/147 1107/1107/1131
f 1114/1114/749 163/163/945 445/445/500
f 619/619/977 1113/1113/960 725/725/975
f 624/624/978 320/320/395 625/625/1143
f 626/626/303 625/625/1143 320/320/395
f 1115/1115/302 171/171/512 625/625/1143
f 726/726/976 627/627/394 320/320/395
f 626/626/303 147/147/970 1116/1116/687
f 990/990/375 627/627/394 462/462/700
f 627/627/394 461/461/974 989/989/971
f 936/936/575 628/628/27 223/223/5
f 941/941/519 628/628/27 379/379/520
f 630/630/641 629/629/753 358/358/1144
f 155/155/639 686/686/638 1137/1137/1145
f 358/358/1144 634/634/643 630/630/641
f 631/631/640 271/271/828 632/632/483
f 636/636/1146 630/630/641 634/634/643
f 631/631/640 636/636/1146 637/637/827
f 633/633/484 632/632/483 271/271/828
f 270/270/485 686/686/638 1138/1138/1147
f 271/271/828 582/582/355 763/763/1110
f 633/633/484 189/189/943 1117/1117/942
f 634/634/643 358/358/1144 635/635/756
f 636/636/1146 634/634/643 272/272/367
f 1119/1119/816 358/358/1144 976/976/817
f 639/639/757 359/359/758 647/647/443
f 272/272/367 646/646/369 853/853/1148
f 630/630/641 636/636/1146 631/631/640
f 853/853/1148 636/636/1146 272/272/367
f 637/637/827 397/397/1149 638/638/642
f 638/638/642 397/397/1149 821/821/826
f 271/271/828 638/638/642 582/582/355
f 635/635/756 1119/1119/816 639/639/757
f 640/640/759 430/430/818 146/146/1150
f 640/640/759 639/639/757 1119/1119/816
f 146/146/1150 774/774/795 641/641/760
f 146/146/1150 641/641/760 640/640/759
f 648/648/794 641/641/760 385/385/796
f 635/635/756 642/642/479 634/634/643
f 643/643/351 642/642/479 357/357/755
f 643/643/351 357/357/755 644/644/352
f 643/643/351 562/562/644 645/645/368
f 647/647/443 644/644/352 357/357/755
f 374/374/752 1120/1120/597 356/356/444
f 562/562/644 378/378/780 645/645/368
f 378/378/780 1163/1163/1151 646/646/369
f 378/378/780 646/646/369 645/645/368
f 853/853/1148 397/397/1149 637/637/827
f 639/639/757 647/647/443 357/357/755
f 647/647/443 359/359/758 925/925/754
f 648/648/794 385/385/796 838/838/555
f 648/648/794 177/177/530 925/925/754
f 1/1/41 649/649/40 139/139/538
f 649/649/40 2/2/39 872/872/42
f 685/685/824 490/490/467 395/395/1013
f 898/898/617 650/650/616 186/186/823
f 1023/1023/955 470/470/1152 1022/1022/657
f 337/337/1059 1042/1042/1061 1035/1035/1058
f 560/560/405 652/652/1000 479/479/406
f 926/926/637 653/653/636 188/188/1093
f 188/188/1093 653/653/636 652/652/1000
f 215/215/110 653/653/636 268/268/88
f 940/940/138 654/654/819 394/394/475
f 391/391/445 654/654/819 393/393/815
f 656/656/849 835/835/410 589/589/745
f 690/690/911 655/655/408 427/427/848
f 589/589/745 692/692/744 656/656/849
f 1122/1122/1153 658/658/1154 1121/1121/853
f 692/692/744 657/657/850 656/656/849
f 659/659/903 1124/1124/852 140/140/1120
f 1122/1122/1153 664/664/1114 1129/1129/1155
f 677/677/1003 1140/1140/714 1129/1129/1155
f 661/661/843 659/659/903 140/140/1120
f 660/660/904 1125/1125/1136 423/423/906
f 665/665/902 660/660/904 423/423/906
f 668/668/1041 1130/1130/1087 665/665/902
f 661/661/843 140/140/1120 694/694/841
f 1126/1126/1135 661/661/843 612/612/917
f 663/663/1115 662/662/910 328/328/1040
f 664/664/1114 426/426/905 662/662/910
f 1127/1127/1116 663/663/1115 328/328/1040
f 584/584/872 1084/1084/1156 1086/1086/1113
f 1128/1128/1112 664/664/1114 662/662/910
f 1129/1129/1155 664/664/1114 404/404/1157
f 666/666/899 665/665/902 423/423/906
f 668/668/1041 665/665/902 553/553/838
f 1126/1126/1135 667/667/900 423/423/906
f 666/666/899 401/401/898 791/791/839
f 975/975/1134 667/667/900 612/612/917
f 667/667/900 422/422/316 971/971/895
f 676/676/1097 669/669/709 668/668/1041
f 1130/1130/1087 328/328/1040 662/662/910
f 676/676/1097 668/668/1041 553/553/838
f 669/669/709 510/510/1098 670/670/710
f 671/671/323 670/670/710 510/510/1098
f 670/670/710 671/671/323 672/672/322
f 510/510/1098 1065/1065/1044 1066/1066/792
f 671/671/323 1066/1066/792 674/674/711
f 673/673/717 672/672/322 509/509/321
f 1131/1131/1078 585/585/708 672/672/322
f 509/509/321 675/675/1038 764/764/718
f 1132/1132/1158 372/372/854 673/673/717
f 755/755/704 674/674/711 327/327/791
f 508/508/706 857/857/797 675/675/1038
f 508/508/706 675/675/1038 674/674/711
f 764/764/718 675/675/1038 329/329/1159
f 792/792/840 676/676/1097 553/553/838
f 1065/1065/1044 676/676/1097 566/566/1042
f 1135/1135/870 404/404/1157 1186/1186/1160
f 1133/1133/1004 157/157/361 1172/1172/363
f 678/678/411 1186/1186/1160 854/854/412
f 1166/1166/413 1133/1133/1004 1187/1187/871
f 341/341/156 679/679/164 14/14/163
f 313/313/151 679/679/164 222/222/747
f 221/221/25 682/682/24 794/794/1161
f 681/681/721 767/767/517 454/454/772
f 793/793/1162 681/681/721 680/680/21
f 914/914/722 681/681/721 454/454/772
f 199/199/28 941/941/519 683/683/365
f 793/793/1162 794/794/1161 169/169/1163
f 684/684/366 683/683/365 413/413/786
f 683/683/365 1136/1136/364 794/794/1161
f 413/413/786 943/943/869 1173/1173/1164
f 416/416/878 1176/1176/516 768/768/515
f 490/490/467 685/685/824 650/650/616
f 395/395/1013 1137/1137/1145 686/686/638
f 395/395/1013 686/686/638 685/685/824
f 1138/1138/1147 155/155/639 632/632/483
f 516/516/1050 1021/1021/462 688/688/1049
f 689/689/1071 337/337/1059 687/687/956
f 840/840/741 688/688/1049 450/450/461
f 689/689/1071 1139/1139/954 531/531/1069
f 532/532/740 689/689/1071 688/688/1049
f 1043/1043/1060 689/689/1071 531/531/1069
f 427/427/848 1121/1121/853 691/691/713
f 690/690/911 595/595/912 1091/1091/914
f 427/427/848 691/691/713 690/690/911
f 1140/1140/714 691/691/713 658/658/1154
f 693/693/746 589/589/745 591/591/1119
f 692/692/744 140/140/1120 1124/1124/852
f 694/694/841 591/591/1119 428/428/1165
f 140/140/1120 692/692/744 693/693/746
f 591/591/1119 694/694/841 693/693/746
f 694/694/841 428/428/1165 695/695/842
f 696/696/901 695/695/842 428/428/1165
f 661/661/843 695/695/842 612/612/917
f 697/697/344 696/696/901 428/428/1165
f 696/696/901 424/424/401 975/975/1134
f 698/698/342 697/697/344 428/428/1165
f 697/697/344 338/338/343 699/699/402
f 591/591/1119 698/698/342 428/428/1165
f 698/698/342 429/429/1063 702/702/924
f 338/338/343 786/786/1166 701/701/935
f 699/699/402 701/701/935 700/700/400
f 425/425/1167 1097/1097/469 1098/1098/1124
f 974/974/317 1181/1181/1123 150/150/743
f 439/439/1168 729/729/908 701/701/935
f 701/701/935 729/729/908 700/700/400
f 703/703/922 429/429/1063 525/525/1062
f 785/785/1169 786/786/1166 1157/1157/939
f 429/429/1063 703/703/922 702/702/924
f 336/336/731 703/703/922 525/525/1062
f 365/365/26 704/704/289 115/115/288
f 362/362/23 704/704/289 221/221/25
f 280/280/6 705/705/33 119/119/30
f 364/364/518 705/705/33 223/223/5
f 349/349/36 706/706/431 121/121/37
f 280/280/6 706/706/431 224/224/576
f 477/477/859 994/994/861 995/995/996
f 1142/1142/1170 419/419/966 964/964/965
f 1142/1142/1170 964/964/965 708/708/814
f 457/457/968 815/815/969 817/817/836
f 146/146/1150 430/430/818 709/709/825
f 430/430/818 976/976/817 715/715/820
f 711/711/699 710/710/701 464/464/984
f 710/710/701 462/462/700 726/726/976
f 712/712/733 711/711/699 464/464/984
f 711/711/699 321/321/376 990/990/375
f 530/530/980 712/712/733 464/464/984
f 712/712/733 465/465/982 713/713/734
f 1164/1164/1086 713/713/734 465/465/982
f 1056/1056/958 713/713/734 550/550/1171
f 1043/1043/1060 714/714/983 530/530/980
f 1044/1044/1070 714/714/983 531/531/1069
f 430/430/818 715/715/820 709/709/825
f 715/715/820 396/396/822 1144/1144/476
f 300/300/179 716/716/174 38/38/176
f 342/342/181 716/716/174 225/225/359
f 324/324/172 717/717/167 43/43/166
f 277/277/184 717/717/167 226/226/185
f 719/719/306 718/718/599 172/172/307
f 273/273/280 718/718/599 210/210/647
f 1001/1001/799 720/720/305 172/172/307
f 829/829/662 719/719/306 386/386/550
f 721/721/420 720/720/305 487/487/1172
f 759/759/715 387/387/798 758/758/707
f 1109/1109/1137 721/721/420 487/487/1172
f 722/722/421 721/721/420 388/388/1138
f 722/722/421 388/388/1138 830/830/803
f 856/856/419 722/722/421 329/329/1159
f 279/279/271 723/723/489 576/576/274
f 724/724/490 723/723/489 219/219/1082
f 724/724/490 219/219/1082 1011/1011/661
f 432/432/427 806/806/426 1160/1160/491
f 619/619/977 725/725/975 624/624/978
f 726/726/976 725/725/975 463/463/691
f 726/726/976 463/463/691 622/622/690
f 726/726/976 462/462/700 627/627/394
f 1137/1137/1145 727/727/821 629/629/753
f 727/727/821 395/395/1013 728/728/477
f 1006/1006/1014 395/395/1013 490/490/467
f 940/940/138 728/728/477 161/161/136
f 729/729/908 439/439/1168 1156/1156/909
f 700/700/400 729/729/908 425/425/1167
f 231/231/123 730/730/592 269/269/145
f 731/731/866 730/730/592 176/176/370
f 861/861/867 176/176/370 773/773/371
f 412/412/868 777/777/440 1145/1145/865
f 882/882/635 406/406/564 255/255/155
f 732/732/378 218/218/634 902/902/525
f 737/737/973 179/179/683 459/459/972
f 734/734/541 733/733/540 443/443/451
f 735/735/667 734/734/541 443/443/451
f 734/734/541 207/207/766 981/981/765
f 736/736/694 443/443/451 549/549/377
f 164/164/693 833/833/669 1146/1146/666
f 1056/1056/958 736/736/694 549/549/377
f 1057/1057/695 736/736/694 550/550/1171
f 179/179/683 737/737/973 733/733/540
f 737/737/973 459/459/972 738/738/450
f 989/989/971 738/738/450 459/459/972
f 461/461/974 549/549/377 738/738/450
f 739/739/614 180/180/896 968/968/787
f 300/300/179 739/739/614 225/225/359
f 526/526/737 740/740/1065 281/281/1068
f 429/429/1063 740/740/1065 525/525/1062
f 742/742/844 741/741/1030 149/149/915
f 743/743/8 500/500/562 741/741/1030
f 742/742/844 149/149/915 858/858/847
f 1108/1108/845 402/402/1122 611/611/577
f 742/742/844 743/743/8 741/741/1030
f 743/743/8 191/191/751 744/744/9
f 262/262/178 744/744/9 191/191/751
f 348/348/492 216/216/750 744/744/9
f 745/745/424 254/254/435 887/887/620
f 746/746/621 745/745/424 175/175/563
f 746/746/621 175/175/563 881/881/586
f 284/284/264 746/746/621 228/228/262
f 748/748/357 747/747/790 381/381/1022
f 201/201/526 747/747/790 542/542/789
f 749/749/358 748/748/357 381/381/1022
f 748/748/357 156/156/356 1061/1061/897
f 750/750/582 749/749/358 381/381/1022
f 1064/1064/793 1150/1150/1099 382/382/463
f 751/751/583 750/750/582 381/381/1022
f 750/750/582 183/183/581 752/752/464
f 495/495/183 751/751/583 381/381/1022
f 751/751/583 226/226/185 754/754/633
f 939/939/437 752/752/464 183/183/581
f 753/753/465 327/327/791 1064/1064/793
f 752/752/464 1151/1151/1173 753/753/465
f 756/756/1174 148/148/1175 757/757/705
f 226/226/185 324/324/172 754/754/633
f 324/324/172 260/260/171 1152/1152/630
f 755/755/704 753/753/465 756/756/1174
f 674/674/711 755/755/704 508/508/706
f 1151/1151/1173 756/756/1174 753/753/465
f 771/771/702 756/756/1174 326/326/436
f 756/756/1174 757/757/705 755/755/704
f 758/758/707 757/757/705 148/148/1175
f 769/769/551 758/758/707 148/148/1175
f 758/758/707 387/387/798 857/857/797
f 719/719/306 759/759/715 386/386/550
f 1143/1143/1012 759/759/715 720/720/305
f 761/761/588 760/760/628 182/182/627
f 347/347/17 760/760/628 229/229/509
f 761/761/588 182/182/627 762/762/1047
f 505/505/510 761/761/588 306/306/1035
f 517/517/544 762/762/1047 182/182/627
f 1018/1018/383 762/762/1047 515/515/1048
f 1082/1082/831 763/763/1110 582/582/355
f 1153/1153/1111 763/763/1110 581/581/231
f 765/765/716 764/764/718 329/329/1159
f 509/509/321 764/764/718 673/673/717
f 722/722/421 765/765/716 329/329/1159
f 766/766/1039 765/765/716 536/536/804
f 536/536/804 1047/1047/1074 1051/1051/1077
f 673/673/717 766/766/1039 537/537/768
f 793/793/1162 767/767/517 681/681/721
f 767/767/517 169/169/1163 768/768/515
f 1136/1136/364 768/768/515 169/169/1163
f 957/957/775 768/768/515 684/684/366
f 770/770/549 769/769/551 148/148/1175
f 759/759/715 769/769/551 386/386/550
f 771/771/702 770/770/549 148/148/1175
f 386/386/550 770/770/549 325/325/663
f 756/756/1174 771/771/702 148/148/1175
f 771/771/702 326/326/436 407/407/438
f 211/211/553 838/838/555 773/773/371
f 176/176/370 730/730/592 775/775/104
f 211/211/553 773/773/371 772/772/106
f 641/641/760 774/774/795 385/385/796
f 1060/1060/1095 774/774/795 146/146/1150
f 861/861/867 774/774/795 412/412/868
f 176/176/370 775/775/104 772/772/106
f 776/776/125 775/775/104 231/231/123
f 88/88/122 776/776/125 231/231/123
f 1154/1154/124 89/89/131 90/90/1176
f 777/777/440 411/411/439 1145/1145/865
f 564/564/569 777/777/440 412/412/868
f 436/436/727 778/778/724 435/435/473
f 778/778/724 333/333/726 779/779/328
f 780/780/689 779/779/328 333/333/726
f 160/160/688 332/332/329 779/779/328
f 333/333/726 979/979/934 781/781/729
f 1112/1112/1141 334/334/698 618/618/962
f 438/438/1177 1087/1087/936 1155/1155/696
f 334/334/698 780/780/689 781/781/729
f 438/438/1177 979/979/934 980/980/937
f 1156/1156/909 782/782/325 437/437/933
f 439/439/1168 785/785/1169 783/783/326
f 784/784/1055 521/521/1139 615/615/938
f 785/785/1169 784/784/1055 783/783/326
f 1033/1033/940 784/784/1055 440/440/923
f 439/439/1168 701/701/935 786/786/1166
f 784/784/1055 785/785/1169 440/440/923
f 1157/1157/939 338/338/343 702/702/924
f 439/439/1168 786/786/1166 785/785/1169
f 492/492/1016 1013/1013/1036 789/789/1017
f 1101/1101/1021 1102/1102/1126 493/493/1018
f 1102/1102/1126 787/787/778 493/493/1018
f 822/822/784 1163/1163/1151 1188/1188/1178
f 492/492/1016 789/789/1017 787/787/778
f 1058/1058/1094 790/790/345 159/159/1019
f 1099/1099/346 790/790/345 559/559/1091
f 1100/1100/1020 600/600/347 601/601/1028
f 970/970/455 791/791/839 401/401/898
f 565/565/1179 1062/1062/1083 792/792/840
f 565/565/1179 792/792/840 791/791/839
f 676/676/1097 792/792/840 566/566/1042
f 221/221/25 793/793/1162 680/680/21
f 767/767/517 793/793/1162 169/169/1163
f 221/221/25 794/794/1161 793/793/1162
f 683/683/365 794/794/1161 682/682/24
f 284/284/264 795/795/263 51/51/268
f 795/795/263 228/228/262 862/862/261
f 92/92/103 796/796/116 91/91/132
f 211/211/553 796/796/116 309/309/102
f 797/797/625 258/258/75 1009/1009/623
f 797/797/625 187/187/779 934/934/763
f 147/147/970 798/798/686 318/318/573
f 179/179/683 798/798/686 459/459/972
f 266/266/115 799/799/128 474/474/127
f 227/227/720 799/799/128 360/360/117
f 1084/1084/1156 584/584/872 1085/1085/874
f 801/801/767 538/538/1080 1159/1159/876
f 802/802/855 801/801/767 800/800/875
f 801/801/767 372/372/854 1132/1132/1158
f 800/800/875 1167/1167/1081 1085/1085/874
f 802/802/855 1085/1085/874 803/803/873
f 584/584/872 585/585/708 803/803/873
f 1131/1131/1078 803/803/873 585/585/708
f 568/568/567 1067/1067/1100 1068/1068/1006
f 805/805/425 804/804/925 154/154/650
f 805/805/425 154/154/650 1074/1074/926
f 805/805/425 433/433/805 806/806/426
f 808/808/927 433/433/805 813/813/811
f 806/806/426 807/807/806 1160/1160/491
f 1161/1161/1108 434/434/929 820/820/930
f 1160/1160/491 807/807/806 173/173/653
f 809/809/928 808/808/927 390/390/810
f 434/434/929 807/807/806 808/808/927
f 810/810/892 809/809/928 390/390/810
f 809/809/928 455/455/964 819/819/349
f 811/811/813 810/810/892 390/390/810
f 810/810/892 456/456/812 958/958/890
f 812/812/809 811/811/813 390/390/810
f 811/811/813 457/457/968 708/708/814
f 390/390/810 808/808/927 813/813/811
f 573/573/1107 1075/1075/1106 814/814/1023
f 433/433/805 573/573/1107 813/813/811
f 573/573/1107 812/812/809 813/813/811
f 573/573/1107 814/814/1023 812/812/809
f 400/400/1024 606/606/835 816/816/1130
f 816/816/1130 814/814/1023 400/400/1024
f 496/496/833 145/145/893 815/815/969
f 496/496/833 816/816/1130 606/606/835
f 814/814/1023 816/816/1130 815/815/969
f 707/707/837 817/817/836 145/145/893
f 457/457/968 817/817/836 708/708/814
f 578/578/1109 1078/1078/430 820/820/930
f 434/434/929 809/809/928 819/819/349
f 819/819/349 455/455/964 1045/1045/801
f 434/434/929 819/819/349 818/818/348
f 578/578/1109 820/820/930 818/818/348
f 1161/1161/1108 577/577/931 173/173/653
f 822/822/784 821/821/826 397/397/1149
f 1162/1162/783 143/143/782 1105/1105/829
f 1163/1163/1151 397/397/1149 646/646/369
f 1188/1188/1178 788/788/781 143/143/782
f 363/363/120 823/823/129 111/111/119
f 360/360/117 823/823/129 227/227/720
f 347/347/17 824/824/66 130/130/38
f 283/283/407 824/824/66 229/229/509
f 826/826/494 825/825/4 224/224/576
f 825/825/4 174/174/493 936/936/575
f 611/611/577 826/826/494 224/224/576
f 1095/1095/434 1094/1094/1001 174/174/493
f 827/827/529 82/82/111 879/879/109
f 289/289/144 827/827/529 352/352/142
f 289/289/144 828/828/238 80/80/240
f 240/240/449 828/828/238 353/353/447
f 386/386/550 288/288/422 829/829/662
f 829/829/662 288/288/422 887/887/620
f 388/388/1138 963/963/1073 1180/1180/1180
f 830/830/803 1180/1180/1180 1047/1047/1074
f 243/243/215 831/831/327 332/332/329
f 778/778/724 831/831/327 195/195/507
f 833/833/669 832/832/452 294/294/453
f 610/610/668 194/194/1132 832/832/452
f 833/833/669 294/294/453 1146/1146/666
f 833/833/669 164/164/693 1185/1185/1133
f 202/202/143 393/393/815 834/834/605
f 393/393/815 940/940/138 1003/1003/137
f 655/655/408 835/835/410 656/656/849
f 588/588/919 835/835/410 502/502/409
f 19/19/200 836/836/414 17/17/201
f 836/836/414 265/265/205 882/882/635
f 101/101/478 837/837/74 100/100/76
f 837/837/74 291/291/82 910/910/81
f 648/648/794 838/838/555 384/384/554
f 773/773/371 838/838/555 385/385/796
f 345/345/46 839/839/604 239/239/44
f 339/339/65 839/839/604 206/206/499
f 847/847/1085 840/840/741 548/548/1051
f 688/688/1049 840/840/741 532/532/740
f 847/847/1085 841/841/742 840/840/741
f 841/841/742 449/449/1181 842/842/506
f 850/850/951 842/842/506 449/449/1181
f 1165/1165/313 845/845/315 609/609/949
f 447/447/1182 843/843/504 842/842/506
f 844/844/985 843/843/504 451/451/314
f 844/844/985 451/451/314 1057/1057/695
f 1044/1044/1070 844/844/985 465/465/982
f 843/843/504 447/447/1182 845/845/315
f 848/848/946 845/845/315 447/447/1182
f 842/842/506 846/846/953 841/841/742
f 1139/1139/954 142/142/505 531/531/1069
f 162/162/675 847/847/1085 548/548/1051
f 841/841/742 847/847/1085 449/449/1181
f 848/848/946 447/447/1182 849/849/947
f 609/609/949 848/848/946 163/163/945
f 850/850/951 849/849/947 447/447/1182
f 983/983/948 849/849/947 448/448/952
f 842/842/506 850/850/951 447/447/1182
f 850/850/951 449/449/1181 984/984/950
f 552/552/999 477/477/859 851/851/480
f 851/851/480 477/477/859 1141/1141/481
f 145/145/893 496/496/833 852/852/482
f 1010/1010/832 852/852/482 496/496/833
f 397/397/1149 853/853/1148 646/646/369
f 636/636/1146 853/853/1148 637/637/827
f 855/855/770 854/854/412 415/415/1183
f 854/854/412 414/414/771 943/943/869
f 1167/1167/1081 855/855/770 415/415/1183
f 855/855/770 373/373/881 944/944/774
f 857/857/797 856/856/419 329/329/1159
f 721/721/420 856/856/419 387/387/798
f 675/675/1038 857/857/797 329/329/1159
f 857/857/797 508/508/706 758/758/707
f 1091/1091/914 858/858/847 149/149/915
f 1092/1092/1121 858/858/847 595/595/912
f 859/859/10 216/216/750 311/311/12
f 743/743/8 859/859/10 500/500/562
f 311/311/12 860/860/561 859/859/10
f 860/860/561 168/168/654 1096/1096/864
f 176/176/370 861/861/867 731/731/866
f 774/774/795 861/861/867 773/773/371
f 795/795/263 862/862/261 48/48/265
f 261/261/259 862/862/261 228/228/262
f 367/367/415 863/863/194 26/26/195
f 285/285/192 863/863/194 230/230/514
f 303/303/223 864/864/236 68/68/221
f 323/323/381 864/864/236 232/232/382
f 346/346/97 865/865/92 98/98/91
f 290/290/72 865/865/92 233/233/626
f 279/279/271 866/866/273 58/58/495
f 278/278/278 866/866/273 234/234/272
f 278/278/278 867/867/256 56/56/255
f 273/273/280 867/867/256 235/235/330
f 308/308/95 868/868/311 94/94/312
f 309/309/102 868/868/311 236/236/94
f 76/76/250 869/869/246 74/74/248
f 302/302/243 869/869/246 237/237/664
f 292/292/139 870/870/601 77/77/251
f 869/869/246 870/870/601 237/237/664
f 361/361/86 871/871/77 103/103/79
f 291/291/82 871/871/77 238/238/602
f 286/286/47 872/872/42 3/3/43
f 649/649/40 872/872/42 239/239/44
f 828/828/238 873/873/242 79/79/239
f 292/292/139 873/873/242 240/240/449
f 293/293/295 874/874/294 8/8/503
f 350/350/48 874/874/294 241/241/293
f 295/295/208 875/875/207 32/32/216
f 297/297/213 875/875/207 242/242/206
f 297/297/213 876/876/220 30/30/219
f 366/366/212 876/876/220 243/243/215
f 340/340/59 877/877/56 135/135/55
f 298/298/58 877/877/56 244/244/608
f 368/368/14 878/878/1 127/127/7
f 310/310/2 878/878/1 245/245/609
f 312/312/107 879/879/109 83/83/112
f 827/827/529 879/879/109 246/246/108
f 313/313/151 880/880/153 12/12/154
f 314/314/149 880/880/153 247/247/152
f 746/746/621 881/881/586 261/261/259
f 881/881/586 175/175/563 909/909/703
f 732/732/378 882/882/635 218/218/634
f 836/836/414 882/882/635 255/255/155
f 686/686/638 883/883/595 186/186/823
f 444/444/380 883/883/595 270/270/485
f 884/884/428 234/234/272 1077/1077/429
f 885/885/331 884/884/428 192/192/1008
f 884/884/428 885/885/331 278/278/278
f 192/192/1008 1079/1079/1007 886/886/598
f 192/192/1008 886/886/598 885/885/331
f 886/886/598 486/486/1011 1000/1000/497
f 829/829/662 887/887/620 210/210/647
f 745/745/424 887/887/620 288/288/422
f 888/888/140 240/240/449 923/923/448
f 888/888/140 184/184/1184 897/897/141
f 371/371/393 889/889/665 293/293/295
f 1146/1146/666 889/889/665 207/207/766
f 296/296/472 295/295/208 890/890/670
f 431/431/398 890/890/670 295/295/208
f 892/892/547 891/891/672 209/209/671
f 978/978/932 891/891/672 544/544/470
f 543/543/548 892/892/547 209/209/671
f 544/544/470 892/892/547 598/598/546
f 894/894/471 893/893/214 242/242/206
f 243/243/215 893/893/214 195/195/507
f 296/296/472 894/894/471 242/242/206
f 195/195/507 894/894/471 435/435/473
f 983/983/948 895/895/389 193/193/674
f 1168/1168/390 895/895/389 448/448/952
f 1055/1055/676 896/896/392 299/299/391
f 466/466/69 896/896/392 208/208/986
f 897/897/141 237/237/664 292/292/139
f 250/250/226 897/897/141 184/184/1184
f 650/650/616 898/898/617 251/251/244
f 186/186/823 883/883/595 899/899/594
f 303/303/223 899/899/594 232/232/382
f 186/186/823 899/899/594 898/898/617
f 311/311/12 216/216/750 900/900/11
f 473/473/320 900/900/11 216/216/750
f 906/906/521 901/901/523 200/200/591
f 903/903/160 901/901/523 317/317/522
f 732/732/378 902/902/525 316/316/524
f 503/503/187 902/902/525 218/218/634
f 901/901/523 903/903/160 316/316/524
f 904/904/158 903/903/160 317/317/522
f 905/905/685 904/904/158 317/317/522
f 460/460/572 904/904/158 318/318/573
f 905/905/685 317/317/522 906/906/521
f 147/147/970 318/318/573 905/905/685
f 907/907/684 200/200/591 344/344/590
f 905/905/685 906/906/521 319/319/304
f 200/200/591 907/907/684 906/906/521
f 1115/1115/302 344/344/590 171/171/512
f 386/386/550 908/908/423 288/288/422
f 909/909/703 325/325/663 407/407/438
f 325/325/663 909/909/703 908/908/423
f 881/881/586 909/909/703 407/407/438
f 330/330/80 205/205/624 910/910/81
f 837/837/74 910/910/81 205/205/624
f 507/507/652 911/911/458 227/227/720
f 912/912/457 911/911/458 331/331/1037
f 913/913/584 912/912/457 331/331/1037
f 912/912/457 480/480/585 992/992/995
f 914/914/722 913/913/584 331/331/1037
f 956/956/336 913/913/584 152/152/963
f 915/915/723 914/914/722 331/331/1037
f 1175/1175/773 914/914/722 454/454/772
f 507/507/652 915/915/723 331/331/1037
f 681/681/721 915/915/723 198/198/570
f 916/916/725 160/160/688 1169/1169/1142
f 583/583/508 916/916/725 197/197/761
f 471/471/501 917/917/619 253/253/62
f 244/244/608 917/917/619 193/193/674
f 369/369/190 918/918/589 200/200/591
f 285/285/192 344/344/590 918/918/589
f 452/452/513 919/919/511 230/230/514
f 171/171/512 344/344/590 919/919/511
f 472/472/52 920/920/748 286/286/47
f 1114/1114/749 920/920/748 212/212/51
f 832/832/452 921/921/54 241/241/293
f 194/194/1132 608/608/147 1171/1171/53
f 411/411/439 922/922/611 246/246/108
f 391/391/445 922/922/611 178/178/441
f 834/834/605 923/923/448 353/353/447
f 888/888/140 923/923/448 354/354/532
f 203/203/71 924/924/531 355/355/96
f 925/925/754 924/924/531 356/356/444
f 647/647/443 925/925/754 356/356/444
f 925/925/754 359/359/758 648/648/794
f 926/926/637 361/361/86 268/268/88
f 927/927/603 188/188/1093 561/561/1092
f 188/188/1093 927/927/603 926/926/637
f 927/927/603 561/561/1092 1059/1059/719
f 505/505/510 928/928/762 283/283/407
f 929/929/659 928/928/762 196/196/862
f 928/928/762 929/929/659 368/368/14
f 930/930/610 196/196/862 410/410/655
f 196/196/862 930/930/610 929/929/659
f 311/311/12 930/930/610 410/410/655
f 370/370/73 931/931/310 374/374/752
f 932/932/308 931/931/310 375/375/764
f 933/933/776 932/932/308 375/375/764
f 932/932/308 377/377/645 562/562/644
f 187/187/779 933/933/776 375/375/764
f 1007/1007/537 933/933/776 491/491/777
f 797/797/625 934/934/763 233/233/626
f 187/187/779 375/375/764 934/934/763
f 788/788/781 935/935/646 376/376/536
f 562/562/644 935/935/646 378/378/780
f 825/825/4 936/936/575 223/223/5
f 937/937/785 936/936/575 174/174/493
f 1094/1094/1001 937/937/785 174/174/493
f 481/481/1185 1172/1172/363 937/937/785
f 484/484/283 938/938/631 260/260/171
f 407/407/438 938/938/631 217/217/587
f 407/407/438 939/939/437 383/383/632
f 939/939/437 326/326/436 1151/1151/1173
f 654/654/819 940/940/138 393/393/815
f 728/728/477 940/940/138 394/394/475
f 683/683/365 941/941/519 413/413/786
f 628/628/27 941/941/519 199/199/28
f 379/379/520 937/937/785 1172/1172/363
f 943/943/869 942/942/362 157/157/361
f 943/943/869 157/157/361 1166/1166/413
f 1173/1173/1164 943/943/869 414/414/771
f 945/945/879 944/944/774 373/373/881
f 957/957/775 944/944/774 416/416/878
f 373/373/881 1158/1158/877 947/947/882
f 1174/1174/1186 417/417/1089 948/948/857
f 946/946/880 1174/1174/1186 948/948/857
f 1176/1176/516 416/416/878 946/946/880
f 947/947/882 538/538/1080 1050/1050/1079
f 1174/1174/1186 947/947/882 417/417/1089
f 949/949/858 948/948/857 417/417/1089
f 1175/1175/773 948/948/857 152/152/963
f 949/949/858 417/417/1089 1177/1177/1088
f 949/949/858 418/418/888 952/952/856
f 1048/1048/885 950/950/889 554/554/1076
f 954/954/808 1179/1179/1187 419/419/966
f 950/950/889 535/535/884 1178/1178/1188
f 955/955/967 960/960/1072 389/389/334
f 953/953/337 952/952/856 418/418/888
f 956/956/336 152/152/963 952/952/856
f 418/418/888 951/951/887 1179/1179/1187
f 953/953/337 408/408/807 993/993/335
f 953/953/337 418/418/888 1179/1179/1187
f 954/954/808 419/419/966 1142/1142/1170
f 951/951/887 1178/1178/1188 960/960/1072
f 958/958/890 955/955/967 389/389/334
f 953/953/337 956/956/336 952/952/856
f 913/913/584 956/956/336 480/480/585
f 768/768/515 957/957/775 416/416/878
f 957/957/775 684/684/366 1173/1173/1164
f 958/958/890 389/389/334 959/959/891
f 964/964/965 958/958/890 456/456/812
f 962/962/333 959/959/891 389/389/334
f 1045/1045/801 959/959/891 533/533/802
f 951/951/887 960/960/1072 955/955/967
f 535/535/884 1046/1046/883 961/961/332
f 535/535/884 961/961/332 960/960/1072
f 962/962/333 961/961/332 534/534/1075
f 1047/1047/1074 1180/1180/1180 534/534/1075
f 962/962/333 533/533/802 959/959/891
f 962/962/333 534/534/1075 1180/1180/1180
f 614/614/800 963/963/1073 388/388/1138
f 958/958/890 964/964/965 955/955/967
f 708/708/814 964/964/965 456/456/812
f 966/966/788 150/150/743 599/599/468
f 968/968/787 965/965/292 380/380/579
f 150/150/743 966/966/788 965/965/292
f 967/967/1005 599/599/468 185/185/1084
f 599/599/468 967/967/1005 966/966/788
f 967/967/1005 185/185/1084 996/996/580
f 968/968/787 380/380/579 1147/1147/578
f 972/972/894 968/968/787 180/180/896
f 971/971/895 969/969/456 401/401/898
f 972/972/894 969/969/456 420/420/290
f 1061/1061/897 970/970/455 421/421/454
f 970/970/455 565/565/1179 791/791/839
f 667/667/900 971/971/895 401/401/898
f 971/971/895 422/422/316 973/973/291
f 968/968/787 972/972/894 420/420/290
f 541/541/528 972/972/894 180/180/896
f 965/965/292 973/973/291 150/150/743
f 971/971/895 973/973/291 420/420/290
f 975/975/1134 974/974/317 422/422/316
f 1181/1181/1123 424/424/401 700/700/400
f 667/667/900 975/975/1134 422/422/316
f 975/975/1134 612/612/917 696/696/901
f 629/629/753 976/976/817 358/358/1144
f 715/715/820 976/976/817 396/396/822
f 978/978/932 977/977/735 166/166/673
f 980/980/937 437/437/933 782/782/325
f 891/891/672 978/978/932 166/166/673
f 978/978/932 544/544/470 1097/1097/469
f 980/980/937 979/979/934 436/436/727
f 781/781/729 979/979/934 438/438/1177
f 977/977/735 980/980/937 436/436/727
f 438/438/1177 980/980/937 782/782/325
f 734/734/541 981/981/765 442/442/542
f 371/371/393 981/981/765 207/207/766
f 323/323/381 982/982/596 257/257/254
f 1117/1117/942 982/982/596 444/444/380
f 849/849/947 983/983/948 446/446/539
f 895/895/389 983/983/948 448/448/952
f 850/850/951 984/984/950 448/448/952
f 847/847/1085 984/984/950 449/449/1181
f 1170/1170/959 452/452/513 197/197/761
f 453/453/417 624/624/978 986/986/418
f 624/624/978 625/625/1143 986/986/418
f 171/171/512 986/986/418 625/625/1143
f 458/458/571 987/987/941 460/460/572
f 313/313/151 987/987/941 441/441/574
f 341/341/156 988/988/565 222/222/747
f 170/170/159 988/988/565 406/406/564
f 627/627/394 989/989/971 147/147/970
f 738/738/450 989/989/971 461/461/974
f 627/627/394 990/990/375 461/461/974
f 711/711/699 990/990/375 462/462/700
f 181/181/126 912/912/457 992/992/995
f 476/476/557 991/991/338 475/475/994
f 181/181/126 992/992/995 991/991/338
f 993/993/335 992/992/995 480/480/585
f 993/993/335 480/480/585 956/956/336
f 993/993/335 408/408/807 994/994/861
f 993/993/335 994/994/861 475/475/994
f 995/995/996 994/994/861 408/408/807
f 954/954/808 995/995/996 408/408/807
f 995/995/996 707/707/837 1141/1141/481
f 543/543/548 996/996/580 185/185/1084
f 342/342/181 996/996/580 256/256/182
f 1069/1069/486 997/997/354 483/483/397
f 997/997/354 165/165/556 1082/1082/831
f 398/398/373 998/998/372 997/997/354
f 604/604/374 1106/1106/1129 999/999/1102
f 604/604/374 999/999/1102 998/998/372
f 999/999/1102 399/399/1104 1073/1073/1103
f 886/886/598 1000/1000/497 485/485/496
f 1001/1001/799 1000/1000/497 486/486/1011
f 613/613/1010 1001/1001/799 486/486/1011
f 1001/1001/799 487/487/1172 720/720/305
f 1003/1003/137 354/354/532 834/834/605
f 1006/1006/1014 1002/1002/533 161/161/136
f 354/354/532 1003/1003/137 1002/1002/533
f 393/393/815 1003/1003/137 834/834/605
f 250/250/226 184/184/1184 1004/1004/615
f 1005/1005/534 1004/1004/615 184/184/1184
f 1004/1004/615 1005/1005/534 489/489/466
f 888/888/140 1005/1005/534 184/184/1184
f 1002/1002/533 1006/1006/1014 489/489/466
f 728/728/477 1006/1006/1014 161/161/136
f 935/935/646 1007/1007/537 376/376/536
f 933/933/776 1007/1007/537 377/377/645
f 494/494/622 1008/1008/535 491/491/777
f 787/787/778 1008/1008/535 492/492/1016
f 1009/1009/623 494/494/622 187/187/779
f 837/837/74 1009/1009/623 258/258/75
f 1010/1010/832 274/274/1090 558/558/404
f 852/852/482 1010/1010/832 478/478/998
f 724/724/490 1011/1011/661 504/504/566
f 539/539/281 1011/1011/661 219/219/1082
f 190/190/660 1012/1012/618 252/252/228
f 1011/1011/661 1012/1012/618 504/504/566
f 789/789/1017 1013/1013/1036 159/159/1019
f 494/494/622 1013/1013/1036 492/492/1016
f 505/505/510 1014/1014/1034 196/196/862
f 512/512/680 1014/1014/1034 306/306/1035
f 1016/1016/385 1015/1015/681 512/512/680
f 1017/1017/682 1015/1015/681 513/513/991
f 514/514/679 1016/1016/385 512/512/680
f 1016/1016/385 153/153/384 1026/1026/992
f 513/513/991 1025/1025/990 1184/1184/1046
f 1017/1017/682 527/527/1066 1038/1038/1031
f 762/762/1047 1018/1018/383 514/514/679
f 1019/1019/988 1018/1018/383 515/515/1048
f 515/515/1048 1024/1024/460 1021/1021/462
f 1020/1020/1045 518/518/656 1026/1026/992
f 1019/1019/988 516/516/1050 1020/1020/1045
f 1023/1023/955 1022/1022/657 1020/1020/1045
f 688/688/1049 1021/1021/462 450/450/461
f 516/516/1050 1019/1019/988 1021/1021/462
f 1023/1023/955 1020/1020/1045 516/516/1050
f 1022/1022/657 470/470/1152 1029/1029/1052
f 687/687/956 1023/1023/955 516/516/1050
f 651/651/957 470/470/1152 1023/1023/955
f 762/762/1047 1024/1024/460 515/515/1048
f 548/548/1051 1024/1024/460 517/517/544
f 1027/1027/658 1025/1025/990 518/518/656
f 469/469/736 1036/1036/738 1184/1184/1046
f 1025/1025/990 1026/1026/992 518/518/656
f 1016/1016/385 1026/1026/992 513/513/991
f 519/519/989 469/469/736 1027/1027/658
f 1025/1025/990 1027/1027/658 469/469/736
f 524/524/920 1028/1028/732 336/336/731
f 1029/1029/1052 1028/1028/732 519/519/989
f 1030/1030/1053 1029/1029/1052 470/470/1152
f 1028/1028/732 1029/1029/1052 520/520/739
f 651/651/957 1030/1030/1053 470/470/1152
f 1031/1031/1054 1030/1030/1053 522/522/340
f 1183/1183/993 522/522/340 335/335/339
f 1032/1032/730 1031/1031/1054 521/521/1139
f 1031/1031/1054 1032/1032/730 520/520/739
f 521/521/1139 784/784/1055 1033/1033/940
f 521/521/1139 1033/1033/940 1032/1032/730
f 703/703/922 1033/1033/940 440/440/923
f 1035/1035/1058 522/522/340 651/651/957
f 620/620/1056 1034/1034/341 523/523/1057
f 522/522/340 1035/1035/1058 1034/1034/341
f 337/337/1059 1035/1035/1058 651/651/957
f 529/529/1067 1036/1036/738 526/526/737
f 1184/1184/1046 527/527/1066 1017/1017/682
f 511/511/387 1037/1037/386 410/410/655
f 1038/1038/1031 1037/1037/386 307/307/388
f 1039/1039/1032 527/527/1066 529/529/1067
f 1037/1037/386 1038/1038/1031 528/528/863
f 1096/1096/864 501/501/299 597/597/1029
f 1038/1038/1031 1039/1039/1032 528/528/863
f 622/622/690 1040/1040/981 464/464/984
f 1041/1041/979 1040/1040/981 322/322/1140
f 620/620/1056 1041/1041/979 322/322/1140
f 1041/1041/979 523/523/1057 1042/1042/1061
f 1041/1041/979 1042/1042/1061 530/530/980
f 1035/1035/1058 1042/1042/1061 523/523/1057
f 1042/1042/1061 1043/1043/1060 530/530/980
f 689/689/1071 1043/1043/1060 337/337/1059
f 844/844/985 1044/1044/1070 142/142/505
f 714/714/983 1044/1044/1070 465/465/982
f 819/819/349 1045/1045/801 151/151/350
f 959/959/891 1045/1045/801 455/455/964
f 1047/1047/1074 1046/1046/883 141/141/886
f 961/961/332 1046/1046/883 534/534/1075
f 1047/1047/1074 141/141/886 1051/1051/1077
f 1047/1047/1074 536/536/804 830/830/803
f 950/950/889 1048/1048/885 535/535/884
f 1048/1048/885 554/554/1076 1050/1050/1079
f 141/141/886 1048/1048/885 1050/1050/1079
f 801/801/767 1049/1049/769 538/538/1080
f 141/141/886 1050/1050/1079 1049/1049/769
f 1050/1050/1079 554/554/1076 1177/1177/1088
f 537/537/768 1051/1051/1077 1049/1049/769
f 1051/1051/1077 766/766/1039 536/536/804
f 540/540/613 1052/1052/612 541/541/528
f 351/351/286 1052/1052/612 249/249/170
f 1061/1061/897 1053/1053/527 542/542/789
f 972/972/894 1053/1053/527 421/421/454
f 547/547/543 1054/1054/987 208/208/986
f 545/545/629 1054/1054/987 546/546/545
f 896/896/392 1055/1055/676 208/208/986
f 162/162/675 1055/1055/676 299/299/391
f 713/713/734 1056/1056/958 321/321/376
f 736/736/694 1056/1056/958 550/550/1171
f 1057/1057/695 550/550/1171 1164/1164/1086
f 1185/1185/1133 1057/1057/695 451/451/314
f 790/790/345 1058/1058/1094 559/559/1091
f 1059/1059/719 1058/1058/1094 159/159/1019
f 159/159/1019 506/506/1015 1059/1059/719
f 330/330/80 1059/1059/719 506/506/1015
f 774/774/795 1060/1060/1095 412/412/868
f 709/709/825 1060/1060/1095 146/146/1150
f 1061/1061/897 542/542/789 748/748/357
f 970/970/455 1061/1061/897 565/565/1179
f 1061/1061/897 1062/1062/1083 565/565/1179
f 1063/1063/1043 1062/1062/1083 156/156/356
f 1062/1062/1083 1063/1063/1043 566/566/1042
f 1150/1150/1099 1063/1063/1043 156/156/356
f 1150/1150/1099 1064/1064/793 567/567/1096
f 753/753/465 1064/1064/793 382/382/463
f 1065/1065/1044 567/567/1096 1066/1066/792
f 676/676/1097 1065/1065/1044 510/510/1098
f 1064/1064/793 1066/1066/792 567/567/1096
f 674/674/711 1066/1066/792 327/327/791
f 570/570/488 1067/1067/1100 190/190/660
f 1067/1067/1100 569/569/487 1068/1068/1006
f 1071/1071/1101 1068/1068/1006 569/569/487
f 154/154/650 1068/1068/1006 571/571/651
f 997/997/354 1069/1069/486 165/165/556
f 1069/1069/486 483/483/397 1071/1071/1101
f 1080/1080/677 1070/1070/830 570/570/488
f 1070/1070/830 213/213/678 1081/1081/232
f 1069/1069/486 1071/1071/1101 569/569/487
f 483/483/397 571/571/651 1071/1071/1101
f 1073/1073/1103 1072/1072/649 571/571/651
f 1074/1074/926 1072/1072/649 572/572/1026
f 999/999/1102 1073/1073/1103 571/571/651
f 1073/1073/1103 399/399/1104 1104/1104/1027
f 1075/1075/1106 1074/1074/926 572/572/1026
f 1074/1074/926 573/573/1107 805/805/425
f 605/605/1025 1075/1075/1106 572/572/1026
f 1075/1075/1106 400/400/1024 814/814/1023
f 555/555/558 1076/1076/560 167/167/997
f 215/215/110 1076/1076/560 556/556/559
f 173/173/653 1077/1077/429 576/576/274
f 577/577/931 1078/1078/430 1077/1077/429
f 1079/1079/1007 1078/1078/430 578/578/1109
f 1078/1078/430 192/192/1008 884/884/428
f 613/613/1010 1079/1079/1007 578/578/1109
f 886/886/598 1079/1079/1007 486/486/1011
f 304/304/229 1080/1080/677 579/579/230
f 1070/1070/830 1080/1080/677 213/213/678
f 1070/1070/830 1081/1081/232 581/581/231
f 305/305/396 1081/1081/232 213/213/678
f 763/763/1110 1082/1082/831 581/581/231
f 997/997/354 1082/1082/831 582/582/355
f 366/366/212 1083/1083/607 282/282/196
f 583/583/508 197/197/761 1083/1083/607
f 1186/1186/1160 1084/1084/1156 415/415/1183
f 1086/1086/1113 1084/1084/1156 404/404/1157
f 800/800/875 1085/1085/874 802/802/855
f 415/415/1183 1084/1084/1156 1085/1085/874
f 664/664/1114 1086/1086/1113 404/404/1157
f 584/584/872 1086/1086/1113 663/663/1115
f 1155/1155/696 1087/1087/936 586/586/1117
f 782/782/325 1087/1087/936 438/438/1177
f 1088/1088/918 590/590/1064 1089/1089/1118
f 835/835/410 1088/1088/918 589/589/745
f 698/698/342 1089/1089/1118 429/429/1063
f 1088/1088/918 1089/1089/1118 591/591/1119
f 149/149/915 593/593/301 1090/1090/913
f 592/592/300 1090/1090/913 593/593/301
f 690/690/911 1091/1091/914 594/594/1033
f 858/858/847 1091/1091/914 595/595/912
f 691/691/713 1092/1092/1121 595/595/912
f 1093/1093/433 1092/1092/1121 403/403/712
f 1134/1134/1002 1093/1093/433 403/403/712
f 481/481/1185 937/937/785 1094/1094/1001
f 174/174/493 826/826/494 1095/1095/434
f 481/481/1185 1094/1094/1001 1093/1093/433
f 826/826/494 402/402/1122 1095/1095/434
f 1095/1095/434 402/402/1122 1149/1149/846
f 1037/1037/386 1096/1096/864 168/168/654
f 1039/1039/1032 1096/1096/864 528/528/863
f 1098/1098/1124 1097/1097/469 599/599/468
f 1097/1097/469 425/425/1167 1182/1182/907
f 150/150/743 1098/1098/1124 599/599/468
f 425/425/1167 1098/1098/1124 700/700/400
f 558/558/404 1099/1099/346 559/559/1091
f 274/274/1090 600/600/347 1099/1099/346
f 789/789/1017 1100/1100/1020 493/493/1018
f 790/790/345 600/600/347 1100/1100/1020
f 1103/1103/1128 601/601/1028 603/603/1105
f 1102/1102/1126 1101/1101/1021 602/602/1127
f 1102/1102/1126 602/602/1127 1105/1105/829
f 787/787/778 1102/1102/1126 788/788/781
f 601/601/1028 1103/1103/1128 1101/1101/1021
f 399/399/1104 1103/1103/1128 603/603/1105
f 605/605/1025 1104/1104/1027 603/603/1105
f 1073/1073/1103 1104/1104/1027 572/572/1026
f 1102/1102/1126 1105/1105/829 143/143/782
f 1106/1106/1129 1105/1105/829 602/602/1127
f 1103/1103/1128 1106/1106/1129 602/602/1127
f 999/999/1102 1106/1106/1129 399/399/1104
f 610/610/668 1107/1107/1131 194/194/1132
f 623/623/944 1107/1107/1131 609/609/949
f 743/743/8 1108/1108/845 191/191/751
f 742/742/844 402/402/1122 1108/1108/845
f 721/721/420 1109/1109/1137 388/388/1138
f 1110/1110/1009 1109/1109/1137 487/487/1172
f 1109/1109/1137 1110/1110/1009 614/614/800
f 1001/1001/799 1110/1110/1009 487/487/1172
f 1169/1169/1142 1111/1111/961 619/619/977
f 1112/1112/1141 160/160/688 780/780/689
f 160/160/688 1112/1112/1141 1111/1111/961
f 334/334/698 1112/1112/1141 780/780/689
f 621/621/692 1113/1113/960 618/618/962
f 725/725/975 1113/1113/960 463/463/691
f 1114/1114/749 345/345/46 920/920/748
f 163/163/945 1114/1114/749 623/623/944
f 626/626/303 1115/1115/302 625/625/1143
f 907/907/684 1115/1115/302 319/319/304
f 147/147/970 905/905/685 1116/1116/687
f 905/905/685 319/319/304 1116/1116/687
f 982/982/596 1117/1117/942 189/189/943
f 270/270/485 1117/1117/942 444/444/380
f 821/821/826 1118/1118/353 638/638/642
f 997/997/354 1118/1118/353 398/398/373
f 1119/1119/816 635/635/756 358/358/1144
f 640/640/759 1119/1119/816 430/430/818
f 1120/1120/597 374/374/752 931/931/310
f 644/644/352 356/356/444 1120/1120/597
f 657/657/850 1123/1123/851 1122/1122/1153
f 691/691/713 1121/1121/853 658/658/1154
f 657/657/850 1122/1122/1153 1121/1121/853
f 664/664/1114 1122/1122/1153 426/426/905
f 659/659/903 426/426/905 1123/1123/851
f 1122/1122/1153 1123/1123/851 426/426/905
f 1123/1123/851 1124/1124/852 659/659/903
f 692/692/744 1124/1124/852 657/657/850
f 660/660/904 659/659/903 1125/1125/1136
f 661/661/843 1125/1125/1136 659/659/903
f 667/667/900 1126/1126/1135 612/612/917
f 1125/1125/1136 1126/1126/1135 423/423/906
f 669/669/709 1127/1127/1116 328/328/1040
f 584/584/872 1127/1127/1116 585/585/708
f 662/662/910 663/663/1115 1128/1128/1112
f 1086/1086/1113 1128/1128/1112 663/663/1115
f 1129/1129/1155 404/404/1157 1135/1135/870
f 1122/1122/1153 1129/1129/1155 658/658/1154
f 665/665/902 1130/1130/1087 660/660/904
f 328/328/1040 1130/1130/1087 668/668/1041
f 673/673/717 1131/1131/1078 672/672/322
f 803/803/873 1131/1131/1078 372/372/854
f 673/673/717 537/537/768 1132/1132/1158
f 801/801/767 1132/1132/1158 537/537/768
f 481/481/1185 1093/1093/433 1134/1134/1002
f 1187/1187/871 1133/1133/1004 677/677/1003
f 677/677/1003 1134/1134/1002 403/403/712
f 481/481/1185 1134/1134/1002 1133/1133/1004
f 1129/1129/1155 1135/1135/870 677/677/1003
f 1186/1186/1160 404/404/1157 1084/1084/1156
f 768/768/515 1136/1136/364 684/684/366
f 794/794/1161 1136/1136/364 169/169/1163
f 727/727/821 1137/1137/1145 395/395/1013
f 155/155/639 1137/1137/1145 629/629/753
f 270/270/485 1138/1138/1147 632/632/483
f 686/686/638 155/155/639 1138/1138/1147
f 689/689/1071 532/532/740 1139/1139/954
f 846/846/953 1139/1139/954 532/532/740
f 1129/1129/1155 1140/1140/714 658/658/1154
f 403/403/712 1140/1140/714 677/677/1003
f 1141/1141/481 145/145/893 852/852/482
f 995/995/996 1141/1141/481 477/477/859
f 708/708/814 707/707/837 1142/1142/1170
f 954/954/808 1142/1142/1170 707/707/837
f 721/721/420 387/387/798 1143/1143/1012
f 759/759/715 1143/1143/1012 387/387/798
f 728/728/477 1144/1144/476 727/727/821
f 1144/1144/476 394/394/475 392/392/568
f 1145/1145/865 731/731/866 412/412/868
f 312/312/107 1145/1145/865 411/411/439
f 734/734/541 1146/1146/666 207/207/766
f 1146/1146/666 735/735/667 164/164/693
f 225/225/359 1147/1147/578 482/482/360
f 968/968/787 1147/1147/578 739/739/614
f 525/525/1062 1148/1148/921 524/524/920
f 740/740/1065 526/526/737 1148/1148/921
f 858/858/847 1149/1149/846 742/742/844
f 1095/1095/434 1149/1149/846 596/596/432
f 382/382/463 1150/1150/1099 749/749/358
f 1063/1063/1043 1150/1150/1099 567/567/1096
f 939/939/437 1151/1151/1173 752/752/464
f 756/756/1174 1151/1151/1173 326/326/436
f 183/183/581 1152/1152/630 383/383/632
f 324/324/172 1152/1152/630 754/754/633
f 581/581/231 189/189/943 1153/1153/1111
f 633/633/484 1153/1153/1111 189/189/943
f 91/91/132 1154/1154/124 90/90/1176
f 775/775/104 1154/1154/124 263/263/105
f 438/438/1177 1155/1155/696 781/781/729
f 616/616/697 1155/1155/696 586/586/1117
f 1156/1156/909 437/437/933 1182/1182/907
f 783/783/326 1156/1156/909 439/439/1168
f 785/785/1169 1157/1157/939 440/440/923
f 338/338/343 1157/1157/939 786/786/1166
f 947/947/882 1158/1158/877 538/538/1080
f 1167/1167/1081 1158/1158/877 373/373/881
f 1158/1158/877 1159/1159/876 538/538/1080
f 800/800/875 801/801/767 1159/1159/876
f 723/723/489 1160/1160/491 173/173/653
f 432/432/427 1160/1160/491 724/724/490
f 434/434/929 1161/1161/1108 807/807/806
f 577/577/931 1161/1161/1108 820/820/930
f 398/398/373 1162/1162/783 604/604/374
f 822/822/784 1162/1162/783 821/821/826
f 1188/1188/1178 378/378/780 788/788/781
f 397/397/1149 1163/1163/1151 822/822/784
f 1057/1057/695 1164/1164/1086 844/844/985
f 713/713/734 1164/1164/1086 550/550/1171
f 609/609/949 610/610/668 1165/1165/313
f 1165/1165/313 610/610/668 1185/1185/1133
f 943/943/869 1166/1166/413 854/854/412
f 1133/1133/1004 1166/1166/413 157/157/361
f 1085/1085/874 1167/1167/1081 415/415/1183
f 1167/1167/1081 800/800/875 1158/1158/877
f 984/984/950 1168/1168/390 448/448/952
f 299/299/391 1168/1168/390 162/162/675
f 1111/1111/961 1169/1169/1142 160/160/688
f 453/453/417 1169/1169/1142 619/619/977
f 1169/1169/1142 1170/1170/959 916/916/725
f 985/985/416 1170/1170/959 453/453/417
f 350/350/48 1171/1171/53 264/264/49
f 194/194/1132 1171/1171/53 921/921/54
f 1172/1172/363 942/942/362 379/379/520
f 1133/1133/1004 1172/1172/363 481/481/1185
f 957/957/775 1173/1173/1164 414/414/771
f 413/413/786 1173/1173/1164 684/684/366
f 946/946/880 945/945/879 1174/1174/1186
f 947/947/882 1174/1174/1186 945/945/879
f 948/948/857 1175/1175/773 946/946/880
f 914/914/722 1175/1175/773 152/152/963
f 1175/1175/773 1176/1176/516 946/946/880
f 1176/1176/516 454/454/772 767/767/517
f 1050/1050/1079 1177/1177/1088 947/947/882
f 949/949/858 1177/1177/1088 554/554/1076
f 960/960/1072 1178/1178/1188 535/535/884
f 951/951/887 950/950/889 1178/1178/1188
f 419/419/966 1179/1179/1187 951/951/887
f 953/953/337 1179/1179/1187 954/954/808
f 388/388/1138 1180/1180/1180 830/830/803
f 962/962/333 1180/1180/1180 963/963/1073
f 424/424/401 1181/1181/1123 974/974/317
f 1098/1098/1124 1181/1181/1123 700/700/400
f 1097/1097/469 1182/1182/907 978/978/932
f 729/729/908 1182/1182/907 425/425/1167
f 521/521/1139 1183/1183/993 615/615/938
f 522/522/340 1183/1183/993 1031/1031/1054
f 469/469/736 1184/1184/1046 1025/1025/990
f 527/527/1066 1184/1184/1046 1036/1036/738
f 1165/1165/313 1185/1185/1133 451/451/314
f 1185/1185/1133 610/610/668 833/833/669
f 854/854/412 1186/1186/1160 415/415/1183
f 1135/1135/870 1186/1186/1160 678/678/411
f 1135/1135/870 1187/1187/871 677/677/1003
f 1166/1166/413 1187/1187/871 678/678/411
f 822/822/784 1188/1188/1178 143/143/782
f 378/378/780 1188/1188/1178 1163/1163/1151
f 18/1189/199 1189/1190/1189 2324/2410/1190
f 2323/2409/1191 20/1342/188 19/1343/200
f 2365/2451/1192 2358/2444/1193 1374/1460/1194
f 1462/1548/1195 21/1341/186 20/1342/188
f 1462/1548/1195 20/1342/188 2323/2409/1191
f 22/1340/204 21/1341/186 2325/2411/1196
f 23/1339/191 1549/1635/1197 1415/1501/1198
f 1415/1501/1198 24/1338/189 23/1339/191
f 24/1338/189 1550/1636/1199 25/1337/193
f 27/1335/197 26/1336/195 1421/1507/1200
f 28/1334/198 27/1335/197 1553/1639/1201
f 25/1337/193 2114/2200/1202 26/1336/195
f 1390/1476/1203 29/1333/218 28/1334/198
f 32/1330/216 31/1331/217 2164/2250/1204
f 33/1329/399 32/1330/216 1423/1509/1205
f 1377/1463/1206 1464/1550/1207 1959/2045/1208
f 1340/1426/1209 1422/1508/1210 1554/1640/1211
f 1191/1192/1212 1389/1475/1213 1488/1574/1214
f 1389/1475/1213 1191/1192/1212 1192/1193/1215
f 1960/2046/1216 1408/1494/1217 1196/1197/1218
f 1339/1425/1219 1389/1475/1213 1487/1573/1220
f 1521/1607/1221 2094/2180/1222 1356/1442/1223
f 2233/2319/1224 1200/1201/1225 1201/1202/1226
f 1404/1490/1227 1198/1199/1228 1199/1200/1229
f 1196/1197/1218 1408/1494/1217 1195/1196/1230
f 2328/2414/1231 1463/1549/1232 1377/1463/1206
f 1593/1679/1233 1358/1444/1234 1419/1505/1235
f 1522/1608/1236 2384/2470/1237 2385/2471/1238
f 40/1322/169 1523/1609/1239 41/1321/285
f 1463/1549/1232 34/1328/211 1557/1643/1240
f 1198/1199/1228 1521/1607/1221 1197/1198/1241
f 40/1322/169 39/1323/168 1420/1506/1242
f 1251/1306/1243 1252/1307/1244 2327/2413/1245
f 1431/1517/1246 1201/1202/1226 1202/1203/1247
f 1546/1632/1248 1194/1195/1249 1195/1196/1230
f 1522/1608/1236 1419/1505/1235 37/1325/175
f 1488/1574/1214 1190/1191/1250 1191/1192/1212
f 1385/1471/1251 2336/2422/1252 48/1314/265
f 1257/1312/1253 49/1313/267 48/1314/265
f 47/1315/258 46/1316/260 1411/1497/1254
f 1524/1610/1255 44/1318/173 43/1319/166
f 2337/2423/1256 1385/1471/1251 1411/1497/1254
f 1354/1440/1257 2055/2141/1258 2354/2440/1259
f 1411/1497/1254 46/1316/260 2319/2405/1260
f 2329/2415/1261 42/1320/165 41/1321/285
f 46/1316/260 45/1317/284 2319/2405/1260
f 2055/2141/1258 1253/1308/1262 1254/1309/1263
f 2113/2199/1264 1420/1506/1242 39/1323/168
f 1512/1598/1265 1255/1310/1266 1256/1311/1267
f 1376/1462/1268 2327/2413/1245 1412/1498/1269
f 2274/2360/1270 1405/1491/1271 1368/1454/1272
f 2275/2361/1273 1398/1484/1274 1459/1545/1275
f 1413/1499/1276 1250/1305/1277 1251/1306/1243
f 2350/2436/1278 1412/1498/1269 2351/2437/1279
f 1405/1491/1271 1538/1624/1280 1368/1454/1272
f 1398/1484/1274 2460/2546/1281 1580/1666/1282
f 1452/1538/1283 1382/1468/1284 2333/2419/1285
f 2732/2818/1286 1445/1531/1287 2731/2817/1288
f 1467/1553/1289 1384/1470/1290 2335/2421/1291
f 1396/1482/1292 1228/1283/1293 1229/1284/1294
f 2318/2404/1295 1239/1294/1296 1240/1295/1297
f 2307/2393/1298 1384/1470/1290 1467/1553/1289
f 1367/1453/1299 2318/2404/1295 1433/1519/1300
f 1236/1291/1301 2334/2420/1302 1235/1290/1303
f 1235/1290/1303 2334/2420/1302 1466/1552/1304
f 1232/1287/1305 1233/1288/1306 1231/1286/1307
f 2322/2408/1308 2321/2407/1309 1233/1288/1306
f 1235/1290/1303 1466/1552/1304 1234/1289/1310
f 2321/2407/1309 1230/1285/1311 1231/1286/1307
f 1383/1469/1312 2334/2420/1302 1465/1551/1313
f 1558/1644/1314 1347/1433/1315 1486/1572/1316
f 1396/1482/1292 1229/1284/1294 1493/1579/1317
f 1227/1282/1318 1558/1644/1314 1486/1572/1316
f 1398/1484/1274 1246/1301/1319 1459/1545/1275
f 1248/1303/1320 2274/2360/1270 1247/1302/1321
f 1362/1448/1322 2234/2320/1323 1432/1518/1324
f 1204/1205/1325 1205/1206/1326 1555/1641/1327
f 1208/1209/1328 1440/1526/1329 1207/1208/1330
f 2317/2403/1331 1206/1207/1332 1207/1208/1330
f 2316/2402/1333 1208/1209/1328 1209/1210/1334
f 1366/1452/1335 1440/1526/1329 2353/2439/1336
f 1210/1211/1337 1211/1212/1338 1416/1502/1339
f 1551/1637/1340 1209/1210/1334 1210/1211/1337
f 1440/1526/1329 1208/1209/1328 2316/2402/1333
f 1860/1946/1341 1371/1457/1342 1613/1699/1343
f 138/1216/498 2320/2406/1344 139/1215/538
f 1860/1946/1341 1/1214/41 139/1215/538
f 1448/1534/1345 137/1217/61 1556/1642/1346
f 1410/1496/1347 133/1221/68 1961/2047/1348
f 132/1222/70 1961/2047/1348 133/1221/68
f 134/1220/57 133/1221/68 1410/1496/1347
f 1371/1457/1342 1448/1534/1345 1618/1704/1349
f 1592/1678/1350 2532/2618/1351 2353/2439/1336
f 1409/1495/1352 1357/1443/1353 1961/2047/1348
f 1492/1578/1354 129/1225/67 128/1226/13
f 2150/2236/1355 1298/1384/1356 2149/2235/1357
f 126/1228/3 1537/1623/1358 127/1227/7
f 2306/2392/1359 1394/1480/1360 125/1229/319
f 122/1232/35 1392/1478/1361 123/1231/177
f 1392/1478/1361 122/1232/35 1489/1575/1362
f 2037/2123/1363 2018/2104/1364 2740/2826/1365
f 124/1230/318 123/1231/177 1490/1576/1366
f 2188/2274/1367 121/1233/37 120/1234/29
f 1489/1575/1362 1363/1449/1368 1723/1809/1369
f 116/1238/18 2331/2417/1370 1476/1562/1371
f 1862/1948/1372 1864/1950/1373 2656/2742/1374
f 115/1239/288 2331/2417/1370 116/1238/18
f 2330/2416/1375 1474/1560/1376 1379/1465/1377
f 111/1243/119 110/1244/130 1439/1525/1378
f 112/1242/32 111/1243/119 1635/1721/1379
f 1536/1622/1380 1865/1951/1381 2658/2744/1382
f 1491/1577/1383 120/1234/29 119/1235/30
f 1197/1198/1241 1960/2046/1216 1196/1197/1218
f 109/1245/118 2305/2391/1384 110/1244/130
f 1226/1281/1385 1486/1572/1316 1386/1472/1386
f 1337/1423/1387 1461/1547/1388 1525/1611/1389
f 1386/1472/1386 1225/1280/1390 1226/1281/1385
f 106/1248/84 2332/2418/1391 1478/1564/1392
f 1402/1488/1393 1517/1603/1394 2180/2266/1395
f 1386/1472/1386 1525/1611/1389 2261/2347/1396
f 106/1248/84 105/1249/83 2332/2418/1391
f 108/1246/403 1718/1804/1397 1438/1524/1398
f 1475/1561/1399 1638/1724/1400 2369/2455/1401
f 1497/1583/1402 87/1267/593 1213/1268/1403
f 2531/2617/1404 1737/1823/1405 1626/1712/1406
f 1220/1275/1407 1519/1605/1408 1403/1489/1409
f 1643/1729/1410 1218/1273/1411 1219/1274/1412
f 1403/1489/1409 1850/1936/1413 1351/1437/1414
f 1518/1604/1415 1215/1270/1416 1216/1271/1417
f 1214/1269/1418 1215/1270/1416 2293/2379/1419
f 1434/1520/1420 1497/1583/1402 1213/1268/1403
f 89/1265/131 2296/2382/1421 1430/1516/1422
f 1217/1272/1423 1517/1603/1394 1402/1488/1393
f 1418/1504/1424 103/1251/79 2056/2142/1425
f 104/1250/87 1552/1638/1426 105/1249/83
f 1418/1504/1424 104/1250/87 103/1251/79
f 102/1252/78 2056/2142/1425 103/1251/79
f 1516/1602/1427 100/1254/76 99/1255/98
f 2059/2145/1428 96/1258/100 1407/1493/1429
f 98/1256/91 1391/1477/1430 99/1255/98
f 1391/1477/1430 1516/1602/1427 99/1255/98
f 1515/1601/1431 1762/1848/1432 1391/1477/1430
f 1430/1516/1422 90/1264/1176 89/1265/131
f 2509/2595/1433 1291/1377/1434 1707/1793/1435
f 90/1264/1176 1776/1862/1436 91/1263/132
f 1706/1792/1437 1707/1793/1435 1352/1438/1438
f 1740/1826/1439 95/1259/600 94/1260/312
f 1406/1492/1440 93/1261/101 92/1262/103
f 93/1261/101 1996/2082/1441 94/1260/312
f 1407/1493/1429 96/1258/100 95/1259/600
f 2262/2348/1442 1222/1277/1443 1223/1278/1444
f 1552/1638/1426 104/1250/87 1418/1504/1424
f 126/1228/3 125/1229/319 1394/1480/1360
f 2346/2432/1445 1361/1447/1446 1431/1517/1246
f 30/1332/219 1554/1640/1211 1422/1508/1210
f 1393/1479/1447 118/1236/34 2294/2380/1448
f 2113/2199/1264 39/1323/168 38/1324/176
f 1450/1536/1449 42/1320/165 2329/2415/1261
f 1878/1964/1450 1703/1789/1451 1879/1965/1452
f 1250/1305/1277 1559/1645/1453 1249/1304/1454
f 2684/2770/1455 2061/2147/1456 1505/1591/1457
f 1988/2074/1458 1989/2075/1459 1566/1652/1460
f 2070/2156/1461 1721/1807/1462 2069/2155/1463
f 1387/1473/1464 130/1224/38 129/1225/67
f 1409/1495/1352 131/1223/15 1547/1633/1465
f 1402/1488/1393 1216/1271/1417 1217/1272/1423
f 1935/2021/1466 2713/2799/1467 1565/1651/1468
f 2474/2560/1469 1654/1740/1470 2473/2559/1471
f 2197/2283/1472 2200/2286/1473 2202/2288/1474
f 2550/2636/1475 1757/1843/1476 2549/2635/1477
f 1409/1495/1352 1547/1633/1465 1336/1422/1478
f 1473/1559/1479 2368/2454/1480 1380/1466/1481
f 2691/2777/1482 1401/1487/1483 2283/2369/1484
f 1853/1939/1485 1417/1503/1486 101/1253/478
f 1470/1556/1487 1965/2051/1488 1966/2052/1489
f 2423/2509/1490 2500/2586/1491 1269/1355/1492
f 1289/1375/1493 1442/1528/1494 2356/2442/1495
f 1361/1447/1446 2233/2319/1224 1431/1517/1246
f 1810/1896/1496 1813/1899/1497 1599/1685/1498
f 2687/2773/1499 1610/1696/1500 2738/2824/1501
f 2134/2220/1502 1540/1626/1503 2133/2219/1504
f 2111/2197/1505 2110/2196/1506 2163/2249/1507
f 2823/2909/1508 2186/2272/1509 2058/2144/1510
f 1903/1989/1511 2694/2780/1512 1472/1558/1513
f 1638/1724/1400 2458/2544/1514 1322/1408/1515
f 1427/1513/1516 2714/2800/1517 2718/2804/1518
f 2046/2132/1519 1692/1778/1520 2043/2129/1521
f 1393/1479/1447 1491/1577/1383 119/1235/30
f 1719/1805/1522 1867/1953/1523 2660/2746/1524
f 1530/1616/1525 2570/2656/1526 2572/2658/1527
f 1742/1828/1528 2533/2619/1529 2534/2620/1530
f 1194/1195/1249 1388/1474/1531 1193/1194/1532
f 2116/2202/1533 1617/1703/1534 2115/2201/1535
f 1338/1424/1536 1383/1469/1312 1465/1551/1313
f 1574/1660/1537 1337/1423/1387 1572/1658/1538
f 1348/1434/1539 1448/1534/1345 1556/1642/1346
f 1748/1834/1540 2341/2427/1541 2342/2428/1542
f 2475/2561/1543 1590/1676/1544 2474/2560/1469
f 1852/1938/1545 1597/1683/1546 1286/1372/1547
f 1420/1506/1242 1523/1609/1239 40/1322/169
f 2035/2121/1548 1608/1694/1549 2034/2120/1550
f 1969/2055/1551 1634/1720/1552 1968/2054/1553
f 1519/1605/1408 2383/2469/1554 2824/2910/1555
f 1241/1296/1556 1496/1582/1557 1433/1519/1300
f 1331/1417/1558 2357/2443/1559 1496/1582/1557
f 2543/2629/1560 1663/1749/1561 2541/2627/1562
f 1741/1827/1563 1320/1406/1564 1404/1490/1227
f 1430/1516/1422 1353/1439/1565 1776/1862/1436
f 1434/1520/1420 1213/1268/1403 1214/1269/1418
f 2165/2251/1566 2166/2252/1567 1612/1698/1568
f 2428/2514/1569 2429/2515/1570 1593/1679/1233
f 115/1239/288 114/1240/287 1473/1559/1479
f 113/1241/31 2330/2416/1375 114/1240/287
f 1933/2019/1571 2062/2148/1572 1562/1648/1573
f 2083/2169/1574 1499/1585/1575 2082/2168/1576
f 2354/2440/1259 2055/2141/1258 1399/1485/1577
f 2515/2601/1578 2126/2212/1579 1714/1800/1580
f 1403/1489/1409 1351/1437/1414 1643/1729/1410
f 1317/1403/1581 1851/1937/1582 1850/1936/1413
f 2002/2088/1583 1708/1794/1584 2001/2087/1585
f 1762/1848/1432 2551/2637/1586 2552/2638/1587
f 1490/1576/1366 2306/2392/1359 124/1230/318
f 2577/2663/1588 2579/2665/1589 1786/1872/1590
f 1417/1503/1486 1355/1441/1591 2056/2142/1425
f 2042/2128/1592 2043/2129/1521 1268/1354/1593
f 1358/1444/1234 2113/2199/1264 1419/1505/1235
f 1319/1405/1594 2416/2502/1595 2419/2505/1596
f 1295/1381/1597 2465/2551/1598 1648/1734/1599
f 1321/1407/1600 2461/2547/1601 2463/2549/1602
f 2128/2214/1603 1296/1382/1604 2129/2215/1605
f 2220/2306/1606 1350/1436/1607 2460/2546/1281
f 1499/1585/1575 2080/2166/1608 2082/2168/1576
f 2330/2416/1375 1473/1559/1479 114/1240/287
f 1746/1832/1609 2767/2853/1610 2567/2653/1611
f 1548/1634/1612 135/1219/55 134/1220/57
f 2231/2317/1613 2232/2318/1614 1650/1736/1615
f 1586/1672/1616 1340/1426/1209 2426/2512/1617
f 1580/1666/1282 1244/1299/1618 1245/1300/1619
f 1283/1369/1620 2057/2143/1621 2759/2845/1622
f 1422/1508/1210 1360/1446/1623 2164/2250/1204
f 2427/2513/1624 2563/2649/1625 1773/1859/1626
f 1426/1512/1627 1370/1456/1628 2319/2405/1260
f 2256/2342/1629 2195/2281/1630 2196/2282/1631
f 1438/1524/1398 1364/1450/1632 2305/2391/1384
f 2069/2155/1463 2071/2157/1633 1501/1587/1634
f 2234/2320/1323 1202/1203/1247 1203/1204/1635
f 2348/2434/1636 1304/1390/1637 2347/2433/1638
f 1476/1562/1371 2294/2380/1448 117/1237/19
f 1732/1818/1639 1733/1819/1640 1535/1621/1641
f 2513/2599/1642 2514/2600/1643 1714/1800/1580
f 2127/2213/1644 1600/1686/1645 2125/2211/1646
f 98/1256/91 1515/1601/1431 1391/1477/1430
f 2239/2325/1647 2054/2140/1648 1690/1776/1649
f 1761/1847/1650 2651/2737/1651 2224/2310/1652
f 1394/1480/1360 2189/2275/1653 1343/1429/1654
f 127/1227/7 1537/1623/1358 1395/1481/1655
f 2797/2883/1656 2796/2882/1657 1788/1874/1658
f 1577/1663/1659 1604/1690/1660 2413/2499/1661
f 1461/1547/1388 1223/1278/1444 1224/1279/1662
f 1747/1833/1663 1311/1397/1664 2532/2618/1351
f 1366/1452/1335 1678/1764/1665 1441/1527/1666
f 1990/2076/1667 1283/1369/1620 2181/2267/1668
f 1278/1364/1669 1725/1811/1670 2518/2604/1671
f 1514/1600/1672 2135/2221/1673 2136/2222/1674
f 1453/1539/1675 2363/2449/1676 2362/2448/1677
f 1193/1194/1532 1487/1573/1220 1192/1193/1215
f 1770/1856/1678 1549/1635/1197 1374/1460/1194
f 1237/1292/1679 1465/1551/1313 1236/1291/1301
f 1603/1689/1680 1724/1810/1681 2435/2521/1682
f 2455/2541/1683 1627/1713/1684 2454/2540/1685
f 2453/2539/1686 1369/1455/1687 1624/1710/1688
f 2326/2412/1689 1221/1276/1690 1222/1277/1443
f 2237/2323/1691 2238/2324/1692 1527/1613/1693
f 2328/2414/1231 36/1326/180 35/1327/209
f 1594/1680/1694 2430/2516/1695 2431/2517/1696
f 1582/1668/1697 2416/2502/1595 1319/1405/1594
f 2359/2445/1698 1451/1537/1699 2194/2280/1700
f 1520/1606/1701 1404/1490/1227 1199/1200/1229
f 2096/2182/1702 2264/2350/1703 2095/2181/1704
f 2461/2547/1601 1321/1407/1600 2396/2482/1705
f 1193/1194/1532 1388/1474/1531 1487/1573/1220
f 1500/1586/1706 2076/2162/1707 2078/2164/1708
f 2371/2457/1709 1477/1563/1710 2506/2592/1711
f 2098/2184/1712 1642/1728/1713 2097/2183/1714
f 2444/2530/1715 1325/1411/1716 1618/1704/1349
f 2644/2730/1717 1854/1940/1718 1855/1941/1719
f 1854/1940/1718 1359/1445/1720 1550/1636/1199
f 1613/1699/1343 1211/1212/1338 1212/1213/1721
f 1448/1534/1345 1371/1457/1342 2320/2406/1344
f 26/1336/195 2114/2200/1202 1421/1507/1200
f 2443/2529/1722 1326/1412/1723 1614/1700/1724
f 92/1262/103 91/1263/132 1777/1863/1725
f 1736/1822/1726 1708/1794/1584 1735/1821/1727
f 1696/1782/1728 1697/1783/1729 1328/1414/1730
f 2372/2458/1731 1478/1564/1392 1479/1565/1732
f 1214/1269/1418 2293/2379/1419 1434/1520/1420
f 1728/1814/1733 2524/2610/1734 2523/2609/1735
f 1281/1367/1736 2201/2287/1737 2205/2291/1738
f 1370/1456/1628 1426/1512/1627 1495/1581/1739
f 2333/2419/1285 1242/1297/1740 1243/1298/1741
f 1331/1417/1558 1382/1468/1284 2362/2448/1677
f 2317/2403/1331 1441/1527/1666 1206/1207/1332
f 1304/1390/1637 2346/2432/1445 2347/2433/1638
f 32/1330/216 2164/2250/1204 1423/1509/1205
f 1333/1419/1742 1596/1682/1743 2432/2518/1744
f 1561/1647/1745 2406/2492/1746 1334/1420/1747
f 1560/1646/1748 1364/1450/1632 1438/1524/1398
f 2554/2640/1749 1764/1850/1750 2553/2639/1751
f 1690/1776/1649 1355/1441/1591 1417/1503/1486
f 2845/2931/1752 1688/1774/1753 2269/2355/1754
f 1687/1773/1755 1357/1443/1353 1409/1495/1352
f 1337/1423/1387 1525/1611/1389 1572/1658/1538
f 2389/2475/1756 1375/1461/1757 1526/1612/1758
f 1237/1292/1679 1238/1293/1759 2335/2421/1291
f 1724/1810/1681 1725/1811/1670 1278/1364/1669
f 1321/1407/1600 2463/2549/1602 2259/2345/1760
f 2809/2895/1761 2257/2343/1762 2258/2344/1763
f 2772/2858/1764 2121/2207/1765 2122/2208/1766
f 1586/1672/1616 1360/1446/1623 1422/1508/1210
f 1702/1788/1767 2508/2594/1768 1701/1787/1769
f 118/1236/34 1393/1479/1447 119/1235/30
f 1490/1576/1366 123/1231/177 1392/1478/1361
f 1759/1845/1770 2311/2397/1771 1342/1428/1772
f 1343/1429/1654 2189/2275/1653 2191/2277/1773
f 127/1227/7 1395/1481/1655 128/1226/13
f 1251/1306/1243 2327/2413/1245 1413/1499/1276
f 1600/1686/1645 2131/2217/1774 2773/2859/1775
f 1385/1471/1251 48/1314/265 47/1315/258
f 2356/2442/1495 1637/1723/1776 1443/1529/1777
f 95/1259/600 1740/1826/1439 1407/1493/1429
f 1291/1377/1434 2002/2088/1583 2003/2089/1778
f 1724/1810/1681 1278/1364/1669 2435/2521/1682
f 1386/1472/1386 1486/1572/1316 1699/1785/1779
f 1397/1483/1780 136/1218/60 135/1219/55
f 2446/2532/1781 1619/1705/1782 2445/2531/1783
f 110/1244/130 2305/2391/1384 1439/1525/1378
f 2382/2468/1784 2083/2169/1574 1498/1584/1785
f 1398/1484/1274 1245/1300/1619 1246/1301/1319
f 2460/2546/1281 1644/1730/1786 2220/2306/1606
f 1219/1274/1412 1220/1275/1407 1403/1489/1409
f 2723/2809/1787 2452/2538/1788 1957/2043/1789
f 1406/1492/1440 1706/1792/1437 1996/2082/1441
f 1768/1854/1790 2223/2309/1791 2147/2233/1792
f 2522/2608/1793 1627/1713/1684 1727/1813/1794
f 1327/1413/1795 1406/1492/1440 1777/1863/1725
f 1254/1309/1263 1255/1310/1266 1399/1485/1577
f 1306/1392/1796 2511/2597/1797 2350/2436/1278
f 102/1252/78 101/1253/478 1417/1503/1486
f 1696/1782/1728 1328/1414/1730 2401/2487/1798
f 1198/1199/1228 1404/1490/1227 1521/1607/1221
f 2461/2547/1601 2396/2482/1705 1645/1731/1799
f 132/1222/70 131/1223/15 1409/1495/1352
f 1689/1775/1800 1323/1409/1801 2398/2484/1802
f 38/1324/176 37/1325/175 1419/1505/1235
f 1582/1668/1697 1319/1405/1594 2386/2472/1803
f 24/1338/189 1415/1501/1198 1550/1636/1199
f 1614/1700/1724 1326/1412/1723 2403/2489/1804
f 31/1331/217 30/1332/219 1422/1508/1210
f 1423/1509/1205 1596/1682/1743 1333/1419/1742
f 1361/1447/1446 2346/2432/1445 2376/2462/1805
f 1404/1490/1227 1520/1606/1701 1741/1827/1563
f 1432/1518/1324 1203/1204/1635 1204/1205/1325
f 2343/2429/1806 2820/2906/1807 2340/2426/1808
f 1363/1449/1368 2240/2326/1809 1581/1667/1810
f 1489/1575/1362 1723/1809/1369 2517/2603/1811
f 109/1245/118 108/1246/403 1438/1524/1398
f 1439/1525/1378 1498/1584/1785 1349/1435/1812
f 1551/1637/1340 1210/1211/1337 1416/1502/1339
f 2448/2534/1813 2828/2914/1814 1619/1705/1782
f 1366/1452/1335 2353/2439/1336 2339/2425/1815
f 1206/1207/1332 1441/1527/1666 1205/1206/1326
f 1433/1519/1300 1240/1295/1297 1241/1296/1556
f 1367/1453/1299 1433/1519/1300 1445/1531/1287
f 1248/1303/1320 1249/1304/1454 1405/1491/1271
f 1368/1454/1272 1538/1624/1280 2392/2478/1816
f 1518/1604/1415 1216/1271/1417 1402/1488/1393
f 1369/1455/1687 1518/1604/1415 1624/1710/1688
f 45/1317/284 44/1318/173 1426/1512/1627
f 1636/1722/1817 1345/1431/1818 2337/2423/1256
f 138/1216/498 137/1217/61 1448/1534/1345
f 2564/2650/1819 2338/2424/1820 1325/1411/1716
f 1234/1289/1310 2322/2408/1308 1233/1288/1306
f 1396/1482/1292 1493/1579/1317 2378/2464/1821
f 2324/2410/1190 1373/1459/1822 2323/2409/1191
f 1373/1459/1822 2324/2410/1190 1190/1191/1250
f 1462/1548/1195 2365/2451/1192 1374/1460/1194
f 1549/1635/1197 1770/1856/1678 2558/2644/1823
f 2262/2348/1442 1461/1547/1388 1526/1612/1758
f 2235/2321/1824 1526/1612/1758 1337/1423/1387
f 1252/1307/1244 1253/1308/1262 1412/1498/1269
f 2511/2597/1797 1413/1499/1276 1376/1462/1268
f 1463/1549/1232 35/1327/209 34/1328/211
f 1377/1463/1206 1463/1549/1232 1464/1550/1207
f 2360/2446/1825 1451/1537/1699 1378/1464/1826
f 42/1320/165 1450/1536/1449 43/1319/166
f 1474/1560/1376 113/1241/31 112/1242/32
f 1379/1465/1377 1474/1560/1376 1475/1561/1399
f 2458/2544/1514 2277/2363/1827 1322/1408/1515
f 116/1238/18 1476/1562/1371 117/1237/19
f 2373/2459/1828 1479/1565/1732 1381/1467/1829
f 106/1248/84 1478/1564/1392 107/1247/89
f 1452/1538/1283 1243/1298/1741 1244/1299/1618
f 1382/1468/1284 1452/1538/1283 1453/1539/1675
f 1754/1840/1830 1338/1424/1536 1725/1811/1670
f 2378/2464/1821 1466/1552/1304 2367/2453/1831
f 1238/1293/1759 1239/1294/1296 1467/1553/1289
f 2308/2394/1832 1338/1424/1536 1384/1470/1290
f 1385/1471/1251 2337/2423/1256 1512/1598/1265
f 1257/1312/1253 2336/2422/1252 1256/1311/1267
f 1226/1281/1385 1227/1282/1318 1486/1572/1316
f 1572/1658/1538 1525/1611/1389 2388/2474/1833
f 1492/1578/1354 128/1226/13 1395/1481/1655
f 2811/2897/1834 2270/2356/1835 2845/2931/1752
f 1546/1632/1248 1195/1196/1230 1408/1494/1217
f 2292/2378/1836 1321/1407/1600 2259/2345/1760
f 2257/2343/1762 1389/1475/1213 1339/1425/1219
f 2365/2451/1192 1488/1574/1214 2377/2463/1837
f 1553/1639/1201 27/1335/197 1421/1507/1200
f 1390/1476/1203 2404/2490/1838 2405/2491/1839
f 98/1256/91 97/1257/93 1515/1601/1431
f 1391/1477/1430 1769/1855/1840 1516/1602/1427
f 122/1232/35 121/1233/37 1489/1575/1362
f 1392/1478/1361 1759/1845/1770 1490/1576/1366
f 2505/2591/1841 1700/1786/1842 1393/1479/1447
f 2240/2326/1809 1491/1577/1383 1700/1786/1842
f 2189/2275/1653 1394/1480/1360 1342/1428/1772
f 1537/1623/1358 1394/1480/1360 1343/1429/1654
f 2193/2279/1843 2798/2884/1844 1343/1429/1654
f 2846/2932/1845 1492/1578/1354 2295/2381/1846
f 1229/1284/1294 1230/1285/1311 1493/1579/1317
f 2548/2634/1847 1315/1401/1848 1755/1841/1849
f 1548/1634/1612 134/1220/57 1410/1496/1347
f 2400/2486/1850 1348/1434/1539 1397/1483/1780
f 1246/1301/1319 1247/1302/1321 1459/1545/1275
f 2275/2361/1273 1644/1730/1786 2460/2546/1281
f 1512/1598/1265 1399/1485/1577 1255/1310/1266
f 1442/1528/1494 1289/1375/1493 2352/2438/1851
f 2627/2713/1852 2628/2714/1853 1544/1630/1854
f 2163/2249/1507 2156/2242/1855 2159/2245/1856
f 2829/2915/1857 2449/2535/1858 1436/1522/1859
f 1890/1976/1860 2679/2765/1861 1834/1920/1862
f 1217/1272/1423 1218/1273/1411 1517/1603/1394
f 1518/1604/1415 1402/1488/1393 2450/2536/1863
f 1220/1275/1407 1221/1276/1690 1519/1605/1408
f 1403/1489/1409 2824/2910/1555 1850/1936/1413
f 1199/1200/1229 1200/1201/1225 1520/1606/1701
f 2094/2180/1222 1521/1607/1221 1404/1490/1227
f 1559/1645/1453 1405/1491/1271 1249/1304/1454
f 2129/2215/1605 1296/1382/1604 2130/2216/1864
f 91/1263/132 1776/1862/1436 1777/1863/1725
f 1706/1792/1437 1406/1492/1440 1327/1413/1795
f 1768/1854/1790 1407/1493/1429 1352/1438/1438
f 1346/1432/1865 1515/1601/1431 2059/2145/1428
f 1645/1731/1799 1408/1494/1217 1356/1442/1223
f 1546/1632/1248 2397/2483/1866 1388/1474/1531
f 131/1223/15 130/1224/38 1547/1633/1465
f 1687/1773/1755 1409/1495/1352 1336/1422/1478
f 1689/1775/1800 1410/1496/1347 1357/1443/1353
f 1548/1634/1612 2399/2485/1867 1397/1483/1780
f 1411/1497/1254 1370/1456/1628 1636/1722/1817
f 1385/1471/1251 47/1315/258 1411/1497/1254
f 2055/2141/1258 1412/1498/1269 1253/1308/1262
f 2055/2141/1258 2351/2437/1279 1412/1498/1269
f 1306/1392/1796 2512/2598/1868 2511/2597/1797
f 1413/1499/1276 2510/2596/1869 1559/1645/1453
f 2099/2185/1870 2821/2907/1871 2768/2854/1872
f 2636/2722/1873 2794/2880/1874 1843/1929/1875
f 23/1339/191 22/1340/204 1549/1635/1197
f 1854/1940/1718 1550/1636/1199 1415/1501/1198
f 1416/1502/1339 1211/1212/1338 1613/1699/1343
f 1592/1678/1350 1365/1451/1876 1774/1860/1877
f 1853/1939/1485 100/1254/76 1516/1602/1427
f 1690/1776/1649 1417/1503/1486 1335/1421/1878
f 1696/1782/1728 1418/1504/1424 1355/1441/1591
f 1552/1638/1426 2402/2488/1879 1381/1467/1829
f 37/1325/175 36/1326/180 1522/1608/1236
f 1419/1505/1235 2385/2471/1238 1593/1679/1233
f 1582/1668/1697 1420/1506/1242 1358/1444/1234
f 1523/1609/1239 2387/2473/1880 1378/1464/1826
f 1614/1700/1724 1421/1507/1200 1359/1445/1720
f 1553/1639/1201 2404/2490/1838 1390/1476/1203
f 30/1332/219 29/1333/218 1554/1640/1211
f 1586/1672/1616 1422/1508/1210 1340/1426/1209
f 1596/1682/1743 1423/1509/1205 1360/1446/1623
f 2366/2452/1881 1557/1643/1240 1333/1419/1742
f 1742/1828/1528 2532/2618/1351 1592/1678/1350
f 1332/1418/1882 1678/1764/1665 2340/2426/1808
f 1279/1365/1883 2446/2532/1781 2447/2533/1884
f 2539/2625/1885 1744/1830/1886 2538/2624/1887
f 1524/1610/1255 43/1319/166 1450/1536/1449
f 2379/2465/1888 1495/1581/1739 1302/1388/1889
f 1985/2071/1890 2729/2815/1891 1469/1555/1892
f 2154/2240/1893 2152/2238/1894 2153/2239/1895
f 2421/2507/1896 1583/1669/1897 2418/2504/1898
f 2030/2116/1899 2754/2840/1900 2032/2118/1901
f 2030/2116/1899 1609/1695/1902 2029/2115/1903
f 2217/2303/1904 2843/2929/1905 2710/2796/1906
f 2296/2382/1421 88/1266/122 1497/1583/1402
f 2345/2431/1907 1353/1439/1565 1430/1516/1422
f 2234/2320/1323 1431/1517/1246 1202/1203/1247
f 2346/2432/1445 1431/1517/1246 1362/1448/1322
f 1555/1641/1327 1205/1206/1326 1441/1527/1666
f 1679/1765/1908 1446/1532/1909 2347/2433/1638
f 1496/1582/1557 1241/1296/1556 1242/1297/1740
f 1445/1531/1287 1433/1519/1300 2357/2443/1559
f 1369/1455/1687 2349/2435/1910 1434/1520/1420
f 87/1267/593 1497/1583/1402 88/1266/122
f 2352/2438/1851 1435/1521/1911 2351/2437/1279
f 1714/1800/1580 1716/1802/1912 1436/1522/1859
f 2199/2285/1913 1443/1529/1777 2198/2284/1914
f 2692/2778/1915 1830/1916/1916 1902/1988/1917
f 1717/1803/1918 2297/2383/1919 2829/2915/1857
f 1437/1523/1920 1954/2040/1921 2722/2808/1922
f 1718/1804/1397 107/1247/89 1478/1564/1392
f 1560/1646/1748 1438/1524/1398 1334/1420/1747
f 1498/1584/1785 1439/1525/1378 1364/1450/1632
f 1635/1721/1379 1439/1525/1378 1349/1435/1812
f 2353/2439/1336 1440/1526/1329 1365/1451/1876
f 2317/2403/1331 1440/1526/1329 1366/1452/1335
f 1366/1452/1335 2339/2425/1815 1678/1764/1665
f 1555/1641/1327 1332/1418/1882 1432/1518/1324
f 2355/2441/1923 1442/1528/1494 2354/2440/1259
f 1345/1431/1818 1636/1722/1817 1637/1723/1776
f 2195/2281/1630 1495/1581/1739 1640/1726/1924
f 2196/2282/1631 1443/1529/1777 2256/2342/1629
f 2200/2286/1473 2201/2287/1737 1511/1597/1925
f 2198/2284/1914 2197/2283/1472 2816/2902/1926
f 2057/2143/1621 1445/1531/1287 1331/1417/1558
f 1283/1369/1620 2730/2816/1927 2731/2817/1288
f 1362/1448/1322 1432/1518/1324 1679/1765/1908
f 2525/2611/1928 1680/1766/1929 2344/2430/1930
f 1846/1932/1931 2785/2871/1932 2784/2870/1933
f 1414/1500/1934 2476/2562/1935 2479/2565/1936
f 1556/1642/1346 137/1217/61 136/1218/60
f 1618/1704/1349 1325/1411/1716 2338/2424/1820
f 1314/1400/1937 2377/2463/1837 2257/2343/1762
f 2760/2846/1938 1277/1363/1939 2060/2146/1940
f 1451/1537/1699 1450/1536/1449 1378/1464/1826
f 1330/1416/1941 2380/2466/1942 1524/1610/1255
f 1378/1464/1826 2387/2473/1880 2360/2446/1825
f 1330/1416/1941 2194/2280/1700 1640/1726/1924
f 1580/1666/1282 1452/1538/1283 1244/1299/1618
f 2220/2306/1606 2222/2308/1943 1350/1436/1607
f 2361/2447/1944 1453/1539/1675 1452/1538/1283
f 2222/2308/1943 2363/2449/1676 1453/1539/1675
f 1454/1540/1945 2363/2449/1676 2364/2450/1946
f 2057/2143/1621 1283/1369/1620 2731/2817/1288
f 2154/2240/1893 1457/1543/1947 2152/2238/1894
f 1778/1864/1948 2151/2237/1949 2152/2238/1894
f 2221/2307/1950 2801/2887/1951 2140/2226/1952
f 2184/2270/1953 2186/2272/1509 1456/1542/1954
f 2823/2909/1508 2822/2908/1955 1456/1542/1954
f 1272/1358/1956 2157/2243/1957 2158/2244/1958
f 2611/2697/1959 2608/2694/1960 1817/1903/1961
f 2700/2786/1962 1911/1997/1963 1913/1999/1964
f 2274/2360/1270 1459/1545/1275 1247/1302/1321
f 2275/2361/1273 2276/2362/1965 1313/1399/1966
f 2298/2384/1967 1621/1707/1968 2297/2383/1919
f 1716/1802/1912 1717/1803/1918 1436/1522/1859
f 1224/1279/1662 1225/1280/1390 2261/2347/1396
f 1526/1612/1758 1461/1547/1388 1337/1423/1387
f 2365/2451/1192 1462/1548/1195 1373/1459/1822
f 2325/2411/1196 1462/1548/1195 1374/1460/1194
f 34/1328/211 33/1329/399 1557/1643/1240
f 1464/1550/1207 2366/2452/1881 1333/1419/1742
f 1333/1419/1742 1852/1938/1545 1464/1550/1207
f 1852/1938/1545 1958/2044/1969 1464/1550/1207
f 2335/2421/1291 1465/1551/1313 1237/1292/1679
f 1338/1424/1536 1465/1551/1313 1384/1470/1290
f 2367/2453/1831 1466/1552/1304 1383/1469/1312
f 2322/2408/1308 1466/1552/1304 1372/1458/1970
f 2318/2404/1295 1467/1553/1289 1239/1294/1296
f 1367/1453/1299 2732/2818/1286 2307/2393/1298
f 1468/1554/1971 2151/2237/1949 2107/2193/1972
f 1984/2070/1973 1568/1654/1974 1983/2069/1975
f 1427/1513/1516 2719/2805/1976 2255/2341/1977
f 2718/2804/1518 2714/2800/1517 1937/2023/1978
f 1626/1712/1406 1738/1824/1979 1739/1825/1980
f 1965/2051/1488 1967/2053/1981 1964/2050/1982
f 2075/2161/1983 1500/1586/1706 2073/2159/1984
f 2091/2177/1985 2090/2176/1986 1534/1620/1987
f 2228/2314/1988 1503/1589/1989 2074/2160/1990
f 2691/2777/1482 2283/2369/1484 1900/1986/1991
f 2368/2454/1480 1473/1559/1479 1379/1465/1377
f 2331/2417/1370 1473/1559/1479 1380/1466/1481
f 1635/1721/1379 1474/1560/1376 112/1242/32
f 1475/1561/1399 1474/1560/1376 2370/2456/1992
f 2763/2849/1993 1349/1435/1812 2083/2169/1574
f 2763/2849/1993 1638/1724/1400 1475/1561/1399
f 1477/1563/1710 1476/1562/1371 1380/1466/1481
f 1341/1427/1994 2505/2591/1841 2294/2380/1448
f 2813/2899/1995 1322/1408/1515 2277/2363/1827
f 2507/2593/1996 1702/1788/1767 2506/2592/1711
f 1479/1565/1732 1478/1564/1392 1381/1467/1829
f 1718/1804/1397 1334/1420/1747 1438/1524/1398
f 1381/1467/1829 2402/2488/1879 2373/2459/1828
f 1780/1866/1997 1334/1420/1747 1479/1565/1732
f 1577/1663/1659 2435/2521/1682 2414/2500/1998
f 2412/2498/1999 1575/1661/2000 2411/2497/2001
f 2165/2251/1566 1481/1567/2002 2431/2517/1696
f 1682/1768/2003 2499/2585/2004 2500/2586/1491
f 1671/1757/2005 2493/2579/2006 2494/2580/2007
f 2291/2377/2008 1269/1355/1492 2815/2901/2009
f 2488/2574/2010 2479/2565/1936 1658/1744/2011
f 1805/1891/2012 2037/2123/1363 2038/2124/2013
f 1757/1843/1476 2550/2636/1475 2028/2114/2014
f 2015/2101/2015 2029/2115/1903 1609/1695/1902
f 1304/1390/1637 2348/2434/1636 2821/2907/1871
f 1320/1406/1564 2096/2182/1702 2095/2181/1704
f 1558/1644/1314 1227/1282/1318 1228/1283/1293
f 1699/1785/1779 1310/1396/2016 2388/2474/1833
f 1487/1573/1220 1388/1474/1531 2292/2378/1836
f 1389/1475/1213 1192/1193/1215 1487/1573/1220
f 2377/2463/1837 1488/1574/1214 1389/1475/1213
f 1373/1459/1822 1190/1191/1250 1488/1574/1214
f 2188/2274/1367 1489/1575/1362 121/1233/37
f 1363/1449/1368 1581/1667/1810 1723/1809/1369
f 1392/1478/1361 2517/2603/1811 1759/1845/1770
f 2306/2392/1359 1342/1428/1772 1394/1480/1360
f 1700/1786/1842 1491/1577/1383 1393/1479/1447
f 2188/2274/1367 1491/1577/1383 1363/1449/1368
f 2295/2381/1846 1492/1578/1354 1395/1481/1655
f 1387/1473/1464 129/1225/67 1492/1578/1354
f 2321/2407/1309 1493/1579/1317 1230/1285/1311
f 2378/2464/1821 1493/1579/1317 1372/1458/1970
f 2568/2654/2017 1782/1868/2018 2569/2655/2019
f 2534/2620/1530 1744/1830/1886 1425/1511/2020
f 1426/1512/1627 2380/2466/1942 1495/1581/1739
f 1495/1581/1739 2380/2466/1942 1640/1726/1924
f 2333/2419/1285 1496/1582/1557 1242/1297/1740
f 1331/1417/1558 1496/1582/1557 1382/1468/1284
f 1434/1520/1420 1329/1415/2021 1497/1583/1402
f 2296/2382/1421 1329/1415/2021 1430/1516/1422
f 1364/1450/1632 2381/2467/2022 1498/1584/1785
f 2381/2467/2022 2382/2468/1784 1498/1584/1785
f 2079/2165/2023 2081/2167/2024 1501/1587/1634
f 1501/1587/1634 2071/2157/1633 2079/2165/2023
f 2080/2166/1608 2073/2159/1984 1500/1586/1706
f 2075/2161/1983 2076/2162/1707 1500/1586/1706
f 2406/2492/1746 1303/1389/2025 2381/2467/2022
f 2072/2158/2026 2086/2172/2027 2070/2156/1461
f 1912/1998/2028 1918/2004/2029 1564/1650/2030
f 1905/1991/2031 2695/2781/2032 1569/1655/2033
f 2068/2154/2034 2067/2153/2035 1273/1359/2036
f 1906/1992/2037 2696/2782/2038 1504/1590/2039
f 2065/2151/2040 2068/2154/2034 1721/1807/1462
f 1914/2000/2041 1909/1995/2042 1910/1996/2043
f 2689/2775/2044 1532/1618/2045 1902/1988/1917
f 1505/1591/1457 2756/2842/2046 2684/2770/1455
f 1898/1984/2047 2711/2797/2048 2212/2298/2049
f 2040/2126/2050 1893/1979/2051 2683/2769/2052
f 1798/1884/2053 2271/2357/2054 2272/2358/2055
f 1734/1820/2056 1997/2083/2057 1535/1621/1641
f 1719/1805/1522 2656/2742/1374 1864/1950/1373
f 1605/1691/2058 2657/2743/2059 2436/2522/2060
f 1507/1593/2061 2280/2366/2062 2814/2900/2063
f 2282/2368/2064 1874/1960/2065 1872/1958/2066
f 2076/2162/1707 2088/2174/2067 1510/1596/2068
f 2368/2454/1480 2369/2455/1401 1322/1408/1515
f 2441/2527/2069 1585/1671/2070 2420/2506/2071
f 2210/2296/2072 1898/1984/2047 2208/2294/2073
f 1512/1598/1265 1256/1311/1267 2336/2422/1252
f 1512/1598/1265 1345/1431/1818 2355/2441/1923
f 2136/2222/1674 2138/2224/2074 1514/1600/1672
f 2776/2862/2075 1513/1599/2076 2138/2224/2074
f 2276/2362/1965 2392/2478/1816 1313/1399/1966
f 2395/2481/2077 1514/1600/1672 2139/2225/2078
f 97/1257/93 96/1258/100 2059/2145/1428
f 1391/1477/1430 1762/1848/1432 1307/1393/2079
f 1769/1855/1840 1391/1477/1430 1307/1393/2079
f 1853/1939/1485 1335/1421/1878 1417/1503/1486
f 1643/1729/1410 1517/1603/1394 1218/1273/1411
f 1351/1437/1414 1957/2043/1789 2180/2266/1395
f 2450/2536/1863 1316/1402/2080 2451/2537/2081
f 2293/2379/1419 1518/1604/1415 1369/1455/1687
f 2326/2412/1689 1519/1605/1408 1221/1276/1690
f 2383/2469/1554 1519/1605/1408 1375/1461/1757
f 2233/2319/1224 1520/1606/1701 1200/1201/1225
f 1520/1606/1701 1361/1447/1446 1741/1827/1563
f 2094/2180/1222 1404/1490/1227 1320/1406/1564
f 1960/2046/1216 1521/1607/1221 1356/1442/1223
f 2328/2414/1231 1522/1608/1236 36/1326/180
f 2384/2470/1237 1522/1608/1236 1377/1463/1206
f 2386/2472/1803 1523/1609/1239 1420/1506/1242
f 2329/2415/1261 1523/1609/1239 1378/1464/1826
f 1524/1610/1255 1450/1536/1449 2359/2445/1698
f 1426/1512/1627 44/1318/173 1524/1610/1255
f 1461/1547/1388 1224/1279/1662 2261/2347/1396
f 2388/2474/1833 1525/1611/1389 1386/1472/1386
f 1527/1613/1693 2389/2475/1756 2235/2321/1824
f 1375/1461/1757 2326/2412/1689 2262/2348/1442
f 1527/1613/1693 2236/2322/2082 2237/2323/1691
f 2390/2476/2083 2383/2469/1554 1375/1461/1757
f 1282/1368/2084 1962/2048/2085 1963/2049/2086
f 1631/1717/2087 1964/2050/1982 1967/2053/1981
f 1282/1368/2084 2236/2322/2082 2410/2496/2088
f 1529/1615/2089 1962/2048/2085 2103/2189/2090
f 1844/1930/2091 1848/1934/2092 2640/2726/2093
f 2536/2622/2094 1744/1830/1886 2535/2621/2095
f 2750/2836/2096 1483/1569/2097 2749/2835/2098
f 2489/2575/2099 1750/1836/2100 2541/2627/1562
f 1903/1989/1511 2721/2807/2101 1949/2035/2102
f 2619/2705/2103 1827/1913/2104 2621/2707/2105
f 2619/2705/2103 2621/2707/2105 1545/1631/2106
f 2626/2712/2107 2627/2713/1852 1835/1921/2108
f 2090/2176/1986 2089/2175/2109 1534/1620/1987
f 1734/1820/2056 1535/1621/1641 1733/1819/1640
f 2658/2744/1382 1869/1955/2110 2661/2747/2111
f 2310/2396/2112 1866/1952/2113 2440/2526/2114
f 1869/1955/2110 2662/2748/2115 2661/2747/2111
f 2791/2877/2116 2597/2683/2117 1800/1886/2118
f 1394/1480/1360 1537/1623/1358 126/1228/3
f 1537/1623/1358 1343/1429/1654 2798/2884/1844
f 2391/2477/2119 1538/1624/1280 1405/1491/1271
f 2130/2216/1864 2393/2479/2120 1538/1624/1280
f 1539/1625/2121 2393/2479/2120 2394/2480/2122
f 2138/2224/2074 2139/2225/2078 1514/1600/1672
f 2130/2216/1864 2131/2217/1774 2129/2215/1605
f 2132/2218/2123 2128/2214/1603 1541/1627/2124
f 1833/1919/2125 1840/1926/2126 2263/2349/2127
f 2626/2712/2107 1541/1627/2124 1837/1923/2128
f 2609/2695/2129 1818/1904/2130 2611/2697/1959
f 2134/2220/1502 2135/2221/1673 1514/1600/1672
f 1543/1629/2131 2608/2694/1960 2611/2697/1959
f 2616/2702/2132 1261/1347/2133 1913/1999/1964
f 1545/1631/2106 1946/2032/2134 1945/2031/2135
f 2627/2713/1852 2624/2710/2136 1835/1921/2108
f 1923/2009/2137 1944/2030/2138 1821/1907/2139
f 1261/1347/2133 2616/2702/2132 2614/2700/2140
f 2396/2482/1705 1546/1632/1248 1408/1494/1217
f 1388/1474/1531 1194/1195/1249 1546/1632/1248
f 130/1224/38 1387/1473/1464 1547/1633/1465
f 1336/1422/1478 1547/1633/1465 1387/1473/1464
f 2398/2484/1802 1548/1634/1612 1410/1496/1347
f 1397/1483/1780 135/1219/55 1548/1634/1612
f 2325/2411/1196 1549/1635/1197 22/1340/204
f 2358/2444/1193 1770/1856/1678 1374/1460/1194
f 1854/1940/1718 1415/1501/1198 1324/1410/2141
f 2114/2200/1202 1550/1636/1199 1359/1445/1720
f 2564/2650/1819 1325/1411/1716 2828/2914/1814
f 2316/2402/1333 1551/1637/1340 1365/1451/1876
f 2401/2487/1798 1552/1638/1426 1418/1504/1424
f 2332/2418/1391 1552/1638/1426 1381/1467/1829
f 2403/2489/1804 1553/1639/1201 1421/1507/1200
f 1390/1476/1203 28/1334/198 1553/1639/1201
f 29/1333/218 1390/1476/1203 1554/1640/1211
f 1340/1426/1209 1554/1640/1211 1390/1476/1203
f 1332/1418/1882 1555/1641/1327 1441/1527/1666
f 1432/1518/1324 1204/1205/1325 1555/1641/1327
f 136/1218/60 1397/1483/1780 1556/1642/1346
f 1348/1434/1539 1556/1642/1346 1397/1483/1780
f 33/1329/399 1423/1509/1205 1557/1643/1240
f 1333/1419/1742 1557/1643/1240 1423/1509/1205
f 1228/1283/1293 1396/1482/1292 1558/1644/1314
f 1347/1433/1315 1558/1644/1314 1396/1482/1292
f 1413/1499/1276 1559/1645/1453 1250/1305/1277
f 1559/1645/1453 1344/1430/2142 2391/2477/2119
f 1334/1420/1747 1780/1866/1997 1561/1647/1745
f 1560/1646/1748 2406/2492/1746 2381/2467/2022
f 1288/1374/2143 2087/2173/2144 2086/2172/2027
f 2406/2492/1746 2072/2158/2026 1303/1389/2025
f 1932/2018/2145 1933/2019/1571 2087/2173/2144
f 2761/2847/2146 2062/2148/1572 2063/2149/2147
f 2375/2461/2148 1697/1783/1729 2503/2589/2149
f 1918/2004/2029 1919/2005/2150 1564/1650/2030
f 2702/2788/2151 2706/2792/2152 1916/2002/2153
f 2699/2785/2154 2698/2784/2155 1912/1998/2028
f 1692/1778/1520 2046/2132/1519 2047/2133/2156
f 2110/2196/1506 2105/2191/2157 2106/2192/2158
f 1988/2074/1458 1992/2078/2159 1568/1654/1974
f 1568/1654/1974 1984/2070/1973 1988/2074/1458
f 1576/1662/2160 2412/2498/1999 1859/1945/2161
f 1604/1690/1660 1577/1663/1659 2414/2500/1998
f 1986/2072/2162 2729/2815/1891 1568/1654/1974
f 1985/2071/1890 1633/1719/2163 1983/2069/1975
f 2063/2149/2147 2065/2151/2040 1721/1807/1462
f 1944/2030/2138 1923/2009/2137 1924/2010/2164
f 2695/2781/2032 1908/1994/2165 1569/1655/2033
f 1918/2004/2029 1912/1998/2028 1922/2008/2166
f 2699/2785/2154 1571/1657/2167 1911/1997/1963
f 2615/2701/2168 1543/1629/2131 2612/2698/2169
f 1310/1396/2016 2407/2493/2170 1572/1658/1538
f 2411/2497/2001 1480/1566/2171 2412/2498/1999
f 2413/2499/1661 2409/2495/2172 1577/1663/1659
f 2408/2494/2173 1575/1661/2000 2410/2496/2088
f 1572/1658/1538 2407/2493/2170 2408/2494/2173
f 2235/2321/1824 2236/2322/2082 1527/1613/1693
f 1859/1945/2161 1480/1566/2171 1604/1690/1660
f 1282/1368/2084 2410/2496/2088 1962/2048/2085
f 2103/2189/2090 2456/2542/2174 1632/1718/2175
f 1576/1662/2160 2103/2189/2090 1962/2048/2085
f 1573/1659/2176 2407/2493/2170 2409/2495/2172
f 1578/1664/2177 2414/2500/1998 2825/2911/2178
f 1990/2076/1667 2730/2816/1927 1283/1369/1620
f 1604/1690/1660 1480/1566/2171 2413/2499/1661
f 2467/2553/2179 2464/2550/2180 1648/1734/1599
f 1258/1344/2181 2120/2206/2182 2231/2317/1613
f 1398/1484/1274 1580/1666/1282 1245/1300/1619
f 1580/1666/1282 1350/1436/1607 2361/2447/1944
f 2438/2524/2183 1305/1391/2184 2439/2525/2185
f 1581/1667/1810 2436/2522/2060 2437/2523/2186
f 1358/1444/1234 2415/2501/2187 1582/1668/1697
f 2420/2506/2071 1607/1693/2188 2441/2527/2069
f 2417/2503/2189 1583/1669/1897 2416/2502/1595
f 2417/2503/2189 2418/2504/1898 1583/1669/1897
f 2429/2515/1570 1682/1768/2003 1294/1380/2190
f 2423/2509/1490 2031/2117/2191 2422/2508/2192
f 1585/1671/2070 2419/2505/1596 2420/2506/2071
f 1585/1671/2070 2441/2527/2069 2424/2510/2193
f 2122/2208/1766 1587/1673/2194 2426/2512/1617
f 2425/2511/2195 1360/1446/1623 1586/1672/1616
f 2559/2645/2196 1771/1857/2197 2563/2649/1625
f 2426/2512/1617 2427/2513/1624 1586/1672/1616
f 2117/2203/2198 1617/1703/1534 2116/2202/1533
f 2604/2690/2199 2549/2635/1477 2834/2920/2200
f 1588/1674/2201 2601/2687/2202 2560/2646/2203
f 1671/1757/2005 2483/2569/2204 2482/2568/2205
f 2475/2561/1543 2477/2563/2206 1590/1676/1544
f 2466/2552/2207 1650/1736/1615 2467/2553/2179
f 2470/2556/2208 1781/1867/2209 2469/2555/2210
f 1730/1816/2211 2831/2917/2212 2528/2614/2213
f 1365/1451/1876 1551/1637/1340 1774/1860/1877
f 1592/1678/1350 2448/2534/1813 1742/1828/1528
f 1593/1679/1233 2385/2471/1238 2428/2514/1569
f 1593/1679/1233 2429/2515/1570 2415/2501/2187
f 2428/2514/1569 2430/2516/1695 1594/1680/1694
f 1481/1567/2002 2499/2585/2004 2498/2584/2214
f 1958/2044/1969 1959/2045/1208 1464/1550/1207
f 2780/2866/2215 1286/1372/1547 2165/2251/1566
f 2425/2511/2195 1596/1682/1743 1360/1446/1623
f 2433/2519/2216 1597/1683/1546 2432/2518/1744
f 2169/2255/2217 1598/1684/2218 2167/2253/2219
f 2166/2252/1567 2167/2253/2219 1598/1684/2218
f 2826/2912/2220 2433/2519/2216 2434/2520/2221
f 2243/2329/2222 1482/1568/2223 1756/1842/2224
f 1301/1387/2225 2427/2513/1624 1773/1859/1626
f 1813/1899/1497 1810/1896/1496 2602/2688/2226
f 2131/2217/1774 2510/2596/1869 1712/1798/2227
f 2124/2210/2228 2125/2211/1646 1271/1357/2229
f 2706/2792/2152 2707/2793/2230 1916/2002/2153
f 2004/2090/2231 2005/2091/2232 1710/1796/2233
f 2226/2312/2234 1940/2026/2235 2225/2311/2236
f 1630/1716/2237 1973/2059/2238 2566/2652/2239
f 2504/2590/2240 1310/1396/2016 1699/1785/1779
f 1603/1689/1680 2504/2590/2240 1724/1810/1681
f 1604/1690/1660 1994/2080/2241 1993/2079/2242
f 1987/2073/2243 1567/1653/2244 2285/2371/2245
f 2438/2524/2183 2439/2525/2185 1605/1691/2058
f 1865/1951/1381 1536/1622/1380 1867/1953/1523
f 1701/1787/1769 1305/1391/2184 1700/1786/1842
f 1606/1692/2246 2508/2594/1768 1732/1818/1639
f 2035/2121/1548 2036/2122/2247 1608/1694/1549
f 1607/1693/2188 2035/2121/1548 2799/2885/2248
f 1608/1694/1549 2754/2840/1900 2030/2116/1899
f 2033/2119/2249 1429/1515/2250 2209/2295/2251
f 1609/1695/1902 2739/2825/2252 2013/2099/2253
f 2300/2386/2254 1484/1570/2255 2017/2103/2256
f 2008/2094/2257 1805/1891/2012 2007/2093/2258
f 1259/1345/2259 1883/1969/2260 1884/1970/2261
f 2299/2385/2262 1641/1727/2263 1888/1974/2264
f 1831/1917/2265 1926/2012/2266 1927/2013/2267
f 2549/2635/1477 1265/1351/2268 2550/2636/1475
f 2241/2327/2269 1753/1839/2270 1756/1842/2224
f 1860/1946/1341 1613/1699/1343 1212/1213/1721
f 1613/1699/1343 1371/1457/1342 2338/2424/1820
f 1359/1445/1720 2442/2528/2271 1614/1700/1724
f 2442/2528/2271 2304/2390/2272 1614/1700/1724
f 1856/1942/2273 2119/2205/2274 2304/2390/2272
f 2121/2207/1765 1615/1701/2275 2118/2204/2276
f 2119/2205/2274 1856/1942/2273 1616/1702/2277
f 2771/2857/2278 2302/2388/2279 2117/2203/2198
f 2302/2388/2279 2303/2389/2280 1617/1703/1534
f 1772/1858/2281 2561/2647/2282 2770/2856/2283
f 1448/1534/1345 1348/1434/1539 1618/1704/1349
f 1619/1705/1782 2444/2530/1715 2445/2531/1783
f 1348/1434/1539 2444/2530/1715 1618/1704/1349
f 1619/1705/1782 2446/2532/1781 2448/2534/1813
f 2400/2486/1850 1397/1483/1780 2399/2485/1867
f 2447/2533/1884 2459/2545/2284 1642/1728/1713
f 2204/2290/2285 1260/1346/2286 2203/2289/2287
f 1622/1708/2288 2213/2299/2289 2214/2300/2290
f 2206/2292/2291 2202/2288/1474 1511/1597/1925
f 1611/1697/2292 2711/2797/2048 2211/2297/2293
f 1952/2038/2294 1953/2039/2295 1832/1918/2296
f 1436/1522/1859 2515/2601/1578 1714/1800/1580
f 1624/1710/1688 2450/2536/1863 2451/2537/2081
f 1624/1710/1688 2454/2540/1685 2453/2539/1686
f 1957/2043/1789 1351/1437/1414 1956/2042/2297
f 1980/2066/2298 1738/1824/1979 1628/1714/2299
f 2451/2537/2081 2452/2538/1788 1625/1711/2300
f 1626/1712/1406 1998/2084/2301 2001/2087/1585
f 1627/1713/1684 2455/2541/1683 1727/1813/1794
f 1627/1713/1684 2522/2608/1793 2349/2435/1910
f 1978/2064/2302 1980/2066/2298 1290/1376/2303
f 1737/1823/1405 1738/1824/1979 1626/1712/1406
f 1977/2063/2304 1631/1717/2087 1976/2062/2305
f 1629/1715/2306 1976/2062/2305 1975/2061/2307
f 1967/2053/1981 1974/2060/2308 1631/1717/2087
f 2566/2652/2239 2565/2651/2309 1749/1835/2310
f 1631/1717/2087 1974/2060/2308 1976/2062/2305
f 1963/2049/2086 1964/2050/1982 1528/1614/2311
f 1632/1718/2175 1982/2068/2312 1981/2067/2313
f 1965/2051/1488 1529/1615/2089 2724/2810/2314
f 1633/1719/2163 1982/2068/2312 1983/2069/1975
f 1970/2056/2315 1634/1720/1552 1969/2055/1551
f 1427/1513/1516 2718/2804/1518 2719/2805/1976
f 2726/2812/2316 1971/2057/2317 1972/2058/2318
f 1439/1525/1378 1635/1721/1379 111/1243/119
f 1635/1721/1379 1349/1435/1812 2370/2456/1992
f 2379/2465/1888 1636/1722/1817 1370/1456/1628
f 1637/1723/1776 1442/1528/1494 2355/2441/1923
f 1636/1722/1817 1302/1388/1889 1637/1723/1776
f 1637/1723/1776 1302/1388/1889 2256/2342/1629
f 2084/2170/2319 1297/1383/2320 2078/2164/1708
f 2084/2170/2319 1639/1725/2321 2458/2544/1514
f 2090/2176/1986 1510/1596/2068 2088/2174/2067
f 1702/1788/1767 2507/2593/1996 1287/1373/2322
f 2359/2445/1698 2194/2280/1700 1330/1416/1941
f 2195/2281/1630 1640/1726/1924 1444/1530/2323
f 1805/1891/2012 2006/2092/2324 2007/2093/2258
f 1834/1920/1862 1925/2011/2325 1926/2012/2266
f 1323/1409/1801 1689/1775/1800 2097/2183/1714
f 1743/1829/2326 2447/2533/1884 2827/2913/2327
f 1403/1489/1409 1643/1729/1410 1219/1274/1412
f 1517/1603/1394 1643/1729/1410 1351/1437/1414
f 1513/1599/2076 2141/2227/2328 2138/2224/2074
f 2220/2306/1606 1644/1730/1786 1513/1599/2076
f 2229/2315/2329 1645/1731/1799 1356/1442/1223
f 1579/1665/2330 1647/1733/2331 2463/2549/1602
f 1646/1732/2332 2461/2547/1601 2462/2548/2333
f 1646/1732/2332 2462/2548/2333 1648/1734/1599
f 1277/1363/1939 1858/1944/2334 1857/1943/2335
f 2258/2344/1763 2259/2345/1760 2260/2346/2336
f 2095/2181/1704 1295/1381/1597 2229/2315/2329
f 1579/1665/2330 2464/2550/2180 2467/2553/2179
f 1270/1356/2337 2266/2352/2338 2265/2351/2339
f 1650/1736/1615 2468/2554/2340 1258/1344/2181
f 1648/1734/1599 2465/2551/1598 2466/2552/2207
f 1258/1344/2181 2117/2203/2198 2120/2206/2182
f 2265/2351/2339 2471/2557/2341 1649/1735/2342
f 2485/2571/2343 2472/2558/2344 1653/1739/2345
f 2645/2731/2346 1855/1941/1719 2646/2732/2347
f 2647/2733/2348 2648/2734/2349 1652/1738/2350
f 2265/2351/2339 1649/1735/2342 2264/2350/1703
f 1654/1740/1470 2472/2558/2344 2473/2559/1471
f 1654/1740/1470 2474/2560/1469 1781/1867/2209
f 1654/1740/1470 1781/1867/2209 2470/2556/2208
f 2473/2559/1471 2480/2566/2351 1655/1741/2352
f 2482/2568/2205 1656/1742/2353 2476/2562/1935
f 1656/1742/2353 2475/2561/1543 2476/2562/1935
f 1656/1742/2353 2478/2564/2354 2477/2563/2206
f 1812/1898/2355 1814/1900/2356 2490/2576/2357
f 1588/1674/2201 2560/2646/2203 2562/2648/2358
f 2481/2567/2359 1658/1744/2011 2480/2566/2351
f 2174/2260/2360 1662/1748/2361 2487/2573/2362
f 2786/2872/2363 2173/2259/2364 2486/2572/2365
f 2787/2873/2366 2788/2874/2367 2174/2260/2360
f 1731/1817/2368 2266/2352/2338 2528/2614/2213
f 2790/2876/2369 2172/2258/2370 1447/1533/2371
f 2176/2262/2372 1666/1752/2373 2171/2257/2374
f 1666/1752/2373 2312/2398/2375 2313/2399/2376
f 1658/1744/2011 2486/2572/2365 2487/2573/2362
f 2489/2575/2099 2541/2627/1562 1674/1760/2377
f 2637/2723/2378 1752/1838/2379 2636/2722/1873
f 1674/1760/2377 2492/2578/2380 2493/2579/2006
f 2591/2677/2381 1803/1889/2382 1676/1762/2383
f 2144/2230/2384 1794/1880/2385 2590/2676/2386
f 2590/2676/2386 2591/2677/2381 1676/1762/2383
f 2599/2685/2387 2123/2209/2388 1801/1887/2389
f 1425/1511/2020 1748/1834/1540 2342/2428/1542
f 1845/1931/2390 1263/1349/2391 1841/1927/2392
f 1263/1349/2391 2600/2686/2393 1841/1927/2392
f 2145/2231/2394 2146/2232/2395 2637/2723/2378
f 1809/1895/2396 2600/2686/2393 1746/1832/1609
f 2632/2718/2397 1809/1895/2396 2633/2719/2398
f 1787/1873/2399 2578/2664/2400 2581/2667/2401
f 1791/1877/2402 2585/2671/2403 2588/2674/2404
f 1670/1756/2405 2584/2670/2406 1791/1877/2402
f 2579/2665/1589 1789/1875/2407 1669/1755/2408
f 2489/2575/2099 2491/2577/2409 1414/1500/1934
f 2024/2110/2410 2748/2834/2411 2497/2583/2412
f 2747/2833/2413 2022/2108/2414 2024/2110/2410
f 2603/2689/2415 1265/1351/2268 2604/2690/2199
f 1799/1885/2416 2245/2331/2417 2247/2333/2418
f 1484/1570/2255 2013/2099/2253 2027/2113/2419
f 1414/1500/1934 2488/2574/2010 2489/2575/2099
f 1674/1760/2377 2541/2627/1562 2492/2578/2380
f 2749/2835/2098 1483/1569/2097 2747/2833/2413
f 1815/1901/2420 2494/2580/2007 2496/2582/2421
f 1789/1875/2407 2583/2669/2422 1669/1755/2408
f 1794/1880/2385 2587/2673/2423 2589/2675/2424
f 2668/2754/2425 1880/1966/2426 1508/1594/2427
f 2144/2230/2384 2590/2676/2386 1676/1762/2383
f 2340/2426/1808 1678/1764/1665 1424/1510/2428
f 1332/1418/1882 1441/1527/1666 1678/1764/1665
f 1432/1518/1324 1332/1418/1882 1679/1765/1908
f 2820/2906/1807 1679/1765/1908 1332/1418/1882
f 1446/1532/1909 2343/2429/1806 2344/2430/1930
f 2525/2611/1928 2526/2612/2429 1680/1766/1929
f 2061/2147/1456 1895/1981/2430 2092/2178/2431
f 1873/1959/2432 2666/2752/2433 1943/2029/2434
f 2498/2584/2214 2499/2585/2004 1682/1768/2003
f 1682/1768/2003 1584/1670/2435 2418/2504/1898
f 2165/2251/1566 2781/2867/2436 1481/1567/2002
f 1753/1839/2270 1683/1769/2437 2499/2585/2004
f 2182/2268/2438 2183/2269/2439 1685/1771/2440
f 2013/2099/2253 1484/1570/2255 2012/2098/2441
f 1673/1759/2442 2744/2830/2443 2745/2831/2444
f 2740/2826/1365 1686/1772/2445 2037/2123/1363
f 2021/2107/2446 2744/2830/2443 2245/2331/2417
f 2038/2124/2013 2039/2125/2447 2806/2892/2448
f 2150/2236/1355 2269/2355/1754 1688/1774/1753
f 2148/2234/2449 2149/2235/1357 1298/1384/1356
f 2845/2931/1752 1336/1422/1478 2811/2897/1834
f 2570/2656/1526 1530/1616/1525 2568/2654/2017
f 1689/1775/1800 2149/2235/1357 2148/2234/2449
f 2097/2183/1714 1642/1728/1713 2459/2545/2284
f 2239/2325/1647 1690/1776/1649 1335/1421/1878
f 2501/2587/2450 1355/1441/1591 1690/1776/1649
f 1766/1852/2451 2554/2640/1749 2555/2641/2452
f 2044/2130/2453 2050/2136/2454 1693/1779/2455
f 2252/2338/2456 2253/2339/2457 2049/2135/2458
f 2044/2130/2453 2045/2131/2459 2043/2129/1521
f 2049/2135/2458 2050/2136/2454 2044/2130/2453
f 1935/2021/1466 1565/1651/1468 2707/2793/2230
f 2708/2794/2460 2705/2791/2461 1268/1354/1593
f 1698/1784/2462 1931/2017/2463 1932/2018/2145
f 2048/2134/2464 1692/1778/1520 2047/2133/2156
f 2254/2340/2465 1695/1781/2466 2253/2339/2457
f 2501/2587/2450 1696/1782/1728 1355/1441/1591
f 2757/2843/2467 1697/1783/1729 2502/2588/2468
f 2502/2588/2468 1697/1783/1729 1696/1782/1728
f 1697/1783/1729 2757/2843/2467 2503/2589/2149
f 1694/1780/2469 2042/2128/1592 1931/2017/2463
f 2374/2460/2470 1479/1565/1732 2373/2459/1828
f 1486/1572/1316 1347/1433/1315 1699/1785/1779
f 2504/2590/2240 1699/1785/1779 1347/1433/1315
f 1701/1787/1769 2505/2591/1841 1341/1427/1994
f 2240/2326/1809 1700/1786/1842 1305/1391/2184
f 1702/1788/1767 1701/1787/1769 1341/1427/1994
f 1701/1787/1769 2508/2594/1768 2439/2525/2185
f 2506/2592/1711 1702/1788/1767 1341/1427/1994
f 1702/1788/1767 1287/1373/2322 1732/1818/1639
f 2663/2749/2471 1871/1957/2472 2281/2367/2473
f 1704/1790/2474 2669/2755/2475 2279/2365/2476
f 2672/2758/2477 1881/1967/2478 2671/2757/2479
f 2670/2756/2480 1881/1967/2478 1705/1791/2481
f 1887/1973/2482 2807/2893/2483 2673/2759/2484
f 1807/1893/2485 1677/1763/2486 2592/2678/2487
f 1707/1793/1435 1706/1792/1437 1327/1413/1795
f 1706/1792/1437 1352/1438/1438 1740/1826/1439
f 2509/2595/1433 1735/1821/1727 1708/1794/1584
f 1707/1793/1435 1291/1377/1434 2223/2309/1791
f 1707/1793/1435 1327/1413/1795 1735/1821/1727
f 1626/1712/1406 1739/1825/1980 1998/2084/2301
f 1979/2065/2488 1264/1350/2489 2727/2813/2490
f 2004/2090/2231 1710/1796/2233 2003/2089/1778
f 1764/1850/1750 2554/2640/1749 2552/2638/1587
f 1767/1853/2491 1710/1796/2233 2556/2642/2492
f 2734/2820/2493 1999/2085/2494 1264/1350/2489
f 2716/2802/2495 1602/1688/2496 2725/2811/2497
f 2773/2859/1775 2512/2598/1868 1713/1799/2498
f 2131/2217/1774 1600/1686/1645 2129/2215/1605
f 1713/1799/2498 2512/2598/1868 2513/2599/1642
f 1713/1799/2498 2126/2212/1579 2125/2211/1646
f 2514/2600/1643 1435/1521/1911 1716/1802/1912
f 1715/1801/2499 2515/2601/1578 2449/2535/1858
f 2631/2717/2500 1623/1709/2501 2810/2896/2502
f 2126/2212/1579 1271/1357/2229 2125/2211/1646
f 1435/1521/1911 2516/2602/2503 1716/1802/1912
f 1289/1375/1493 2199/2285/1913 1717/1803/1918
f 1717/1803/1918 1716/1802/1912 2516/2602/2503
f 2297/2383/1919 1717/1803/1918 1460/1546/2504
f 107/1247/89 1718/1804/1397 108/1246/403
f 1718/1804/1397 1478/1564/1392 2372/2458/1731
f 2592/2678/2487 1677/1763/2486 2589/2675/2424
f 2189/2275/1653 2190/2276/2505 1292/1378/2506
f 2652/2738/2507 1861/1947/2508 2653/2739/2509
f 2584/2670/2406 2100/2186/2510 1791/1877/2402
f 2065/2151/2040 2063/2149/2147 2064/2150/2511
f 2068/2154/2034 1273/1359/2036 2069/2155/1463
f 1722/1808/2512 2064/2150/2511 1922/2008/2166
f 1908/1994/2165 1909/1995/2042 1569/1655/2033
f 1581/1667/1810 1308/1394/2513 1723/1809/1369
f 2517/2603/1811 1723/1809/1369 1308/1394/2513
f 2548/2634/1847 1347/1433/1315 1396/1482/1292
f 1383/1469/1312 1338/1424/1536 1754/1840/1830
f 1754/1840/1830 1755/1841/1849 1315/1401/1848
f 2307/2393/1298 2308/2394/1832 1384/1470/1290
f 1726/1812/2514 2518/2604/1671 2519/2605/2515
f 1726/1812/2514 2819/2905/2516 2520/2606/2517
f 2523/2609/1735 1727/1813/1794 1285/1371/2518
f 2524/2610/1734 2345/2431/1907 1727/1813/1794
f 1736/1822/1726 1735/1821/1727 1728/1814/1733
f 1327/1413/1795 1777/1863/1725 2278/2364/2519
f 1680/1766/1929 2348/2434/1636 2344/2430/1930
f 2783/2869/2520 2177/2263/2521 1284/1370/2522
f 2526/2612/2429 1447/1533/2371 2527/2613/2523
f 1270/1356/2337 2267/2353/2524 2268/2354/2525
f 2484/2570/2526 1660/1746/2527 2481/2567/2359
f 2484/2570/2526 1591/1677/2528 2485/2571/2343
f 1733/1819/1640 1732/1818/1639 1287/1373/2322
f 2309/2395/2529 1606/1692/2246 1732/1818/1639
f 2091/2177/1985 1733/1819/1640 1287/1373/2322
f 1734/1820/2056 1733/1819/1640 1534/1620/1987
f 2089/2175/2109 2093/2179/2530 1534/1620/1987
f 1734/1820/2056 2093/2179/2530 2530/2616/2531
f 1327/1413/1795 1728/1814/1733 1735/1821/1727
f 1728/1814/1733 2523/2609/1735 1736/1822/1726
f 1737/1823/1405 1736/1822/1726 1285/1371/2518
f 2531/2617/1404 1708/1794/1584 1736/1822/1726
f 2455/2541/1683 1737/1823/1405 1285/1371/2518
f 1625/1711/2300 2452/2538/1788 1738/1824/1979
f 1625/1711/2300 1738/1824/1979 1737/1823/1405
f 1980/2066/2298 1628/1714/2299 2723/2809/1787
f 2727/2813/2490 1629/1715/2306 1975/2061/2307
f 1739/1825/1980 2727/2813/2490 1998/2084/2301
f 1740/1826/1439 94/1260/312 1996/2082/1441
f 1407/1493/1429 1740/1826/1439 1352/1438/1438
f 2376/2462/1805 1741/1827/1563 1361/1447/1446
f 2765/2851/2532 1741/1827/1563 1485/1571/2533
f 2533/2619/1529 1742/1828/1528 1279/1365/1883
f 2540/2626/2534 1425/1511/2020 1747/1833/1663
f 2533/2619/1529 2447/2533/1884 1743/1829/2326
f 2827/2913/2327 2535/2621/2095 1743/1829/2326
f 1746/1832/1609 2536/2622/2094 2767/2853/1610
f 1845/1931/2390 1847/1933/2535 1263/1349/2391
f 2538/2624/1887 1744/1830/1886 2537/2623/2536
f 2170/2256/2537 2783/2869/2520 2782/2868/2538
f 1746/1832/1609 2567/2653/1611 1809/1895/2396
f 1744/1830/1886 2536/2622/2094 2537/2623/2536
f 2539/2625/1885 1748/1834/1540 1425/1511/2020
f 2339/2425/1815 1747/1833/1663 1424/1510/2428
f 2312/2398/2375 2170/2256/2537 2782/2868/2538
f 1284/1370/2522 2340/2426/1808 2341/2427/1541
f 2227/2313/2539 1602/1688/2496 2803/2889/2540
f 1999/2085/2494 2000/2086/2541 1709/1795/2542
f 2542/2628/2543 1750/1836/2100 2489/2575/2099
f 2543/2629/1560 2545/2631/2544 1751/1837/2545
f 2840/2926/2546 2545/2631/2544 2546/2632/2547
f 2544/2630/2548 2833/2919/2549 2026/2112/2550
f 1659/1745/2551 2789/2875/2552 2187/2273/2553
f 2634/2720/2554 1841/1927/2392 2635/2721/2555
f 1756/1842/2224 1753/1839/2270 1612/1698/1568
f 1753/1839/2270 2241/2327/2269 2815/2901/2009
f 1755/1841/1849 1725/1811/1670 1724/1810/1681
f 2367/2453/1831 1754/1840/1830 1315/1401/1848
f 1725/1811/1670 1755/1841/1849 1754/1840/1830
f 1347/1433/1315 1755/1841/1849 1724/1810/1681
f 1612/1698/1568 2168/2254/2556 2805/2891/2557
f 1482/1568/2223 2183/2269/2439 2242/2328/2558
f 2168/2254/2556 1612/1698/1568 2166/2252/1567
f 1812/1898/2355 2835/2921/2559 2603/2689/2415
f 1672/1758/2560 2497/2583/2412 2748/2834/2411
f 2020/2106/2561 2028/2114/2014 2251/2337/2562
f 2311/2397/1771 1759/1845/1770 1308/1394/2513
f 1342/1428/1772 1490/1576/1366 1759/1845/1770
f 2311/2397/1771 1761/1847/1650 2802/2888/2563
f 2101/2187/2564 2102/2188/2565 1720/1806/2566
f 2437/2523/2186 1308/1394/2513 1581/1667/1810
f 2651/2737/1651 1275/1361/2567 1862/1948/1372
f 1346/1432/1865 2551/2637/1586 1515/1601/1431
f 2551/2637/1586 1346/1432/1865 1767/1853/2491
f 1763/1849/2568 2551/2637/1586 1767/1853/2491
f 1710/1796/2233 2005/2091/2232 2085/2171/2569
f 1763/1849/2568 2556/2642/2492 2085/2171/2569
f 1764/1850/1750 2085/2171/2569 2553/2639/1751
f 2253/2339/2457 1695/1781/2466 2049/2135/2458
f 1766/1852/2451 2555/2641/2452 2239/2325/1647
f 1766/1852/2451 2239/2325/1647 2557/2643/2570
f 1307/1393/2079 2552/2638/1587 2554/2640/1749
f 1768/1854/1790 1767/1853/2491 1346/1432/1865
f 2003/2089/1778 2147/2233/1792 1291/1377/1434
f 1407/1493/1429 1768/1854/1790 1346/1432/1865
f 2223/2309/1791 1768/1854/1790 1352/1438/1438
f 2557/2643/2570 1307/1393/2079 1766/1852/2451
f 1516/1602/1427 1769/1855/1840 2557/2643/2570
f 2286/2372/2571 1770/1856/1678 1449/1535/2572
f 1415/1501/1198 2558/2644/1823 1324/1410/2141
f 1772/1858/2281 2560/2646/2203 2561/2647/2282
f 1773/1859/1626 1810/1896/1496 1599/1685/1498
f 2561/2647/2282 1280/1366/2573 2115/2201/1535
f 2303/2389/2280 2836/2922/2574 2770/2856/2283
f 2601/2687/2202 1588/1674/2201 1810/1896/1496
f 1773/1859/1626 1599/1685/1498 2434/2520/2221
f 2564/2650/1819 1551/1637/1340 1416/1502/1339
f 1774/1860/1877 2564/2650/1819 2828/2914/1814
f 1973/2059/2238 1630/1716/2237 1974/2060/2308
f 1470/1556/1487 1968/2054/1553 1971/2057/2317
f 1430/1516/1422 1776/1862/1436 90/1264/1176
f 1777/1863/1725 1776/1862/1436 1353/1439/1565
f 1777/1863/1725 1353/1439/1565 2278/2364/2519
f 92/1262/103 1777/1863/1725 1406/1492/1440
f 2157/2243/1957 1779/1865/2575 2156/2242/1855
f 1458/1544/2576 2107/2193/1972 2151/2237/1949
f 2642/2728/2577 2641/2727/2578 1817/1903/1961
f 2617/2703/2579 2159/2245/1856 1543/1629/2131
f 2374/2460/2470 1780/1866/1997 1479/1565/1732
f 1561/1647/1745 1780/1866/1997 1288/1374/2143
f 2117/2203/2198 2302/2388/2279 1617/1703/1534
f 1258/1344/2181 2468/2554/2340 2469/2555/2210
f 2766/2852/2580 1642/1728/1713 2098/2184/1712
f 2569/2655/2019 1298/1384/1356 2778/2864/2581
f 1783/1869/2582 2568/2654/2017 2569/2655/2019
f 2574/2660/2583 1784/1870/2584 2571/2657/2585
f 1784/1870/2584 2570/2656/1526 2571/2657/2585
f 1786/1872/1590 1785/1871/2586 2572/2658/1527
f 1786/1872/1590 1784/1870/2584 2575/2661/2587
f 1785/1871/2586 2576/2662/2588 1844/1930/2091
f 1786/1872/1590 2575/2661/2587 2577/2663/1588
f 2576/2662/2588 1785/1871/2586 1786/1872/1590
f 2580/2666/2589 2578/2664/2400 1276/1362/2590
f 2581/2667/2401 2582/2668/2591 1787/1873/2399
f 2578/2664/2400 1787/1873/2399 2577/2663/1588
f 2193/2279/1843 1343/1429/1654 2191/2277/1773
f 1791/1877/2402 1789/1875/2407 2582/2668/2591
f 1676/1762/2383 2143/2229/2592 2144/2230/2384
f 1803/1889/2382 2145/2231/2394 2143/2229/2592
f 1669/1755/2408 1848/1934/2092 1844/1930/2091
f 1792/1878/2593 2584/2670/2406 2192/2278/2594
f 1791/1877/2402 2100/2186/2510 2585/2671/2403
f 2769/2855/2595 2101/2187/2564 1792/1878/2593
f 1802/1888/2596 2100/2186/2510 2101/2187/2564
f 2585/2671/2403 2586/2672/2597 1793/1879/2598
f 1793/1879/2598 1790/1876/2599 2583/2669/2422
f 2586/2672/2597 1266/1352/2600 2587/2673/2423
f 2589/2675/2424 1796/1882/2601 2590/2676/2386
f 2655/2741/2602 2587/2673/2423 1266/1352/2600
f 2178/2264/2603 1800/1886/2118 1863/1949/2604
f 1796/1882/2601 2589/2675/2424 2593/2679/2605
f 1797/1883/2606 2596/2682/2607 1803/1889/2382
f 1796/1882/2601 2593/2679/2605 2123/2209/2388
f 2273/2359/2608 1798/1884/2053 2272/2358/2055
f 2248/2334/2609 1799/1885/2416 2247/2333/2418
f 1798/1884/2053 2246/2332/2610 2271/2357/2054
f 2019/2105/2611 2742/2828/2612 2740/2826/1365
f 2245/2331/2417 2246/2332/2610 2247/2333/2418
f 1802/1888/2596 2652/2738/2507 2654/2740/2613
f 2598/2684/2614 1807/1893/2485 2597/2683/2117
f 1801/1887/2389 2593/2679/2605 2594/2680/2615
f 2595/2681/2616 1801/1887/2389 2594/2680/2615
f 1266/1352/2600 2585/2671/2403 2100/2186/2510
f 2652/2738/2507 2649/2735/2617 1861/1947/2508
f 2544/2630/2548 1751/1837/2545 2547/2633/2618
f 1531/1617/2619 2640/2726/2093 2142/2228/2620
f 2249/2335/2621 2599/2685/2387 1808/1894/2622
f 1887/1973/2482 2006/2092/2324 1804/1890/2623
f 2674/2760/2624 2009/2095/2625 1884/1970/2261
f 2017/2103/2256 1805/1891/2012 2008/2094/2257
f 2737/2823/2626 1896/1982/2627 2687/2773/1499
f 2300/2386/2254 2010/2096/2628 2012/2098/2441
f 2597/2683/2117 1807/1893/2485 1800/1886/2118
f 2599/2685/2387 2595/2681/2616 1808/1894/2622
f 2673/2759/2484 1705/1791/2481 1883/1969/2260
f 2249/2335/2621 1804/1890/2623 2806/2892/2448
f 1530/1616/1525 2572/2658/1527 2573/2659/2629
f 1809/1895/2396 2632/2718/2397 1841/1927/2392
f 2601/2687/2202 1810/1896/1496 1773/1859/1626
f 1810/1896/1496 1588/1674/2201 2602/2688/2226
f 2562/2648/2358 2837/2923/2630 1588/1674/2201
f 1814/1900/2356 1811/1897/2631 2602/2688/2226
f 2495/2581/2632 2605/2691/2633 1589/1675/2634
f 1812/1898/2355 1815/1901/2420 1816/1902/2635
f 2604/2690/2199 1813/1899/1497 1811/1897/2631
f 1813/1899/1497 2834/2920/2200 2169/2255/2217
f 1657/1743/2636 2478/2564/2354 2490/2576/2357
f 2603/2689/2415 1814/1900/2356 1812/1898/2355
f 1589/1675/2634 2483/2569/2204 2495/2581/2632
f 2607/2693/2637 1816/1902/2635 2606/2692/2638
f 2606/2692/2638 1816/1902/2635 1815/1901/2420
f 1758/1844/2639 2550/2636/1475 2835/2921/2559
f 2643/2729/2640 1849/1935/2641 2642/2728/2577
f 1817/1903/1961 2641/2727/2578 2609/2695/2129
f 2618/2704/2642 1826/1912/2643 2839/2925/2644
f 2611/2697/1959 2612/2698/2169 1543/1629/2131
f 2839/2925/2644 1820/1906/2645 2613/2699/2646
f 1910/1996/2043 2700/2786/1962 1261/1347/2133
f 2613/2699/2646 1819/1905/2647 2612/2698/2169
f 1821/1907/2139 1944/2030/2138 1945/2031/2135
f 1532/1618/2045 2689/2775/2044 2693/2779/2648
f 1569/1655/2033 1909/1995/2042 1914/2000/2041
f 2111/2197/1505 2112/2198/2649 1823/1909/2650
f 2615/2701/2168 2617/2703/2579 1543/1629/2131
f 2703/2789/2651 1571/1657/2167 1915/2001/2652
f 1823/1909/2650 2041/2127/2653 2105/2191/2157
f 2104/2190/2654 1936/2022/2655 2301/2387/2656
f 2108/2194/2657 2109/2195/2658 2255/2341/1977
f 2110/2196/1506 2111/2197/1505 1823/1909/2650
f 1458/1544/2576 2151/2237/1949 2155/2241/2659
f 2624/2710/2136 2620/2706/2660 1835/1921/2108
f 2619/2705/2103 1948/2034/2661 1826/1912/2643
f 1827/1913/2104 2619/2705/2103 2620/2706/2660
f 1544/1630/1854 1840/1926/2126 1950/2036/2662
f 1827/1913/2104 2624/2710/2136 1950/2036/2662
f 1950/2036/2662 2622/2708/2663 1828/1914/2664
f 2622/2708/2663 1830/1916/1916 1829/1915/2665
f 1947/2033/2666 1821/1907/2139 1945/2031/2135
f 1927/2013/2267 2179/2265/2667 1831/1917/2265
f 2215/2301/2668 2216/2302/2669 1437/1523/1920
f 1830/1916/1916 1533/1619/2670 2623/2709/2671
f 2685/2771/2672 2299/2385/2262 1889/1975/2673
f 1533/1619/2670 1951/2037/2674 1952/2038/2294
f 1953/2039/2295 2216/2302/2669 2218/2304/2675
f 1951/2037/2674 2622/2708/2663 1950/2036/2662
f 1437/1523/1920 1953/2039/2295 1954/2040/1921
f 1888/1974/2264 1641/1727/2263 2676/2762/2676
f 1890/1976/1860 1507/1593/2061 2244/2330/2677
f 1835/1921/2108 2620/2706/2660 2625/2711/2678
f 2626/2712/2107 1835/1921/2108 2625/2711/2678
f 2610/2696/2679 1400/1486/2680 2609/2695/2129
f 2132/2218/2123 2133/2219/1504 1540/1626/1503
f 1541/1627/2124 2124/2210/2228 1837/1923/2128
f 2629/2715/2681 1838/1924/2682 2628/2714/1853
f 1839/1925/2683 1838/1924/2682 1271/1357/2229
f 1544/1630/1854 2628/2714/1853 1840/1926/2126
f 2630/2716/2684 1839/1925/2683 1271/1357/2229
f 1623/1709/2501 1954/2040/1921 2810/2896/2502
f 2263/2349/2127 1838/1924/2682 1839/1925/2683
f 1533/1619/2670 2622/2708/2663 1951/2037/2674
f 1841/1927/2392 2632/2718/2397 2635/2721/2555
f 1841/1927/2392 2634/2720/2554 1845/1931/2390
f 1842/1928/2685 2635/2721/2555 1843/1929/1875
f 2794/2880/1874 2187/2273/2553 2793/2879/2686
f 1844/1930/2091 1843/1929/1875 1668/1754/2687
f 2636/2722/1873 1843/1929/1875 1531/1617/2619
f 1844/1930/2091 1668/1754/2687 2633/2719/2398
f 2583/2669/2422 1848/1934/2092 1669/1755/2408
f 2638/2724/2688 1845/1931/2390 1667/1753/2689
f 2538/2624/1887 2832/2918/2690 1745/1831/2691
f 1846/1932/1931 2638/2724/2688 2639/2725/2692
f 2784/2870/1933 2785/2871/1932 2171/2257/2374
f 1845/1931/2390 2638/2724/2688 2313/2399/2376
f 2312/2398/2375 1745/1831/2691 1847/1933/2535
f 2142/2228/2620 1848/1934/2092 1790/1876/2599
f 1843/1929/1875 2640/2726/2093 1531/1617/2619
f 1849/1935/2641 2641/2727/2578 2642/2728/2577
f 2135/2221/1673 1849/1935/2641 2774/2860/2693
f 1317/1403/1581 2238/2324/1692 1851/1937/1582
f 1956/2042/2297 1351/1437/1414 1850/1936/1413
f 1631/1717/2087 2844/2930/2694 1964/2050/1982
f 1956/2042/2297 1851/1937/1582 1290/1376/2303
f 1852/1938/1545 1333/1419/1742 2432/2518/1744
f 1286/1372/1547 2780/2866/2215 1958/2044/1969
f 100/1254/76 1853/1939/1485 101/1253/478
f 1335/1421/1878 1853/1939/1485 1516/1602/1427
f 1855/1941/1719 1854/1940/1718 1324/1410/2141
f 1854/1940/1718 2644/2730/1717 2442/2528/2271
f 1324/1410/2141 2060/2146/1940 1855/1941/1719
f 2646/2732/2347 1856/1942/2273 2645/2731/2346
f 2060/2146/1940 1857/1943/2335 2646/2732/2347
f 1856/1942/2273 2647/2733/2348 2230/2316/2695
f 2260/2346/2336 1858/1944/2334 1277/1363/1939
f 1856/1942/2273 2646/2732/2347 2647/2733/2348
f 1647/1733/2331 1579/1665/2330 1858/1944/2334
f 1858/1944/2334 1579/1665/2330 2232/2318/1614
f 1987/2073/2243 1993/2079/2242 1567/1653/2244
f 2456/2542/2174 2457/2543/2696 1262/1348/2697
f 1/1214/41 1860/1946/1341 1212/1213/1721
f 1860/1946/1341 139/1215/538 2320/2406/1344
f 2650/2736/2698 1720/1806/2566 2224/2310/1652
f 2178/2264/2603 1863/1949/2604 2653/2739/2509
f 2650/2736/2698 2224/2310/1652 1862/1948/1372
f 1862/1948/1372 1275/1361/2567 1864/1950/1373
f 1863/1949/2604 2652/2738/2507 2653/2739/2509
f 1863/1949/2604 1800/1886/2118 2592/2678/2487
f 1865/1951/1381 1864/1950/1373 1275/1361/2567
f 1867/1953/1523 1719/1805/1522 1864/1950/1373
f 1275/1361/2567 2657/2743/2059 1865/1951/1381
f 2659/2745/2699 2657/2743/2059 1605/1691/2058
f 2440/2526/2114 1605/1691/2058 2439/2525/2185
f 2309/2395/2529 2310/2396/2112 2440/2526/2114
f 1865/1951/1381 1867/1953/1523 1864/1950/1373
f 1868/1954/2700 2660/2746/1524 1877/1963/2701
f 1877/1963/2701 1867/1953/1523 1536/1622/1380
f 1878/1964/1450 1868/1954/2700 1877/1963/2701
f 1997/2083/2057 1869/1955/2110 1535/1621/1641
f 2663/2749/2471 2662/2748/2115 1871/1957/2472
f 1870/1956/2702 2661/2747/2111 2662/2748/2115
f 1877/1963/2701 1870/1956/2702 2664/2750/2703
f 1267/1353/2704 2665/2751/2705 1871/1957/2472
f 1876/1962/2706 1872/1958/2066 1874/1960/2065
f 1873/1959/2432 1874/1960/2065 2282/2368/2064
f 2279/2365/2476 2280/2366/2062 1704/1790/2474
f 2665/2751/2705 2666/2752/2433 1873/1959/2432
f 2667/2753/2707 1509/1595/2708 2314/2400/2709
f 2314/2400/2709 1875/1961/2710 1876/1962/2706
f 1872/1958/2066 2281/2367/2473 2282/2368/2064
f 1892/1978/2711 2681/2767/2712 2682/2768/2713
f 1891/1977/2714 2244/2330/2677 2680/2766/2715
f 2314/2400/2709 1876/1962/2706 1874/1960/2065
f 2244/2330/2677 1876/1962/2706 1875/1961/2710
f 2661/2747/2111 1877/1963/2701 1536/1622/1380
f 1870/1956/2702 2663/2749/2471 2664/2750/2703
f 1872/1958/2066 2279/2365/2476 2281/2367/2473
f 1868/1954/2700 1878/1964/1450 2668/2754/2425
f 1880/1966/2426 1879/1965/1452 2669/2755/2475
f 2668/2754/2425 1878/1964/1450 1879/1965/1452
f 1880/1966/2426 2669/2755/2475 2671/2757/2479
f 1705/1791/2481 2838/2924/2716 2598/2684/2614
f 2842/2928/2717 2841/2927/2718 1882/1968/2719
f 1883/1969/2260 1705/1791/2481 1881/1967/2478
f 1885/1971/2720 2674/2760/2624 2676/2762/2676
f 1884/1970/2261 2842/2928/2717 2674/2760/2624
f 2672/2758/2477 2842/2928/2717 1881/1967/2478
f 1883/1969/2260 1259/1345/2259 1887/1973/2482
f 1881/1967/2478 1884/1970/2261 1883/1969/2260
f 2674/2760/2624 1886/1972/2721 2676/2762/2676
f 2675/2761/2722 1885/1971/2720 2676/2762/2676
f 1806/1892/2723 2007/2093/2258 2009/2095/2625
f 1882/1968/2719 2677/2763/2724 1886/1972/2721
f 1888/1974/2264 1890/1976/1860 1834/1920/1862
f 2006/2092/2324 1887/1973/2482 1259/1345/2259
f 1804/1890/2623 2249/2335/2621 2807/2893/2483
f 1886/1972/2721 2677/2763/2724 1890/1976/1860
f 2678/2764/2725 1888/1974/2264 1834/1920/1862
f 2678/2764/2725 1926/2012/2266 1889/1975/2673
f 2685/2771/2672 1896/1982/2627 2299/2385/2262
f 1886/1972/2721 1890/1976/1860 1888/1974/2264
f 2244/2330/2677 1891/1977/2714 2679/2765/1861
f 1892/1978/2711 2680/2766/2715 2681/2767/2712
f 1834/1920/1862 2679/2765/1861 1925/2011/2325
f 1892/1978/2711 2682/2768/2713 1900/1986/1991
f 1925/2011/2325 2283/2369/1484 1401/1487/1483
f 1893/1979/2051 2681/2767/2712 2314/2400/2709
f 2040/2126/2050 2683/2769/2052 1894/1980/2726
f 2667/2753/2707 1943/2029/2434 1509/1595/2708
f 1928/2014/2727 2756/2842/2046 1505/1591/1457
f 1943/2029/2434 2720/2806/2728 1509/1595/2708
f 1681/1767/2729 2093/2179/2530 2092/2178/2431
f 1896/1982/2627 2685/2771/2672 2686/2772/2730
f 1610/1696/1500 2010/2096/2628 2738/2824/1501
f 1929/2015/2731 2213/2299/2289 2711/2797/2048
f 1610/1696/1500 2016/2102/2732 2015/2101/2015
f 2207/2293/2733 2208/2294/2073 2212/2298/2049
f 2211/2297/2293 1898/1984/2047 2210/2296/2072
f 2202/2288/1474 2203/2289/2287 1260/1346/2286
f 2033/2119/2249 2034/2120/1550 1608/1694/1549
f 2688/2774/2734 1900/1986/1991 1506/1592/2735
f 2691/2777/1482 2690/2776/2736 1401/1487/1483
f 1901/1987/2737 2688/2774/2734 1904/1990/2738
f 2694/2780/1512 1903/1989/1511 2693/2779/2648
f 2689/2775/2044 1900/1986/1991 2688/2774/2734
f 2692/2778/1915 1902/1988/1917 1532/1618/2045
f 1905/1991/2031 1903/1989/1511 1472/1558/1513
f 1947/2033/2666 1949/2035/2102 1821/1907/2139
f 2040/2126/2050 1904/1990/2738 1506/1592/2735
f 2040/2126/2050 2756/2842/2046 1904/1990/2738
f 1906/1992/2037 1905/1991/2031 1472/1558/1513
f 1569/1655/2033 1923/2009/2137 2721/2807/2101
f 1472/1558/1513 1904/1990/2738 1928/2014/2727
f 1906/1992/2037 1504/1590/2039 1908/1994/2165
f 1907/1993/2739 2696/2782/2038 2697/2783/2740
f 2061/2147/1456 2287/2373/2741 1505/1591/1457
f 2066/2152/2742 1908/1994/2165 1504/1590/2039
f 1909/1995/2042 2315/2401/2743 1570/1656/2744
f 2315/2401/2743 1908/1994/2165 1722/1808/2512
f 1910/1996/2043 1909/1995/2042 1570/1656/2744
f 1911/1997/1963 1910/1996/2043 1570/1656/2744
f 1910/1996/2043 1261/1347/2133 1914/2000/2041
f 2698/2784/2155 1911/1997/1963 1570/1656/2744
f 1911/1997/1963 1571/1657/2167 1913/1999/1964
f 1912/1998/2028 2698/2784/2155 1922/2008/2166
f 1912/1998/2028 1564/1650/2030 1915/2001/2652
f 1571/1657/2167 2701/2787/2745 1913/1999/1964
f 1822/1908/2746 2615/2701/2168 2616/2702/2132
f 1261/1347/2133 2614/2700/2140 1924/2010/2164
f 1923/2009/2137 1569/1655/2033 1914/2000/2041
f 1564/1650/2030 2702/2788/2151 1915/2001/2652
f 1823/1909/2650 2112/2198/2649 1917/2003/2747
f 2704/2790/2748 1564/1650/2030 1919/2005/2150
f 1917/2003/2747 2041/2127/2653 1823/1909/2650
f 1917/2003/2747 2703/2789/2651 2702/2788/2151
f 1916/2002/2153 2707/2793/2230 2709/2795/2749
f 1502/1588/2750 2062/2148/1572 1934/2020/2751
f 1918/2004/2029 1934/2020/2751 1919/2005/2150
f 1930/2016/2752 1919/2005/2150 1563/1649/2753
f 2705/2791/2461 1920/2006/2754 2704/2790/2748
f 2043/2129/1521 2045/2131/2459 1268/1354/1593
f 1920/2006/2754 2706/2792/2152 2702/2788/2151
f 2706/2792/2152 1920/2006/2754 2708/2794/2460
f 1921/2007/2755 2712/2798/2756 1935/2021/1466
f 1922/2008/2166 1570/1656/2744 2315/2401/2743
f 1918/2004/2029 1922/2008/2166 1502/1588/2750
f 1924/2010/2164 1923/2009/2137 1914/2000/2041
f 1821/1907/2139 1949/2035/2102 2721/2807/2101
f 1261/1347/2133 1924/2010/2164 1914/2000/2041
f 1924/2010/2164 1820/1906/2645 1944/2030/2138
f 1891/1977/2714 2680/2766/2715 2283/2369/1484
f 1927/2013/2267 1926/2012/2266 1925/2011/2325
f 1927/2013/2267 1925/2011/2325 1401/1487/1483
f 2710/2796/1906 1926/2012/2266 1831/1917/2265
f 2690/2776/2736 1927/2013/2267 1401/1487/1483
f 1830/1916/1916 2623/2709/2671 2179/2265/2667
f 2287/2373/2741 1928/2014/2727 1505/1591/1457
f 2697/2783/2740 1928/2014/2727 1907/1993/2739
f 1929/2015/2731 2217/2303/1904 2216/2302/2669
f 2212/2298/2049 2213/2299/2289 1622/1708/2288
f 1931/2017/2463 1930/2016/2752 1563/1649/2753
f 2042/2128/1592 1268/1354/1593 1930/2016/2752
f 1932/2018/2145 1931/2017/2463 1563/1649/2753
f 2503/2589/2149 1931/2017/2463 1698/1784/2462
f 1933/2019/1571 1932/2018/2145 1563/1649/2753
f 1698/1784/2462 1932/2018/2145 1288/1374/2143
f 1933/2019/1571 1563/1649/2753 1934/2020/2751
f 2087/2173/2144 1562/1648/1573 2086/2172/2027
f 1919/2005/2150 1934/2020/2751 1563/1649/2753
f 1502/1588/2750 1934/2020/2751 1918/2004/2029
f 2050/2136/2454 2052/2138/2757 1693/1779/2455
f 2714/2800/1517 2053/2139/2758 1937/2023/1978
f 2053/2139/2758 1935/2021/1466 2052/2138/2757
f 2109/2195/2658 2301/2387/2656 2714/2800/1517
f 1937/2023/1978 2053/2139/2758 2715/2801/2759
f 2715/2801/2759 2716/2802/2495 1937/2023/1978
f 2715/2801/2759 2717/2803/2760 1938/2024/2761
f 2226/2312/2234 2227/2313/2539 2803/2889/2540
f 2726/2812/2316 2725/2811/2497 1602/1688/2496
f 1970/2056/2315 1941/2027/2762 1995/2081/2763
f 1601/1687/2764 2052/2138/2757 2051/2137/2765
f 2005/2091/2232 2225/2311/2236 2808/2894/2766
f 1939/2025/2767 1972/2058/2318 1995/2081/2763
f 2160/2246/2768 2161/2247/2769 1986/2072/2162
f 2161/2247/2769 2288/2374/2770 1469/1555/1892
f 1458/1544/2576 2106/2192/2158 2107/2193/1972
f 1681/1767/2729 1895/1981/2430 1943/2029/2434
f 1895/1981/2430 2684/2770/1455 2720/2806/2728
f 1820/1906/2645 1948/2034/2661 1944/2030/2138
f 1944/2030/2138 1948/2034/2661 1945/2031/2135
f 1545/1631/2106 2621/2707/2105 1946/2032/2134
f 1829/1915/2665 1947/2033/2666 1946/2032/2134
f 2622/2708/2663 1946/2032/2134 1828/1914/2664
f 1829/1915/2665 2692/2778/1915 1947/2033/2666
f 1946/2032/2134 1947/2033/2666 1945/2031/2135
f 1532/1618/2045 2693/2779/2648 1949/2035/2102
f 1948/2034/2661 1820/1906/2645 2839/2925/2644
f 1945/2031/2135 1948/2034/2661 1545/1631/2106
f 1532/1618/2045 1949/2035/2102 1947/2033/2666
f 2721/2807/2101 1903/1989/1511 1905/1991/2031
f 1950/2036/2662 1840/1926/2126 1951/2037/2674
f 1950/2036/2662 1828/1914/2664 2621/2707/2105
f 1840/1926/2126 1833/1919/2125 1951/2037/2674
f 1952/2038/2294 1832/1918/2296 2623/2709/2671
f 1951/2037/2674 1833/1919/2125 1952/2038/2294
f 1953/2039/2295 1952/2038/2294 1833/1919/2125
f 2810/2896/2502 1833/1919/2125 2263/2349/2127
f 1953/2039/2295 1437/1523/1920 2216/2302/2669
f 1833/1919/2125 1954/2040/1921 1953/2039/2295
f 1623/1709/2501 1955/2041/2771 2722/2808/1922
f 2830/2916/2772 1623/1709/2501 2449/2535/1858
f 2219/2305/2773 1621/1707/1968 2204/2290/2285
f 1851/1937/1582 1956/2042/2297 1850/1936/1413
f 2723/2809/1787 1628/1714/2299 2452/2538/1788
f 1956/2042/2297 1290/1376/2303 2723/2809/1787
f 2450/2536/1863 2180/2266/1395 1316/1402/2080
f 1286/1372/1547 1958/2044/1969 1852/1938/1545
f 1595/1681/2774 2430/2516/1695 1959/2045/1208
f 1595/1681/2774 1959/2045/1208 1958/2044/1969
f 1959/2045/1208 1318/1404/2775 2384/2470/1237
f 1521/1607/1221 1960/2046/1216 1197/1198/1241
f 1408/1494/1217 1960/2046/1216 1356/1442/1223
f 1409/1495/1352 1961/2047/1348 132/1222/70
f 1410/1496/1347 1961/2047/1348 1357/1443/1353
f 1962/2048/2085 1575/1661/2000 2412/2498/1999
f 1963/2049/2086 1962/2048/2085 1529/1615/2089
f 1964/2050/1982 1963/2049/2086 1529/1615/2089
f 1963/2049/2086 1528/1614/2311 2237/2323/1691
f 1965/2051/1488 1964/2050/1982 1529/1615/2089
f 1977/2063/2304 2728/2814/2776 2844/2930/2694
f 1966/2052/1489 2724/2810/2314 1632/1718/2175
f 1965/2051/1488 1470/1556/1487 1967/2053/1981
f 1969/2055/1551 1981/2067/2313 1633/1719/2163
f 1968/2054/1553 1470/1556/1487 1966/2052/1489
f 1973/2059/2238 1967/2053/1981 1470/1556/1487
f 1967/2053/1981 1973/2059/2238 1974/2060/2308
f 1632/1718/2175 1981/2067/2313 1966/2052/1489
f 1971/2057/2317 1968/2054/1553 1634/1720/1552
f 1981/2067/2313 1968/2054/1553 1966/2052/1489
f 1970/2056/2315 2284/2370/2777 1469/1555/1892
f 2284/2370/2777 1969/2055/1551 1633/1719/2163
f 1970/2056/2315 1469/1555/1892 2288/2374/2770
f 1971/2057/2317 1634/1720/1552 1972/2058/2318
f 1971/2057/2317 1775/1861/2778 1973/2059/2238
f 1995/2081/2763 1972/2058/2318 1634/1720/1552
f 2725/2811/2497 1972/2058/2318 1939/2025/2767
f 1971/2057/2317 1973/2059/2238 1470/1556/1487
f 2566/2652/2239 1973/2059/2238 1775/1861/2778
f 1975/2061/2307 1974/2060/2308 1630/1716/2237
f 1974/2060/2308 1975/2061/2307 1976/2062/2305
f 1979/2065/2488 1975/2061/2307 1630/1716/2237
f 1975/2061/2307 1979/2065/2488 2727/2813/2490
f 1629/1715/2306 1978/2064/2302 1976/2062/2305
f 1977/2063/2304 1290/1376/2303 1851/1937/1582
f 1977/2063/2304 1976/2062/2305 1978/2064/2302
f 2728/2814/2776 1977/2063/2304 1851/1937/1582
f 1978/2064/2302 1629/1715/2306 1980/2066/2298
f 1977/2063/2304 1978/2064/2302 1290/1376/2303
f 2566/2652/2239 1979/2065/2488 1630/1716/2237
f 2734/2820/2493 1979/2065/2488 1749/1835/2310
f 1629/1715/2306 1739/1825/1980 1980/2066/2298
f 1738/1824/1979 1980/2066/2298 1739/1825/1980
f 1981/2067/2313 1969/2055/1551 1968/2054/1553
f 1632/1718/2175 2456/2542/2174 1982/2068/2312
f 1983/2069/1975 1982/2068/2312 1262/1348/2697
f 1633/1719/2163 1981/2067/2313 1982/2068/2312
f 1984/2070/1973 1983/2069/1975 1262/1348/2697
f 1985/2071/1890 1469/1555/1892 2284/2370/2777
f 1987/2073/2243 1984/2070/1973 1262/1348/2697
f 1989/2075/1459 1988/2074/1458 2285/2371/2245
f 1983/2069/1975 1568/1654/1974 1985/2071/1890
f 1992/2078/2159 2733/2819/2779 1568/1654/1974
f 1986/2072/2162 2733/2819/2779 2153/2239/1895
f 1986/2072/2162 2153/2239/1895 2160/2246/2768
f 2457/2543/2696 1987/2073/2243 1262/1348/2697
f 1993/2079/2242 1859/1945/2161 1604/1690/1660
f 2285/2371/2245 1988/2074/1458 1984/2070/1973
f 2792/2878/2780 1566/1652/1460 2186/2272/1509
f 1990/2076/1667 1989/2075/1459 1567/1653/2244
f 2181/2267/1668 1566/1652/1460 1989/2075/1459
f 1993/2079/2242 1994/2080/2241 1567/1653/2244
f 2730/2816/1927 2521/2607/2781 1991/2077/2782
f 2520/2606/2517 2521/2607/2781 1578/1664/2177
f 1991/2077/2782 1312/1398/2783 2732/2818/1286
f 1566/1652/1460 1992/2078/2159 1988/2074/1458
f 2733/2819/2779 1992/2078/2159 1455/1541/2784
f 1859/1945/2161 1993/2079/2242 1987/2073/2243
f 1994/2080/2241 1604/1690/1660 1578/1664/2177
f 2521/2607/2781 1994/2080/2241 1578/1664/2177
f 1990/2076/1667 1567/1653/2244 1994/2080/2241
f 1970/2056/2315 1995/2081/2763 1634/1720/1552
f 1995/2081/2763 1941/2027/2762 2719/2805/1976
f 1406/1492/1440 1996/2082/1441 93/1261/101
f 1740/1826/1439 1996/2082/1441 1706/1792/1437
f 2530/2616/2531 1997/2083/2057 1734/1820/2056
f 1997/2083/2057 1267/1353/2704 2662/2748/2115
f 1264/1350/2489 1999/2085/2494 1998/2084/2301
f 1998/2084/2301 1999/2085/2494 2001/2087/1585
f 2000/2086/2541 2734/2820/2493 1749/1835/2310
f 2002/2088/1583 2001/2087/1585 1999/2085/2494
f 2804/2890/2785 1749/1835/2310 2227/2313/2539
f 2736/2822/2786 2735/2821/2787 2804/2890/2785
f 2002/2088/1583 1999/2085/2494 1709/1795/2542
f 2001/2087/1585 1708/1794/1584 2531/2617/1404
f 2003/2089/1778 2002/2088/1583 1709/1795/2542
f 2509/2595/1433 2002/2088/1583 1291/1377/1434
f 2004/2090/2231 2003/2089/1778 1709/1795/2542
f 2147/2233/1792 1710/1796/2233 1767/1853/2491
f 2735/2821/2787 2004/2090/2231 1709/1795/2542
f 2005/2091/2232 2736/2822/2786 1711/1797/2788
f 2225/2311/2236 2005/2091/2232 1711/1797/2788
f 1274/1360/2789 2553/2639/1751 2085/2171/2569
f 2007/2093/2258 2006/2092/2324 1259/1345/2259
f 2006/2092/2324 1805/1891/2012 2038/2124/2013
f 2009/2095/2625 2007/2093/2258 1259/1345/2259
f 2008/2094/2257 2007/2093/2258 1806/1892/2723
f 2010/2096/2628 2008/2094/2257 1806/1892/2723
f 2008/2094/2257 2300/2386/2254 2017/2103/2256
f 1884/1970/2261 2009/2095/2625 1259/1345/2259
f 2009/2095/2625 1885/1971/2720 2675/2761/2722
f 2011/2097/2790 2010/2096/2628 1806/1892/2723
f 2010/2096/2628 1610/1696/1500 2012/2098/2441
f 2011/2097/2790 1806/1892/2723 2675/2761/2722
f 1896/1982/2627 2686/2772/2730 2687/2773/1499
f 1610/1696/1500 2015/2101/2015 2012/2098/2441
f 2012/2098/2441 2015/2101/2015 2013/2099/2253
f 2032/2118/1901 2014/2100/2791 2739/2825/2252
f 1685/1771/2440 2752/2838/2792 2027/2113/2419
f 1684/1770/2793 2290/2376/2794 2291/2377/2008
f 2027/2113/2419 2182/2268/2438 1685/1771/2440
f 1610/1696/1500 1897/1983/2795 2016/2102/2732
f 2013/2099/2253 2015/2101/2015 1609/1695/1902
f 1897/1983/2795 2211/2297/2293 2800/2886/2796
f 2029/2115/1903 2016/2102/2732 1429/1515/2250
f 2018/2104/1364 2017/2103/2256 1484/1570/2255
f 2037/2123/1363 1805/1891/2012 2017/2103/2256
f 2752/2838/2792 1484/1570/2255 2027/2113/2419
f 2020/2106/2561 1685/1771/2440 2183/2269/2439
f 2019/2105/2611 2740/2826/1365 2741/2827/2797
f 2745/2831/2444 2743/2829/2798 1673/1759/2442
f 2743/2829/2798 2741/2827/2797 2020/2106/2561
f 2753/2839/2799 1482/1568/2223 2243/2329/2222
f 2744/2830/2443 1673/1759/2442 2746/2832/2800
f 2021/2107/2446 1799/1885/2416 2039/2125/2447
f 2744/2830/2443 2746/2832/2800 2022/2108/2414
f 2022/2108/2414 2747/2833/2413 2245/2331/2417
f 2023/2109/2801 2746/2832/2800 2251/2337/2562
f 2607/2693/2637 1758/1844/2639 1816/1902/2635
f 2024/2110/2410 2022/2108/2414 2746/2832/2800
f 1672/1758/2560 2496/2582/2421 2497/2583/2412
f 2492/2578/2380 2025/2111/2802 1675/1761/2803
f 2544/2630/2548 1663/1749/1561 2543/2629/1560
f 2751/2837/2804 1663/1749/1561 2544/2630/2548
f 2271/2357/2054 2026/2112/2550 2833/2919/2549
f 2739/2825/2252 2027/2113/2419 2013/2099/2253
f 2182/2268/2438 2290/2376/2794 1684/1770/2793
f 2753/2839/2799 2243/2329/2222 2028/2114/2014
f 2251/2337/2562 2028/2114/2014 1758/1844/2639
f 2016/2102/2732 2029/2115/1903 2015/2101/2015
f 2030/2116/1899 2033/2119/2249 1608/1694/1549
f 2033/2119/2249 2029/2115/1903 1429/1515/2250
f 2031/2117/2191 2754/2840/1900 2036/2122/2247
f 2422/2508/2192 1428/1514/2805 2421/2507/1896
f 2030/2116/1899 2032/2118/1901 1609/1695/1902
f 2031/2117/2191 1269/1355/1492 2032/2118/1901
f 2014/2100/2791 2032/2118/1901 1269/1355/1492
f 2029/2115/1903 2033/2119/2249 2030/2116/1899
f 2210/2296/2072 2209/2295/2251 1429/1515/2250
f 2206/2292/2291 2034/2120/1550 1899/1985/2806
f 2201/2287/1737 2799/2885/2248 1511/1597/1925
f 2755/2841/2807 2035/2121/1548 2034/2120/1550
f 2036/2122/2247 1607/1693/2188 1428/1514/2805
f 1607/1693/2188 2036/2122/2247 2035/2121/1548
f 2036/2122/2247 1428/1514/2805 2422/2508/2192
f 2018/2104/1364 2037/2123/1363 2017/2103/2256
f 2038/2124/2013 2037/2123/1363 1686/1772/2445
f 2039/2125/2447 2038/2124/2013 1686/1772/2445
f 2038/2124/2013 1804/1890/2623 2006/2092/2324
f 2039/2125/2447 1686/1772/2445 2742/2828/2612
f 1799/1885/2416 2248/2334/2609 2806/2892/2448
f 2040/2126/2050 1506/1592/2735 2682/2768/2713
f 1894/1980/2726 2684/2770/1455 2756/2842/2046
f 2709/2795/2749 1917/2003/2747 1916/2002/2153
f 2104/2190/2654 2041/2127/2653 1565/1651/1468
f 1931/2017/2463 2042/2128/1592 1930/2016/2752
f 2046/2132/1519 2043/2129/1521 2042/2128/1592
f 2046/2132/1519 2042/2128/1592 1694/1780/2469
f 2044/2130/2453 2043/2129/1521 1692/1778/1520
f 2049/2135/2458 2044/2130/2453 1692/1778/1520
f 2044/2130/2453 1693/1779/2455 2045/2131/2459
f 2712/2798/2756 2045/2131/2459 1693/1779/2455
f 2708/2794/2460 2045/2131/2459 1921/2007/2755
f 1694/1780/2469 2503/2589/2149 2757/2843/2467
f 2046/2132/1519 2757/2843/2467 2047/2133/2156
f 1293/1379/2808 2054/2140/1648 2047/2133/2156
f 2047/2133/2156 2054/2140/1648 2048/2134/2464
f 2252/2338/2456 2048/2134/2464 1691/1777/2809
f 2048/2134/2464 2252/2338/2456 2049/2135/2458
f 2048/2134/2464 2049/2135/2458 1692/1778/1520
f 2049/2135/2458 1695/1781/2466 2050/2136/2454
f 2051/2137/2765 2050/2136/2454 1695/1781/2466
f 2050/2136/2454 2051/2137/2765 2052/2138/2757
f 2254/2340/2465 2051/2137/2765 1695/1781/2466
f 2717/2803/2760 2051/2137/2765 1940/2026/2235
f 2053/2139/2758 2052/2138/2757 1601/1687/2764
f 1935/2021/1466 1693/1779/2455 2052/2138/2757
f 2053/2139/2758 1601/1687/2764 2715/2801/2759
f 2713/2799/1467 2053/2139/2758 1936/2022/2655
f 2054/2140/1648 1293/1379/2808 2501/2587/2450
f 2048/2134/2464 2054/2140/1648 1691/1777/2809
f 1399/1485/1577 2055/2141/1258 1254/1309/1263
f 2055/2141/1258 1354/1440/1257 2351/2437/1279
f 1417/1503/1486 2056/2142/1425 102/1252/78
f 1418/1504/1424 2056/2142/1425 1355/1441/1591
f 1331/1417/1558 2758/2844/2810 2057/2143/1621
f 2758/2844/2810 2058/2144/1510 2759/2845/1622
f 1454/1540/1945 2364/2450/1946 2823/2909/1508
f 2181/2267/1668 2058/2144/1510 1566/1652/1460
f 1346/1432/1865 2059/2145/1428 1407/1493/1429
f 97/1257/93 2059/2145/1428 1515/1601/1431
f 2558/2644/1823 2286/2372/2571 1324/1410/2141
f 1857/1943/2335 2060/2146/1940 1277/1363/1939
f 2762/2848/2811 1471/1557/2812 2077/2163/2813
f 2287/2373/2741 1503/1589/1989 1907/1993/2739
f 1934/2020/2751 2062/2148/1572 1933/2019/1571
f 2063/2149/2147 2062/2148/1572 1502/1588/2750
f 2064/2150/2511 2063/2149/2147 1502/1588/2750
f 1721/1807/1462 2070/2156/1461 2761/2847/2146
f 1922/2008/2166 2064/2150/2511 1502/1588/2750
f 2064/2150/2511 1722/1808/2512 2065/2151/2040
f 1722/1808/2512 2066/2152/2742 2065/2151/2040
f 2067/2153/2035 2068/2154/2034 2066/2152/2742
f 1908/1994/2165 2066/2152/2742 1722/1808/2512
f 2066/2152/2742 1504/1590/2039 2067/2153/2035
f 2228/2314/1988 2067/2153/2035 1504/1590/2039
f 1503/1589/1989 2075/2161/1983 2074/2160/1990
f 2068/2154/2034 2065/2151/2040 2066/2152/2742
f 1273/1359/2036 2071/2157/1633 2069/2155/1463
f 2070/2156/1461 2069/2155/1463 1501/1587/1634
f 1721/1807/1462 2068/2154/2034 2069/2155/1463
f 2072/2158/2026 2070/2156/1461 1501/1587/1634
f 2070/2156/1461 1562/1648/1573 2761/2847/2146
f 2073/2159/1984 2071/2157/1633 1273/1359/2036
f 2079/2165/2023 2080/2166/1608 1499/1585/1575
f 2072/2158/2026 1501/1587/1634 2081/2167/2024
f 2086/2172/2027 2072/2158/2026 1561/1647/1745
f 2074/2160/1990 2073/2159/1984 1273/1359/2036
f 2073/2159/1984 2074/2160/1990 2075/2161/1983
f 1273/1359/2036 2067/2153/2035 2074/2160/1990
f 2228/2314/1988 2074/2160/1990 2067/2153/2035
f 2076/2162/1707 2075/2161/1983 2077/2163/2813
f 2076/2162/1707 1510/1596/2068 2078/2164/1708
f 2077/2163/2813 2075/2161/1983 1503/1589/1989
f 2076/2162/1707 2077/2163/2813 2088/2174/2067
f 2762/2848/2811 2077/2163/2813 1503/1589/1989
f 2088/2174/2067 2077/2163/2813 1471/1557/2812
f 2084/2170/2319 2078/2164/1708 1510/1596/2068
f 1297/1383/2320 2082/2168/1576 2078/2164/1708
f 2071/2157/1633 2073/2159/1984 2080/2166/1608
f 1499/1585/1575 2382/2468/1784 2081/2167/2024
f 2071/2157/1633 2080/2166/1608 2079/2165/2023
f 1500/1586/1706 2078/2164/1708 2082/2168/1576
f 1499/1585/1575 2081/2167/2024 2079/2165/2023
f 2072/2158/2026 2081/2167/2024 1303/1389/2025
f 2082/2168/1576 2080/2166/1608 1500/1586/1706
f 2763/2849/1993 2083/2169/1574 2082/2168/1576
f 2763/2849/1993 2082/2168/1576 1297/1383/2320
f 1498/1584/1785 2083/2169/1574 1349/1435/1812
f 2084/2170/2319 1510/1596/2068 2764/2850/2814
f 1297/1383/2320 2084/2170/2319 1638/1724/1400
f 1274/1360/2789 2085/2171/2569 2005/2091/2232
f 1763/1849/2568 2085/2171/2569 1764/1850/1750
f 1288/1374/2143 2086/2172/2027 1561/1647/1745
f 2070/2156/1461 2086/2172/2027 1562/1648/1573
f 1932/2018/2145 2087/2173/2144 1288/1374/2143
f 1933/2019/1571 1562/1648/1573 2087/2173/2144
f 2089/2175/2109 2088/2174/2067 1471/1557/2812
f 2088/2174/2067 2089/2175/2109 2090/2176/1986
f 2092/2178/2431 2089/2175/2109 1471/1557/2812
f 2089/2175/2109 2092/2178/2431 2093/2179/2530
f 1534/1620/1987 1733/1819/1640 2091/2177/1985
f 2764/2850/2814 1510/1596/2068 2090/2176/1986
f 2812/2898/2815 2091/2177/1985 1287/1373/2322
f 2764/2850/2814 2091/2177/1985 1639/1725/2321
f 2061/2147/1456 2092/2178/2431 1471/1557/2812
f 1895/1981/2430 1681/1767/2729 2092/2178/2431
f 2530/2616/2531 2093/2179/2530 1681/1767/2729
f 1734/1820/2056 1534/1620/1987 2093/2179/2530
f 2095/2181/1704 2094/2180/1222 1320/1406/1564
f 2229/2315/2329 1356/1442/1223 2094/2180/1222
f 2765/2851/2532 1320/1406/1564 1741/1827/1563
f 2095/2181/1704 2264/2350/1703 2465/2551/1598
f 2096/2182/1702 2268/2354/2525 2267/2353/2524
f 2265/2351/2339 2264/2350/1703 2267/2353/2524
f 1689/1775/1800 2148/2234/2449 2097/2183/1714
f 2097/2183/1714 2148/2234/2449 2098/2184/1712
f 2569/2655/2019 2098/2184/1712 1298/1384/1356
f 2766/2852/2580 2098/2184/1712 1782/1868/2018
f 1730/1816/2211 2528/2614/2213 2529/2615/2816
f 2099/2185/1870 1485/1571/2533 2376/2462/1805
f 2101/2187/2564 2100/2186/2510 1792/1878/2593
f 2655/2741/2602 2100/2186/2510 1802/1888/2596
f 2102/2188/2565 2769/2855/2595 1292/1378/2506
f 2101/2187/2564 1720/1806/2566 2649/2735/2617
f 2795/2881/2817 1292/1378/2506 2190/2276/2505
f 2224/2310/1652 2802/2888/2563 1761/1847/1650
f 2456/2542/2174 2103/2189/2090 1576/1662/2160
f 2724/2810/2314 2103/2189/2090 1632/1718/2175
f 2104/2190/2654 1565/1651/1468 2713/2799/1467
f 2105/2191/2157 2104/2190/2654 1824/1910/2818
f 2104/2190/2654 2105/2191/2157 2041/2127/2653
f 2106/2192/2158 2105/2191/2157 1824/1910/2818
f 2106/2192/2158 2108/2194/2657 2107/2193/1972
f 2110/2196/1506 2106/2192/2158 1458/1544/2576
f 2108/2194/2657 2106/2192/2158 1824/1910/2818
f 2162/2248/2819 2107/2193/1972 1942/2028/2820
f 2109/2195/2658 2108/2194/2657 1824/1910/2818
f 1942/2028/2820 2107/2193/1972 2108/2194/2657
f 2301/2387/2656 2109/2195/2658 1824/1910/2818
f 2255/2341/1977 2109/2195/2658 1427/1513/1516
f 2110/2196/1506 1458/1544/2576 2163/2249/1507
f 2105/2191/2157 2110/2196/1506 1823/1909/2650
f 2617/2703/2579 2111/2197/1505 1825/1911/2821
f 1822/1908/2746 2701/2787/2745 2112/2198/2649
f 1822/1908/2746 2112/2198/2649 2111/2197/1505
f 2112/2198/2649 1571/1657/2167 2703/2789/2651
f 1419/1505/1235 2113/2199/1264 38/1324/176
f 1420/1506/1242 2113/2199/1264 1358/1444/1234
f 1550/1636/1199 2114/2200/1202 25/1337/193
f 1421/1507/1200 2114/2200/1202 1359/1445/1720
f 2118/2204/2276 1280/1366/2573 2121/2207/1765
f 2119/2205/2274 2116/2202/1533 2118/2204/2276
f 2118/2204/2276 2116/2202/1533 2115/2201/1535
f 2120/2206/2182 2117/2203/2198 2116/2202/1533
f 2120/2206/2182 2116/2202/1533 1616/1702/2277
f 2771/2857/2278 2117/2203/2198 1258/1344/2181
f 1280/1366/2573 2118/2204/2276 2115/2201/1535
f 2119/2205/2274 2118/2204/2276 1615/1701/2275
f 2304/2390/2272 2119/2205/2274 1615/1701/2275
f 2116/2202/1533 2119/2205/2274 1616/1702/2277
f 1616/1702/2277 2230/2316/2695 2120/2206/2182
f 2230/2316/2695 1652/1738/2350 2231/2317/1613
f 2122/2208/1766 2121/2207/1765 1280/1366/2573
f 2772/2858/1764 2443/2529/1722 1615/1701/2275
f 2122/2208/1766 1280/1366/2573 2559/2645/2196
f 1340/1426/1209 1390/1476/1203 2405/2491/1839
f 1665/1751/2822 2248/2334/2609 2250/2336/2823
f 2123/2209/2388 1797/1883/2606 2591/2677/2381
f 2127/2213/1644 2125/2211/1646 2124/2210/2228
f 2629/2715/2681 1271/1357/2229 1838/1924/2682
f 2127/2213/1644 2124/2210/2228 1541/1627/2124
f 1713/1799/2498 2125/2211/1646 1600/1686/1645
f 2126/2212/1579 1713/1799/2498 2513/2599/1642
f 2630/2716/2684 2126/2212/1579 1715/1801/2499
f 2128/2214/1603 2127/2213/1644 1541/1627/2124
f 2129/2215/1605 1600/1686/1645 2127/2213/1644
f 1541/1627/2124 2626/2712/2107 2132/2218/2123
f 2394/2480/2122 2128/2214/1603 1540/1626/1503
f 2128/2214/1603 2129/2215/1605 2127/2213/1644
f 2393/2479/2120 2130/2216/1864 1296/1382/1604
f 2391/2477/2119 2130/2216/1864 1538/1624/1280
f 2130/2216/1864 1344/1430/2142 2131/2217/1774
f 2510/2596/1869 2131/2217/1774 1344/1430/2142
f 2773/2859/1775 2131/2217/1774 1712/1798/2227
f 2133/2219/1504 2132/2218/2123 1836/1922/2824
f 1540/1626/1503 2128/2214/1603 2132/2218/2123
f 2610/2696/2679 2133/2219/1504 1836/1922/2824
f 2134/2220/1502 1514/1600/1672 2395/2481/2077
f 2133/2219/1504 1542/1628/2825 2134/2220/1502
f 1542/1628/2825 2641/2727/2578 2135/2221/1673
f 1542/1628/2825 2135/2221/1673 2134/2220/1502
f 2774/2860/2693 1272/1358/1956 2775/2861/2826
f 2136/2222/1674 2774/2860/2693 2775/2861/2826
f 2776/2862/2075 2136/2222/1674 2775/2861/2826
f 2137/2223/2827 2775/2861/2826 2158/2244/1958
f 2777/2863/2828 1457/1543/1947 2185/2271/2829
f 2141/2227/2328 1513/1599/2076 1644/1730/1786
f 2139/2225/2078 1313/1399/1966 1539/1625/2121
f 2139/2225/2078 2138/2224/2074 2141/2227/2328
f 1539/1625/2121 2394/2480/2122 2395/2481/2077
f 1457/1543/1947 2154/2240/1893 2185/2271/2829
f 1300/1386/2830 2222/2308/1943 2221/2307/1950
f 1644/1730/1786 1313/1399/1966 2141/2227/2328
f 2139/2225/2078 2141/2227/2328 1313/1399/1966
f 2143/2229/2592 2142/2228/2620 1790/1876/2599
f 2145/2231/2394 1531/1617/2619 2142/2228/2620
f 2144/2230/2384 1790/1876/2599 1793/1879/2598
f 1803/1889/2382 2143/2229/2592 1676/1762/2383
f 1790/1876/2599 2144/2230/2384 2143/2229/2592
f 2144/2230/2384 1793/1879/2598 2586/2672/2597
f 2143/2229/2592 2145/2231/2394 2142/2228/2620
f 2146/2232/2395 2145/2231/2394 1803/1889/2382
f 2146/2232/2395 1803/1889/2382 2596/2682/2607
f 2840/2926/2546 2637/2723/2378 2146/2232/2395
f 1710/1796/2233 2147/2233/1792 2003/2089/1778
f 1768/1854/1790 2147/2233/1792 1767/1853/2491
f 2149/2235/1357 1689/1775/1800 1357/1443/1353
f 2098/2184/1712 2148/2234/2449 1298/1384/1356
f 1357/1443/1353 1687/1773/1755 2149/2235/1357
f 2150/2236/1355 2149/2235/1357 1687/1773/1755
f 2269/2355/1754 1687/1773/1755 1336/1422/1478
f 2778/2864/2581 2150/2236/1355 1688/1774/1753
f 2152/2238/1894 2151/2237/1949 1468/1554/1971
f 2151/2237/1949 1778/1864/1948 2155/2241/2659
f 2153/2239/1895 2152/2238/1894 1468/1554/1971
f 1457/1543/1947 2158/2244/1958 2779/2865/2831
f 2153/2239/1895 1468/1554/1971 2160/2246/2768
f 2153/2239/1895 1455/1541/2784 2154/2240/1893
f 1455/1541/2784 2184/2270/1953 2154/2240/1893
f 2154/2240/1893 2184/2270/1953 2185/2271/2829
f 2156/2242/1855 2155/2241/2659 1778/1864/1948
f 2163/2249/1507 1458/1544/2576 2155/2241/2659
f 2157/2243/1957 2156/2242/1855 1778/1864/1948
f 2159/2245/1856 2156/2242/1855 1779/1865/2575
f 1778/1864/1948 2152/2238/1894 2779/2865/2831
f 2157/2243/1957 1272/1358/1956 2643/2729/2640
f 2779/2865/2831 2157/2243/1957 1778/1864/1948
f 2158/2244/1958 1457/1543/1947 2777/2863/2828
f 2159/2245/1856 1779/1865/2575 2608/2694/1960
f 2159/2245/1856 1825/1911/2821 2163/2249/1507
f 1468/1554/1971 2162/2248/2819 2160/2246/2768
f 2161/2247/2769 1469/1555/1892 2729/2815/1891
f 2162/2248/2819 2161/2247/2769 2160/2246/2768
f 2288/2374/2770 2289/2375/2832 1941/2027/2762
f 2107/2193/1972 2162/2248/2819 1468/1554/1971
f 2161/2247/2769 2162/2248/2819 1942/2028/2820
f 2163/2249/1507 2155/2241/2659 2156/2242/1855
f 2163/2249/1507 1825/1911/2821 2111/2197/1505
f 1422/1508/1210 2164/2250/1204 31/1331/217
f 1423/1509/1205 2164/2250/1204 1360/1446/1623
f 2166/2252/1567 2165/2251/1566 1286/1372/1547
f 2165/2251/1566 1612/1698/1568 2781/2867/2436
f 2167/2253/2219 2166/2252/1567 1286/1372/1547
f 2168/2254/2556 2166/2252/1567 1598/1684/2218
f 1286/1372/1547 1597/1683/1546 2167/2253/2219
f 2433/2519/2216 2826/2912/2220 1597/1683/1546
f 2549/2635/1477 2168/2254/2556 1598/1684/2218
f 2805/2891/2557 1757/1843/1476 2243/2329/2222
f 2826/2912/2220 2167/2253/2219 1597/1683/1546
f 1813/1899/1497 2169/2255/2217 1599/1685/1498
f 1666/1752/2373 2176/2262/2372 2177/2263/2521
f 1748/1834/1540 2782/2868/2538 2783/2869/2520
f 2172/2258/2370 2171/2257/2374 1661/1747/2833
f 1447/1533/2371 2525/2611/1928 2176/2262/2372
f 2787/2873/2366 2786/2872/2363 2172/2258/2370
f 2172/2258/2370 2786/2872/2363 2527/2613/2523
f 1661/1747/2833 2788/2874/2367 2787/2873/2366
f 2481/2567/2359 2486/2572/2365 1658/1744/2011
f 2788/2874/2367 2639/2725/2692 2175/2261/2834
f 2174/2260/2360 2789/2875/2552 2542/2628/2543
f 2187/2273/2553 2175/2261/2834 1667/1753/2689
f 2788/2874/2367 2175/2261/2834 2789/2875/2552
f 2171/2257/2374 2172/2258/2370 2790/2876/2369
f 2177/2263/2521 2176/2262/2372 1729/1815/2835
f 1284/1370/2522 2177/2263/2521 1729/1815/2835
f 1666/1752/2373 2177/2263/2521 2170/2256/2537
f 2660/2746/1524 2178/2264/2603 1719/1805/1522
f 2178/2264/2603 2660/2746/1524 2791/2877/2116
f 1830/1916/1916 2179/2265/2667 1927/2013/2267
f 2218/2304/2675 2216/2302/2669 2217/2303/1904
f 1351/1437/1414 2180/2266/1395 1517/1603/1394
f 1316/1402/2080 2180/2266/1395 1957/2043/1789
f 1990/2076/1667 2181/2267/1668 1989/2075/1459
f 2181/2267/1668 1283/1369/1620 2759/2845/1622
f 2290/2376/2794 2027/2113/2419 2014/2100/2791
f 2241/2327/2269 2242/2328/2558 1684/1770/2793
f 2242/2328/2558 2182/2268/2438 1684/1770/2793
f 2183/2269/2439 1482/1568/2223 2753/2839/2799
f 1455/1541/2784 1992/2078/2159 2792/2878/2780
f 2185/2271/2829 2184/2270/1953 1456/1542/1954
f 2822/2908/1955 2185/2271/2829 1456/1542/1954
f 2185/2271/2829 2140/2226/1952 2777/2863/2828
f 2184/2270/1953 1455/1541/2784 2792/2878/2780
f 2058/2144/1510 2186/2272/1509 1566/1652/1460
f 2793/2879/2686 2187/2273/2553 1667/1753/2689
f 2187/2273/2553 1752/1838/2379 2546/2632/2547
f 1491/1577/1383 2188/2274/1367 120/1234/29
f 1489/1575/1362 2188/2274/1367 1363/1449/1368
f 2190/2276/2505 2189/2275/1653 1342/1428/1772
f 2191/2277/1773 2189/2275/1653 1292/1378/2506
f 1342/1428/1772 1760/1846/2836 2190/2276/2505
f 2795/2881/2817 2190/2276/2505 1760/1846/2836
f 2192/2278/2594 2191/2277/1773 1292/1378/2506
f 2193/2279/1843 2797/2883/1656 1309/1395/2837
f 2192/2278/2594 1292/1378/2506 2769/2855/2595
f 2581/2667/2401 2192/2278/2594 1670/1756/2405
f 2193/2279/1843 2191/2277/1773 2796/2882/1657
f 2193/2279/1843 1309/1395/2837 2295/2381/1846
f 2424/2510/2193 2194/2280/1700 1451/1537/1699
f 2205/2291/1738 2194/2280/1700 1281/1367/1736
f 2195/2281/1630 1444/1530/2323 2196/2282/1631
f 1495/1581/1739 2195/2281/1630 1302/1388/1889
f 2197/2283/1472 2196/2282/1631 1444/1530/2323
f 2198/2284/1914 1443/1529/1777 2196/2282/1631
f 2200/2286/1473 2197/2283/1472 1444/1530/2323
f 1260/1346/2286 2298/2384/1967 2816/2902/1926
f 2197/2283/1472 2198/2284/1914 2196/2282/1631
f 2199/2285/1913 2198/2284/1914 1460/1546/2504
f 1717/1803/1918 2199/2285/1913 1460/1546/2504
f 2199/2285/1913 1289/1375/1493 2356/2442/1495
f 2205/2291/1738 2201/2287/1737 2200/2286/1473
f 2202/2288/1474 2200/2286/1473 1511/1597/1925
f 2205/2291/1738 2200/2286/1473 1444/1530/2323
f 2201/2287/1737 1281/1367/1736 2441/2527/2069
f 2203/2289/2287 2206/2292/2291 1899/1985/2806
f 2197/2283/1472 2202/2288/1474 1260/1346/2286
f 1899/1985/2806 2207/2293/2733 2203/2289/2287
f 2203/2289/2287 2207/2293/2733 2204/2290/2285
f 1622/1708/2288 2214/2300/2290 2219/2305/2773
f 2298/2384/1967 2817/2903/2838 1621/1707/1968
f 1444/1530/2323 1640/1726/1924 2205/2291/1738
f 2194/2280/1700 2205/2291/1738 1640/1726/1924
f 2202/2288/1474 2206/2292/2291 2203/2289/2287
f 2206/2292/2291 1511/1597/1925 2755/2841/2807
f 2208/2294/2073 2207/2293/2733 1899/1985/2806
f 2204/2290/2285 2207/2293/2733 1622/1708/2288
f 2208/2294/2073 1899/1985/2806 2209/2295/2251
f 2212/2298/2049 2208/2294/2073 1898/1984/2047
f 1899/1985/2806 2034/2120/1550 2209/2295/2251
f 2033/2119/2249 2209/2295/2251 2034/2120/1550
f 2209/2295/2251 2210/2296/2072 2208/2294/2073
f 1429/1515/2250 2016/2102/2732 2800/2886/2796
f 2210/2296/2072 1429/1515/2250 2800/2886/2796
f 2211/2297/2293 1897/1983/2795 2686/2772/2730
f 2711/2797/2048 2213/2299/2289 2212/2298/2049
f 2207/2293/2733 2212/2298/2049 1622/1708/2288
f 1929/2015/2731 2215/2301/2668 2213/2299/2289
f 2214/2300/2290 1955/2041/2771 2219/2305/2773
f 2215/2301/2668 2214/2300/2290 2213/2299/2289
f 2214/2300/2290 2215/2301/2668 2722/2808/1922
f 2216/2302/2669 2215/2301/2668 1929/2015/2731
f 2215/2301/2668 1437/1523/1920 2722/2808/1922
f 1929/2015/2731 2711/2797/2048 2217/2303/1904
f 1831/1917/2265 2179/2265/2667 2218/2304/2675
f 1611/1697/2292 2685/2771/2672 2843/2929/1905
f 2218/2304/2675 2217/2303/1904 1831/1917/2265
f 2179/2265/2667 1832/1918/2296 2218/2304/2675
f 1953/2039/2295 2218/2304/2675 1832/1918/2296
f 2219/2305/2773 1955/2041/2771 2830/2916/2772
f 1622/1708/2288 2219/2305/2773 2204/2290/2285
f 2221/2307/1950 2220/2306/1606 1513/1599/2076
f 2222/2308/1943 1453/1539/1675 2361/2447/1944
f 2801/2887/1951 2221/2307/1950 1513/1599/2076
f 2140/2226/1952 1300/1386/2830 2221/2307/1950
f 2221/2307/1950 2222/2308/1943 2220/2306/1606
f 2363/2449/1676 2222/2308/1943 1300/1386/2830
f 1707/1793/1435 2223/2309/1791 1352/1438/1438
f 2147/2233/1792 2223/2309/1791 1291/1377/1434
f 1720/1806/2566 2102/2188/2565 2224/2310/1652
f 2102/2188/2565 2795/2881/2817 2802/2888/2563
f 2226/2312/2234 2225/2311/2236 1711/1797/2788
f 1940/2026/2235 2254/2340/2465 2808/2894/2766
f 2226/2312/2234 1711/1797/2788 2227/2313/2539
f 2226/2312/2234 1938/2024/2761 2717/2803/2760
f 2804/2890/2785 2227/2313/2539 1711/1797/2788
f 2565/2651/2309 2227/2313/2539 1749/1835/2310
f 2696/2782/2038 2228/2314/1988 1504/1590/2039
f 1503/1589/1989 2228/2314/1988 1907/1993/2739
f 2095/2181/1704 2229/2315/2329 2094/2180/1222
f 2229/2315/2329 1295/1381/1597 2462/2548/2333
f 1856/1942/2273 2230/2316/2695 1616/1702/2277
f 1652/1738/2350 2232/2318/1614 2231/2317/1613
f 1258/1344/2181 2231/2317/1613 1650/1736/1615
f 2120/2206/2182 2230/2316/2695 2231/2317/1613
f 2232/2318/1614 1652/1738/2350 2648/2734/2349
f 2232/2318/1614 1579/1665/2330 2467/2553/2179
f 1431/1517/1246 2233/2319/1224 1201/1202/1226
f 1520/1606/1701 2233/2319/1224 1361/1447/1446
f 1432/1518/1324 2234/2320/1323 1203/1204/1635
f 1431/1517/1246 2234/2320/1323 1362/1448/1322
f 1337/1423/1387 1574/1660/1537 2235/2321/1824
f 1574/1660/1537 2410/2496/2088 2236/2322/2082
f 1574/1660/1537 2236/2322/2082 2235/2321/1824
f 2237/2323/1691 2236/2322/2082 1282/1368/2084
f 1963/2049/2086 2237/2323/1691 1282/1368/2084
f 2238/2324/1692 1317/1403/1581 2390/2476/2083
f 2237/2323/1691 1528/1614/2311 2238/2324/1692
f 1851/1937/1582 2238/2324/1692 1528/1614/2311
f 2239/2325/1647 1335/1421/1878 2557/2643/2570
f 2054/2140/1648 2239/2325/1647 1691/1777/2809
f 2240/2326/1809 1305/1391/2184 2438/2524/2183
f 1491/1577/1383 2240/2326/1809 1363/1449/1368
f 2242/2328/2558 1756/1842/2224 1482/1568/2223
f 1684/1770/2793 2291/2377/2008 2815/2901/2009
f 2242/2328/2558 2183/2269/2439 2182/2268/2438
f 1756/1842/2224 2242/2328/2558 2241/2327/2269
f 2805/2891/2557 1756/1842/2224 1612/1698/1568
f 2028/2114/2014 2243/2329/2222 1757/1843/1476
f 1876/1962/2706 2244/2330/2677 1507/1593/2061
f 2680/2766/2715 2244/2330/2677 1875/1961/2710
f 2246/2332/2610 2245/2331/2417 1483/1569/2097
f 2021/2107/2446 2245/2331/2417 1799/1885/2416
f 2750/2836/2096 2271/2357/2054 2246/2332/2610
f 2246/2332/2610 1798/1884/2053 2247/2333/2418
f 2250/2336/2823 2247/2333/2418 1798/1884/2053
f 2247/2333/2418 2250/2336/2823 2248/2334/2609
f 2249/2335/2621 2248/2334/2609 1665/1751/2822
f 2806/2892/2448 1804/1890/2623 2038/2124/2013
f 2599/2685/2387 2249/2335/2621 1665/1751/2822
f 2807/2893/2483 2249/2335/2621 1808/1894/2622
f 2273/2359/2608 2250/2336/2823 1798/1884/2053
f 2123/2209/2388 1665/1751/2822 2250/2336/2823
f 2023/2109/2801 2251/2337/2562 1758/1844/2639
f 2251/2337/2562 1673/1759/2442 2743/2829/2798
f 2555/2641/2452 2252/2338/2456 1691/1777/2809
f 2252/2338/2456 1765/1851/2839 2253/2339/2457
f 2553/2639/1751 2253/2339/2457 1765/1851/2839
f 2254/2340/2465 1940/2026/2235 2051/2137/2765
f 2253/2339/2457 1274/1360/2789 2254/2340/2465
f 2808/2894/2766 2254/2340/2465 1274/1360/2789
f 2719/2805/1976 2289/2375/2832 2255/2341/1977
f 2108/2194/2657 2255/2341/1977 1942/2028/2820
f 1637/1723/1776 2256/2342/1629 1443/1529/1777
f 2195/2281/1630 2256/2342/1629 1302/1388/1889
f 2258/2344/1763 2257/2343/1762 1339/1425/1219
f 2809/2895/1761 2358/2444/1193 1314/1400/1937
f 2259/2345/1760 2258/2344/1763 1339/1425/1219
f 2258/2344/1763 1277/1363/1939 2760/2846/1938
f 2259/2345/1760 1339/1425/1219 2292/2378/1836
f 2260/2346/2336 2259/2345/1760 1647/1733/2331
f 1858/1944/2334 2260/2346/2336 1647/1733/2331
f 2258/2344/1763 2260/2346/2336 1277/1363/1939
f 1386/1472/1386 2261/2347/1396 1225/1280/1390
f 1461/1547/1388 2261/2347/1396 1525/1611/1389
f 1461/1547/1388 2262/2348/1442 1223/1278/1444
f 1375/1461/1757 2262/2348/1442 1526/1612/1758
f 1838/1924/2682 2263/2349/2127 1840/1926/2126
f 2631/2717/2500 2810/2896/2502 1839/1925/2683
f 2267/2353/2524 2264/2350/1703 2096/2182/1702
f 2465/2551/1598 2264/2350/1703 1649/1735/2342
f 1270/1356/2337 2528/2614/2213 2266/2352/2338
f 2471/2557/2341 2265/2351/2339 1653/1739/2345
f 2485/2571/2343 2266/2352/2338 1731/1817/2368
f 1653/1739/2345 2265/2351/2339 2266/2352/2338
f 2268/2354/2525 2096/2182/1702 1485/1571/2533
f 2265/2351/2339 2267/2353/2524 1270/1356/2337
f 1485/1571/2533 2099/2185/1870 2268/2354/2525
f 2529/2615/2816 2268/2354/2525 2099/2185/1870
f 1687/1773/1755 2269/2355/1754 2150/2236/1355
f 1387/1473/1464 2811/2897/1834 1336/1422/1478
f 2797/2883/1656 2580/2666/2589 2270/2356/1835
f 2270/2356/1835 2580/2666/2589 2574/2660/2583
f 2750/2836/2096 2246/2332/2610 1483/1569/2097
f 2833/2919/2549 2272/2358/2055 2271/2357/2054
f 2596/2682/2607 2272/2358/2055 1664/1750/2840
f 2273/2359/2608 1797/1883/2606 2123/2209/2388
f 1797/1883/2606 2273/2359/2608 2272/2358/2055
f 2250/2336/2823 2273/2359/2608 2123/2209/2388
f 1405/1491/1271 2274/2360/1270 1248/1303/1320
f 1459/1545/1275 2274/2360/1270 1368/1454/1272
f 2276/2362/1965 1459/1545/1275 1368/1454/1272
f 1644/1730/1786 2275/2361/1273 1313/1399/1966
f 1459/1545/1275 2276/2362/1965 2275/2361/1273
f 2276/2362/1965 1368/1454/1272 2392/2478/1816
f 1639/1725/2321 2091/2177/1985 2812/2898/2815
f 2813/2899/1995 2277/2363/1827 1477/1563/1710
f 1353/1439/1565 2345/2431/1907 2524/2610/1734
f 1327/1413/1795 2278/2364/2519 1728/1814/1733
f 2281/2367/2473 1879/1965/1452 1703/1789/1451
f 1872/1958/2066 1876/1962/2706 2814/2900/2063
f 1872/1958/2066 2280/2366/2062 2279/2365/2476
f 2280/2366/2062 1507/1593/2061 2677/2763/2724
f 1879/1965/1452 2281/2367/2473 2279/2365/2476
f 2281/2367/2473 1703/1789/1451 2663/2749/2471
f 2281/2367/2473 1871/1957/2472 2282/2368/2064
f 2282/2368/2064 1871/1957/2472 2665/2751/2705
f 1891/1977/2714 2283/2369/1484 1925/2011/2325
f 1900/1986/1991 2283/2369/1484 1892/1978/2711
f 1969/2055/1551 2284/2370/2777 1970/2056/2315
f 1985/2071/1890 2284/2370/2777 1633/1719/2163
f 1987/2073/2243 2285/2371/2245 1984/2070/1973
f 1989/2075/1459 2285/2371/2245 1567/1653/2244
f 2760/2846/1938 2286/2372/2571 1449/1535/2572
f 1324/1410/2141 2286/2372/2571 2060/2146/1940
f 2287/2373/2741 2061/2147/1456 2762/2848/2811
f 1928/2014/2727 2287/2373/2741 1907/1993/2739
f 2289/2375/2832 2161/2247/2769 1942/2028/2820
f 1970/2056/2315 2288/2374/2770 1941/2027/2762
f 2161/2247/2769 2289/2375/2832 2288/2374/2770
f 2255/2341/1977 2289/2375/2832 1942/2028/2820
f 2027/2113/2419 2290/2376/2794 2182/2268/2438
f 2291/2377/2008 2014/2100/2791 1269/1355/1492
f 2014/2100/2791 2291/2377/2008 2290/2376/2794
f 2815/2901/2009 1269/1355/1492 1683/1769/2437
f 1487/1573/1220 2292/2378/1836 1339/1425/1219
f 2292/2378/1836 1388/1474/1531 2397/2483/1866
f 1518/1604/1415 2293/2379/1419 1215/1270/1416
f 1434/1520/1420 2293/2379/1419 1369/1455/1687
f 117/1237/19 2294/2380/1448 118/1236/34
f 2294/2380/1448 1476/1562/1371 2371/2457/1709
f 2295/2381/1846 1395/1481/1655 2798/2884/1844
f 1309/1395/2837 2811/2897/1834 2846/2932/1845
f 88/1266/122 2296/2382/1421 89/1265/131
f 1329/1415/2021 2296/2382/1421 1497/1583/1402
f 2298/2384/1967 2297/2383/1919 1460/1546/2504
f 2830/2916/2772 2829/2915/1857 1621/1707/1968
f 1460/1546/2504 2198/2284/1914 2816/2902/1926
f 1260/1346/2286 2204/2290/2285 2817/2903/2838
f 2299/2385/2262 1888/1974/2264 2678/2764/2725
f 2737/2823/2626 2299/2385/2262 1896/1982/2627
f 2010/2096/2628 2300/2386/2254 2008/2094/2257
f 1484/1570/2255 2300/2386/2254 2012/2098/2441
f 2104/2190/2654 2301/2387/2656 1824/1910/2818
f 2714/2800/1517 2301/2387/2656 1936/2022/2655
f 1590/1676/1544 2818/2904/2841 1781/1867/2209
f 1590/1676/1544 2477/2563/2206 2303/2389/2280
f 2818/2904/2841 2303/2389/2280 2302/2388/2279
f 2303/2389/2280 1657/1743/2636 2836/2922/2574
f 2304/2390/2272 1615/1701/2275 2443/2529/1722
f 1856/1942/2273 2304/2390/2272 1299/1385/2842
f 1438/1524/1398 2305/2391/1384 109/1245/118
f 1439/1525/1378 2305/2391/1384 1364/1450/1632
f 124/1230/318 2306/2392/1359 125/1229/319
f 1490/1576/1366 1342/1428/1772 2306/2392/1359
f 1367/1453/1299 2307/2393/1298 1467/1553/1289
f 2819/2905/2516 1726/1812/2514 2519/2605/2515
f 2819/2905/2516 2307/2393/1298 1312/1398/2783
f 2308/2394/1832 2819/2905/2516 2519/2605/2515
f 1732/1818/1639 1535/1621/1641 2309/2395/2529
f 2309/2395/2529 1535/1621/1641 2310/2396/2112
f 1535/1621/1641 1869/1955/2110 2310/2396/2112
f 1869/1955/2110 1866/1952/2113 2310/2396/2112
f 1761/1847/1650 2311/2397/1771 1308/1394/2513
f 1342/1428/1772 2311/2397/1771 1760/1846/2836
f 2313/2399/2376 2312/2398/2375 1847/1933/2535
f 2170/2256/2537 2312/2398/2375 1666/1752/2373
f 1845/1931/2390 2313/2399/2376 1847/1933/2535
f 2313/2399/2376 1846/1932/1931 2784/2870/1933
f 2667/2753/2707 2314/2400/2709 1874/1960/2065
f 2314/2400/2709 1509/1595/2708 2683/2769/2052
f 1908/1994/2165 2315/2401/2743 1909/1995/2042
f 1922/2008/2166 2315/2401/2743 1722/1808/2512
f 1551/1637/1340 2316/2402/1333 1209/1210/1334
f 1440/1526/1329 2316/2402/1333 1365/1451/1876
f 1440/1526/1329 2317/2403/1331 1207/1208/1330
f 1441/1527/1666 2317/2403/1331 1366/1452/1335
f 1433/1519/1300 2318/2404/1295 1240/1295/1297
f 1467/1553/1289 2318/2404/1295 1367/1453/1299
f 1426/1512/1627 2319/2405/1260 45/1317/284
f 1411/1497/1254 2319/2405/1260 1370/1456/1628
f 1448/1534/1345 2320/2406/1344 138/1216/498
f 1860/1946/1341 2320/2406/1344 1371/1457/1342
f 1233/1288/1306 2321/2407/1309 1231/1286/1307
f 1493/1579/1317 2321/2407/1309 1372/1458/1970
f 1466/1552/1304 2322/2408/1308 1234/1289/1310
f 2321/2407/1309 2322/2408/1308 1372/1458/1970
f 19/1343/200 18/1189/199 2324/2410/1190
f 1462/1548/1195 2323/2409/1191 1373/1459/1822
f 19/1343/200 2324/2410/1190 2323/2409/1191
f 1190/1191/1250 2324/2410/1190 1189/1190/1189
f 1462/1548/1195 2325/2411/1196 21/1341/186
f 1549/1635/1197 2325/2411/1196 1374/1460/1194
f 2262/2348/1442 2326/2412/1689 1222/1277/1443
f 1519/1605/1408 2326/2412/1689 1375/1461/1757
f 1412/1498/1269 2327/2413/1245 1252/1307/1244
f 1413/1499/1276 2327/2413/1245 1376/1462/1268
f 1463/1549/1232 2328/2414/1231 35/1327/209
f 1522/1608/1236 2328/2414/1231 1377/1463/1206
f 1523/1609/1239 2329/2415/1261 41/1321/285
f 1450/1536/1449 2329/2415/1261 1378/1464/1826
f 1474/1560/1376 2330/2416/1375 113/1241/31
f 1473/1559/1479 2330/2416/1375 1379/1465/1377
f 1473/1559/1479 2331/2417/1370 115/1239/288
f 1476/1562/1371 2331/2417/1370 1380/1466/1481
f 1552/1638/1426 2332/2418/1391 105/1249/83
f 1478/1564/1392 2332/2418/1391 1381/1467/1829
f 1452/1538/1283 2333/2419/1285 1243/1298/1741
f 1496/1582/1557 2333/2419/1285 1382/1468/1284
f 1465/1551/1313 2334/2420/1302 1236/1291/1301
f 1466/1552/1304 2334/2420/1302 1383/1469/1312
f 1467/1553/1289 2335/2421/1291 1238/1293/1759
f 1465/1551/1313 2335/2421/1291 1384/1470/1290
f 48/1314/265 2336/2422/1252 1257/1312/1253
f 1512/1598/1265 2336/2422/1252 1385/1471/1251
f 1636/1722/1817 2337/2423/1256 1411/1497/1254
f 1512/1598/1265 2337/2423/1256 1345/1431/1818
f 1613/1699/1343 2338/2424/1820 1416/1502/1339
f 1618/1704/1349 2338/2424/1820 1371/1457/1342
f 1747/1833/1663 2339/2425/1815 1311/1397/1664
f 1678/1764/1665 2339/2425/1815 1424/1510/2428
f 2341/2427/1541 2340/2426/1808 1424/1510/2428
f 2343/2429/1806 2340/2426/1808 1284/1370/2522
f 2342/2428/1542 1424/1510/2428 1747/1833/1663
f 2341/2427/1541 1748/1834/1540 2783/2869/2520
f 1424/1510/2428 2342/2428/1542 2341/2427/1541
f 1425/1511/2020 2342/2428/1542 1747/1833/1663
f 2344/2430/1930 1284/1370/2522 1729/1815/2835
f 1446/1532/1909 1679/1765/1908 2820/2906/1807
f 1284/1370/2522 2344/2430/1930 2343/2429/1806
f 2344/2430/1930 1729/1815/2835 2525/2611/1928
f 1430/1516/1422 1329/1415/2021 2345/2431/1907
f 2345/2431/1907 1329/1415/2021 2522/2608/1793
f 2347/2433/1638 2346/2432/1445 1362/1448/1322
f 2346/2432/1445 1304/1390/1637 2376/2462/1805
f 1679/1765/1908 2347/2433/1638 1362/1448/1322
f 2347/2433/1638 1446/1532/1909 2348/2434/1636
f 2344/2430/1930 2348/2434/1636 1446/1532/1909
f 2768/2854/1872 2821/2907/1871 1680/1766/1929
f 2349/2435/1910 1369/1455/1687 2453/2539/1686
f 1329/1415/2021 1434/1520/1420 2349/2435/1910
f 1412/1498/1269 2350/2436/1278 1376/1462/1268
f 2514/2600/1643 2350/2436/1278 1435/1521/1911
f 2352/2438/1851 2351/2437/1279 1354/1440/1257
f 2350/2436/1278 2351/2437/1279 1435/1521/1911
f 2352/2438/1851 1354/1440/1257 2354/2440/1259
f 2516/2602/2503 2352/2438/1851 1289/1375/1493
f 1592/1678/1350 2353/2439/1336 1365/1451/1876
f 2353/2439/1336 1311/1397/1664 2339/2425/1815
f 2355/2441/1923 2354/2440/1259 1399/1485/1577
f 2352/2438/1851 2354/2440/1259 1442/1528/1494
f 1512/1598/1265 2355/2441/1923 1399/1485/1577
f 1637/1723/1776 2355/2441/1923 1345/1431/1818
f 1637/1723/1776 2356/2442/1495 1442/1528/1494
f 2199/2285/1913 2356/2442/1495 1443/1529/1777
f 1496/1582/1557 2357/2443/1559 1433/1519/1300
f 1331/1417/1558 1445/1531/1287 2357/2443/1559
f 2809/2895/1761 1314/1400/1937 2257/2343/1762
f 1770/1856/1678 2358/2444/1193 1449/1535/2572
f 1524/1610/1255 2359/2445/1698 1330/1416/1941
f 1450/1536/1449 1451/1537/1699 2359/2445/1698
f 2419/2505/1596 2360/2446/1825 1319/1405/1594
f 2424/2510/2193 2360/2446/1825 1585/1671/2070
f 1580/1666/1282 2361/2447/1944 1452/1538/1283
f 2222/2308/1943 2361/2447/1944 1350/1436/1607
f 1453/1539/1675 2362/2448/1677 1382/1468/1284
f 2758/2844/2810 2362/2448/1677 1454/1540/1945
f 2364/2450/1946 2363/2449/1676 1300/1386/2830
f 2362/2448/1677 2363/2449/1676 1454/1540/1945
f 2822/2908/1955 1300/1386/2830 2140/2226/1952
f 2364/2450/1946 2822/2908/1955 2823/2909/1508
f 1488/1574/1214 2365/2451/1192 1373/1459/1822
f 2358/2444/1193 2365/2451/1192 1314/1400/1937
f 1464/1550/1207 1463/1549/1232 2366/2452/1881
f 1557/1643/1240 2366/2452/1881 1463/1549/1232
f 1754/1840/1830 2367/2453/1831 1383/1469/1312
f 2367/2453/1831 1315/1401/1848 2378/2464/1821
f 2369/2455/1401 2368/2454/1480 1379/1465/1377
f 1380/1466/1481 2368/2454/1480 1322/1408/1515
f 1475/1561/1399 2369/2455/1401 1379/1465/1377
f 1322/1408/1515 2369/2455/1401 1638/1724/1400
f 1635/1721/1379 2370/2456/1992 1474/1560/1376
f 2763/2849/1993 2370/2456/1992 1349/1435/1812
f 2294/2380/1448 2371/2457/1709 1341/1427/1994
f 1476/1562/1371 1477/1563/1710 2371/2457/1709
f 1479/1565/1732 1334/1420/1747 2372/2458/1731
f 1718/1804/1397 2372/2458/1731 1334/1420/1747
f 1328/1414/1730 2375/2461/2148 2373/2459/1828
f 2374/2460/2470 1698/1784/2462 1288/1374/2143
f 2374/2460/2470 2373/2459/1828 2375/2461/2148
f 1780/1866/1997 2374/2460/2470 1288/1374/2143
f 1697/1783/1729 2375/2461/2148 1328/1414/1730
f 2374/2460/2470 2375/2461/2148 1698/1784/2462
f 2099/2185/1870 2376/2462/1805 1304/1390/1637
f 1741/1827/1563 2376/2462/1805 1485/1571/2533
f 2257/2343/1762 2377/2463/1837 1389/1475/1213
f 2365/2451/1192 2377/2463/1837 1314/1400/1937
f 2378/2464/1821 1372/1458/1970 1466/1552/1304
f 1396/1482/1292 2378/2464/1821 1315/1401/1848
f 1636/1722/1817 2379/2465/1888 1302/1388/1889
f 1370/1456/1628 1495/1581/1739 2379/2465/1888
f 1524/1610/1255 2380/2466/1942 1426/1512/1627
f 1640/1726/1924 2380/2466/1942 1330/1416/1941
f 1560/1646/1748 2381/2467/2022 1364/1450/1632
f 2382/2468/1784 2381/2467/2022 1303/1389/2025
f 2081/2167/2024 2382/2468/1784 1303/1389/2025
f 2083/2169/1574 2382/2468/1784 1499/1585/1575
f 1375/1461/1757 2389/2475/1756 2390/2476/2083
f 1317/1403/1581 1850/1936/1413 2824/2910/1555
f 1959/2045/1208 2384/2470/1237 1377/1463/1206
f 2385/2471/1238 2384/2470/1237 1318/1404/2775
f 2385/2471/1238 1318/1404/2775 2428/2514/1569
f 1522/1608/1236 2385/2471/1238 1419/1505/1235
f 1582/1668/1697 2386/2472/1803 1420/1506/1242
f 2387/2473/1880 2386/2472/1803 1319/1405/1594
f 2386/2472/1803 2387/2473/1880 1523/1609/1239
f 2360/2446/1825 2387/2473/1880 1319/1405/1594
f 1699/1785/1779 2388/2474/1833 1386/1472/1386
f 1572/1658/1538 2388/2474/1833 1310/1396/2016
f 2235/2321/1824 2389/2475/1756 1526/1612/1758
f 2389/2475/1756 1527/1613/1693 2390/2476/2083
f 2238/2324/1692 2390/2476/2083 1527/1613/1693
f 1317/1403/1581 2383/2469/1554 2390/2476/2083
f 1559/1645/1453 2391/2477/2119 1405/1491/1271
f 2130/2216/1864 2391/2477/2119 1344/1430/2142
f 2393/2479/2120 2392/2478/1816 1538/1624/1280
f 2392/2478/1816 1539/1625/2121 1313/1399/1966
f 2394/2480/2122 2393/2479/2120 1296/1382/1604
f 2392/2478/1816 2393/2479/2120 1539/1625/2121
f 2128/2214/1603 2394/2480/2122 1296/1382/1604
f 2395/2481/2077 2394/2480/2122 1540/1626/1503
f 2395/2481/2077 1540/1626/1503 2134/2220/1502
f 1539/1625/2121 2395/2481/2077 2139/2225/2078
f 1645/1731/1799 2396/2482/1705 1408/1494/1217
f 2397/2483/1866 2396/2482/1705 1321/1407/1600
f 2396/2482/1705 2397/2483/1866 1546/1632/1248
f 2292/2378/1836 2397/2483/1866 1321/1407/1600
f 1689/1775/1800 2398/2484/1802 1410/1496/1347
f 2399/2485/1867 2398/2484/1802 1323/1409/1801
f 2398/2484/1802 2399/2485/1867 1548/1634/1612
f 1323/1409/1801 2459/2545/2284 2400/2486/1850
f 1323/1409/1801 2400/2486/1850 2399/2485/1867
f 2445/2531/1783 2400/2486/1850 1620/1706/2843
f 1696/1782/1728 2401/2487/1798 1418/1504/1424
f 2402/2488/1879 2401/2487/1798 1328/1414/1730
f 2401/2487/1798 2402/2488/1879 1552/1638/1426
f 2373/2459/1828 2402/2488/1879 1328/1414/1730
f 1614/1700/1724 2403/2489/1804 1421/1507/1200
f 2404/2490/1838 2403/2489/1804 1326/1412/1723
f 2403/2489/1804 2404/2490/1838 1553/1639/1201
f 1326/1412/1723 2772/2858/1764 2405/2491/1839
f 1326/1412/1723 2405/2491/1839 2404/2490/1838
f 1340/1426/1209 2405/2491/1839 2122/2208/1766
f 1334/1420/1747 2406/2492/1746 1560/1646/1748
f 2072/2158/2026 2406/2492/1746 1561/1647/1745
f 2409/2495/2172 1310/1396/2016 1603/1689/1680
f 2408/2494/2173 2407/2493/2170 1573/1659/2176
f 2408/2494/2173 1573/1659/2176 2411/2497/2001
f 1572/1658/1538 2408/2494/2173 1574/1660/1537
f 1310/1396/2016 2409/2495/2172 2407/2493/2170
f 2409/2495/2172 1603/1689/1680 2435/2521/1682
f 2408/2494/2173 2410/2496/2088 1574/1660/1537
f 1962/2048/2085 2410/2496/2088 1575/1661/2000
f 2408/2494/2173 2411/2497/2001 1575/1661/2000
f 2413/2499/1661 2411/2497/2001 1573/1659/2176
f 1859/1945/2161 2412/2498/1999 1480/1566/2171
f 1962/2048/2085 2412/2498/1999 1576/1662/2160
f 2411/2497/2001 2413/2499/1661 1480/1566/2171
f 2409/2495/2172 2413/2499/1661 1573/1659/2176
f 1278/1364/1669 2518/2604/1671 2825/2911/2178
f 1604/1690/1660 2414/2500/1998 1578/1664/2177
f 1593/1679/1233 2415/2501/2187 1358/1444/1234
f 2417/2503/2189 2415/2501/2187 1294/1380/2190
f 1582/1668/1697 2415/2501/2187 2417/2503/2189
f 2419/2505/1596 2416/2502/1595 1583/1669/1897
f 1582/1668/1697 2417/2503/2189 2416/2502/1595
f 2418/2504/1898 2417/2503/2189 1294/1380/2190
f 1682/1768/2003 2418/2504/1898 1294/1380/2190
f 2418/2504/1898 1584/1670/2435 2421/2507/1896
f 1583/1669/1897 2421/2507/1896 2420/2506/2071
f 2419/2505/1596 1585/1671/2070 2360/2446/1825
f 1583/1669/1897 2420/2506/2071 2419/2505/1596
f 1607/1693/2188 2420/2506/2071 1428/1514/2805
f 2422/2508/2192 2421/2507/1896 1584/1670/2435
f 2420/2506/2071 2421/2507/1896 1428/1514/2805
f 2423/2509/1490 2422/2508/2192 1584/1670/2435
f 2036/2122/2247 2422/2508/2192 2031/2117/2191
f 1584/1670/2435 1682/1768/2003 2500/2586/1491
f 2031/2117/2191 2423/2509/1490 1269/1355/1492
f 2194/2280/1700 2424/2510/2193 1281/1367/1736
f 2360/2446/1825 2424/2510/2193 1451/1537/1699
f 2427/2513/1624 2425/2511/2195 1586/1672/1616
f 2425/2511/2195 1301/1387/2225 2433/2519/2216
f 2122/2208/1766 2426/2512/1617 1340/1426/1209
f 2427/2513/1624 2426/2512/1617 1587/1673/2194
f 2427/2513/1624 1587/1673/2194 2563/2649/1625
f 2427/2513/1624 1301/1387/2225 2425/2511/2195
f 2430/2516/1695 2428/2514/1569 1318/1404/2775
f 2429/2515/1570 2428/2514/1569 1594/1680/1694
f 1682/1768/2003 2429/2515/1570 1594/1680/1694
f 2429/2515/1570 1294/1380/2190 2415/2501/2187
f 1959/2045/1208 2430/2516/1695 1318/1404/2775
f 2430/2516/1695 1595/1681/2774 2431/2517/1696
f 2165/2251/1566 2431/2517/1696 1595/1681/2774
f 2431/2517/1696 1481/1567/2002 2498/2584/2214
f 1596/1682/1743 2425/2511/2195 2433/2519/2216
f 1852/1938/1545 2432/2518/1744 1597/1683/1546
f 1596/1682/1743 2433/2519/2216 2432/2518/1744
f 2434/2520/2221 2433/2519/2216 1301/1387/2225
f 1773/1859/1626 2434/2520/2221 1301/1387/2225
f 1599/1685/1498 2169/2255/2217 2826/2912/2220
f 2414/2500/1998 2435/2521/1682 1278/1364/1669
f 2409/2495/2172 2435/2521/1682 1577/1663/1659
f 1275/1361/2567 2651/2737/1651 2437/2523/2186
f 2438/2524/2183 2436/2522/2060 1581/1667/1810
f 1275/1361/2567 2437/2523/2186 2436/2522/2060
f 1308/1394/2513 2437/2523/2186 1761/1847/1650
f 2436/2522/2060 2438/2524/2183 1605/1691/2058
f 2240/2326/1809 2438/2524/2183 1581/1667/1810
f 1701/1787/1769 2439/2525/2185 1305/1391/2184
f 2440/2526/2114 2439/2525/2185 1606/1692/2246
f 2309/2395/2529 2440/2526/2114 1606/1692/2246
f 2440/2526/2114 1866/1952/2113 2659/2745/2699
f 2201/2287/1737 2441/2527/2069 1607/1693/2188
f 2424/2510/2193 2441/2527/2069 1281/1367/1736
f 1854/1940/1718 2442/2528/2271 1359/1445/1720
f 2304/2390/2272 2442/2528/2271 1299/1385/2842
f 2304/2390/2272 2443/2529/1722 1614/1700/1724
f 2772/2858/1764 1615/1701/2275 2121/2207/1765
f 2445/2531/1783 2444/2530/1715 1348/1434/1539
f 1325/1411/1716 2444/2530/1715 1619/1705/1782
f 2400/2486/1850 2445/2531/1783 1348/1434/1539
f 2445/2531/1783 1620/1706/2843 2446/2532/1781
f 2447/2533/1884 2446/2532/1781 1620/1706/2843
f 2446/2532/1781 1279/1365/1883 2448/2534/1813
f 2459/2545/2284 2447/2533/1884 1620/1706/2843
f 2447/2533/1884 1642/1728/1713 2827/2913/2327
f 1742/1828/1528 2448/2534/1813 1279/1365/1883
f 1592/1678/1350 1774/1860/1877 2828/2914/1814
f 2449/2535/1858 2829/2915/1857 2830/2916/2772
f 2449/2535/1858 1623/1709/2501 2631/2717/2500
f 1518/1604/1415 2450/2536/1863 1624/1710/1688
f 2180/2266/1395 2450/2536/1863 1402/1488/1393
f 2452/2538/1788 2451/2537/2081 1316/1402/2080
f 2453/2539/1686 2454/2540/1685 1627/1713/1684
f 1957/2043/1789 2452/2538/1788 1316/1402/2080
f 2452/2538/1788 1628/1714/2299 1738/1824/1979
f 2454/2540/1685 1624/1710/1688 2451/2537/2081
f 2349/2435/1910 2453/2539/1686 1627/1713/1684
f 2451/2537/2081 1625/1711/2300 2454/2540/1685
f 2455/2541/1683 1285/1371/2518 1727/1813/1794
f 2454/2540/1685 1625/1711/2300 2455/2541/1683
f 1737/1823/1405 2455/2541/1683 1625/1711/2300
f 2457/2543/2696 1576/1662/2160 1859/1945/2161
f 1982/2068/2312 2456/2542/2174 1262/1348/2697
f 1576/1662/2160 2457/2543/2696 2456/2542/2174
f 1987/2073/2243 2457/2543/2696 1859/1945/2161
f 2084/2170/2319 2458/2544/1514 1638/1724/1400
f 2277/2363/1827 2458/2544/1514 1639/1725/2321
f 2400/2486/1850 2459/2545/2284 1620/1706/2843
f 2097/2183/1714 2459/2545/2284 1323/1409/1801
f 1580/1666/1282 2460/2546/1281 1350/1436/1607
f 2275/2361/1273 2460/2546/1281 1398/1484/1274
f 2462/2548/2333 2461/2547/1601 1645/1731/1799
f 2463/2549/1602 2461/2547/1601 1646/1732/2332
f 2229/2315/2329 2462/2548/2333 1645/1731/1799
f 2462/2548/2333 1295/1381/1597 1648/1734/1599
f 2463/2549/1602 1646/1732/2332 2464/2550/2180
f 2463/2549/1602 1647/1733/2331 2259/2345/1760
f 2463/2549/1602 2464/2550/2180 1579/1665/2330
f 1646/1732/2332 1648/1734/1599 2464/2550/2180
f 2095/2181/1704 2465/2551/1598 1295/1381/1597
f 1649/1735/2342 2471/2557/2341 2466/2552/2207
f 1649/1735/2342 2466/2552/2207 2465/2551/1598
f 2466/2552/2207 1651/1737/2844 2468/2554/2340
f 2466/2552/2207 2467/2553/2179 1648/1734/1599
f 2232/2318/1614 2467/2553/2179 1650/1736/1615
f 2466/2552/2207 2468/2554/2340 1650/1736/1615
f 2469/2555/2210 2468/2554/2340 1651/1737/2844
f 2469/2555/2210 1651/1737/2844 2470/2556/2208
f 2469/2555/2210 1781/1867/2209 2771/2857/2278
f 2471/2557/2341 2470/2556/2208 1651/1737/2844
f 2472/2558/2344 2470/2556/2208 1653/1739/2345
f 2470/2556/2208 2471/2557/2341 1653/1739/2345
f 2466/2552/2207 2471/2557/2341 1651/1737/2844
f 2473/2559/1471 2472/2558/2344 1591/1677/2528
f 2470/2556/2208 2472/2558/2344 1654/1740/1470
f 2480/2566/2351 2473/2559/1471 1591/1677/2528
f 2473/2559/1471 1655/1741/2352 2474/2560/1469
f 2475/2561/1543 2474/2560/1469 1655/1741/2352
f 1781/1867/2209 2474/2560/1469 1590/1676/1544
f 2476/2562/1935 2475/2561/1543 1655/1741/2352
f 2477/2563/2206 2475/2561/1543 1656/1742/2353
f 2479/2565/1936 2476/2562/1935 1655/1741/2352
f 1414/1500/1934 2491/2577/2409 2482/2568/2205
f 1656/1742/2353 2483/2569/2204 2478/2564/2354
f 2303/2389/2280 2477/2563/2206 1657/1743/2636
f 2490/2576/2357 2478/2564/2354 1589/1675/2634
f 1657/1743/2636 2477/2563/2206 2478/2564/2354
f 2480/2566/2351 2479/2565/1936 1655/1741/2352
f 2488/2574/2010 1658/1744/2011 2487/2573/2362
f 2481/2567/2359 2480/2566/2351 1591/1677/2528
f 2480/2566/2351 1658/1744/2011 2479/2565/1936
f 2484/2570/2526 2481/2567/2359 1591/1677/2528
f 1660/1746/2527 2786/2872/2363 2486/2572/2365
f 1414/1500/1934 2482/2568/2205 2476/2562/1935
f 2494/2580/2007 2495/2581/2632 1671/1757/2005
f 2478/2564/2354 2483/2569/2204 1589/1675/2634
f 1656/1742/2353 2482/2568/2205 2483/2569/2204
f 1591/1677/2528 2472/2558/2344 2485/2571/2343
f 2484/2570/2526 1731/1817/2368 2831/2917/2212
f 2266/2352/2338 2485/2571/2343 1653/1739/2345
f 1731/1817/2368 2484/2570/2526 2485/2571/2343
f 1660/1746/2527 2486/2572/2365 2481/2567/2359
f 2173/2259/2364 2174/2260/2360 2487/2573/2362
f 2173/2259/2364 2487/2573/2362 2486/2572/2365
f 2488/2574/2010 2487/2573/2362 1662/1748/2361
f 2489/2575/2099 2488/2574/2010 1662/1748/2361
f 2479/2565/1936 2488/2574/2010 1414/1500/1934
f 2489/2575/2099 1662/1748/2361 2542/2628/2543
f 2489/2575/2099 1674/1760/2377 2491/2577/2409
f 2490/2576/2357 1589/1675/2634 2605/2691/2633
f 2490/2576/2357 1814/1900/2356 2837/2923/2630
f 2493/2579/2006 2491/2577/2409 1674/1760/2377
f 2482/2568/2205 2491/2577/2409 1671/1757/2005
f 2025/2111/2802 2492/2578/2380 1663/1749/1561
f 2493/2579/2006 2492/2578/2380 1675/1761/2803
f 2494/2580/2007 2493/2579/2006 1675/1761/2803
f 2493/2579/2006 1671/1757/2005 2491/2577/2409
f 2496/2582/2421 2494/2580/2007 1675/1761/2803
f 2605/2691/2633 2495/2581/2632 1815/1901/2420
f 1671/1757/2005 2495/2581/2632 2483/2569/2204
f 1815/1901/2420 2495/2581/2632 2494/2580/2007
f 2496/2582/2421 1675/1761/2803 2497/2583/2412
f 2496/2582/2421 1672/1758/2560 2606/2692/2638
f 1675/1761/2803 2025/2111/2802 2497/2583/2412
f 2749/2835/2098 2497/2583/2412 2025/2111/2802
f 1682/1768/2003 1594/1680/1694 2498/2584/2214
f 2431/2517/1696 2498/2584/2214 1594/1680/1694
f 1753/1839/2270 2499/2585/2004 1481/1567/2002
f 2500/2586/1491 2499/2585/2004 1683/1769/2437
f 1269/1355/1492 2500/2586/1491 1683/1769/2437
f 1584/1670/2435 2500/2586/1491 2423/2509/1490
f 2054/2140/1648 2501/2587/2450 1690/1776/1649
f 2501/2587/2450 1293/1379/2808 2502/2588/2468
f 2501/2587/2450 2502/2588/2468 1696/1782/1728
f 2757/2843/2467 2502/2588/2468 1293/1379/2808
f 1931/2017/2463 2503/2589/2149 1694/1780/2469
f 2375/2461/2148 2503/2589/2149 1698/1784/2462
f 1724/1810/1681 2504/2590/2240 1347/1433/1315
f 1310/1396/2016 2504/2590/2240 1603/1689/1680
f 1700/1786/1842 2505/2591/1841 1701/1787/1769
f 2294/2380/1448 2505/2591/1841 1393/1479/1447
f 2371/2457/1709 2506/2592/1711 1341/1427/1994
f 2506/2592/1711 1477/1563/1710 2507/2593/1996
f 1477/1563/1710 2277/2363/1827 2507/2593/1996
f 2812/2898/2815 2507/2593/1996 2277/2363/1827
f 1732/1818/1639 2508/2594/1768 1702/1788/1767
f 2439/2525/2185 2508/2594/1768 1606/1692/2246
f 1735/1821/1727 2509/2595/1433 1707/1793/1435
f 2002/2088/1583 2509/2595/1433 1708/1794/1584
f 1559/1645/1453 2510/2596/1869 1344/1430/2142
f 2511/2597/1797 2510/2596/1869 1413/1499/1276
f 2511/2597/1797 1376/1462/1268 2350/2436/1278
f 2510/2596/1869 2511/2597/1797 1712/1798/2227
f 2511/2597/1797 2512/2598/1868 1712/1798/2227
f 2513/2599/1642 2512/2598/1868 1306/1392/1796
f 2514/2600/1643 2513/2599/1642 1306/1392/1796
f 2126/2212/1579 2513/2599/1642 1714/1800/1580
f 2514/2600/1643 1306/1392/1796 2350/2436/1278
f 1716/1802/1912 1714/1800/1580 2514/2600/1643
f 2449/2535/1858 2515/2601/1578 1436/1522/1859
f 2126/2212/1579 2515/2601/1578 1715/1801/2499
f 2352/2438/1851 2516/2602/2503 1435/1521/1911
f 1717/1803/1918 2516/2602/2503 1289/1375/1493
f 1759/1845/1770 2517/2603/1811 1308/1394/2513
f 1489/1575/1362 2517/2603/1811 1392/1478/1361
f 2519/2605/2515 1725/1811/1670 1338/1424/1536
f 2518/2604/1671 1726/1812/2514 2825/2911/2178
f 1725/1811/1670 2519/2605/2515 2518/2604/1671
f 2308/2394/1832 2519/2605/2515 1338/1424/1536
f 1991/2077/2782 2520/2606/2517 1312/1398/2783
f 2825/2911/2178 2520/2606/2517 1578/1664/2177
f 1991/2077/2782 2521/2607/2781 2520/2606/2517
f 1994/2080/2241 2521/2607/2781 1990/2076/1667
f 2345/2431/1907 2522/2608/1793 1727/1813/1794
f 2349/2435/1910 2522/2608/1793 1329/1415/2021
f 1736/1822/1726 2523/2609/1735 1285/1371/2518
f 2524/2610/1734 1728/1814/1733 2278/2364/2519
f 1353/1439/1565 2524/2610/1734 2278/2364/2519
f 1727/1813/1794 2523/2609/1735 2524/2610/1734
f 2176/2262/2372 2525/2611/1928 1729/1815/2835
f 2526/2612/2429 2525/2611/1928 1447/1533/2371
f 1447/1533/2371 2172/2258/2370 2527/2613/2523
f 2526/2612/2429 1730/1816/2211 2768/2854/1872
f 2831/2917/2212 2527/2613/2523 1660/1746/2527
f 1730/1816/2211 2526/2612/2429 2527/2613/2523
f 2529/2615/2816 2528/2614/2213 1270/1356/2337
f 2831/2917/2212 1730/1816/2211 2527/2613/2523
f 2268/2354/2525 2529/2615/2816 1270/1356/2337
f 2529/2615/2816 2099/2185/1870 2768/2854/1872
f 1681/1767/2729 1943/2029/2434 2666/2752/2433
f 1997/2083/2057 2530/2616/2531 1267/1353/2704
f 1737/1823/1405 2531/2617/1404 1736/1822/1726
f 2001/2087/1585 2531/2617/1404 1626/1712/1406
f 2532/2618/1351 1742/1828/1528 2540/2626/2534
f 2353/2439/1336 2532/2618/1351 1311/1397/1664
f 2447/2533/1884 2533/2619/1529 1279/1365/1883
f 2534/2620/1530 2533/2619/1529 1743/1829/2326
f 2534/2620/1530 1743/1829/2326 2535/2621/2095
f 2534/2620/1530 1425/1511/2020 2540/2626/2534
f 2536/2622/2094 2535/2621/2095 1494/1580/2845
f 2534/2620/1530 2535/2621/2095 1744/1830/1886
f 1494/1580/2845 2766/2852/2580 2767/2853/1610
f 2537/2623/2536 2536/2622/2094 1746/1832/1609
f 2600/2686/2393 2537/2623/2536 1746/1832/1609
f 1263/1349/2391 1847/1933/2535 2832/2918/2690
f 2537/2623/2536 1263/1349/2391 2832/2918/2690
f 2539/2625/1885 2538/2624/1887 1745/1831/2691
f 2539/2625/1885 1745/1831/2691 2782/2868/2538
f 1744/1830/1886 2539/2625/1885 1425/1511/2020
f 2532/2618/1351 2540/2626/2534 1747/1833/1663
f 2534/2620/1530 2540/2626/2534 1742/1828/1528
f 2543/2629/1560 2541/2627/1562 1750/1836/2100
f 2492/2578/2380 2541/2627/1562 1663/1749/1561
f 2174/2260/2360 2542/2628/2543 1662/1748/2361
f 2545/2631/2544 2542/2628/2543 1659/1745/2551
f 1750/1836/2100 2542/2628/2543 2545/2631/2544
f 2544/2630/2548 2543/2629/1560 1751/1837/2545
f 1751/1837/2545 2146/2232/2395 2547/2633/2618
f 2026/2112/2550 2750/2836/2096 2751/2837/2804
f 1750/1836/2100 2545/2631/2544 2543/2629/1560
f 2546/2632/2547 2545/2631/2544 1659/1745/2551
f 2187/2273/2553 2546/2632/2547 1659/1745/2551
f 1752/1838/2379 2637/2723/2378 2840/2926/2546
f 2146/2232/2395 1664/1750/2840 2547/2633/2618
f 2833/2919/2549 2547/2633/2618 1664/1750/2840
f 1315/1401/1848 2548/2634/1847 1396/1482/1292
f 1755/1841/1849 1347/1433/1315 2548/2634/1847
f 2168/2254/2556 2549/2635/1477 1757/1843/1476
f 2834/2920/2200 2549/2635/1477 1598/1684/2218
f 2835/2921/2559 2550/2636/1475 1265/1351/2268
f 2028/2114/2014 2550/2636/1475 1758/1844/2639
f 2551/2637/1586 1763/1849/2568 2552/2638/1587
f 1515/1601/1431 2551/2637/1586 1762/1848/1432
f 2552/2638/1587 1307/1393/2079 1762/1848/1432
f 1763/1849/2568 1764/1850/1750 2552/2638/1587
f 2253/2339/2457 2553/2639/1751 1274/1360/2789
f 2554/2640/1749 2553/2639/1751 1765/1851/2839
f 2555/2641/2452 2554/2640/1749 1765/1851/2839
f 1307/1393/2079 2554/2640/1749 1766/1852/2451
f 2252/2338/2456 2555/2641/2452 1765/1851/2839
f 2239/2325/1647 2555/2641/2452 1691/1777/2809
f 2085/2171/2569 2556/2642/2492 1710/1796/2233
f 1763/1849/2568 1767/1853/2491 2556/2642/2492
f 1516/1602/1427 2557/2643/2570 1335/1421/1878
f 1307/1393/2079 2557/2643/2570 1769/1855/1840
f 1549/1635/1197 2558/2644/1823 1415/1501/1198
f 2286/2372/2571 2558/2644/1823 1770/1856/1678
f 2122/2208/1766 2559/2645/2196 1587/1673/2194
f 2561/2647/2282 2559/2645/2196 1280/1366/2573
f 2561/2647/2282 2560/2646/2203 1771/1857/2197
f 2562/2648/2358 2560/2646/2203 1772/1858/2281
f 2561/2647/2282 1771/1857/2197 2559/2645/2196
f 2770/2856/2283 2561/2647/2282 2115/2201/1535
f 1772/1858/2281 2770/2856/2283 2836/2922/2574
f 1588/1674/2201 2837/2923/2630 1814/1900/2356
f 2559/2645/2196 2563/2649/1625 1587/1673/2194
f 2601/2687/2202 2563/2649/1625 1771/1857/2197
f 1551/1637/1340 2564/2650/1819 1774/1860/1877
f 2338/2424/1820 2564/2650/1819 1416/1502/1339
f 2726/2812/2316 2565/2651/2309 1775/1861/2778
f 2227/2313/2539 2565/2651/2309 1602/1688/2496
f 2565/2651/2309 2566/2652/2239 1775/1861/2778
f 1979/2065/2488 2566/2652/2239 1749/1835/2310
f 2568/2654/2017 2567/2653/1611 1782/1868/2018
f 1809/1895/2396 2567/2653/1611 1530/1616/1525
f 2570/2656/1526 2568/2654/2017 1783/1869/2582
f 2567/2653/1611 2568/2654/2017 1530/1616/1525
f 2098/2184/1712 2569/2655/2019 1782/1868/2018
f 2778/2864/2581 1298/1384/1356 2150/2236/1355
f 2571/2657/2585 2570/2656/1526 1783/1869/2582
f 2572/2658/1527 2570/2656/1526 1784/1870/2584
f 2778/2864/2581 2571/2657/2585 1783/1869/2582
f 2574/2660/2583 2571/2657/2585 1688/1774/1753
f 1786/1872/1590 2572/2658/1527 1784/1870/2584
f 1530/1616/1525 2573/2659/2629 1809/1895/2396
f 2572/2658/1527 1785/1871/2586 2573/2659/2629
f 2632/2718/2397 2633/2719/2398 1668/1754/2687
f 2270/2356/1835 2574/2660/2583 1688/1774/1753
f 2574/2660/2583 1276/1362/2590 2575/2661/2587
f 2574/2660/2583 2575/2661/2587 1784/1870/2584
f 2577/2663/1588 2575/2661/2587 1276/1362/2590
f 2579/2665/1589 2576/2662/2588 1786/1872/1590
f 1844/1930/2091 2576/2662/2588 1669/1755/2408
f 2578/2664/2400 2577/2663/1588 1276/1362/2590
f 2579/2665/1589 2577/2663/1588 1787/1873/2399
f 1276/1362/2590 2574/2660/2583 2580/2666/2589
f 2581/2667/2401 1670/1756/2405 2582/2668/2591
f 2579/2665/1589 1787/1873/2399 2582/2668/2591
f 2576/2662/2588 2579/2665/1589 1669/1755/2408
f 2797/2883/1656 2270/2356/1835 1309/1395/2837
f 1788/1874/1658 2578/2664/2400 2580/2666/2589
f 2578/2664/2400 1788/1874/1658 2581/2667/2401
f 2192/2278/2594 2581/2667/2401 1788/1874/1658
f 1791/1877/2402 2582/2668/2591 1670/1756/2405
f 2579/2665/1589 2582/2668/2591 1789/1875/2407
f 2583/2669/2422 1789/1875/2407 2588/2674/2404
f 1848/1934/2092 2583/2669/2422 1790/1876/2599
f 2192/2278/2594 2584/2670/2406 1670/1756/2405
f 2100/2186/2510 2584/2670/2406 1792/1878/2593
f 2586/2672/2597 2585/2671/2403 1266/1352/2600
f 2588/2674/2404 2585/2671/2403 1793/1879/2598
f 1802/1888/2596 2654/2740/2613 2655/2741/2602
f 2144/2230/2384 2586/2672/2597 1794/1880/2385
f 2589/2675/2424 2587/2673/2423 1795/1881/2846
f 1794/1880/2385 2586/2672/2597 2587/2673/2423
f 2583/2669/2422 2588/2674/2404 1793/1879/2598
f 1789/1875/2407 1791/1877/2402 2588/2674/2404
f 2592/2678/2487 2589/2675/2424 1795/1881/2846
f 2589/2675/2424 1677/1763/2486 2593/2679/2605
f 2589/2675/2424 2590/2676/2386 1794/1880/2385
f 2591/2677/2381 2590/2676/2386 1796/1882/2601
f 2123/2209/2388 2591/2677/2381 1796/1882/2601
f 1803/1889/2382 2591/2677/2381 1797/1883/2606
f 1863/1949/2604 2592/2678/2487 1795/1881/2846
f 1807/1893/2485 2592/2678/2487 1800/1886/2118
f 2594/2680/2615 2593/2679/2605 1677/1763/2486
f 2123/2209/2388 2593/2679/2605 1801/1887/2389
f 1677/1763/2486 1807/1893/2485 2594/2680/2615
f 2838/2924/2716 1705/1791/2481 2595/2681/2616
f 2838/2924/2716 2594/2680/2615 1807/1893/2485
f 2673/2759/2484 2595/2681/2616 1705/1791/2481
f 2272/2358/2055 2596/2682/2607 1797/1883/2606
f 2146/2232/2395 2596/2682/2607 1664/1750/2840
f 2791/2877/2116 1800/1886/2118 2178/2264/2603
f 2598/2684/2614 1508/1594/2427 1880/1966/2426
f 1508/1594/2427 2598/2684/2614 2597/2683/2117
f 2598/2684/2614 1880/1966/2426 2670/2756/2480
f 2123/2209/2388 2599/2685/2387 1665/1751/2822
f 2595/2681/2616 2599/2685/2387 1801/1887/2389
f 1841/1927/2392 2600/2686/2393 1809/1895/2396
f 2537/2623/2536 2600/2686/2393 1263/1349/2391
f 2563/2649/1625 2601/2687/2202 1773/1859/1626
f 2601/2687/2202 1771/1857/2197 2560/2646/2203
f 1814/1900/2356 2602/2688/2226 1588/1674/2201
f 1813/1899/1497 2602/2688/2226 1811/1897/2631
f 1814/1900/2356 2603/2689/2415 1811/1897/2631
f 2835/2921/2559 1812/1898/2355 1816/1902/2635
f 2603/2689/2415 2604/2690/2199 1811/1897/2631
f 2549/2635/1477 2604/2690/2199 1265/1351/2268
f 1815/1901/2420 1812/1898/2355 2605/2691/2633
f 2490/2576/2357 2605/2691/2633 1812/1898/2355
f 2496/2582/2421 2606/2692/2638 1815/1901/2420
f 2606/2692/2638 1672/1758/2560 2607/2693/2637
f 2748/2834/2411 2607/2693/2637 1672/1758/2560
f 2023/2109/2801 1758/1844/2639 2607/2693/2637
f 2159/2245/1856 2608/2694/1960 1543/1629/2131
f 2642/2728/2577 2608/2694/1960 1779/1865/2575
f 2610/2696/2679 2609/2695/2129 1542/1628/2825
f 2609/2695/2129 1400/1486/2680 2618/2704/2642
f 2133/2219/1504 2610/2696/2679 1542/1628/2825
f 2610/2696/2679 1836/1922/2824 2625/2711/2678
f 2609/2695/2129 2611/2697/1959 1817/1903/1961
f 2612/2698/2169 2611/2697/1959 1818/1904/2130
f 2613/2699/2646 2612/2698/2169 1818/1904/2130
f 2612/2698/2169 1819/1905/2647 2615/2701/2168
f 1818/1904/2130 2618/2704/2642 2839/2925/2644
f 2614/2700/2140 2613/2699/2646 1820/1906/2645
f 2613/2699/2646 2614/2700/2140 1819/1905/2647
f 1924/2010/2164 2614/2700/2140 1820/1906/2645
f 2616/2702/2132 2615/2701/2168 1819/1905/2647
f 2617/2703/2579 2615/2701/2168 1822/1908/2746
f 2616/2702/2132 1819/1905/2647 2614/2700/2140
f 2616/2702/2132 1913/1999/1964 2701/2787/2745
f 2111/2197/1505 2617/2703/2579 1822/1908/2746
f 2617/2703/2579 1825/1911/2821 2159/2245/1856
f 2609/2695/2129 2618/2704/2642 1818/1904/2130
f 2620/2706/2660 2618/2704/2642 1400/1486/2680
f 1948/2034/2661 2619/2705/2103 1545/1631/2106
f 2620/2706/2660 2619/2705/2103 1826/1912/2643
f 2618/2704/2642 2620/2706/2660 1826/1912/2643
f 2620/2706/2660 1400/1486/2680 2625/2711/2678
f 1950/2036/2662 2621/2707/2105 1827/1913/2104
f 1946/2032/2134 2621/2707/2105 1828/1914/2664
f 1830/1916/1916 2622/2708/2663 1533/1619/2670
f 1946/2032/2134 2622/2708/2663 1829/1915/2665
f 1952/2038/2294 2623/2709/2671 1533/1619/2670
f 2179/2265/2667 2623/2709/2671 1832/1918/2296
f 1950/2036/2662 2624/2710/2136 1544/1630/1854
f 2620/2706/2660 2624/2710/2136 1827/1913/2104
f 2610/2696/2679 2625/2711/2678 1400/1486/2680
f 2626/2712/2107 2625/2711/2678 1836/1922/2824
f 2626/2712/2107 1836/1922/2824 2132/2218/2123
f 2626/2712/2107 1837/1923/2128 2627/2713/1852
f 2628/2714/1853 2627/2713/1852 1837/1923/2128
f 2624/2710/2136 2627/2713/1852 1544/1630/1854
f 2629/2715/2681 1837/1923/2128 2124/2210/2228
f 1840/1926/2126 2628/2714/1853 1838/1924/2682
f 1837/1923/2128 2629/2715/2681 2628/2714/1853
f 1271/1357/2229 2629/2715/2681 2124/2210/2228
f 2126/2212/1579 2630/2716/2684 1271/1357/2229
f 2631/2717/2500 2630/2716/2684 1715/1801/2499
f 2630/2716/2684 2631/2717/2500 1839/1925/2683
f 2449/2535/1858 2631/2717/2500 1715/1801/2499
f 2633/2719/2398 1809/1895/2396 2573/2659/2629
f 2635/2721/2555 2632/2718/2397 1668/1754/2687
f 2573/2659/2629 1785/1871/2586 2633/2719/2398
f 1844/1930/2091 2633/2719/2398 1785/1871/2586
f 2793/2879/2686 2634/2720/2554 1842/1928/2685
f 1845/1931/2390 2634/2720/2554 1667/1753/2689
f 1843/1929/1875 2635/2721/2555 1668/1754/2687
f 2634/2720/2554 2635/2721/2555 1842/1928/2685
f 1531/1617/2619 2145/2231/2394 2637/2723/2378
f 1752/1838/2379 2187/2273/2553 2794/2880/1874
f 1531/1617/2619 2637/2723/2378 2636/2722/1873
f 2840/2926/2546 2146/2232/2395 1751/1837/2545
f 2639/2725/2692 1667/1753/2689 2175/2261/2834
f 2313/2399/2376 2638/2724/2688 1846/1932/1931
f 1667/1753/2689 2639/2725/2692 2638/2724/2688
f 2788/2874/2367 2785/2871/1932 2639/2725/2692
f 1844/1930/2091 2640/2726/2093 1843/1929/1875
f 2142/2228/2620 2640/2726/2093 1848/1934/2092
f 2135/2221/1673 2641/2727/2578 1849/1935/2641
f 2609/2695/2129 2641/2727/2578 1542/1628/2825
f 2608/2694/1960 2642/2728/2577 1817/1903/1961
f 1779/1865/2575 2157/2243/1957 2643/2729/2640
f 2643/2729/2640 1272/1358/1956 2774/2860/2693
f 1779/1865/2575 2643/2729/2640 2642/2728/2577
f 2645/2731/2346 2644/2730/1717 1855/1941/1719
f 2442/2528/2271 2644/2730/1717 1299/1385/2842
f 1856/1942/2273 1299/1385/2842 2645/2731/2346
f 2644/2730/1717 2645/2731/2346 1299/1385/2842
f 2060/2146/1940 2646/2732/2347 1855/1941/1719
f 2647/2733/2348 2646/2732/2347 1857/1943/2335
f 2648/2734/2349 2647/2733/2348 1857/1943/2335
f 2230/2316/2695 2647/2733/2348 1652/1738/2350
f 1857/1943/2335 1858/1944/2334 2648/2734/2349
f 2232/2318/1614 2648/2734/2349 1858/1944/2334
f 2101/2187/2564 2649/2735/2617 1802/1888/2596
f 2650/2736/2698 2649/2735/2617 1720/1806/2566
f 2656/2742/1374 2650/2736/2698 1862/1948/1372
f 2649/2735/2617 2650/2736/2698 1861/1947/2508
f 2224/2310/1652 2651/2737/1651 1862/1948/1372
f 2437/2523/2186 2651/2737/1651 1761/1847/1650
f 2654/2740/2613 2652/2738/2507 1863/1949/2604
f 2649/2735/2617 2652/2738/2507 1802/1888/2596
f 2656/2742/1374 2653/2739/2509 1861/1947/2508
f 2178/2264/2603 2653/2739/2509 1719/1805/1522
f 1863/1949/2604 1795/1881/2846 2654/2740/2613
f 2655/2741/2602 1795/1881/2846 2587/2673/2423
f 2655/2741/2602 2654/2740/2613 1795/1881/2846
f 2100/2186/2510 2655/2741/2602 1266/1352/2600
f 2653/2739/2509 2656/2742/1374 1719/1805/1522
f 2656/2742/1374 1861/1947/2508 2650/2736/2698
f 2436/2522/2060 2657/2743/2059 1275/1361/2567
f 2658/2744/1382 2659/2745/2699 1866/1952/2113
f 2659/2745/2699 1865/1951/1381 2657/2743/2059
f 1869/1955/2110 2658/2744/1382 1866/1952/2113
f 2659/2745/2699 2658/2744/1382 1865/1951/1381
f 2440/2526/2114 2659/2745/2699 1605/1691/2058
f 1877/1963/2701 2660/2746/1524 1867/1953/1523
f 2660/2746/1524 1868/1954/2700 2791/2877/2116
f 1877/1963/2701 2661/2747/2111 1870/1956/2702
f 2658/2744/1382 2661/2747/2111 1536/1622/1380
f 1997/2083/2057 2662/2748/2115 1869/1955/2110
f 1871/1957/2472 2662/2748/2115 1267/1353/2704
f 2664/2750/2703 1703/1789/1451 1878/1964/1450
f 2662/2748/2115 2663/2749/2471 1870/1956/2702
f 1703/1789/1451 2664/2750/2703 2663/2749/2471
f 1877/1963/2701 2664/2750/2703 1878/1964/1450
f 2666/2752/2433 2665/2751/2705 1267/1353/2704
f 2282/2368/2064 2665/2751/2705 1873/1959/2432
f 1267/1353/2704 2530/2616/2531 2666/2752/2433
f 2666/2752/2433 2530/2616/2531 1681/1767/2729
f 1874/1960/2065 1873/1959/2432 2667/2753/2707
f 1943/2029/2434 2667/2753/2707 1873/1959/2432
f 1880/1966/2426 2668/2754/2425 1879/1965/1452
f 2668/2754/2425 1508/1594/2427 2791/2877/2116
f 2279/2365/2476 2669/2755/2475 1879/1965/1452
f 2671/2757/2479 2669/2755/2475 1704/1790/2474
f 2598/2684/2614 2670/2756/2480 1705/1791/2481
f 2671/2757/2479 2670/2756/2480 1880/1966/2426
f 2672/2758/2477 2671/2757/2479 1704/1790/2474
f 2670/2756/2480 2671/2757/2479 1881/1967/2478
f 2841/2927/2718 1704/1790/2474 2280/2366/2062
f 2672/2758/2477 2841/2927/2718 2842/2928/2717
f 1887/1973/2482 2673/2759/2484 1883/1969/2260
f 2595/2681/2616 2673/2759/2484 1808/1894/2622
f 1886/1972/2721 2674/2760/2624 1882/1968/2719
f 2009/2095/2625 2674/2760/2624 1885/1971/2720
f 2675/2761/2722 1641/1727/2263 2737/2823/2626
f 2009/2095/2625 2675/2761/2722 1806/1892/2723
f 1888/1974/2264 2676/2762/2676 1886/1972/2721
f 2675/2761/2722 2676/2762/2676 1641/1727/2263
f 2677/2763/2724 1882/1968/2719 2841/2927/2718
f 1890/1976/1860 2677/2763/2724 1507/1593/2061
f 1926/2012/2266 2678/2764/2725 1834/1920/1862
f 2299/2385/2262 2678/2764/2725 1889/1975/2673
f 2244/2330/2677 2679/2765/1861 1890/1976/1860
f 1925/2011/2325 2679/2765/1861 1891/1977/2714
f 2681/2767/2712 2680/2766/2715 1875/1961/2710
f 2283/2369/1484 2680/2766/2715 1892/1978/2711
f 2314/2400/2709 2681/2767/2712 1875/1961/2710
f 2681/2767/2712 1893/1979/2051 2682/2768/2713
f 2040/2126/2050 2682/2768/2713 1893/1979/2051
f 1900/1986/1991 2682/2768/2713 1506/1592/2735
f 2314/2400/2709 2683/2769/2052 1893/1979/2051
f 2720/2806/2728 2683/2769/2052 1509/1595/2708
f 2684/2770/1455 1894/1980/2726 2720/2806/2728
f 2061/2147/1456 2684/2770/1455 1895/1981/2430
f 1889/1975/2673 2710/2796/1906 2843/2929/1905
f 2686/2772/2730 2685/2771/2672 1611/1697/2292
f 2211/2297/2293 2686/2772/2730 1611/1697/2292
f 2687/2773/1499 2686/2772/2730 1897/1983/2795
f 1610/1696/1500 2687/2773/1499 1897/1983/2795
f 2737/2823/2626 2687/2773/1499 2011/2097/2790
f 1904/1990/2738 2688/2774/2734 1506/1592/2735
f 2689/2775/2044 2688/2774/2734 1901/1987/2737
f 2689/2775/2044 1901/1987/2737 2693/2779/2648
f 2691/2777/1482 2689/2775/2044 1902/1988/1917
f 1902/1988/1917 1830/1916/1916 2690/2776/2736
f 1927/2013/2267 2690/2776/2736 1830/1916/1916
f 2689/2775/2044 2691/2777/1482 1900/1986/1991
f 2690/2776/2736 2691/2777/1482 1902/1988/1917
f 1947/2033/2666 2692/2778/1915 1532/1618/2045
f 1830/1916/1916 2692/2778/1915 1829/1915/2665
f 2694/2780/1512 2693/2779/2648 1901/1987/2737
f 1949/2035/2102 2693/2779/2648 1903/1989/1511
f 1901/1987/2737 1904/1990/2738 2694/2780/1512
f 1472/1558/1513 2694/2780/1512 1904/1990/2738
f 1905/1991/2031 1906/1992/2037 2695/2781/2032
f 1908/1994/2165 2695/2781/2032 1906/1992/2037
f 2697/2783/2740 1906/1992/2037 1472/1558/1513
f 2228/2314/1988 2696/2782/2038 1907/1993/2739
f 1906/1992/2037 2697/2783/2740 2696/2782/2038
f 1928/2014/2727 2697/2783/2740 1472/1558/1513
f 1922/2008/2166 2698/2784/2155 1570/1656/2744
f 2699/2785/2154 1912/1998/2028 1915/2001/2652
f 1571/1657/2167 2699/2785/2154 1915/2001/2652
f 1911/1997/1963 2698/2784/2155 2699/2785/2154
f 1911/1997/1963 2700/2786/1962 1910/1996/2043
f 1913/1999/1964 1261/1347/2133 2700/2786/1962
f 2112/2198/2649 2701/2787/2745 1571/1657/2167
f 2616/2702/2132 2701/2787/2745 1822/1908/2746
f 2702/2788/2151 1564/1650/2030 2704/2790/2748
f 1917/2003/2747 2702/2788/2151 1916/2002/2153
f 2702/2788/2151 2703/2789/2651 1915/2001/2652
f 2112/2198/2649 2703/2789/2651 1917/2003/2747
f 2705/2791/2461 2704/2790/2748 1919/2005/2150
f 2702/2788/2151 2704/2790/2748 1920/2006/2754
f 1919/2005/2150 1930/2016/2752 2705/2791/2461
f 1268/1354/1593 2705/2791/2461 1930/2016/2752
f 1920/2006/2754 2705/2791/2461 2708/2794/2460
f 2707/2793/2230 2706/2792/2152 1921/2007/2755
f 1935/2021/1466 2707/2793/2230 1921/2007/2755
f 2709/2795/2749 1565/1651/1468 2041/2127/2653
f 2045/2131/2459 2708/2794/2460 1268/1354/1593
f 1921/2007/2755 2706/2792/2152 2708/2794/2460
f 1565/1651/1468 2709/2795/2749 2707/2793/2230
f 1917/2003/2747 2709/2795/2749 2041/2127/2653
f 2217/2303/1904 2710/2796/1906 1831/1917/2265
f 1889/1975/2673 1926/2012/2266 2710/2796/1906
f 2211/2297/2293 2711/2797/2048 1898/1984/2047
f 2217/2303/1904 2711/2797/2048 1611/1697/2292
f 2045/2131/2459 2712/2798/2756 1921/2007/2755
f 1693/1779/2455 1935/2021/1466 2712/2798/2756
f 2053/2139/2758 2713/2799/1467 1935/2021/1466
f 2104/2190/2654 2713/2799/1467 1936/2022/2655
f 2109/2195/2658 2714/2800/1517 1427/1513/1516
f 2053/2139/2758 2714/2800/1517 1936/2022/2655
f 2717/2803/2760 2715/2801/2759 1601/1687/2764
f 2716/2802/2495 2715/2801/2759 1938/2024/2761
f 2716/2802/2495 1938/2024/2761 2803/2889/2540
f 2718/2804/1518 2716/2802/2495 1939/2025/2767
f 2051/2137/2765 2717/2803/2760 1601/1687/2764
f 2717/2803/2760 1940/2026/2235 2226/2312/2234
f 2716/2802/2495 2718/2804/1518 1937/2023/1978
f 2719/2805/1976 2718/2804/1518 1939/2025/2767
f 1995/2081/2763 2719/2805/1976 1939/2025/2767
f 2719/2805/1976 1941/2027/2762 2289/2375/2832
f 2720/2806/2728 1943/2029/2434 1895/1981/2430
f 2683/2769/2052 2720/2806/2728 1894/1980/2726
f 1569/1655/2033 2721/2807/2101 1905/1991/2031
f 1821/1907/2139 2721/2807/2101 1923/2009/2137
f 1623/1709/2501 2722/2808/1922 1954/2040/1921
f 2214/2300/2290 2722/2808/1922 1955/2041/2771
f 1956/2042/2297 2723/2809/1787 1957/2043/1789
f 1980/2066/2298 2723/2809/1787 1290/1376/2303
f 1965/2051/1488 2724/2810/2314 1966/2052/1489
f 2103/2189/2090 2724/2810/2314 1529/1615/2089
f 2716/2802/2495 2725/2811/2497 1939/2025/2767
f 1602/1688/2496 2565/2651/2309 2726/2812/2316
f 1971/2057/2317 2726/2812/2316 1775/1861/2778
f 1972/2058/2318 2725/2811/2497 2726/2812/2316
f 1998/2084/2301 2727/2813/2490 1264/1350/2489
f 1629/1715/2306 2727/2813/2490 1739/1825/1980
f 1851/1937/1582 1528/1614/2311 2728/2814/2776
f 2844/2930/2694 1528/1614/2311 1964/2050/1982
f 1568/1654/1974 2729/2815/1891 1985/2071/1890
f 2161/2247/2769 2729/2815/1891 1986/2072/2162
f 2521/2607/2781 2730/2816/1927 1990/2076/1667
f 2731/2817/1288 2730/2816/1927 1991/2077/2782
f 2732/2818/1286 2731/2817/1288 1991/2077/2782
f 2057/2143/1621 2731/2817/1288 1445/1531/1287
f 2307/2393/1298 2732/2818/1286 1312/1398/2783
f 1445/1531/1287 2732/2818/1286 1367/1453/1299
f 2153/2239/1895 2733/2819/2779 1455/1541/2784
f 1568/1654/1974 2733/2819/2779 1986/2072/2162
f 1999/2085/2494 2734/2820/2493 2000/2086/2541
f 1979/2065/2488 2734/2820/2493 1264/1350/2489
f 1709/1795/2542 2000/2086/2541 2735/2821/2787
f 2735/2821/2787 2000/2086/2541 2804/2890/2785
f 2005/2091/2232 2004/2090/2231 2736/2822/2786
f 2735/2821/2787 2736/2822/2786 2004/2090/2231
f 2675/2761/2722 2737/2823/2626 2011/2097/2790
f 2299/2385/2262 2737/2823/2626 1641/1727/2263
f 2010/2096/2628 2011/2097/2790 2738/2824/1501
f 2687/2773/1499 2738/2824/1501 2011/2097/2790
f 2032/2118/1901 2739/2825/2252 1609/1695/1902
f 2027/2113/2419 2739/2825/2252 2014/2100/2791
f 2741/2827/2797 2740/2826/1365 2018/2104/1364
f 2019/2105/2611 2745/2831/2444 2742/2828/2612
f 2752/2838/2792 2741/2827/2797 2018/2104/1364
f 2020/2106/2561 2741/2827/2797 1685/1771/2440
f 2039/2125/2447 2742/2828/2612 2021/2107/2446
f 1686/1772/2445 2740/2826/1365 2742/2828/2612
f 2741/2827/2797 2743/2829/2798 2019/2105/2611
f 2251/2337/2562 2743/2829/2798 2020/2106/2561
f 2245/2331/2417 2744/2830/2443 2022/2108/2414
f 2744/2830/2443 2021/2107/2446 2745/2831/2444
f 2742/2828/2612 2745/2831/2444 2021/2107/2446
f 2743/2829/2798 2745/2831/2444 2019/2105/2611
f 2251/2337/2562 2746/2832/2800 1673/1759/2442
f 2024/2110/2410 2746/2832/2800 2023/2109/2801
f 2749/2835/2098 2747/2833/2413 2024/2110/2410
f 2245/2331/2417 2747/2833/2413 1483/1569/2097
f 2024/2110/2410 2023/2109/2801 2748/2834/2411
f 2607/2693/2637 2748/2834/2411 2023/2109/2801
f 2497/2583/2412 2749/2835/2098 2024/2110/2410
f 2750/2836/2096 2749/2835/2098 2025/2111/2802
f 2751/2837/2804 2750/2836/2096 2025/2111/2802
f 2271/2357/2054 2750/2836/2096 2026/2112/2550
f 1663/1749/1561 2751/2837/2804 2025/2111/2802
f 2544/2630/2548 2026/2112/2550 2751/2837/2804
f 2741/2827/2797 2752/2838/2792 1685/1771/2440
f 1484/1570/2255 2752/2838/2792 2018/2104/1364
f 2028/2114/2014 2020/2106/2561 2753/2839/2799
f 2183/2269/2439 2753/2839/2799 2020/2106/2561
f 2036/2122/2247 2754/2840/1900 1608/1694/1549
f 2032/2118/1901 2754/2840/1900 2031/2117/2191
f 2206/2292/2291 2755/2841/2807 2034/2120/1550
f 2799/2885/2248 2755/2841/2807 1511/1597/1925
f 1904/1990/2738 2756/2842/2046 1928/2014/2727
f 2756/2842/2046 2040/2126/2050 1894/1980/2726
f 2047/2133/2156 2757/2843/2467 1293/1379/2808
f 1694/1780/2469 2757/2843/2467 2046/2132/1519
f 2362/2448/1677 2758/2844/2810 1331/1417/1558
f 2058/2144/1510 2758/2844/2810 1454/1540/1945
f 2758/2844/2810 2759/2845/1622 2057/2143/1621
f 2181/2267/1668 2759/2845/1622 2058/2144/1510
f 2286/2372/2571 2760/2846/1938 2060/2146/1940
f 2760/2846/1938 1449/1535/2572 2809/2895/1761
f 2062/2148/1572 2761/2847/2146 1562/1648/1573
f 1721/1807/1462 2761/2847/2146 2063/2149/2147
f 2287/2373/2741 2762/2848/2811 1503/1589/1989
f 1471/1557/2812 2762/2848/2811 2061/2147/1456
f 1638/1724/1400 2763/2849/1993 1297/1383/2320
f 2763/2849/1993 1475/1561/1399 2370/2456/1992
f 2091/2177/1985 2764/2850/2814 2090/2176/1986
f 2084/2170/2319 2764/2850/2814 1639/1725/2321
f 1485/1571/2533 2096/2182/1702 2765/2851/2532
f 1320/1406/1564 2765/2851/2532 2096/2182/1702
f 2767/2853/1610 2766/2852/2580 1782/1868/2018
f 2766/2852/2580 1494/1580/2845 2827/2913/2327
f 2767/2853/1610 1782/1868/2018 2567/2653/1611
f 1494/1580/2845 2767/2853/1610 2536/2622/2094
f 2526/2612/2429 2768/2854/1872 1680/1766/1929
f 2529/2615/2816 2768/2854/1872 1730/1816/2211
f 2101/2187/2564 2769/2855/2595 2102/2188/2565
f 2192/2278/2594 2769/2855/2595 1792/1878/2593
f 2115/2201/1535 1617/1703/1534 2770/2856/2283
f 2303/2389/2280 2770/2856/2283 1617/1703/1534
f 2469/2555/2210 2771/2857/2278 1258/1344/2181
f 2302/2388/2279 2771/2857/2278 1781/1867/2209
f 2405/2491/1839 2772/2858/1764 2122/2208/1766
f 2443/2529/1722 2772/2858/1764 1326/1412/1723
f 2512/2598/1868 2773/2859/1775 1712/1798/2227
f 1600/1686/1645 2773/2859/1775 1713/1799/2498
f 2135/2221/1673 2774/2860/2693 2136/2222/1674
f 2643/2729/2640 2774/2860/2693 1849/1935/2641
f 2158/2244/1958 2775/2861/2826 1272/1358/1956
f 2776/2862/2075 2775/2861/2826 2137/2223/2827
f 2776/2862/2075 2137/2223/2827 2801/2887/1951
f 2136/2222/1674 2776/2862/2075 2138/2224/2074
f 2801/2887/1951 2777/2863/2828 2140/2226/1952
f 2158/2244/1958 2777/2863/2828 2137/2223/2827
f 2571/2657/2585 2778/2864/2581 1688/1774/1753
f 2569/2655/2019 2778/2864/2581 1783/1869/2582
f 1457/1543/1947 2779/2865/2831 2152/2238/1894
f 2157/2243/1957 2779/2865/2831 2158/2244/1958
f 2165/2251/1566 1595/1681/2774 2780/2866/2215
f 1958/2044/1969 2780/2866/2215 1595/1681/2774
f 1612/1698/1568 1753/1839/2270 2781/2867/2436
f 1481/1567/2002 2781/2867/2436 1753/1839/2270
f 2539/2625/1885 2782/2868/2538 1748/1834/1540
f 2312/2398/2375 2782/2868/2538 1745/1831/2691
f 2177/2263/2521 2783/2869/2520 2170/2256/2537
f 2341/2427/1541 2783/2869/2520 1284/1370/2522
f 2171/2257/2374 1666/1752/2373 2784/2870/1933
f 2313/2399/2376 2784/2870/1933 1666/1752/2373
f 2639/2725/2692 2785/2871/1932 1846/1932/1931
f 1661/1747/2833 2171/2257/2374 2785/2871/1932
f 2527/2613/2523 2786/2872/2363 1660/1746/2527
f 2787/2873/2366 2172/2258/2370 1661/1747/2833
f 2174/2260/2360 2173/2259/2364 2787/2873/2366
f 2786/2872/2363 2787/2873/2366 2173/2259/2364
f 2785/2871/1932 2788/2874/2367 1661/1747/2833
f 2175/2261/2834 2187/2273/2553 2789/2875/2552
f 2542/2628/2543 2789/2875/2552 1659/1745/2551
f 2174/2260/2360 2788/2874/2367 2789/2875/2552
f 1447/1533/2371 2176/2262/2372 2790/2876/2369
f 2171/2257/2374 2790/2876/2369 2176/2262/2372
f 2668/2754/2425 2791/2877/2116 1868/1954/2700
f 2597/2683/2117 2791/2877/2116 1508/1594/2427
f 1566/1652/1460 2792/2878/2780 1992/2078/2159
f 2184/2270/1953 2792/2878/2780 2186/2272/1509
f 2634/2720/2554 2793/2879/2686 1667/1753/2689
f 2793/2879/2686 1842/1928/2685 2794/2880/1874
f 1843/1929/1875 2794/2880/1874 1842/1928/2685
f 2636/2722/1873 1752/1838/2379 2794/2880/1874
f 2795/2881/2817 1760/1846/2836 2802/2888/2563
f 1292/1378/2506 2795/2881/2817 2102/2188/2565
f 2191/2277/1773 2192/2278/2594 2796/2882/1657
f 1788/1874/1658 2796/2882/1657 2192/2278/2594
f 2796/2882/1657 2797/2883/1656 2193/2279/1843
f 2580/2666/2589 2797/2883/1656 1788/1874/1658
f 2295/2381/1846 2798/2884/1844 2193/2279/1843
f 1537/1623/1358 2798/2884/1844 1395/1481/1655
f 2799/2885/2248 2035/2121/1548 2755/2841/2807
f 2201/2287/1737 1607/1693/2188 2799/2885/2248
f 1897/1983/2795 2800/2886/2796 2016/2102/2732
f 2210/2296/2072 2800/2886/2796 2211/2297/2293
f 2776/2862/2075 2801/2887/1951 1513/1599/2076
f 2801/2887/1951 2137/2223/2827 2777/2863/2828
f 2802/2888/2563 2224/2310/1652 2102/2188/2565
f 2311/2397/1771 2802/2888/2563 1760/1846/2836
f 2716/2802/2495 2803/2889/2540 1602/1688/2496
f 2226/2312/2234 2803/2889/2540 1938/2024/2761
f 2804/2890/2785 1711/1797/2788 2736/2822/2786
f 1749/1835/2310 2804/2890/2785 2000/2086/2541
f 1757/1843/1476 2805/2891/2557 2168/2254/2556
f 1756/1842/2224 2805/2891/2557 2243/2329/2222
f 1799/1885/2416 2806/2892/2448 2039/2125/2447
f 2249/2335/2621 2806/2892/2448 2248/2334/2609
f 2673/2759/2484 2807/2893/2483 1808/1894/2622
f 1804/1890/2623 2807/2893/2483 1887/1973/2482
f 2005/2091/2232 2808/2894/2766 1274/1360/2789
f 1940/2026/2235 2808/2894/2766 2225/2311/2236
f 2760/2846/1938 2809/2895/1761 2258/2344/1763
f 2358/2444/1193 2809/2895/1761 1449/1535/2572
f 1833/1919/2125 2810/2896/2502 1954/2040/1921
f 1839/1925/2683 2810/2896/2502 2263/2349/2127
f 2846/2932/1845 2811/2897/1834 1387/1473/1464
f 1309/1395/2837 2270/2356/1835 2811/2897/1834
f 2507/2593/1996 2812/2898/2815 1287/1373/2322
f 1639/1725/2321 2812/2898/2815 2277/2363/1827
f 1477/1563/1710 1380/1466/1481 2813/2899/1995
f 1322/1408/1515 2813/2899/1995 1380/1466/1481
f 1507/1593/2061 2814/2900/2063 1876/1962/2706
f 2280/2366/2062 1872/1958/2066 2814/2900/2063
f 1753/1839/2270 2815/2901/2009 1683/1769/2437
f 1684/1770/2793 2815/2901/2009 2241/2327/2269
f 1260/1346/2286 2816/2902/1926 2197/2283/1472
f 1460/1546/2504 2816/2902/1926 2298/2384/1967
f 1260/1346/2286 2817/2903/2838 2298/2384/1967
f 2204/2290/2285 1621/1707/1968 2817/2903/2838
f 1781/1867/2209 2818/2904/2841 2302/2388/2279
f 1590/1676/1544 2303/2389/2280 2818/2904/2841
f 2307/2393/1298 2819/2905/2516 2308/2394/1832
f 2520/2606/2517 2819/2905/2516 1312/1398/2783
f 2340/2426/1808 2820/2906/1807 1332/1418/1882
f 1446/1532/1909 2820/2906/1807 2343/2429/1806
f 1680/1766/1929 2821/2907/1871 2348/2434/1636
f 2099/2185/1870 1304/1390/1637 2821/2907/1871
f 1300/1386/2830 2822/2908/1955 2364/2450/1946
f 2185/2271/2829 2822/2908/1955 2140/2226/1952
f 2186/2272/1509 2823/2909/1508 1456/1542/1954
f 1454/1540/1945 2823/2909/1508 2058/2144/1510
f 1519/1605/1408 2824/2910/1555 1403/1489/1409
f 1317/1403/1581 2824/2910/1555 2383/2469/1554
f 2825/2911/2178 2414/2500/1998 1278/1364/1669
f 2520/2606/2517 2825/2911/2178 1726/1812/2514
f 1599/1685/1498 2826/2912/2220 2434/2520/2221
f 2167/2253/2219 2826/2912/2220 2169/2255/2217
f 2766/2852/2580 2827/2913/2327 1642/1728/1713
f 2827/2913/2327 1494/1580/2845 2535/2621/2095
f 1619/1705/1782 2828/2914/1814 1325/1411/1716
f 1592/1678/1350 2828/2914/1814 2448/2534/1813
f 1717/1803/1918 2829/2915/1857 1436/1522/1859
f 1621/1707/1968 2829/2915/1857 2297/2383/1919
f 2219/2305/2773 2830/2916/2772 1621/1707/1968
f 1623/1709/2501 2830/2916/2772 1955/2041/2771
f 2484/2570/2526 2831/2917/2212 1660/1746/2527
f 2528/2614/2213 2831/2917/2212 1731/1817/2368
f 1745/1831/2691 2832/2918/2690 1847/1933/2535
f 2537/2623/2536 2832/2918/2690 2538/2624/1887
f 2547/2633/2618 2833/2919/2549 2544/2630/2548
f 2272/2358/2055 2833/2919/2549 1664/1750/2840
f 2169/2255/2217 2834/2920/2200 1598/1684/2218
f 2604/2690/2199 2834/2920/2200 1813/1899/1497
f 2603/2689/2415 2835/2921/2559 1265/1351/2268
f 1758/1844/2639 2835/2921/2559 1816/1902/2635
f 2837/2923/2630 2836/2922/2574 1657/1743/2636
f 1772/1858/2281 2836/2922/2574 2562/2648/2358
f 2836/2922/2574 2837/2923/2630 2562/2648/2358
f 2490/2576/2357 2837/2923/2630 1657/1743/2636
f 2594/2680/2615 2838/2924/2716 2595/2681/2616
f 2598/2684/2614 2838/2924/2716 1807/1893/2485
f 2839/2925/2644 2613/2699/2646 1818/1904/2130
f 1948/2034/2661 2839/2925/2644 1826/1912/2643
f 2545/2631/2544 2840/2926/2546 1751/1837/2545
f 1752/1838/2379 2840/2926/2546 2546/2632/2547
f 1704/1790/2474 2841/2927/2718 2672/2758/2477
f 2677/2763/2724 2841/2927/2718 2280/2366/2062
f 2674/2760/2624 2842/2928/2717 1882/1968/2719
f 1881/1967/2478 2842/2928/2717 1884/1970/2261
f 1611/1697/2292 2843/2929/1905 2217/2303/1904
f 1889/1975/2673 2843/2929/1905 2685/2771/2672
f 1977/2063/2304 2844/2930/2694 1631/1717/2087
f 1528/1614/2311 2844/2930/2694 2728/2814/2776
f 1688/1774/1753 2845/2931/1752 2270/2356/1835
f 1336/1422/1478 2845/2931/1752 2269/2355/1754
f 1492/1578/1354 2846/2932/1845 1387/1473/1464
f 1309/1395/2837 2846/2932/1845 2295/2381/1846
f 2847/2933/2847 2848/2934/2848 3708/3821/2849
f 3707/3820/2850 2957/3070/2851 2958/3071/2852
f 3158/3271/2853 3750/3863/2854 3751/3864/2855
f 3157/3270/2856 3029/3142/2857 3076/3189/2858
f 3075/3188/2859 2956/3069/2860 3158/3271/2853
f 2956/3069/2860 3075/3188/2859 2955/3068/2861
f 3075/3188/2859 3157/3270/2856 2955/3068/2861
f 3037/3150/2862 3089/3202/2863 3349/3462/2864
f 3298/3411/2865 3089/3202/2863 3037/3150/2862
f 3173/3286/2866 3089/3202/2863 2952/3065/2867
f 2948/3061/2868 3069/3182/2869 2947/3060/2870
f 2946/3059/2871 2947/3060/2870 3137/3250/2872
f 3069/3182/2869 3137/3250/2872 2947/3060/2870
f 2949/3062/2873 3174/3287/2874 2948/3061/2868
f 3090/3203/2875 2949/3062/2873 2950/3063/2876
f 3161/3274/2877 2850/2936/2878 3080/3193/2879
f 2851/2937/2880 3080/3193/2879 2850/2936/2878
f 3709/3822/2881 2854/2940/2882 2855/2941/2883
f 3160/3273/2884 3031/3144/2885 3080/3193/2879
f 3229/3342/2886 3230/3343/2887 2993/3106/2888
f 3130/3243/2889 3061/3174/2890 3709/3822/2881
f 3159/3272/2891 3752/3865/2892 3079/3192/2893
f 3159/3272/2891 3079/3192/2893 2853/2939/2894
f 3193/3306/2895 2943/3056/2896 2944/3057/2897
f 2942/3055/2898 3077/3190/2899 3138/3251/2900
f 3800/3913/2901 3138/3251/2900 3030/3143/2902
f 2940/3053/2903 3078/3191/2904 3139/3252/2905
f 3186/3299/2906 3022/3135/2907 3142/3255/2908
f 2936/3049/2909 2937/3050/2910 3066/3179/2911
f 2939/3052/2912 3503/3616/2913 2938/3051/2914
f 2943/3056/2896 3077/3190/2899 2942/3055/2898
f 3139/3252/2905 2939/3052/2912 2940/3053/2903
f 3161/3274/2877 2849/2935/2915 2850/2936/2878
f 3662/3775/2916 2929/3042/2917 3713/3826/2918
f 50/3040/266 49/3041/267 2929/3042/2917
f 2929/3042/2917 2930/3043/2919 3713/3826/2918
f 3871/3984/2920 3361/3474/2921 3870/3983/2922
f 3632/3745/2923 2931/3044/2924 2932/3045/2925
f 2934/3047/2926 3124/3237/2927 3068/3181/2928
f 3068/3181/2928 2933/3046/2929 2934/3047/2926
f 3102/3215/2930 3869/3982/2931 3718/3831/2932
f 3094/3207/2933 3051/3164/2934 3661/3774/2935
f 3363/3476/2936 3365/3478/2937 3366/3479/2938
f 2935/3048/2939 3124/3237/2927 2934/3047/2926
f 3729/3842/2940 3730/3843/2941 3112/3225/2942
f 3622/3735/2943 3211/3324/2944 3621/3734/2945
f 3096/3209/2946 3052/3165/2947 3687/3800/2948
f 3719/3832/2949 3052/3165/2947 3096/3209/2946
f 55/3035/257 3687/3800/2948 56/3034/255
f 3071/3184/2950 60/3030/270 59/3031/282
f 3092/3205/2951 3140/3253/2952 3742/3855/2953
f 61/3029/234 60/3030/270 3121/3234/2954
f 3401/3514/2955 65/3025/252 64/3026/297
f 3165/3278/2956 3111/3224/2957 67/3023/237
f 3111/3224/2957 3054/3167/2958 3700/3813/2959
f 66/3024/253 65/3025/252 3093/3206/2960
f 63/3027/296 3140/3253/2952 3092/3205/2951
f 2927/3013/2961 2928/3014/2962 3701/3814/2963
f 74/3016/248 3702/3815/2964 75/3015/249
f 72/3018/225 3101/3214/2965 73/3017/247
f 3699/3812/2966 3114/3227/2967 3053/3166/2968
f 3737/3850/2969 3059/3172/2970 3129/3242/2971
f 70/3020/474 69/3021/222 3114/3227/2967
f 3101/3214/2965 3725/3838/2972 3724/3837/2973
f 3114/3227/2967 3731/3844/2974 3053/3166/2968
f 3710/3823/2975 62/3028/235 61/3029/234
f 59/3031/282 58/3032/495 3190/3303/2976
f 3128/3241/2977 2857/2943/2978 2858/2944/2979
f 3058/3171/2980 3705/3818/2981 3127/3240/2982
f 2861/2947/2983 2862/2948/2984 3100/3213/2985
f 3403/3516/2986 2860/2946/2987 2861/2947/2983
f 3310/3423/2988 3834/3947/2989 2863/2949/2990
f 2864/2950/2991 2865/2951/2992 3310/3423/2988
f 3100/3213/2985 3575/3688/2993 3576/3689/2994
f 3045/3158/2995 3403/3516/2986 3100/3213/2985
f 2867/2953/2996 3099/3212/2997 2866/2952/2998
f 2869/2955/2999 3170/3283/3000 2868/2954/3001
f 3086/3199/3002 2869/2955/2999 2870/2956/3003
f 2872/2958/3004 3307/3420/3005 2871/2957/3006
f 2876/2962/3007 3327/3440/3008 2875/2961/3009
f 3663/3776/3010 3665/3778/3011 3039/3152/3012
f 3169/3282/3013 3970/4083/3014 3086/3199/3002
f 3099/3212/2997 2867/2953/2996 3402/3515/3015
f 3073/3186/3016 3147/3260/3017 2877/2963/3018
f 3072/3185/3019 2879/2965/3020 2880/2966/3021
f 3072/3185/3019 3146/3259/3022 2879/2965/3020
f 3291/3404/3023 3637/3750/3024 2968/3081/3025
f 2883/2969/3026 3288/3401/3027 2882/2968/3028
f 2885/2971/3029 3712/3825/3030 2884/2970/3031
f 3712/3825/3030 3135/3248/3032 2884/2970/3031
f 3695/3808/3033 3289/3402/3034 3693/3806/3035
f 2886/2972/3036 3082/3195/3037 3163/3276/3038
f 2886/2972/3036 2887/2973/3039 3082/3195/3037
f 2888/2974/3040 3189/3302/3041 2887/2973/3039
f 3714/3827/3042 2890/2976/3043 2891/2977/3044
f 2889/2975/3045 3162/3275/3046 3081/3194/3047
f 3047/3160/3048 3556/3669/3049 3108/3221/3050
f 2988/3101/3051 3224/3337/3052 3595/3708/3053
f 3908/4021/3054 3909/4022/3055 3427/3540/3056
f 2885/2971/3029 2886/2972/3036 3163/3276/3038
f 2877/2963/3018 2878/2964/3057 3073/3186/3016
f 3108/3221/3050 2894/2980/3058 3192/3305/3059
f 3624/3737/3060 3817/3930/3061 3006/3119/3062
f 2926/3012/3063 3706/3819/3064 2925/3011/3065
f 3098/3211/3066 2918/3004/3067 2919/3005/3068
f 3134/3247/3069 2921/3007/3070 3711/3824/3071
f 3704/3817/3072 2895/2981/3073 2896/2982/3074
f 3704/3817/3072 3120/3233/3075 3057/3170/3076
f 3743/3856/3077 3688/3801/3078 3028/3141/3079
f 3129/3242/2971 3059/3172/2970 3706/3819/3064
f 4003/4116/3080 3217/3330/3081 3108/3221/3050
f 3699/3812/2966 71/3019/224 70/3020/474
f 2923/3009/3082 2924/3010/3083 3125/3238/3084
f 3731/3844/2974 3757/3870/3085 3053/3166/2968
f 3345/3458/3086 2982/3095/3087 3336/3449/3088
f 3113/3226/3089 3643/3756/3090 3041/3154/3091
f 3164/3277/3092 2918/3004/3067 3098/3211/3066
f 3194/3307/3093 2919/3005/3068 2920/3006/3094
f 3134/3247/3069 2920/3006/3094 2921/3007/3070
f 2901/2987/3095 3703/3816/3096 2900/2986/3097
f 2901/2987/3095 2902/2988/3098 3168/3281/3099
f 3156/3269/3100 3749/3862/3101 4005/4118/3102
f 3195/3308/3103 2904/2990/3104 2905/2991/3105
f 3195/3308/3103 3084/3197/3106 3032/3145/3107
f 3234/3347/3108 3272/3385/3109 2978/3091/3110
f 3381/3494/3111 3083/3196/3112 3167/3280/3113
f 3247/3360/3114 3088/3201/3115 2908/2994/3116
f 2914/3000/3117 3113/3226/3089 3379/3492/3118
f 3379/3492/3118 3677/3790/3119 2914/3000/3117
f 3677/3790/3119 2912/2998/3120 2913/2999/3121
f 3085/3198/3122 2910/2996/3123 2911/2997/3124
f 3644/3757/3125 3059/3172/2970 3177/3290/3126
f 3248/3361/3127 3249/3362/3128 3035/3148/3129
f 3247/3360/3114 3248/3361/3127 3035/3148/3129
f 2907/2993/3130 3191/3304/3131 2906/2992/3132
f 3074/3187/3133 2899/2985/3134 3156/3269/3100
f 3298/3411/2865 2950/3063/2876 2951/3064/3135
f 2858/2944/2979 2859/2945/3136 3705/3818/2981
f 3087/3200/3137 2873/2959/3138 2874/2960/3139
f 2946/3059/2871 3640/3753/3140 2945/3058/3141
f 3146/3259/3022 3027/3140/3142 3073/3186/3016
f 3133/3246/3143 2932/3045/2925 2933/3046/2929
f 3021/3134/3144 3081/3194/3047 3162/3275/3046
f 57/3033/279 3112/3225/2942 3070/3183/3145
f 3067/3180/3146 3714/3827/3042 3145/3258/3147
f 3450/3563/3148 3732/3845/3149 3122/3235/3150
f 3088/3201/3115 2907/2993/3130 2908/2994/3116
f 3136/3249/3151 3740/3853/3152 3135/3248/3032
f 3227/3340/3153 3930/4043/3154 3468/3581/3155
f 3086/3199/3002 2870/2956/3003 3169/3282/3013
f 3406/3519/3156 3286/3399/3157 3405/3518/3158
f 3711/3824/3071 2921/3007/3070 2922/3008/3159
f 2909/2995/3160 3247/3360/3114 2908/2994/3116
f 2965/3078/3161 3536/3649/3162 3537/3650/3163
f 3231/3344/3164 3281/3394/3165 3689/3802/3166
f 3636/3749/3167 3637/3750/3024 3291/3404/3023
f 3534/3647/3168 2991/3104/3169 3533/3646/3170
f 3175/3288/3171 2880/2966/3021 2881/2967/3172
f 3958/4071/3173 3905/4018/3174 3228/3341/3175
f 3152/3265/3176 3686/3799/3177 3891/4004/3178
f 3962/4075/3179 3553/3666/3180 3572/3685/3181
f 3874/3987/3182 3870/3983/2922 3361/3474/2921
f 3691/3804/3183 2962/3075/3184 3320/3433/3185
f 3083/3196/3112 2903/2989/3186 3167/3280/3113
f 3277/3390/3187 3564/3677/3188 3565/3678/3189
f 3315/3428/3190 3239/3352/3191 3818/3931/3192
f 3446/3559/3193 3445/3558/3194 3205/3318/3195
f 3874/3987/3182 3872/3985/3196 2971/3084/3197
f 3601/3714/3198 3219/3332/3199 3795/3908/3200
f 2853/2939/2894 3079/3192/2893 2852/2938/3201
f 3286/3399/3157 3357/3470/3202 3405/3518/3158
f 52/3038/552 51/3039/268 3109/3222/3203
f 3068/3181/2928 3133/3246/3143 2933/3046/2929
f 3022/3135/2907 3124/3237/2927 3142/3255/2908
f 3896/4009/3204 3895/4008/3205 3388/3501/3206
f 3074/3187/3133 2898/2984/3207 2899/2985/3134
f 3270/3383/3208 2994/3107/3209 3269/3382/3210
f 3599/3712/3211 3600/3713/3212 3296/3409/3213
f 3215/3328/3214 3380/3493/3215 3378/3491/3216
f 3236/3349/3217 3819/3932/3218 3820/3933/3219
f 3083/3196/3112 2902/2988/3098 2903/2989/3186
f 3812/3925/3220 3189/3302/3041 3081/3194/3047
f 3222/3335/3221 3463/3576/3222 3475/3588/3223
f 3831/3944/3224 2966/3079/3225 3599/3712/3211
f 3253/3366/3226 3547/3660/3227 3548/3661/3228
f 3283/3396/3229 3605/3718/3230 3606/3719/3231
f 3775/3888/3232 3186/3299/2906 3001/3114/3233
f 3808/3921/3234 3190/3303/2976 3070/3183/3145
f 3258/3371/3235 3373/3486/3236 3374/3487/3237
f 2927/3013/2961 3129/3242/2971 2926/3012/3063
f 3781/3894/3238 3197/3310/3239 3385/3498/3240
f 2986/3099/3241 3673/3786/3242 3672/3785/3243
f 3505/3618/3244 2998/3111/3245 3504/3617/3246
f 3208/3321/3247 2856/2942/3248 2857/2943/2978
f 3977/4090/3249 3976/4089/3250 3597/3710/3251
f 3958/4071/3173 3959/4072/3252 3421/3534/3253
f 2992/3105/3254 3148/3261/3255 3149/3262/3256
f 3172/3285/3257 2872/2958/3004 2873/2959/3138
f 3637/3750/3024 3852/3965/3258 2968/3081/3025
f 3092/3205/2951 3042/3155/3259 3401/3514/2955
f 3517/3630/3260 3518/3631/3261 3119/3232/3262
f 3402/3515/3015 2867/2953/2996 2868/2954/3001
f 3577/3690/3263 3625/3738/3264 3180/3293/3265
f 2879/2965/3020 3146/3259/3022 2878/2964/3057
f 3423/3536/3266 2992/3105/3254 3149/3262/3256
f 2942/3055/2898 3138/3251/2900 2941/3054/3267
f 2993/3106/2888 3230/3343/2887 3254/3367/3268
f 3556/3669/3049 2892/2978/3269 2893/2979/3270
f 3811/3924/3271 3263/3376/3272 3021/3134/3144
f 2987/3100/3273 3899/4012/3274 3641/3754/3275
f 3753/3866/3276 3409/3522/3277 3015/3128/3278
f 3113/3226/3089 2915/3001/3279 3643/3756/3090
f 2917/3003/3280 3164/3277/3092 2916/3002/3281
f 2922/3008/3159 2923/3009/3082 3645/3758/3282
f 2997/3110/3283 3196/3309/3284 3385/3498/3240
f 3090/3203/2875 3174/3287/2874 2949/3062/2873
f 3329/3442/3285 3013/3126/3286 3580/3693/3287
f 59/3031/282 3190/3303/2976 3071/3184/2950
f 2999/3112/3288 3299/3412/3289 3833/3946/3290
f 3785/3898/3291 3786/3899/3292 3210/3323/3293
f 3049/3162/3294 3328/3441/3295 3095/3208/3296
f 2937/3050/2910 3132/3245/3297 3066/3179/2911
f 3494/3607/3298 3497/3610/3299 3498/3611/3300
f 72/3018/225 3176/3289/3301 3101/3214/2965
f 3670/3783/3302 3177/3290/3126 3765/3878/3303
f 2882/2968/3028 3288/3401/3027 3091/3204/3304
f 3764/3877/3305 4001/4114/3306 3003/3116/3307
f 3661/3774/2935 54/3036/276 53/3037/275
f 3718/3831/2932 3004/3117/3308 3717/3830/3309
f 3803/3916/3310 3234/3347/3108 3028/3141/3079
f 2898/2984/3207 3074/3187/3133 3688/3801/3078
f 3624/3737/3060 3006/3119/3062 3623/3736/3311
f 3145/3258/3147 3262/3375/3312 3067/3180/3146
f 3117/3230/3313 3561/3674/3314 3562/3675/3315
f 3733/3846/3316 3005/3118/3317 3749/3862/3101
f 3700/3813/2959 69/3021/222 68/3022/221
f 3759/3872/3318 3760/3873/3319 2985/3098/3320
f 3258/3371/3235 3374/3487/3237 3375/3488/3321
f 3808/3921/3234 3070/3183/3145 3730/3843/2941
f 3160/3273/2884 2851/2937/2880 2852/2938/3201
f 3412/3525/3322 3413/3526/3323 3029/3142/2857
f 3050/3163/3324 3346/3459/3325 3348/3461/3326
f 3984/4097/3327 3011/3124/3328 3619/3732/3329
f 3559/3672/3330 3337/3450/3331 3012/3125/3332
f 3032/3145/3107 3084/3197/3106 3633/3746/3333
f 2945/3058/3141 3640/3753/3140 3110/3223/3334
f 3048/3161/3335 3301/3414/3336 3110/3223/3334
f 2955/3068/2861 3157/3270/2856 2954/3067/3337
f 3854/3967/3338 3855/3968/3339 3350/3463/3340
f 3867/3980/3341 3408/3521/3342 3409/3522/3277
f 3160/3273/2884 3080/3193/2879 2851/2937/2880
f 2887/2973/3039 3189/3302/3041 3082/3195/3037
f 2988/3101/3051 3136/3249/3151 3224/3337/3052
f 3969/4082/3343 3536/3649/3162 3182/3295/3344
f 3099/3212/2997 3574/3687/3345 3043/3156/3346
f 2874/2960/3139 3171/3284/3347 3087/3200/3137
f 3530/3643/3348 3171/3284/3347 3040/3153/3349
f 3638/3751/3350 3441/3554/3351 3971/4084/3352
f 3211/3324/2944 3042/3155/3259 3092/3205/2951
f 51/3039/268 50/3040/266 3662/3775/2916
f 2931/3044/2924 3632/3745/2923 3095/3208/3296
f 3805/3918/3353 3244/3357/3354 3270/3383/3208
f 3265/3378/3355 3021/3134/3144 3264/3377/3356
f 3142/3255/2908 3635/3748/3357 3066/3179/2911
f 3314/3427/3358 3312/3425/3359 3836/3949/3360
f 65/3025/252 3401/3514/2955 3093/3206/2960
f 3023/3136/3361 3213/3326/3362 3309/3422/3363
f 3766/3879/3364 3196/3309/3284 2997/3110/3283
f 3766/3879/3364 3063/3176/3365 3179/3292/3366
f 3789/3902/3367 3790/3903/3368 3025/3138/3369
f 3164/3277/3092 3643/3756/3090 2916/3002/3281
f 2950/3063/2876 3298/3411/2865 3090/3203/2875
f 3660/3773/3370 3845/3958/3371 3334/3447/3372
f 3155/3268/3373 3715/3828/3374 3995/4108/3375
f 3147/3260/3017 3148/3261/3255 3745/3858/3376
f 3558/3671/3377 3234/3347/3108 2978/3091/3110
f 3057/3170/3076 3141/3254/3378 3557/3670/3379
f 3412/3525/3322 3414/3527/3380 3651/3764/3381
f 2954/3067/3337 3076/3189/2858 2953/3066/3382
f 3329/3442/3285 2983/3096/3383 3826/3939/3384
f 2941/3054/3267 3078/3191/2904 2940/3053/2903
f 2975/3088/3385 3897/4010/3386 3406/3519/3156
f 3031/3144/2885 3407/3520/3387 3411/3524/3388
f 2905/2991/3105 2906/2992/3132 3084/3197/3106
f 3381/3494/3111 3382/3495/3389 3007/3120/3390
f 2888/2974/3040 2889/2975/3045 3081/3194/3047
f 2981/3094/3391 3968/4081/3392 3814/3927/3393
f 58/3032/495 57/3033/279 3070/3183/3145
f 3299/3412/3289 2999/3112/3288 3590/3703/3394
f 3248/3361/3127 3806/3919/3395 3085/3198/3122
f 3337/3450/3331 3559/3672/3330 3336/3449/3088
f 2858/2944/2979 3705/3818/2981 3128/3241/2977
f 3641/3754/3275 3036/3149/3396 3770/3883/3397
f 2951/3064/3135 2952/3065/2867 3089/3202/2863
f 3090/3203/2875 3359/3472/3398 3026/3139/3399
f 3740/3853/3152 3739/3852/3400 3038/3151/3401
f 2882/2968/3028 3091/3204/3304 2881/2967/3172
f 2873/2959/3138 3087/3200/3137 3172/3285/3257
f 3669/3782/3402 2989/3102/3403 3668/3781/3404
f 3746/3859/3405 3529/3642/3406 3040/3153/3349
f 3171/3284/3347 3530/3643/3348 3946/4059/3407
f 2996/3109/3408 3377/3490/3409 3378/3491/3216
f 2915/3001/3279 3113/3226/3089 2914/3000/3117
f 64/3026/297 63/3027/296 3092/3205/2951
f 3093/3206/2960 3213/3326/3362 3788/3901/3410
f 3256/3369/3411 3310/3423/2988 2865/2951/2992
f 2866/2952/2998 3256/3369/3411 2865/2951/2992
f 3170/3283/3000 2869/2955/2999 3086/3199/3002
f 3044/3157/3412 3170/3283/3000 3532/3645/3413
f 3577/3690/3263 3045/3158/2995 3576/3689/2994
f 3058/3171/2980 3127/3240/2982 3180/3293/3265
f 3046/3159/3414 3261/3374/3415 3260/3373/3416
f 3132/3245/3297 3260/3373/3416 3809/3922/3417
f 3108/3221/3050 2893/2979/3270 2894/2980/3058
f 3217/3330/3081 3047/3160/3048 3108/3221/3050
f 3048/3161/3335 3504/3617/3246 3735/3848/3418
f 2945/3058/3141 3110/3223/3334 2944/3057/2897
f 3049/3162/3294 3594/3707/3419 3209/3322/3420
f 3716/3829/3421 3065/3178/3422 3095/3208/3296
f 3347/3460/3423 3252/3365/3424 3619/3732/3329
f 3346/3459/3325 3011/3124/3328 3085/3198/3122
f 3094/3207/2933 53/3037/275 52/3038/552
f 3051/3164/2934 3094/3207/2933 3721/3834/3425
f 55/3035/257 54/3036/276 3096/3209/2946
f 3052/3165/2947 3719/3832/2949 3720/3833/3426
f 3758/3871/3427 3166/3279/3428 3757/3870/3085
f 3176/3289/3301 3308/3421/3429 3726/3839/3430
f 3111/3224/2957 68/3022/221 67/3023/237
f 3054/3167/2958 3111/3224/2957 3122/3235/3150
f 3702/3815/2964 3055/3168/3431 3701/3814/2963
f 74/3016/248 3724/3837/2973 3702/3815/2964
f 3168/3281/3099 2902/2988/3098 3083/3196/3112
f 3168/3281/3099 3311/3424/3432 3056/3169/3433
f 3120/3233/3075 2896/2982/3074 2897/2983/3434
f 3057/3170/3076 3120/3233/3075 3141/3254/3378
f 2859/2945/3136 2860/2946/2987 3127/3240/2982
f 3058/3171/2980 3183/3296/3435 3128/3241/2977
f 3199/3312/3436 3670/3783/3302 3992/4105/3437
f 3177/3290/3126 3024/3137/3438 3125/3238/3084
f 3708/3821/2849 3060/3173/3439 3707/3820/2850
f 3060/3173/3439 3708/3821/2849 2849/2935/2915
f 3130/3243/2889 2855/2941/2883 2856/2942/3248
f 3061/3174/2890 3130/3243/2889 3131/3244/3440
f 3121/3234/2954 60/3030/270 3071/3184/2950
f 3019/3132/3441 3741/3854/3442 3592/3705/3443
f 3125/3238/3084 3179/3292/3366 3645/3758/3282
f 3063/3176/3365 3214/3327/3444 3134/3247/3069
f 3224/3337/3052 3136/3249/3151 3798/3911/3445
f 2884/2970/3031 3135/3248/3032 2883/2969/3026
f 3095/3208/3296 2930/3043/2919 2931/3044/2924
f 3728/3841/3446 3020/3133/3447 3109/3222/3203
f 2937/3050/2910 2938/3051/2914 3132/3245/3297
f 3186/3299/2906 3142/3255/2908 3744/3857/3448
f 2891/2977/3044 2892/2978/3269 3145/3258/3147
f 3262/3375/3312 3263/3376/3272 3811/3924/3271
f 3314/3427/3358 3837/3950/3449 3022/3135/2907
f 3594/3707/3419 3133/3246/3143 3593/3706/3450
f 3937/4050/3451 3504/3617/3246 3069/3182/2869
f 3504/3617/3246 3048/3161/3335 3137/3250/2872
f 57/3033/279 56/3034/255 3112/3225/2942
f 3730/3843/2941 3257/3370/3452 3808/3921/3234
f 3590/3703/3394 3832/3945/3453 3299/3412/3289
f 3591/3704/3454 3121/3234/2954 3590/3703/3394
f 3175/3288/3171 2881/2967/3172 3091/3204/3304
f 3072/3185/3019 3764/3877/3305 3715/3828/3374
f 3747/3860/3455 3148/3261/3255 3073/3186/3016
f 2877/2963/3018 3147/3260/3017 2876/2962/3007
f 2899/2985/3134 2900/2986/3097 3156/3269/3100
f 3847/3960/3456 3804/3917/3457 4005/4118/3102
f 2956/3069/2860 2957/3070/2851 3158/3271/2853
f 3075/3188/2859 3751/3864/2855 3414/3527/3380
f 3763/3876/3458 3029/3142/2857 3413/3526/3323
f 3173/3286/2866 3762/3875/3459 4000/4113/3460
f 3193/3306/2895 2944/3057/2897 3110/3223/3334
f 3453/3566/3461 3013/3126/3286 3329/3442/3285
f 3800/3913/2901 3229/3342/2886 3078/3191/2904
f 3810/3923/3462 3139/3252/2905 3229/3342/2886
f 2853/2939/2894 2854/2940/2882 3159/3272/2891
f 3031/3144/2885 3898/4011/3463 3407/3520/3387
f 3422/3535/3464 3031/3144/2885 3411/3524/3388
f 3750/3863/2854 3161/3274/2877 3754/3867/3465
f 2889/2975/3045 2890/2976/3043 3162/3275/3046
f 3812/3925/3220 3021/3134/3144 3265/3378/3355
f 3756/3869/3466 3506/3619/3467 3016/3129/3468
f 3755/3868/3469 3064/3177/3470 3163/3276/3038
f 2903/2989/3186 2904/2990/3104 3167/3280/3113
f 3733/3846/3316 3311/3424/3432 3117/3230/3313
f 3191/3304/3131 2907/2993/3130 3088/3201/3115
f 3084/3197/3106 4002/4115/3471 3633/3746/3333
f 2911/2997/3124 2912/2998/3120 3348/3461/3326
f 3011/3124/3328 3249/3362/3128 3248/3361/3127
f 2870/2956/3003 2871/2957/3006 3169/3282/3013
f 3532/3645/3413 3170/3283/3000 3086/3199/3002
f 2874/2960/3139 2875/2961/3009 3171/3284/3347
f 3172/3285/3257 3663/3776/3010 3039/3152/3012
f 3559/3672/3330 3088/3201/3115 3035/3148/3129
f 4002/4115/3471 3191/3304/3131 3776/3889/3472
f 2952/3065/2867 2953/3066/3382 3173/3286/2866
f 3089/3202/2863 4000/4113/3460 3349/3462/2864
f 3359/3472/3398 3090/3203/2875 3037/3150/2862
f 3026/3139/3399 3937/4050/3451 3174/3287/2874
f 3404/3517/3473 3091/3204/3304 3038/3151/3401
f 3175/3288/3171 3764/3877/3305 3072/3185/3019
f 63/3027/296 62/3028/235 3140/3253/2952
f 3092/3205/2951 3742/3855/2953 3211/3324/2944
f 3213/3326/3362 3093/3206/2960 3042/3155/3259
f 3734/3847/3474 3165/3278/2956 3023/3136/3361
f 3109/3222/3203 3094/3207/2933 52/3038/552
f 3722/3835/3475 3723/3836/3476 3097/3210/3477
f 3049/3162/3294 3209/3322/3420 3328/3441/3295
f 3713/3826/2918 3095/3208/3296 3065/3178/3422
f 3661/3774/2935 3096/3209/2946 54/3036/276
f 3717/3830/3309 3096/3209/2946 3051/3164/2934
f 3721/3834/3425 3722/3835/3475 3097/3210/3477
f 3723/3836/3476 3727/3840/3478 3097/3210/3477
f 3194/3307/3093 2920/3006/3094 3134/3247/3069
f 3098/3211/3066 3194/3307/3093 3676/3789/3479
f 3574/3687/3345 3099/3212/2997 3044/3157/3412
f 3256/3369/3411 3099/3212/2997 3043/3156/3346
f 3834/3947/2989 3100/3213/2985 2862/2948/2984
f 3575/3688/2993 3043/3156/3346 3574/3687/3345
f 72/3018/225 71/3019/224 3176/3289/3301
f 3055/3168/3431 3724/3837/2973 3725/3838/2972
f 3555/3668/3480 2976/3089/3481 3554/3667/3482
f 3869/3982/2931 3102/3215/2930 3365/3478/2937
f 3784/3897/3483 3209/3322/3420 3783/3896/3484
f 3552/3665/3485 3366/3479/2938 3875/3988/3486
f 3104/3217/3487 3367/3480/3488 3876/3989/3489
f 3878/3991/3490 3373/3486/3236 3258/3371/3235
f 3370/3483/3491 3454/3567/3492 3105/3218/3493
f 3815/3928/3494 3285/3398/3495 3266/3379/3496
f 3463/3576/3222 3464/3577/3497 3474/3587/3498
f 3475/3588/3223 3476/3589/3499 3222/3335/3221
f 3489/3602/3500 3116/3229/3501 3936/4049/3502
f 3596/3709/3503 2970/3083/3504 3255/3368/3505
f 2894/2980/3058 2895/2981/3073 3192/3305/3059
f 3777/3890/3506 4003/4116/3080 3192/3305/3059
f 3109/3222/3203 51/3039/268 3662/3775/2916
f 3109/3222/3203 3020/3133/3447 3722/3835/3475
f 3048/3161/3335 3735/3848/3418 3301/3414/3336
f 3193/3306/2895 3779/3892/3507 3077/3190/2899
f 67/3023/237 66/3024/253 3165/3278/2956
f 3122/3235/3150 3734/3847/3474 3023/3136/3361
f 3687/3800/2948 3112/3225/2942 56/3034/255
f 3729/3842/2940 3112/3225/2942 3052/3165/2947
f 3041/3154/3091 3377/3490/3409 3113/3226/3089
f 3113/3226/3089 3377/3490/3409 3379/3492/3118
f 3700/3813/2959 3114/3227/2967 69/3021/222
f 3731/3844/2974 3114/3227/2967 3054/3167/2958
f 3210/3323/3293 3954/4067/3508 3554/3667/3482
f 3418/3531/3509 3903/4016/3510 3902/4015/3511
f 3903/4016/3510 3116/3229/3501 3902/4015/3511
f 3485/3598/3512 3488/3601/3513 3416/3529/3514
f 3560/3673/3515 3561/3674/3314 3956/4069/3516
f 3117/3230/3313 3562/3675/3315 3563/3676/3517
f 3560/3673/3515 3382/3495/3389 3383/3496/3518
f 3338/3451/3519 3549/3662/3520 3551/3664/3521
f 3886/3999/3522 3383/3496/3518 2980/3093/3523
f 3204/3317/3524 3445/3558/3194 3446/3559/3193
f 2897/2983/3434 2898/2984/3207 3688/3801/3078
f 3141/3254/3378 3743/3856/3077 3028/3141/3079
f 3590/3703/3394 3121/3234/2954 3071/3184/2950
f 3710/3823/2975 3121/3234/2954 3062/3175/3525
f 3449/3562/3526 3309/3422/3363 3444/3557/3527
f 3122/3235/3150 3449/3562/3526 3450/3563/3148
f 3797/3910/3528 4004/4117/3529 3796/3909/3530
f 3842/3955/3531 3221/3334/3532 3324/3437/3533
f 2935/3048/2939 2936/3049/2909 3635/3748/3357
f 3124/3237/2927 3022/3135/2907 3837/3950/3449
f 2924/3010/3083 2925/3011/3065 3644/3757/3125
f 3179/3292/3366 3125/3238/3084 3024/3137/3438
f 3331/3444/3534 3844/3957/3535 3736/3849/3536
f 3606/3719/3231 3605/3718/3230 3330/3443/3537
f 3403/3516/2986 3127/3240/2982 2860/2946/2987
f 3058/3171/2980 3180/3293/3265 2995/3108/3538
f 3183/3296/3435 3058/3171/2980 2995/3108/3538
f 3128/3241/2977 3767/3880/3539 3208/3321/3247
f 3701/3814/2963 3129/3242/2971 2927/3013/2961
f 3129/3242/2971 3055/3168/3431 3725/3838/2972
f 3208/3321/3247 3130/3243/2889 2856/2942/3248
f 3131/3244/3440 3130/3243/2889 3738/3851/3540
f 3131/3244/3440 3738/3851/3540 3641/3754/3275
f 3899/4012/3274 2987/3100/3273 3409/3522/3277
f 3503/3616/2913 3132/3245/3297 2938/3051/2914
f 3132/3245/3297 3046/3159/3414 3260/3373/3416
f 3593/3706/3450 3133/3246/3143 3068/3181/2928
f 3632/3745/2923 3133/3246/3143 3049/3162/3294
f 3063/3176/3365 3766/3879/3364 3214/3327/3444
f 3025/3138/3369 3676/3789/3479 3194/3307/3093
f 3136/3249/3151 3135/3248/3032 3064/3177/3470
f 3135/3248/3032 3740/3853/3152 3288/3401/3027
f 3798/3911/3445 3016/3129/3468 3224/3337/3052
f 3136/3249/3151 2988/3101/3051 3739/3852/3400
f 3504/3617/3246 3137/3250/2872 3069/3182/2869
f 3640/3753/3140 3137/3250/2872 3048/3161/3335
f 3030/3143/2902 3138/3251/2900 3077/3190/2899
f 3078/3191/2904 2941/3054/3267 3138/3251/2900
f 3229/3342/2886 3139/3252/2905 3078/3191/2904
f 3503/3616/2913 3139/3252/2905 3046/3159/3414
f 3710/3823/2975 3140/3253/2952 62/3028/235
f 3741/3854/3442 3140/3253/2952 3062/3175/3525
f 3234/3347/3108 3141/3254/3378 3028/3141/3079
f 3623/3736/3311 3558/3671/3377 3242/3355/3541
f 3124/3237/2927 2935/3048/2939 3635/3748/3357
f 3744/3857/3448 3142/3255/2908 3066/3179/2911
f 3483/3596/3542 3484/3597/3543 3268/3381/3544
f 3021/3134/3144 3263/3376/3272 3264/3377/3356
f 3461/3574/3545 3144/3257/3546 3456/3569/3547
f 3468/3581/3155 3469/3582/3548 3227/3340/3153
f 3556/3669/3049 3145/3258/3147 2892/2978/3269
f 3047/3160/3048 3269/3382/3210 3816/3929/3549
f 3027/3140/3142 3146/3259/3022 3072/3185/3019
f 3073/3186/3016 2878/2964/3057 3146/3259/3022
f 3148/3261/3255 3147/3260/3017 3073/3186/3016
f 3147/3260/3017 3745/3858/3376 3327/3440/3008
f 3027/3140/3142 3748/3861/3550 3747/3860/3455
f 3528/3641/3551 3529/3642/3406 3746/3859/3405
f 3748/3861/3550 3149/3262/3256 3747/3860/3455
f 3424/3537/3552 3150/3263/3553 3423/3536/3266
f 3150/3263/3553 3424/3537/3552 3425/3538/3554
f 2968/3081/3025 3692/3805/3555 3694/3807/3556
f 3973/4086/3557 3568/3681/3558 3569/3682/3559
f 3571/3684/3560 3429/3542/3561 3910/4023/3562
f 2964/3077/3563 3470/3583/3564 3471/3584/3565
f 3596/3709/3503 3388/3501/3206 3895/4008/3205
f 3153/3266/3566 3615/3728/3567 3910/4023/3562
f 3246/3359/3568 3864/3977/3569 3983/4096/3570
f 3655/3768/3571 3656/3769/3572 3991/4104/3573
f 3581/3694/3574 3582/3695/3575 2959/3072/3576
f 3715/3828/3374 3027/3140/3142 3072/3185/3019
f 3425/3538/3554 3424/3537/3552 3906/4019/3577
f 3703/3816/3096 3156/3269/3100 2900/2986/3097
f 3749/3862/3101 3156/3269/3100 3056/3169/3433
f 3029/3142/2857 3157/3270/2856 3075/3188/2859
f 3076/3189/2858 2954/3067/3337 3157/3270/2856
f 3707/3820/2850 3158/3271/2853 2957/3070/2851
f 3750/3863/2854 3158/3271/2853 3060/3173/3439
f 3709/3822/2881 3159/3272/2891 2854/2940/2882
f 3752/3865/2892 3159/3272/2891 3061/3174/2890
f 2852/2938/3201 3079/3192/2893 3160/3273/2884
f 3031/3144/2885 3160/3273/2884 3079/3192/2893
f 3754/3867/3465 3161/3274/2877 3080/3193/2879
f 3060/3173/3439 2849/2935/2915 3161/3274/2877
f 3714/3827/3042 3162/3275/3046 2890/2976/3043
f 3162/3275/3046 3067/3180/3146 3811/3924/3271
f 3755/3868/3469 3163/3276/3038 3082/3195/3037
f 3712/3825/3030 3163/3276/3038 3064/3177/3470
f 2918/3004/3067 3164/3277/3092 2917/3003/3280
f 3041/3154/3091 3164/3277/3092 3098/3211/3066
f 66/3024/253 3093/3206/2960 3165/3278/2956
f 3165/3278/2956 3093/3206/2960 3788/3901/3410
f 3166/3279/3428 3546/3659/3578 3545/3658/3579
f 3053/3166/2968 3308/3421/3429 3176/3289/3301
f 3195/3308/3103 3167/3280/3113 2904/2990/3104
f 3381/3494/3111 3007/3120/3390 3835/3948/3580
f 3083/3196/3112 3381/3494/3111 3835/3948/3580
f 3703/3816/3096 3168/3281/3099 3056/3169/3433
f 3307/3420/3005 3169/3282/3013 2871/2957/3006
f 3039/3152/3012 3589/3702/3581 3970/4083/3014
f 3532/3645/3413 3086/3199/3002 3017/3130/3582
f 3402/3515/3015 3170/3283/3000 3044/3157/3412
f 3327/3440/3008 3171/3284/3347 2875/2961/3009
f 3040/3153/3349 3529/3642/3406 3530/3643/3348
f 3663/3776/3010 3087/3200/3137 3018/3131/3583
f 3307/3420/3005 3172/3285/3257 3039/3152/3012
f 2953/3066/3382 3076/3189/2858 3173/3286/2866
f 3762/3875/3459 3173/3286/2866 3076/3189/2858
f 3026/3139/3399 3174/3287/2874 3090/3203/2875
f 3069/3182/2869 2948/3061/2868 3174/3287/2874
f 3091/3204/3304 3404/3517/3473 4001/4114/3306
f 3072/3185/3019 2880/2966/3021 3175/3288/3171
f 3699/3812/2966 3176/3289/3301 71/3019/224
f 3757/3870/3085 3308/3421/3429 3053/3166/2968
f 3125/3238/3084 2924/3010/3083 3644/3757/3125
f 3177/3290/3126 3059/3172/2970 3765/3878/3303
f 3178/3291/3584 3765/3878/3303 3737/3850/2969
f 3002/3115/3585 3726/3839/3430 3545/3658/3579
f 3179/3292/3366 3024/3137/3438 3196/3309/3284
f 3063/3176/3365 3711/3824/3071 3645/3758/3282
f 3127/3240/2982 3045/3158/2995 3180/3293/3265
f 3577/3690/3263 3180/3293/3265 3045/3158/2995
f 3044/3157/3412 3532/3645/3413 3533/3646/3170
f 3181/3294/3586 3535/3648/3587 3542/3655/3588
f 3669/3782/3402 3588/3701/3589 3589/3702/3581
f 3578/3691/3590 3535/3648/3587 3181/3294/3586
f 3183/3296/3435 2995/3108/3538 3768/3881/3591
f 3767/3880/3539 3128/3241/2977 3183/3296/3435
f 3184/3297/3592 3768/3881/3591 3769/3882/3593
f 3581/3694/3574 3357/3470/3202 3866/3979/3594
f 3293/3406/3595 3827/3940/3596 3597/3710/3251
f 3597/3710/3251 3975/4088/3597 3293/3406/3595
f 3771/3884/3598 3775/3888/3232 3187/3300/3599
f 3312/3425/3359 3022/3135/2907 3186/3299/2906
f 3494/3607/3298 3495/3608/3600 3188/3301/3601
f 3498/3611/3300 3895/4008/3205 3499/3612/3602
f 3001/3114/3233 3809/3922/3417 3260/3373/3416
f 3807/3920/3603 3579/3692/3604 3254/3367/3268
f 3081/3194/3047 3189/3302/3041 2888/2974/3040
f 3082/3195/3037 3189/3302/3041 3033/3146/3605
f 3070/3183/3145 3190/3303/2976 58/3032/495
f 3190/3303/2976 3034/3147/3606 3832/3945/3453
f 3776/3889/3472 3191/3304/3131 3088/3201/3115
f 3084/3197/3106 2906/2992/3132 3191/3304/3131
f 3704/3817/3072 3192/3305/3059 2895/2981/3073
f 3777/3890/3506 3192/3305/3059 3057/3170/3076
f 3778/3891/3607 3193/3306/2895 3110/3223/3334
f 3077/3190/2899 2943/3056/2896 3193/3306/2895
f 3194/3307/3093 3134/3247/3069 3789/3902/3367
f 3098/3211/3066 2919/3005/3068 3194/3307/3093
f 3084/3197/3106 3195/3308/3103 2905/2991/3105
f 3167/3280/3113 3195/3308/3103 3032/3145/3107
f 3024/3137/3438 3199/3312/3436 3196/3309/3284
f 3215/3328/3214 3888/4001/3608 3386/3499/3609
f 3199/3312/3436 3780/3893/3610 3781/3894/3238
f 3201/3314/3611 3925/4038/3612 3924/4037/3613
f 3203/3316/3614 3447/3560/3615 3448/3561/3616
f 3251/3364/3617 3548/3661/3228 3550/3663/3618
f 3670/3783/3302 3024/3137/3438 3177/3290/3126
f 3992/4105/3437 3780/3893/3610 3199/3312/3436
f 2985/3098/3320 3546/3659/3578 3759/3872/3318
f 3600/3713/3212 3200/3313/3619 3202/3315/3620
f 3925/4038/3612 3008/3121/3621 3732/3845/3149
f 3782/3895/3622 3198/3311/3623 3828/3941/3624
f 3761/3874/3625 3200/3313/3619 3760/3873/3319
f 3828/3941/3624 3198/3311/3623 3829/3942/3626
f 3761/3874/3625 3999/4112/3627 3782/3895/3622
f 3447/3560/3615 2979/3092/3628 3445/3558/3194
f 2979/3092/3628 3444/3557/3527 3445/3558/3194
f 3251/3364/3617 3829/3942/3626 3830/3943/3629
f 3449/3562/3526 3023/3136/3361 3309/3422/3363
f 3508/3621/3630 3205/3318/3195 3507/3620/3631
f 3508/3621/3630 3509/3622/3632 3206/3319/3633
f 3511/3624/3634 3206/3319/3633 3510/3623/3635
f 3510/3623/3635 3509/3622/3632 3531/3644/3636
f 3822/3935/3637 3277/3390/3187 3941/4054/3638
f 3128/3241/2977 3208/3321/3247 2857/2943/2978
f 3208/3321/3247 3036/3149/3396 3738/3851/3540
f 3209/3322/3420 3594/3707/3419 3783/3896/3484
f 3723/3836/3476 3996/4109/3639 3997/4110/3640
f 3022/3135/2907 3312/3425/3359 3314/3427/3358
f 3554/3667/3482 3954/4067/3508 3553/3666/3180
f 3211/3324/2944 3019/3132/3441 3621/3734/2945
f 3787/3900/3641 3042/3155/3259 3211/3324/2944
f 3985/4098/3642 3620/3733/3643 3621/3734/2945
f 3518/3631/3261 3519/3632/3644 3278/3391/3645
f 3787/3900/3641 3213/3326/3362 3042/3155/3259
f 3309/3422/3363 3507/3620/3631 3205/3318/3195
f 3888/4001/3608 3790/3903/3368 3214/3327/3444
f 3789/3902/3367 3134/3247/3069 3214/3327/3444
f 3385/3498/3240 3386/3499/3609 3888/4001/3608
f 3380/3493/3215 3398/3511/3646 3399/3512/3647
f 3583/3696/3648 3232/3345/3649 3889/4002/3650
f 3864/3977/3569 3246/3359/3568 3863/3976/3651
f 3777/3890/3506 3557/3670/3379 3006/3119/3062
f 3047/3160/3048 3217/3330/3081 3269/3382/3210
f 3270/3383/3208 3791/3904/3652 3219/3332/3199
f 2994/3107/3209 3262/3375/3312 3816/3929/3549
f 3219/3332/3199 3791/3904/3652 3795/3908/3200
f 3851/3964/3653 2974/3087/3654 3341/3454/3655
f 3220/3333/3656 3795/3908/3200 3796/3909/3530
f 3455/3568/3657 3105/3218/3493 3454/3567/3492
f 3793/3906/3658 3123/3236/3659 3792/3905/3660
f 3324/3437/3533 3322/3435/3661 3650/3763/3662
f 3796/3909/3530 3325/3438/3663 3933/4046/3664
f 3366/3479/2938 3367/3480/3488 3104/3217/3487
f 3658/3771/3665 3934/4047/3666 3106/3219/3667
f 3928/4041/3668 3479/3592/3669 3223/3336/3670
f 3595/3708/3053 3972/4085/3671 3225/3338/3672
f 3568/3681/3558 3960/4073/3673 3567/3680/3674
f 3799/3912/3675 3224/3337/3052 3016/3129/3468
f 3584/3697/3676 3227/3340/3153 3469/3582/3548
f 3226/3339/3677 3799/3912/3675 3506/3619/3467
f 3584/3697/3676 3585/3698/3678 3227/3340/3153
f 3285/3398/3495 2981/3094/3391 3266/3379/3496
f 3144/3257/3546 3461/3574/3545 3466/3579/3679
f 3392/3505/3680 3432/3545/3681 3433/3546/3682
f 3906/4019/3577 3436/3549/3683 2969/3082/3684
f 3800/3913/2901 3030/3143/2902 3801/3914/3685
f 2993/3106/2888 3261/3374/3415 3810/3923/3462
f 3801/3914/3685 3230/3343/2887 3800/3913/2901
f 3807/3920/3603 3254/3367/3268 3231/3344/3164
f 3802/3915/3686 3254/3367/3268 3230/3343/2887
f 4014/4127/3687 3974/4087/3688 3231/3344/3164
f 3686/3799/3177 3390/3503/3689 3685/3798/3690
f 3390/3503/3689 3893/4006/3691 3892/4005/3692
f 3779/3892/3507 3453/3566/3461 3077/3190/2899
f 3254/3367/3268 3281/3394/3165 3231/3344/3164
f 3803/3916/3310 3804/3917/3457 3237/3350/3693
f 3847/3960/3456 3846/3959/3694 3237/3350/3693
f 3235/3348/3695 3522/3635/3696 3943/4056/3697
f 3272/3385/3109 3273/3386/3698 2978/3091/3110
f 3819/3932/3218 3274/3387/3699 3943/4056/3697
f 3824/3937/3700 3825/3938/3701 3319/3432/3702
f 3846/3959/3694 3847/3960/3456 3335/3448/3703
f 3237/3350/3693 3846/3959/3694 3272/3385/3109
f 3440/3553/3704 3638/3751/3350 3300/3413/3705
f 3923/4036/3706 3840/3953/3707 3317/3430/3708
f 3273/3386/3698 3818/3931/3192 3239/3352/3191
f 3322/3435/3661 3320/3433/3185 2962/3075/3184
f 3543/3656/3709 3540/3653/3710 3537/3650/3163
f 3536/3649/3162 2965/3078/3161 3542/3655/3588
f 3948/4061/3711 3241/3354/3712 3543/3656/3709
f 3582/3695/3575 3627/3740/3713 3295/3408/3714
f 3794/3907/3715 3243/3356/3716 3793/3906/3658
f 3218/3331/3717 3792/3905/3660 3791/3904/3652
f 3239/3352/3191 3306/3419/3718 3273/3386/3698
f 3321/3434/3719 3239/3352/3191 3320/3433/3185
f 2994/3107/3209 3438/3551/3720 3263/3376/3272
f 3244/3357/3354 3438/3551/3720 3270/3383/3208
f 3360/3473/3721 3026/3139/3399 3359/3472/3398
f 3355/3468/3722 3673/3786/3242 3859/3972/3723
f 3861/3974/3724 3355/3468/3722 3860/3973/3725
f 3332/3445/3726 3697/3810/3727 3654/3767/3728
f 2909/2995/3160 2910/2996/3123 3806/3919/3395
f 3088/3201/3115 3247/3360/3114 3035/3148/3129
f 3247/3360/3114 2909/2995/3160 3806/3919/3395
f 3011/3124/3328 3248/3361/3127 3085/3198/3122
f 3345/3458/3086 3011/3124/3328 3250/3363/3729
f 3336/3449/3088 3035/3148/3129 3249/3362/3128
f 3619/3732/3329 3346/3459/3325 3347/3460/3423
f 3296/3409/3213 4006/4119/3730 3831/3944/3224
f 3448/3561/3616 3451/3564/3731 3198/3311/3623
f 3849/3962/3732 3850/3963/3733 3340/3453/3734
f 3380/3493/3215 2996/3109/3408 3378/3491/3216
f 2966/3079/3225 3400/3513/3735 3399/3512/3647
f 3514/3627/3736 3512/3625/3737 2963/3076/3738
f 3848/3961/3739 3012/3125/3332 3337/3450/3331
f 3230/3343/2887 3801/3914/3685 3802/3915/3686
f 3255/3368/3505 3807/3920/3603 3596/3709/3503
f 3497/3610/3299 3255/3368/3505 2970/3083/3504
f 3188/3301/3601 3261/3374/3415 3579/3692/3604
f 3099/3212/2997 3256/3369/3411 2866/2952/2998
f 3310/3423/2988 3256/3369/3411 3043/3156/3346
f 3362/3475/3740 3870/3983/2922 3376/3489/3741
f 3524/3637/3742 3257/3370/3452 3374/3487/3237
f 3881/3994/3743 2971/3084/3197 3882/3995/3744
f 3322/3435/3661 3324/3437/3533 3221/3334/3532
f 3878/3991/3490 3372/3485/3745 3373/3486/3236
f 3838/3951/3746 3317/3430/3708 3649/3762/3747
f 3046/3159/3414 3810/3923/3462 3261/3374/3415
f 3495/3608/3600 3496/3609/3748 3188/3301/3601
f 3579/3692/3604 3261/3374/3415 2993/3106/2888
f 3496/3609/3748 3261/3374/3415 3188/3301/3601
f 3816/3929/3549 3145/3258/3147 3047/3160/3048
f 3262/3375/3312 2994/3107/3209 3263/3376/3272
f 2994/3107/3209 3270/3383/3208 3438/3551/3720
f 3438/3551/3720 3918/4031/3749 3263/3376/3272
f 3143/3256/3750 3266/3379/3496 3264/3377/3356
f 3265/3378/3355 3033/3146/3605 3812/3925/3220
f 3813/3926/3751 3264/3377/3356 3266/3379/3496
f 2981/3094/3391 3814/3927/3393 3813/3926/3751
f 3815/3928/3494 3266/3379/3496 3143/3256/3750
f 3813/3926/3751 3266/3379/3496 2981/3094/3391
f 3267/3380/3752 3815/3928/3494 3341/3454/3655
f 3466/3579/3679 3467/3580/3753 3144/3257/3546
f 3484/3597/3543 3341/3454/3655 3268/3381/3544
f 3457/3570/3754 3463/3576/3222 3105/3218/3493
f 3217/3330/3081 3817/3930/3061 3269/3382/3210
f 3218/3331/3717 3791/3904/3652 3270/3383/3208
f 3270/3383/3208 3269/3382/3210 3817/3930/3061
f 3270/3383/3208 3219/3332/3199 3805/3918/3353
f 3896/4009/3204 3271/3384/3755 3395/3508/3756
f 3500/3613/3757 3271/3384/3755 3501/3614/3758
f 3272/3385/3109 3234/3347/3108 3803/3916/3310
f 3273/3386/3698 3272/3385/3109 3235/3348/3695
f 3274/3387/3699 3273/3386/3698 3235/3348/3695
f 3321/3434/3719 3306/3419/3718 3239/3352/3191
f 3235/3348/3695 3335/3448/3703 3522/3635/3696
f 3819/3932/3218 3315/3428/3190 3274/3387/3699
f 3820/3933/3219 3277/3390/3187 3276/3389/3759
f 2972/3085/3760 3821/3934/3761 3275/3388/3762
f 3822/3935/3637 3823/3936/3763 3276/3389/3759
f 3820/3933/3219 3841/3954/3764 3236/3349/3217
f 3564/3677/3188 2972/3085/3760 3562/3675/3315
f 3822/3935/3637 3276/3389/3759 3277/3390/3187
f 3940/4053/3765 3517/3630/3260 3119/3232/3262
f 3919/4032/3766 2973/3086/3767 3920/4033/3768
f 3509/3622/3632 3510/3623/3635 3206/3319/3633
f 2973/3086/3767 3519/3632/3644 3520/3633/3769
f 3118/3231/3770 3560/3673/3515 3383/3496/3518
f 3280/3393/3771 3942/4055/3772 3940/4053/3765
f 3233/3346/3773 3826/3939/3384 3281/3394/3165
f 3689/3802/3166 3690/3803/3774 3282/3395/3775
f 3283/3396/3229 3603/3716/3776 3604/3717/3777
f 3283/3396/3229 3526/3639/3778 3603/3716/3776
f 2983/3096/3383 3329/3442/3285 3843/3956/3779
f 3911/4024/3780 3431/3544/3781 3912/4025/3782
f 3603/3716/3776 3945/4058/3783 3284/3397/3784
f 2960/3073/3785 3993/4106/3786 3904/4017/3787
f 3467/3580/3753 3929/4042/3788 3144/3257/3546
f 3585/3698/3678 3639/3752/3789 3227/3340/3153
f 3286/3399/3157 3866/3979/3594 3357/3470/3202
f 3352/3465/3790 3856/3969/3791 3350/3463/3340
f 3357/3470/3202 3581/3694/3574 3865/3978/3792
f 3523/3636/3793 3350/3463/3340 3856/3969/3791
f 3135/3248/3032 3288/3401/3027 2883/2969/3026
f 3091/3204/3304 3288/3401/3027 3038/3151/3401
f 3528/3641/3551 2992/3105/3254 3527/3640/3794
f 3692/3805/3555 2968/3081/3025 3607/3720/3795
f 4013/4126/3796 3980/4093/3797 3607/3720/3795
f 3018/3131/3583 3664/3777/3798 3663/3776/3010
f 3527/3640/3794 3423/3536/3266 3434/3547/3799
f 3153/3266/3566 3614/3727/3800 3615/3728/3567
f 3636/3749/3167 3434/3547/3799 3435/3548/3801
f 3427/3540/3056 3150/3263/3553 3425/3538/3554
f 2995/3108/3538 3625/3738/3264 3626/3739/3802
f 3542/3655/3588 3827/3940/3596 3293/3406/3595
f 3540/3653/3710 2965/3078/3161 3537/3650/3163
f 3631/3744/3803 3544/3657/3804 3988/4101/3805
f 3294/3407/3806 3540/3653/3710 3951/4064/3807
f 3618/3731/3808 3154/3267/3809 3981/4094/3810
f 3296/3409/3213 3828/3941/3624 3829/3942/3626
f 3599/3712/3211 2966/3079/3225 3386/3499/3609
f 3297/3410/3811 4006/4119/3730 3550/3663/3618
f 3399/3512/3647 3400/3513/3735 3252/3365/3424
f 3089/3202/2863 3298/3411/2865 2951/3064/3135
f 3090/3203/2875 3298/3411/2865 3037/3150/2862
f 3525/3638/3812 3034/3147/3606 3524/3637/3742
f 3944/4057/3813 3833/3946/3290 3525/3638/3812
f 3443/3556/3814 3318/3431/3815 3922/4035/3816
f 3439/3552/3817 3440/3553/3704 3442/3555/3818
f 3580/3693/3287 3301/3414/3336 3126/3239/3819
f 3778/3891/3607 3301/3414/3336 3013/3126/3286
f 3483/3596/3542 3457/3570/3754 3456/3569/3547
f 3486/3599/3820 3926/4039/3821 3459/3572/3822
f 3682/3795/3823 3927/4040/3824 3462/3575/3825
f 3389/3502/3826 3685/3798/3690 3684/3797/3827
f 3370/3483/3491 3474/3587/3498 3368/3481/3828
f 3459/3572/3822 3304/3417/3829 3458/3571/3830
f 3877/3990/3831 3415/3528/3832 3305/3418/3833
f 3458/3571/3830 3304/3417/3829 3455/3568/3657
f 3794/3907/3715 3306/3419/3718 3243/3356/3716
f 2978/3091/3110 3273/3386/3698 3306/3419/3718
f 3172/3285/3257 3307/3420/3005 2872/2958/3004
f 3169/3282/3013 3307/3420/3005 3039/3152/3012
f 3545/3658/3579 3308/3421/3429 3166/3279/3428
f 3002/3115/3585 3725/3838/2972 3726/3839/3430
f 3507/3620/3631 3213/3326/3362 2990/3103/3834
f 3444/3557/3527 3309/3422/3363 3205/3318/3195
f 3043/3156/3346 3100/3213/2985 3834/3947/2989
f 3310/3423/2988 2863/2949/2990 2864/2950/2991
f 3835/3948/3580 3168/3281/3099 3083/3196/3112
f 3956/4069/3516 3007/3120/3390 3560/3673/3515
f 3771/3884/3598 3312/3425/3359 3186/3299/2906
f 3312/3425/3359 2977/3090/3835 3836/3949/3360
f 2977/3090/3835 3773/3886/3836 3774/3887/3837
f 3783/3896/3484 3785/3898/3291 3210/3323/3293
f 3313/3426/3838 3000/3113/3839 3314/3427/3358
f 3314/3427/3358 3000/3113/3839 3593/3706/3450
f 3841/3954/3764 3691/3804/3183 3315/3428/3190
f 3320/3433/3185 3239/3352/3191 3315/3428/3190
f 3820/3933/3219 3319/3432/3702 3841/3954/3764
f 3648/3761/3840 3649/3762/3747 3259/3372/3841
f 3839/3952/3842 3317/3430/3708 3838/3951/3746
f 3839/3952/3842 3923/4036/3706 3317/3430/3708
f 3922/4035/3816 3238/3351/3843 3442/3555/3818
f 4008/4121/3844 3373/3486/3236 3879/3992/3845
f 3824/3937/3700 3276/3389/3759 3823/3936/3763
f 3839/3952/3842 3319/3432/3702 3238/3351/3843
f 3691/3804/3183 3320/3433/3185 3315/3428/3190
f 3321/3434/3719 3322/3435/3661 3221/3334/3532
f 4004/4117/3529 3321/3434/3719 3221/3334/3532
f 3306/3419/3718 3321/3434/3719 3243/3356/3716
f 3320/3433/3185 3322/3435/3661 3321/3434/3719
f 3649/3762/3747 3650/3763/3662 2962/3075/3184
f 3840/3953/3707 3649/3762/3747 3317/3430/3708
f 3648/3761/3840 3372/3485/3745 3647/3760/3846
f 3106/3219/3667 3482/3595/3847 3935/4048/3848
f 3928/4041/3668 3223/3336/3670 3464/3577/3497
f 3325/3438/3663 3482/3595/3847 3481/3594/3849
f 3476/3589/3499 3477/3590/3850 3222/3335/3221
f 3569/3682/3559 3961/4074/3851 2988/3101/3051
f 3393/3506/3852 3913/4026/3853 3914/4027/3854
f 3147/3260/3017 3327/3440/3008 2876/2962/3007
f 3171/3284/3347 3327/3440/3008 3040/3153/3349
f 3996/4109/3639 3328/3441/3295 3209/3322/3420
f 3716/3829/3421 3328/3441/3295 3020/3133/3447
f 3233/3346/3773 3801/3914/3685 3453/3566/3461
f 3580/3693/3287 3330/3443/3537 3843/3956/3779
f 3330/3443/3537 3580/3693/3287 3844/3957/3535
f 3604/3717/3777 3605/3718/3230 3283/3396/3229
f 3126/3239/3819 3735/3848/3418 3736/3849/3536
f 3697/3810/3727 3331/3444/3534 3845/3958/3371
f 3653/3766/3855 3654/3767/3728 3697/3810/3727
f 3216/3329/3856 3526/3639/3778 3586/3699/3857
f 3154/3267/3809 3609/3722/3858 3981/4094/3810
f 3612/3725/3859 3342/3455/3860 3614/3727/3800
f 3652/3765/3861 2998/3111/3245 3505/3618/3244
f 2967/3080/3862 3660/3773/3370 3659/3772/3863
f 3005/3118/3317 3733/3846/3316 3563/3676/3517
f 3563/3676/3517 3957/4070/3864 3335/3448/3703
f 3345/3458/3086 3336/3449/3088 3249/3362/3128
f 3336/3449/3088 2982/3095/3087 3337/3450/3331
f 2982/3095/3087 3547/3660/3227 3337/3450/3331
f 3634/3747/3865 3032/3145/3107 3633/3746/3333
f 4007/4120/3866 3547/3660/3227 3549/3662/3520
f 3338/3451/3519 3848/3961/3739 4007/4120/3866
f 3513/3626/3867 2963/3076/3738 3512/3625/3737
f 3942/4055/3772 3515/3628/3868 3516/3629/3869
f 3204/3317/3524 3452/3565/3870 3451/3564/3731
f 3340/3453/3734 3452/3565/3870 3849/3962/3732
f 3851/3964/3653 3341/3454/3655 3143/3256/3750
f 3341/3454/3655 2974/3087/3654 3478/3591/3871
f 3430/3543/3872 3153/3266/3566 3910/4023/3562
f 3950/4063/3873 3608/3721/3874 3544/3657/3804
f 3657/3770/3875 3609/3722/3858 3343/3456/3876
f 3154/3267/3809 3988/4101/3805 3608/3721/3874
f 3611/3724/3877 3612/3725/3859 3609/3722/3858
f 3241/3354/3712 3948/4061/3711 3949/4062/3878
f 3011/3124/3328 3345/3458/3086 3249/3362/3128
f 3345/3458/3086 3250/3363/3729 3550/3663/3618
f 3085/3198/3122 2911/2997/3124 3348/3461/3326
f 3346/3459/3325 3050/3163/3324 3347/3460/3423
f 3884/3997/3879 3347/3460/3423 3050/3163/3324
f 3678/3791/3880 3347/3460/3423 2996/3109/3408
f 3348/3461/3326 2912/2998/3120 3677/3790/3119
f 3085/3198/3122 3348/3461/3326 3346/3459/3325
f 3853/3966/3881 3349/3462/2864 3014/3127/3882
f 3523/3636/3793 3037/3150/2862 3349/3462/2864
f 3853/3966/3881 3854/3967/3338 3350/3463/3340
f 3350/3463/3340 3855/3968/3339 3352/3465/3790
f 3763/3876/3458 3014/3127/3882 3762/3875/3459
f 2975/3088/3385 3406/3519/3156 3410/3523/3883
f 3287/3400/3884 3857/3970/3885 3352/3465/3790
f 3353/3466/3886 3672/3785/3243 3673/3786/3242
f 3675/3788/3887 3617/3730/3888 3674/3787/3889
f 3360/3473/3721 3671/3784/3890 3245/3358/3891
f 3865/3978/3792 3858/3971/3892 3357/3470/3202
f 3865/3978/3792 3860/3973/3725 3354/3467/3893
f 3582/3695/3575 3356/3469/3894 3861/3974/3724
f 3246/3359/3568 3983/4096/3570 3675/3788/3887
f 3618/3731/3808 3630/3743/3895 3154/3267/3809
f 3861/3974/3724 3862/3975/3896 3355/3468/3722
f 3354/3467/3893 3857/3970/3885 3858/3971/3892
f 3358/3471/3897 3866/3979/3594 3867/3980/3341
f 3978/4091/3898 2987/3100/3273 3642/3755/3899
f 3581/3694/3574 2959/3072/3576 3865/3978/3792
f 3523/3636/3793 3359/3472/3398 3037/3150/2862
f 3652/3765/3861 4012/4125/3900 3245/3358/3891
f 3359/3472/3398 3868/3981/3901 3360/3473/3721
f 3671/3784/3890 3672/3785/3243 3353/3466/3886
f 3365/3478/2937 3363/3476/2936 3873/3986/3902
f 3871/3984/2920 3870/3983/2922 3362/3475/3740
f 3375/3488/3321 3376/3489/3741 3258/3371/3235
f 3729/3842/2940 3720/3833/3426 3009/3122/3903
f 3869/3982/2931 3365/3478/2937 3361/3474/2921
f 3872/3985/3196 3104/3217/3487 3364/3477/3904
f 3479/3592/3669 3602/3715/3905 3223/3336/3670
f 3881/3994/3743 3878/3991/3490 3258/3371/3235
f 3555/3668/3480 3955/4068/3906 3102/3215/2930
f 3363/3476/2936 3366/3479/2938 3104/3217/3487
f 3365/3478/2937 3875/3988/3486 3366/3479/2938
f 3367/3480/3488 3552/3665/3485 2961/3074/3907
f 3876/3989/3489 3369/3482/3908 3368/3481/3828
f 3368/3481/3828 3223/3336/3670 3602/3715/3905
f 3369/3482/3908 3367/3480/3488 2961/3074/3907
f 3368/3481/3828 3369/3482/3908 3370/3483/3491
f 3415/3528/3832 3369/3482/3908 2961/3074/3907
f 3454/3567/3492 3370/3483/3491 3877/3990/3831
f 3877/3990/3831 3370/3483/3491 3369/3482/3908
f 3463/3576/3222 3474/3587/3498 3105/3218/3493
f 3479/3592/3669 3934/4047/3666 3658/3771/3665
f 3372/3485/3745 3259/3372/3841 3373/3486/3236
f 3646/3759/3909 3372/3485/3745 3878/3991/3490
f 3372/3485/3745 3646/3759/3909 3647/3760/3846
f 3879/3992/3845 3373/3486/3236 3259/3372/3841
f 3374/3487/3237 3373/3486/3236 2984/3097/3910
f 3524/3637/3742 3374/3487/3237 2984/3097/3910
f 3375/3488/3321 3257/3370/3452 3009/3122/3903
f 3257/3370/3452 3375/3488/3321 3374/3487/3237
f 3376/3489/3741 3880/3993/3911 3362/3475/3740
f 3375/3488/3321 3009/3122/3903 3880/3993/3911
f 3881/3994/3743 3376/3489/3741 2971/3084/3197
f 3378/3491/3216 3676/3789/3479 3025/3138/3369
f 3379/3492/3118 3884/3997/3879 3050/3163/3324
f 3676/3789/3479 3377/3490/3409 3041/3154/3091
f 3378/3491/3216 3025/3138/3369 3790/3903/3368
f 3884/3997/3879 3377/3490/3409 2996/3109/3408
f 3677/3790/3119 3379/3492/3118 3050/3163/3324
f 3398/3511/3646 3380/3493/3215 3215/3328/3214
f 3678/3791/3880 2996/3109/3408 3380/3493/3215
f 3032/3145/3107 3885/3998/3912 3167/3280/3113
f 3634/3747/3865 3382/3495/3389 3885/3998/3912
f 3885/3998/3912 3382/3495/3389 3381/3494/3111
f 3382/3495/3389 2980/3093/3523 3383/3496/3518
f 3887/4000/3913 3384/3497/3914 3886/3999/3522
f 3565/3678/3189 3566/3679/3915 3280/3393/3771
f 3339/3452/3916 3513/3626/3867 3515/3628/3868
f 3384/3497/3914 3942/4055/3772 3566/3679/3915
f 3781/3894/3238 3196/3309/3284 3199/3312/3436
f 3385/3498/3240 3197/3310/3239 3386/3499/3609
f 3599/3712/3211 3386/3499/3609 3197/3310/3239
f 3398/3511/3646 3386/3499/3609 2966/3079/3225
f 3966/4079/3917 3583/3696/3648 3965/4078/3918
f 3583/3696/3648 3889/4002/3650 3387/3500/3919
f 3388/3501/3206 3889/4002/3650 3389/3502/3826
f 3388/3501/3206 3389/3502/3826 3896/4009/3204
f 3890/4003/3920 3389/3502/3826 3232/3345/3649
f 3685/3798/3690 3390/3503/3689 3684/3797/3827
f 3893/4006/3691 3152/3265/3176 3894/4007/3921
f 3682/3795/3823 3303/3416/3922 3927/4040/3824
f 3420/3533/3923 3391/3504/3924 3890/4003/3920
f 3993/4106/3786 3681/3794/3925 3420/3533/3923
f 3680/3793/3926 3571/3684/3560 3679/3792/3927
f 3151/3264/3928 3908/4021/3054 3907/4020/3929
f 3432/3545/3681 3151/3264/3928 3426/3539/3930
f 3436/3549/3683 3917/4030/3931 2969/3082/3684
f 3893/4006/3691 3894/4007/3921 3394/3507/3932
f 3394/3507/3932 3931/4044/3933 3471/3584/3565
f 3501/3614/3758 3396/3509/3934 3500/3613/3757
f 3494/3607/3298 3397/3510/3935 3493/3606/3936
f 3107/3220/3937 3486/3599/3820 3487/3600/3938
f 3491/3604/3939 3396/3509/3934 3490/3603/3940
f 3499/3612/3602 3500/3613/3757 3491/3604/3939
f 3396/3509/3934 3487/3600/3938 3490/3603/3940
f 3386/3499/3609 3398/3511/3646 3215/3328/3214
f 3399/3512/3647 3398/3511/3646 2966/3079/3225
f 2966/3079/3225 3831/3944/3224 3400/3513/3735
f 3399/3512/3647 3252/3365/3424 3678/3791/3880
f 3550/3663/3618 3400/3513/3735 3297/3410/3811
f 3984/4097/3327 3400/3513/3735 3250/3363/3729
f 3092/3205/2951 3401/3514/2955 64/3026/297
f 3093/3206/2960 3401/3514/2955 3042/3155/3259
f 3170/3283/3000 3402/3515/3015 2868/2954/3001
f 3099/3212/2997 3402/3515/3015 3044/3157/3412
f 3100/3213/2985 3403/3516/2986 2861/2947/2983
f 3127/3240/2982 3403/3516/2986 3045/3158/2995
f 3998/4111/3941 3038/3151/3401 3739/3852/3400
f 3916/4029/3942 3404/3517/3473 3326/3439/3943
f 3287/3400/3884 3855/3968/3339 3410/3523/3883
f 3405/3518/3158 3410/3523/3883 3406/3519/3156
f 3411/3524/3388 3407/3520/3387 3897/4010/3386
f 3408/3521/3342 3286/3399/3157 3406/3519/3156
f 3898/4011/3463 3031/3144/2885 3079/3192/2893
f 3898/4011/3463 4009/4122/3944 3407/3520/3387
f 3408/3521/3342 3406/3519/3156 3897/4010/3386
f 3409/3522/3277 3408/3521/3342 3015/3128/3278
f 3752/3865/2892 3753/3866/3276 3015/3128/3278
f 3978/4091/3898 3867/3980/3341 2987/3100/3273
f 3287/3400/3884 3410/3523/3883 3405/3518/3158
f 3410/3523/3883 3351/3464/3945 3900/4013/3946
f 3412/3525/3322 3411/3524/3388 2975/3088/3385
f 3031/3144/2885 3422/3535/3464 3080/3193/2879
f 3413/3526/3323 3900/4013/3946 3351/3464/3945
f 3414/3527/3380 3412/3525/3322 3029/3142/2857
f 3900/4013/3946 3412/3525/3322 2975/3088/3385
f 3413/3526/3323 3351/3464/3945 3854/3967/3338
f 3075/3188/2859 3414/3527/3380 3029/3142/2857
f 3010/3123/3947 3422/3535/3464 3651/3764/3381
f 3901/4014/3948 3415/3528/3832 2961/3074/3907
f 3489/3602/3500 3416/3529/3514 3488/3601/3513
f 3490/3603/3940 3487/3600/3938 3936/4049/3502
f 3458/3571/3830 3485/3598/3512 3459/3572/3822
f 2961/3074/3907 3552/3665/3485 3962/4075/3179
f 3572/3685/3181 3573/3686/3949 3417/3530/3950
f 3115/3228/3951 3786/3899/3292 3774/3887/3837
f 3771/3884/3598 3187/3300/3599 3772/3885/3952
f 3772/3885/3952 3773/3886/3836 2977/3090/3835
f 3492/3605/3953 3493/3606/3936 3397/3510/3935
f 3232/3345/3649 3583/3696/3648 3967/4080/3954
f 3680/3793/3926 3681/3794/3925 3993/4106/3786
f 3915/4028/3955 3894/4007/3921 3152/3265/3176
f 3959/4072/3252 3958/4071/3173 3567/3680/3674
f 3651/3764/3381 3422/3535/3464 3411/3524/3388
f 3754/3867/3465 3422/3535/3464 3010/3123/3947
f 3149/3262/3256 3748/3861/3550 3424/3537/3552
f 3434/3547/3799 3423/3536/3266 3150/3263/3553
f 3149/3262/3256 3424/3537/3552 3423/3536/3266
f 3906/4019/3577 3424/3537/3552 3155/3268/3373
f 3426/3539/3930 3425/3538/3554 2969/3082/3684
f 3425/3538/3554 3426/3539/3930 3907/4020/3929
f 3914/4027/3854 2969/3082/3684 3437/3550/3956
f 3432/3545/3681 3392/3505/3680 3679/3792/3927
f 3427/3540/3056 3907/4020/3929 3908/4021/3054
f 3435/3548/3801 3292/3405/3957 3636/3749/3167
f 3428/3541/3958 3908/4021/3054 3571/3684/3560
f 3910/4023/3562 3615/3728/3567 3428/3541/3958
f 3904/4017/3787 3431/3544/3781 3911/4024/3780
f 3912/4025/3782 3429/3542/3561 3911/4024/3780
f 3216/3329/3856 3698/3811/3959 3655/3768/3571
f 3612/3725/3859 3613/3726/3960 3343/3456/3876
f 3603/3716/3776 3526/3639/3778 3945/4058/3783
f 3912/4025/3782 3216/3329/3856 3990/4103/3961
f 3426/3539/3930 3913/4026/3853 3432/3545/3681
f 3433/3546/3682 3152/3265/3176 3891/4004/3178
f 3432/3545/3681 3393/3506/3852 3433/3546/3682
f 3915/4028/3955 3433/3546/3682 3393/3506/3852
f 3434/3547/3799 3150/3263/3553 3435/3548/3801
f 3527/3640/3794 3434/3547/3799 3291/3404/3023
f 3150/3263/3553 3427/3540/3056 3435/3548/3801
f 3909/4022/3055 3435/3548/3801 3427/3540/3056
f 3916/4029/3942 3436/3549/3683 3995/4108/3375
f 3228/3341/3175 3570/3683/3962 3569/3682/3559
f 3917/4030/3931 3436/3549/3683 3916/4029/3942
f 3437/3550/3956 3570/3683/3962 4010/4123/3963
f 3851/3964/3653 3438/3551/3720 3244/3357/3354
f 3264/3377/3356 3918/4031/3749 3143/3256/3750
f 3440/3553/3704 3439/3552/3817 3920/4033/3768
f 3825/3938/3701 3238/3351/3843 3319/3432/3702
f 3920/4033/3768 3921/4034/3964 3440/3553/3704
f 3442/3555/3818 3440/3553/3704 3300/3413/3705
f 2973/3086/3767 3520/3633/3769 3620/3733/3643
f 3592/3705/3443 3062/3175/3525 3591/3704/3454
f 3442/3555/3818 3300/3413/3705 3443/3556/3814
f 3439/3552/3817 3442/3555/3818 3238/3351/3843
f 3944/4057/3813 3443/3556/3814 3300/3413/3705
f 3443/3556/3814 3944/4057/3813 4008/4121/3844
f 3445/3558/3194 3444/3557/3527 3205/3318/3195
f 3449/3562/3526 3444/3557/3527 2979/3092/3628
f 3508/3621/3630 3939/4052/3965 3205/3318/3195
f 3445/3558/3194 3204/3317/3524 3447/3560/3615
f 3514/3627/3736 3206/3319/3633 3511/3624/3634
f 3451/3564/3731 3452/3565/3870 3340/3453/3734
f 3448/3561/3616 3447/3560/3615 3204/3317/3524
f 3924/4037/3613 3447/3560/3615 3203/3316/3614
f 3451/3564/3731 3448/3561/3616 3204/3317/3524
f 3448/3561/3616 3198/3311/3623 3782/3895/3622
f 3450/3563/3148 3449/3562/3526 2979/3092/3628
f 3023/3136/3361 3449/3562/3526 3122/3235/3150
f 3450/3563/3148 2979/3092/3628 3924/4037/3613
f 3008/3121/3621 3731/3844/2974 3732/3845/3149
f 3452/3565/3870 3204/3317/3524 3446/3559/3193
f 3451/3564/3731 3340/3453/3734 3830/3943/3629
f 3514/3627/3736 3452/3565/3870 3446/3559/3193
f 3849/3962/3732 3452/3565/3870 2963/3076/3738
f 3233/3346/3773 3453/3566/3461 3329/3442/3285
f 3030/3143/2902 3077/3190/2899 3453/3566/3461
f 3458/3571/3830 3454/3567/3492 3305/3418/3833
f 3454/3567/3492 3458/3571/3830 3455/3568/3657
f 3456/3569/3547 3455/3568/3657 3304/3417/3829
f 3457/3570/3754 3105/3218/3493 3455/3568/3657
f 3461/3574/3545 3456/3569/3547 3304/3417/3829
f 3483/3596/3542 3456/3569/3547 3144/3257/3546
f 3456/3569/3547 3457/3570/3754 3455/3568/3657
f 3475/3588/3223 3463/3576/3222 3457/3570/3754
f 3305/3418/3833 3485/3598/3512 3458/3571/3830
f 3486/3599/3820 3459/3572/3822 3485/3598/3512
f 3927/4040/3824 3926/4039/3821 3462/3575/3825
f 3472/3585/3966 3459/3572/3822 3926/4039/3821
f 3303/3416/3922 3471/3584/3565 3473/3586/3967
f 3461/3574/3545 3472/3585/3966 3302/3415/3968
f 3932/4045/3969 3304/3417/3829 3459/3572/3822
f 3461/3574/3545 3302/3415/3968 3466/3579/3679
f 3501/3614/3758 3502/3615/3970 3396/3509/3934
f 3682/3795/3823 3684/3797/3827 3390/3503/3689
f 3475/3588/3223 3457/3570/3754 3268/3381/3544
f 3464/3577/3497 3463/3576/3222 3222/3335/3221
f 3222/3335/3221 3477/3590/3850 3480/3593/3971
f 3464/3577/3497 3223/3336/3670 3474/3587/3498
f 3480/3593/3971 3464/3577/3497 3222/3335/3221
f 3465/3578/3972 3481/3594/3849 3482/3595/3847
f 3468/3581/3155 3466/3579/3679 3302/3415/3968
f 3639/3752/3789 3467/3580/3753 3930/4043/3154
f 3466/3579/3679 3468/3581/3155 3930/4043/3154
f 3929/4042/3788 3285/3398/3495 3267/3380/3752
f 3302/3415/3968 3470/3583/3564 3468/3581/3155
f 3468/3581/3155 3470/3583/3564 3469/3582/3548
f 3225/3338/3672 3960/4073/3673 3568/3681/3558
f 3584/3697/3676 3469/3582/3548 3225/3338/3672
f 3473/3586/3967 3302/3415/3968 3472/3585/3966
f 3469/3582/3548 3470/3583/3564 2964/3077/3563
f 3470/3583/3564 3302/3415/3968 3473/3586/3967
f 3471/3584/3565 3303/3416/3922 3892/4005/3692
f 3461/3574/3545 3304/3417/3829 3932/4045/3969
f 3473/3586/3967 3472/3585/3966 3460/3573/3973
f 3473/3586/3967 3460/3573/3973 3927/4040/3824
f 3473/3586/3967 3471/3584/3565 3470/3583/3564
f 3368/3481/3828 3474/3587/3498 3223/3336/3670
f 3105/3218/3493 3474/3587/3498 3370/3483/3491
f 3476/3589/3499 3475/3588/3223 3478/3591/3871
f 3268/3381/3544 3478/3591/3871 3475/3588/3223
f 2974/3087/3654 3601/3714/3198 3476/3589/3499
f 3476/3589/3499 3601/3714/3198 3477/3590/3850
f 3220/3333/3656 3933/4046/3664 3477/3590/3850
f 3480/3593/3971 3481/3594/3849 3465/3578/3972
f 3341/3454/3655 3478/3591/3871 3268/3381/3544
f 2974/3087/3654 3476/3589/3499 3478/3591/3871
f 3658/3771/3665 3106/3219/3667 3646/3759/3909
f 3979/4092/3974 3104/3217/3487 3602/3715/3905
f 3477/3590/3850 3933/4046/3664 3481/3594/3849
f 3480/3593/3971 3465/3578/3972 3928/4041/3668
f 3477/3590/3850 3481/3594/3849 3480/3593/3971
f 3842/3955/3531 3482/3595/3847 3325/3438/3663
f 3935/4048/3848 3324/3437/3533 3323/3436/3975
f 3482/3595/3847 3106/3219/3667 3934/4047/3666
f 3144/3257/3546 3929/4042/3788 3484/3597/3543
f 3457/3570/3754 3483/3596/3542 3268/3381/3544
f 3144/3257/3546 3484/3597/3543 3483/3596/3542
f 3341/3454/3655 3484/3597/3543 3267/3380/3752
f 3488/3601/3513 3305/3418/3833 3415/3528/3832
f 3485/3598/3512 3416/3529/3514 3486/3599/3820
f 3487/3600/3938 3486/3599/3820 3416/3529/3514
f 3486/3599/3820 3107/3220/3937 3926/4039/3821
f 3936/4049/3502 3487/3600/3938 3416/3529/3514
f 3487/3600/3938 3396/3509/3934 3502/3615/3970
f 3305/3418/3833 3488/3601/3513 3485/3598/3512
f 3415/3528/3832 3901/4014/3948 3489/3602/3500
f 3415/3528/3832 3489/3602/3500 3488/3601/3513
f 3489/3602/3500 3417/3530/3950 3902/4015/3511
f 3903/4016/3510 3490/3603/3940 3116/3229/3501
f 3491/3604/3939 3492/3605/3953 3397/3510/3935
f 3492/3605/3953 3490/3603/3940 3419/3532/3976
f 3499/3612/3602 3397/3510/3935 3498/3611/3300
f 3490/3603/3940 3492/3605/3953 3491/3604/3939
f 3419/3532/3976 3772/3885/3952 3493/3606/3936
f 3419/3532/3976 3493/3606/3936 3492/3605/3953
f 3495/3608/3600 3494/3607/3298 3493/3606/3936
f 3495/3608/3600 3493/3606/3936 3187/3300/3599
f 3497/3610/3299 3494/3607/3298 3188/3301/3601
f 3775/3888/3232 3495/3608/3600 3187/3300/3599
f 3496/3609/3748 3001/3114/3233 3260/3373/3416
f 3001/3114/3233 3496/3609/3748 3495/3608/3600
f 3261/3374/3415 3496/3609/3748 3260/3373/3416
f 3497/3610/3299 3188/3301/3601 3579/3692/3604
f 3498/3611/3300 3497/3610/3299 2970/3083/3504
f 3498/3611/3300 2970/3083/3504 3895/4008/3205
f 3494/3607/3298 3498/3611/3300 3397/3510/3935
f 3500/3613/3757 3499/3612/3602 3395/3508/3756
f 3491/3604/3939 3397/3510/3935 3499/3612/3602
f 3271/3384/3755 3500/3613/3757 3395/3508/3756
f 3491/3604/3939 3500/3613/3757 3396/3509/3934
f 3683/3796/3977 3501/3614/3758 3271/3384/3755
f 3502/3615/3970 3462/3575/3825 3107/3220/3937
f 3462/3575/3825 3502/3615/3970 3501/3614/3758
f 3487/3600/3938 3502/3615/3970 3107/3220/3937
f 3139/3252/2905 3503/3616/2913 2939/3052/2912
f 3132/3245/3297 3503/3616/2913 3046/3159/3414
f 3937/4050/3451 3026/3139/3399 3938/4051/3978
f 3504/3617/3246 2998/3111/3245 3735/3848/3418
f 3505/3618/3244 3937/4050/3451 3938/4051/3978
f 3652/3765/3861 3334/3447/3372 3736/3849/3536
f 3016/3129/3468 3755/3868/3469 3756/3869/3466
f 3265/3378/3355 3813/3926/3751 3814/3927/3393
f 3213/3326/3362 3507/3620/3631 3309/3422/3363
f 3508/3621/3630 3507/3620/3631 2990/3103/3834
f 2990/3103/3834 3622/3735/2943 3986/4099/3979
f 3508/3621/3630 3206/3319/3633 3939/4052/3965
f 3986/4099/3979 3508/3621/3630 2990/3103/3834
f 3212/3325/3980 3520/3633/3769 3531/3644/3636
f 3279/3392/3981 3521/3634/3982 3510/3623/3635
f 3510/3623/3635 3521/3634/3982 3511/3624/3634
f 3512/3625/3737 3511/3624/3634 3207/3320/3983
f 3514/3627/3736 3446/3559/3193 3939/4052/3965
f 3515/3628/3868 3512/3625/3737 3207/3320/3983
f 3513/3626/3867 3253/3366/3226 3849/3962/3732
f 3515/3628/3868 3513/3626/3867 3512/3625/3737
f 3953/4066/3984 3513/3626/3867 3339/3452/3916
f 3512/3625/3737 3514/3627/3736 3511/3624/3634
f 3452/3565/3870 3514/3627/3736 2963/3076/3738
f 3516/3629/3869 3515/3628/3868 3207/3320/3983
f 3384/3497/3914 3339/3452/3916 3515/3628/3868
f 3516/3629/3869 3207/3320/3983 3517/3630/3260
f 3516/3629/3869 3940/4053/3765 3942/4055/3772
f 3521/3634/3982 3517/3630/3260 3207/3320/3983
f 3518/3631/3261 3278/3391/3645 3823/3936/3763
f 3517/3630/3260 3279/3392/3981 3518/3631/3261
f 3519/3632/3644 2973/3086/3767 3919/4032/3766
f 3518/3631/3261 3279/3392/3981 3519/3632/3644
f 3531/3644/3636 3279/3392/3981 3510/3623/3635
f 3279/3392/3981 3520/3633/3769 3519/3632/3644
f 3620/3733/3643 3520/3633/3769 3212/3325/3980
f 3517/3630/3260 3521/3634/3982 3279/3392/3981
f 3511/3624/3634 3521/3634/3982 3207/3320/3983
f 2972/3085/3760 3275/3388/3762 3522/3635/3696
f 3943/4056/3697 3522/3635/3696 3275/3388/3762
f 3523/3636/3793 3349/3462/2864 3853/3966/3881
f 3523/3636/3793 2986/3099/3241 3868/3981/3901
f 3525/3638/3812 3524/3637/3742 2984/3097/3910
f 3808/3921/3234 3524/3637/3742 3034/3147/3606
f 4008/4121/3844 3944/4057/3813 2984/3097/3910
f 3034/3147/3606 3525/3638/3812 3299/3412/3289
f 3586/3699/3857 3526/3639/3778 3283/3396/3229
f 3912/4025/3782 3526/3639/3778 3216/3329/3856
f 3694/3807/3556 3528/3641/3551 3527/3640/3794
f 3423/3536/3266 3527/3640/3794 2992/3105/3254
f 3694/3807/3556 3527/3640/3794 3291/3404/3023
f 3529/3642/3406 3528/3641/3551 3289/3402/3034
f 3695/3808/3033 3530/3643/3348 3529/3642/3406
f 3040/3153/3349 3745/3858/3376 3746/3859/3405
f 3695/3808/3033 3529/3642/3406 3289/3402/3034
f 3087/3200/3137 3946/4059/3407 3018/3131/3583
f 3212/3325/3980 3531/3644/3636 3509/3622/3632
f 3279/3392/3981 3531/3644/3636 3520/3633/3769
f 3017/3130/3582 3587/3700/3985 3532/3645/3413
f 3532/3645/3413 3587/3700/3985 3533/3646/3170
f 3534/3647/3168 3533/3646/3170 3182/3295/3344
f 3574/3687/3345 3533/3646/3170 2991/3104/3169
f 3535/3648/3587 3534/3647/3168 3182/3295/3344
f 3578/3691/3590 3577/3690/3263 3576/3689/2994
f 3536/3649/3162 3535/3648/3587 3182/3295/3344
f 3535/3648/3587 3536/3649/3162 3542/3655/3588
f 3969/4082/3343 3587/3700/3985 3588/3701/3589
f 3537/3650/3163 3536/3649/3162 3240/3353/3986
f 3947/4060/3987 3537/3650/3163 3240/3353/3986
f 3540/3653/3710 3294/3407/3806 3827/3940/3596
f 2989/3102/3403 3667/3780/3988 3668/3781/3404
f 3664/3777/3798 3290/3403/3989 3666/3779/3990
f 3539/3652/3991 3667/3780/3988 3666/3779/3990
f 3607/3720/3795 3980/4093/3797 3692/3805/3555
f 3537/3650/3163 3947/4060/3987 3543/3656/3709
f 3629/3742/3992 3295/3408/3714 3627/3740/3713
f 3951/4064/3807 3543/3656/3709 3952/4065/3993
f 3541/3654/3994 3952/4065/3993 3544/3657/3804
f 3827/3940/3596 3542/3655/3588 2965/3078/3161
f 3626/3739/3802 3542/3655/3588 3293/3406/3595
f 3948/4061/3711 3543/3656/3709 3538/3651/3995
f 3952/4065/3993 3543/3656/3709 3241/3354/3712
f 3241/3354/3712 3949/4062/3878 3950/4063/3873
f 3988/4101/3805 3154/3267/3809 3630/3743/3895
f 3758/3871/3427 3759/3872/3318 3166/3279/3428
f 3178/3291/3584 3002/3115/3585 3545/3658/3579
f 3992/4105/3437 3546/3659/3578 2985/3098/3320
f 3178/3291/3584 3545/3658/3579 3546/3659/3578
f 3548/3661/3228 3547/3660/3227 2982/3095/3087
f 3547/3660/3227 3253/3366/3226 3549/3662/3520
f 2982/3095/3087 3345/3458/3086 3550/3663/3618
f 3548/3661/3228 3251/3364/3617 3850/3963/3733
f 3953/4066/3984 3253/3366/3226 3513/3626/3867
f 3549/3662/3520 3953/4066/3984 3551/3664/3521
f 2982/3095/3087 3550/3663/3618 3548/3661/3228
f 3550/3663/3618 3250/3363/3729 3400/3513/3735
f 3887/4000/3913 3339/3452/3916 3384/3497/3914
f 2980/3093/3523 3338/3451/3519 3551/3664/3521
f 3366/3479/2938 3552/3665/3485 3367/3480/3488
f 3553/3666/3180 3552/3665/3485 3103/3216/3996
f 3553/3666/3180 3103/3216/3996 3554/3667/3482
f 3553/3666/3180 3115/3228/3951 3572/3685/3181
f 3555/3668/3480 3554/3667/3482 3103/3216/3996
f 3784/3897/3483 3554/3667/3482 2976/3089/3481
f 3555/3668/3480 3103/3216/3996 3875/3988/3486
f 3727/3840/3478 3555/3668/3480 3102/3215/2930
f 3108/3221/3050 3556/3669/3049 2893/2979/3270
f 3145/3258/3147 3556/3669/3049 3047/3160/3048
f 3141/3254/3378 3234/3347/3108 3558/3671/3377
f 3623/3736/3311 3006/3119/3062 3557/3670/3379
f 3558/3671/3377 2978/3091/3110 3794/3907/3715
f 3141/3254/3378 3558/3671/3377 3557/3670/3379
f 3559/3672/3330 3012/3125/3332 3776/3889/3472
f 3336/3449/3088 3559/3672/3330 3035/3148/3129
f 3561/3674/3314 3560/3673/3515 3118/3231/3770
f 3382/3495/3389 3560/3673/3515 3007/3120/3390
f 3564/3677/3188 3562/3675/3315 3561/3674/3314
f 3117/3230/3313 3311/3424/3432 3956/4069/3516
f 3564/3677/3188 3561/3674/3314 3118/3231/3770
f 2972/3085/3760 3522/3635/3696 3957/4070/3864
f 3957/4070/3864 3562/3675/3315 2972/3085/3760
f 3563/3676/3517 3335/3448/3703 3847/3960/3456
f 3565/3678/3189 3564/3677/3188 3118/3231/3770
f 3821/3934/3761 3564/3677/3188 3277/3390/3187
f 3566/3679/3915 3118/3231/3770 3383/3496/3518
f 3565/3678/3189 3280/3393/3771 3941/4054/3638
f 3118/3231/3770 3566/3679/3915 3565/3678/3189
f 3566/3679/3915 3383/3496/3518 3886/3999/3522
f 3568/3681/3558 3567/3680/3674 3228/3341/3175
f 3931/4044/3933 2964/3077/3563 3471/3584/3565
f 3569/3682/3559 3568/3681/3558 3228/3341/3175
f 3225/3338/3672 3469/3582/3548 3960/4073/3673
f 4010/4123/3963 3228/3341/3175 3905/4018/3174
f 2988/3101/3051 3595/3708/3053 3973/4086/3557
f 3437/3550/3956 3917/4030/3931 4011/4124/3997
f 3961/4074/3851 3570/3683/3962 3326/3439/3943
f 3679/3792/3927 3151/3264/3928 3432/3545/3681
f 3571/3684/3560 2960/3073/3785 3911/4024/3780
f 3573/3686/3949 3572/3685/3181 3115/3228/3951
f 3572/3685/3181 3417/3530/3950 3901/4014/3948
f 3774/3887/3837 3573/3686/3949 3115/3228/3951
f 3573/3686/3949 3418/3531/3509 3902/4015/3511
f 3533/3646/3170 3574/3687/3345 3044/3157/3412
f 3574/3687/3345 2991/3104/3169 3575/3688/2993
f 3576/3689/2994 3575/3688/2993 2991/3104/3169
f 3100/3213/2985 3043/3156/3346 3575/3688/2993
f 3534/3647/3168 3578/3691/3590 2991/3104/3169
f 3100/3213/2985 3576/3689/2994 3045/3158/2995
f 3578/3691/3590 3576/3689/2994 2991/3104/3169
f 3625/3738/3264 3577/3690/3263 3181/3294/3586
f 3535/3648/3587 3578/3691/3590 3534/3647/3168
f 3181/3294/3586 3577/3690/3263 3578/3691/3590
f 3254/3367/3268 3579/3692/3604 2993/3106/2888
f 3579/3692/3604 3255/3368/3505 3497/3610/3299
f 3301/3414/3336 3580/3693/3287 3013/3126/3286
f 3844/3957/3535 3580/3693/3287 3126/3239/3819
f 3358/3471/3897 3963/4076/3998 3581/3694/3574
f 3185/3298/3999 3627/3740/3713 3582/3695/3575
f 3582/3695/3575 3581/3694/3574 3963/4076/3998
f 3964/4077/4000 3582/3695/3575 3295/3408/3714
f 3965/4078/3918 3583/3696/3648 3387/3500/3919
f 3967/4080/3954 3583/3696/3648 3284/3397/3784
f 3972/4085/3671 3584/3697/3676 3225/3338/3672
f 3585/3698/3678 3584/3697/3676 3226/3339/3677
f 3968/4081/3392 3585/3698/3678 3226/3339/3677
f 3639/3752/3789 2981/3094/3391 3285/3398/3495
f 3606/3719/3231 3586/3699/3857 3283/3396/3229
f 3586/3699/3857 3332/3445/3726 3698/3811/3959
f 3588/3701/3589 3587/3700/3985 3017/3130/3582
f 3533/3646/3170 3587/3700/3985 3182/3295/3344
f 3588/3701/3589 3017/3130/3582 3589/3702/3581
f 3969/4082/3343 3240/3353/3986 3536/3649/3162
f 3970/4083/3014 3589/3702/3581 3017/3130/3582
f 3665/3778/3011 3589/3702/3581 3039/3152/3012
f 3590/3703/3394 3071/3184/2950 3832/3945/3453
f 3591/3704/3454 3590/3703/3394 2999/3112/3288
f 3971/4084/3352 3441/3554/3351 3985/4098/3642
f 3121/3234/2954 3591/3704/3454 3062/3175/3525
f 3971/4084/3352 3591/3704/3454 2999/3112/3288
f 3592/3705/3443 3971/4084/3352 3985/4098/3642
f 3593/3706/3450 3068/3181/2928 3837/3950/3449
f 3594/3707/3419 3593/3706/3450 3000/3113/3839
f 3594/3707/3419 3000/3113/3839 3783/3896/3484
f 3133/3246/3143 3594/3707/3419 3049/3162/3294
f 3224/3337/3052 3799/3912/3675 3972/4085/3671
f 3225/3338/3672 3568/3681/3558 3973/4086/3557
f 3231/3344/3164 3974/4087/3688 3596/3709/3503
f 3596/3709/3503 3387/3500/3919 3889/4002/3650
f 3628/3741/4001 3294/3407/3806 3629/3742/3992
f 3642/3755/3899 2987/3100/3273 3641/3754/3275
f 3977/4090/3249 3598/3711/4002 3976/4089/3250
f 3977/4090/3249 3963/4076/3998 3598/3711/4002
f 3600/3713/3212 3599/3712/3211 3197/3310/3239
f 3831/3944/3224 3599/3712/3211 3296/3409/3213
f 3200/3313/3619 3600/3713/3212 3197/3310/3239
f 3600/3713/3212 3202/3315/3620 3828/3941/3624
f 3601/3714/3198 2974/3087/3654 3805/3918/3353
f 3477/3590/3850 3601/3714/3198 3220/3333/3656
f 3979/4092/3974 3602/3715/3905 3479/3592/3669
f 3602/3715/3905 3104/3217/3487 3876/3989/3489
f 3966/4079/3917 3284/3397/3784 3583/3696/3648
f 3603/3716/3776 3966/4079/3917 3604/3717/3777
f 3690/3803/3774 3604/3717/3777 3282/3395/3775
f 2983/3096/3383 3843/3956/3779 3605/3718/3230
f 2983/3096/3383 3605/3718/3230 3604/3717/3777
f 3844/3957/3535 3606/3719/3231 3330/3443/3537
f 3331/3444/3534 3332/3445/3726 3606/3719/3231
f 3606/3719/3231 3332/3445/3726 3586/3699/3857
f 3852/3965/3258 3607/3720/3795 2968/3081/3025
f 3949/4062/3878 4013/4126/3796 3344/3457/4003
f 3344/3457/4003 3852/3965/3258 3611/3724/3877
f 3609/3722/3858 3154/3267/3809 3608/3721/3874
f 3611/3724/3877 3608/3721/3874 3344/3457/4003
f 3343/3456/3876 3656/3769/3572 3657/3770/3875
f 3864/3977/3569 3982/4095/4004 3616/3729/4005
f 3246/3359/3568 3862/3975/3896 3863/3976/3651
f 3612/3725/3859 3611/3724/3877 3342/3455/3860
f 3609/3722/3858 3608/3721/3874 3611/3724/3877
f 3613/3726/3960 3614/3727/3800 3153/3266/3566
f 3609/3722/3858 3612/3725/3859 3343/3456/3876
f 3153/3266/3566 3430/3543/3872 3613/3726/3960
f 3991/4104/3573 3613/3726/3960 3430/3543/3872
f 3612/3725/3859 3614/3727/3800 3613/3726/3960
f 3989/4102/4006 3615/3728/3567 3614/3727/3800
f 3989/4102/4006 3614/3727/3800 3342/3455/3860
f 3615/3728/3567 3292/3405/3957 3909/4022/3055
f 3653/3766/3855 3616/3729/4005 3982/4095/4004
f 3660/3773/3370 3617/3730/3888 3659/3772/3863
f 3616/3729/4005 3653/3766/3855 3659/3772/3863
f 3245/3358/3891 3671/3784/3890 3674/3787/3889
f 3983/4096/3570 3864/3977/3569 3616/3729/4005
f 3295/3408/3714 3987/4100/4007 3964/4077/4000
f 3252/3365/3424 3400/3513/3735 3984/4097/3327
f 3346/3459/3325 3619/3732/3329 3011/3124/3328
f 3621/3734/2945 3620/3733/3643 3212/3325/3980
f 3620/3733/3643 3441/3554/3351 3921/4034/3964
f 3621/3734/2945 3212/3325/3980 3622/3735/2943
f 3019/3132/3441 3592/3705/3443 3985/4098/3642
f 3986/4099/3979 3212/3325/3980 3509/3622/3632
f 3787/3900/3641 3622/3735/2943 2990/3103/3834
f 3558/3671/3377 3623/3736/3311 3557/3670/3379
f 3242/3355/3541 3792/3905/3660 3624/3737/3060
f 3242/3355/3541 3624/3737/3060 3623/3736/3311
f 3624/3737/3060 3218/3331/3717 3817/3930/3061
f 3626/3739/3802 3625/3738/3264 3181/3294/3586
f 3180/3293/3265 3625/3738/3264 2995/3108/3538
f 3542/3655/3588 3626/3739/3802 3181/3294/3586
f 3626/3739/3802 3293/3406/3595 3769/3882/3593
f 3628/3741/4001 3627/3740/3713 3185/3298/3999
f 3294/3407/3806 3951/4064/3807 3629/3742/3992
f 3977/4090/3249 3628/3741/4001 3185/3298/3999
f 3597/3710/3251 3294/3407/3806 3628/3741/4001
f 3629/3742/3992 3627/3740/3713 3628/3741/4001
f 3631/3744/3803 3629/3742/3992 3541/3654/3994
f 3987/4100/4007 3630/3743/3895 3618/3731/3808
f 3630/3743/3895 3295/3408/3714 3631/3744/3803
f 3629/3742/3992 3631/3744/3803 3295/3408/3714
f 3541/3654/3994 3544/3657/3804 3631/3744/3803
f 3133/3246/3143 3632/3745/2923 2932/3045/2925
f 3095/3208/3296 3632/3745/2923 3049/3162/3294
f 3696/3809/4008 3012/3125/3332 3848/3961/3739
f 3696/3809/4008 2980/3093/3523 3634/3747/3865
f 3696/3809/4008 3634/3747/3865 3633/3746/3333
f 3382/3495/3389 3634/3747/3865 2980/3093/3523
f 3066/3179/2911 3635/3748/3357 2936/3049/2909
f 3124/3237/2927 3635/3748/3357 3142/3255/2908
f 3636/3749/3167 3292/3405/3957 3637/3750/3024
f 3434/3547/3799 3636/3749/3167 3291/3404/3023
f 3989/4102/4006 3292/3405/3957 3615/3728/3567
f 3637/3750/3024 3989/4102/4006 3852/3965/3258
f 3638/3751/3350 3440/3553/3704 3921/4034/3964
f 3833/3946/3290 3638/3751/3350 2999/3112/3288
f 2981/3094/3391 3639/3752/3789 3585/3698/3678
f 3467/3580/3753 3639/3752/3789 3285/3398/3495
f 3137/3250/2872 3640/3753/3140 2946/3059/2871
f 3110/3223/3334 3640/3753/3140 3048/3161/3335
f 3770/3883/3397 3183/3296/3435 3768/3881/3591
f 3641/3754/3275 3770/3883/3397 3642/3755/3899
f 3976/4089/3250 3642/3755/3899 3184/3297/3592
f 3978/4091/3898 3642/3755/3899 3598/3711/4002
f 2916/3002/3281 3643/3756/3090 2915/3001/3279
f 3041/3154/3091 3643/3756/3090 3164/3277/3092
f 3644/3757/3125 2925/3011/3065 3706/3819/3064
f 3125/3238/3084 3644/3757/3125 3177/3290/3126
f 3125/3238/3084 3645/3758/3282 2923/3009/3082
f 3063/3176/3365 3645/3758/3282 3179/3292/3366
f 3371/3484/4009 3882/3995/3744 3883/3996/4010
f 3106/3219/3667 3935/4048/3848 3647/3760/3846
f 3106/3219/3667 3647/3760/3846 3646/3759/3909
f 3648/3761/3840 3647/3760/3846 3323/3436/3975
f 3648/3761/3840 3323/3436/3975 3649/3762/3747
f 3372/3485/3745 3648/3761/3840 3259/3372/3841
f 3650/3763/3662 3649/3762/3747 3323/3436/3975
f 3649/3762/3747 2962/3075/3184 3838/3951/3746
f 3324/3437/3533 3650/3763/3662 3323/3436/3975
f 2962/3075/3184 3650/3763/3662 3322/3435/3661
f 3412/3525/3322 3651/3764/3381 3411/3524/3388
f 3010/3123/3947 3651/3764/3381 3414/3527/3380
f 4012/4125/3900 3505/3618/3244 3938/4051/3978
f 3245/3358/3891 3334/3447/3372 3652/3765/3861
f 3653/3766/3855 3333/3446/4011 3654/3767/3728
f 3659/3772/3863 3653/3766/3855 2967/3080/3862
f 3655/3768/3571 3654/3767/3728 3333/3446/4011
f 3698/3811/3959 3332/3445/3726 3654/3767/3728
f 3656/3769/3572 3655/3768/3571 3333/3446/4011
f 3990/4103/3961 3216/3329/3856 3655/3768/3571
f 3982/4095/4004 3657/3770/3875 3656/3769/3572
f 3343/3456/3876 3613/3726/3960 3991/4104/3573
f 3982/4095/4004 3656/3769/3572 3333/3446/4011
f 3657/3770/3875 3610/3723/4012 3981/4094/3810
f 3883/3996/4010 3646/3759/3909 3371/3484/4009
f 3979/4092/3974 3658/3771/3665 3364/3477/3904
f 3845/3958/3371 3660/3773/3370 2967/3080/3862
f 3659/3772/3863 3617/3730/3888 3983/4096/3570
f 3334/3447/3372 3245/3358/3891 3660/3773/3370
f 3617/3730/3888 3660/3773/3370 3245/3358/3891
f 3094/3207/2933 3661/3774/2935 53/3037/275
f 3096/3209/2946 3661/3774/2935 3051/3164/2934
f 2929/3042/2917 3662/3775/2916 50/3040/266
f 3662/3775/2916 3065/3178/3422 3728/3841/3446
f 3087/3200/3137 3663/3776/3010 3172/3285/3257
f 3018/3131/3583 3695/3808/3033 3994/4107/4013
f 3290/3403/3989 3980/4093/3797 3666/3779/3990
f 3665/3778/3011 3664/3777/3798 2989/3102/3403
f 3664/3777/3798 3665/3778/3011 3663/3776/3010
f 3589/3702/3581 3665/3778/3011 2989/3102/3403
f 3539/3652/3991 3948/4061/3711 3667/3780/3988
f 2989/3102/3403 3664/3777/3798 3666/3779/3990
f 3668/3781/3404 3667/3780/3988 3538/3651/3995
f 2989/3102/3403 3666/3779/3990 3667/3780/3988
f 3947/4060/3987 3668/3781/3404 3538/3651/3995
f 3669/3782/3402 3668/3781/3404 3240/3353/3986
f 3588/3701/3589 3669/3782/3402 3240/3353/3986
f 2989/3102/3403 3669/3782/3402 3589/3702/3581
f 3178/3291/3584 3546/3659/3578 3992/4105/3437
f 3199/3312/3436 3024/3137/3438 3670/3783/3302
f 3360/3473/3721 3868/3981/3901 3672/3785/3243
f 3674/3787/3889 3671/3784/3890 3353/3466/3886
f 3360/3473/3721 3672/3785/3243 3671/3784/3890
f 2986/3099/3241 3856/3969/3791 3673/3786/3242
f 3859/3972/3723 3352/3465/3790 3857/3970/3885
f 3355/3468/3722 3353/3466/3886 3673/3786/3242
f 3674/3787/3889 3353/3466/3886 3675/3788/3887
f 3245/3358/3891 3674/3787/3889 3617/3730/3888
f 3353/3466/3886 3355/3468/3722 3675/3788/3887
f 3862/3975/3896 3675/3788/3887 3355/3468/3722
f 3377/3490/3409 3676/3789/3479 3378/3491/3216
f 3098/3211/3066 3676/3789/3479 3041/3154/3091
f 3677/3790/3119 3050/3163/3324 3348/3461/3326
f 2914/3000/3117 3677/3790/3119 2913/2999/3121
f 3399/3512/3647 3678/3791/3880 3380/3493/3215
f 3347/3460/3423 3678/3791/3880 3252/3365/3424
f 3680/3793/3926 3679/3792/3927 3392/3505/3680
f 3571/3684/3560 3151/3264/3928 3679/3792/3927
f 3680/3793/3926 3392/3505/3680 3681/3794/3925
f 3571/3684/3560 3680/3793/3926 2960/3073/3785
f 3891/4004/3178 3681/3794/3925 3392/3505/3680
f 3391/3504/3924 3420/3533/3923 3681/3794/3925
f 3462/3575/3825 3501/3614/3758 3683/3796/3977
f 3892/4005/3692 3682/3795/3823 3390/3503/3689
f 3684/3797/3827 3683/3796/3977 3271/3384/3755
f 3462/3575/3825 3683/3796/3977 3682/3795/3823
f 3683/3796/3977 3684/3797/3827 3682/3795/3823
f 3389/3502/3826 3684/3797/3827 3271/3384/3755
f 3890/4003/3920 3685/3798/3690 3389/3502/3826
f 3686/3799/3177 3152/3265/3176 3893/4006/3691
f 3685/3798/3690 3391/3504/3924 3686/3799/3177
f 3891/4004/3178 3686/3799/3177 3391/3504/3924
f 3096/3209/2946 3687/3800/2948 55/3035/257
f 3112/3225/2942 3687/3800/2948 3052/3165/2947
f 3028/3141/3079 3688/3801/3078 3074/3187/3133
f 2897/2983/3434 3688/3801/3078 3120/3233/3075
f 3281/3394/3165 3826/3939/3384 3690/3803/3774
f 3282/3395/3775 3965/4078/3918 4014/4127/3687
f 3281/3394/3165 3690/3803/3774 3689/3802/3166
f 3604/3717/3777 3690/3803/3774 2983/3096/3383
f 3841/3954/3764 3315/3428/3190 3236/3349/3217
f 3691/3804/3183 3316/3429/4014 3838/3951/3746
f 3290/3403/3989 3693/3806/3035 3692/3805/3555
f 3692/3805/3555 3693/3806/3035 3694/3807/3556
f 3290/3403/3989 3664/3777/3798 3994/4107/4013
f 3289/3402/3034 3528/3641/3551 3694/3807/3556
f 3289/3402/3034 3694/3807/3556 3693/3806/3035
f 2968/3081/3025 3694/3807/3556 3291/3404/3023
f 3693/3806/3035 3290/3403/3989 3994/4107/4013
f 3695/3808/3033 3018/3131/3583 3946/4059/3407
f 3012/3125/3332 3696/3809/4008 3633/3746/3333
f 2980/3093/3523 3696/3809/4008 3338/3451/3519
f 3331/3444/3534 3697/3810/3727 3332/3445/3726
f 3653/3766/3855 3697/3810/3727 2967/3080/3862
f 3655/3768/3571 3698/3811/3959 3654/3767/3728
f 3586/3699/3857 3698/3811/3959 3216/3329/3856
f 3114/3227/2967 3699/3812/2966 70/3020/474
f 3176/3289/3301 3699/3812/2966 3053/3166/2968
f 3111/3224/2957 3700/3813/2959 68/3022/221
f 3114/3227/2967 3700/3813/2959 3054/3167/2958
f 2928/3014/2962 75/3015/249 3702/3815/2964
f 3129/3242/2971 3701/3814/2963 3055/3168/3431
f 2928/3014/2962 3702/3815/2964 3701/3814/2963
f 3724/3837/2973 74/3016/248 73/3017/247
f 3168/3281/3099 3703/3816/3096 2901/2987/3095
f 3156/3269/3100 3703/3816/3096 3056/3169/3433
f 3120/3233/3075 3704/3817/3072 2896/2982/3074
f 3192/3305/3059 3704/3817/3072 3057/3170/3076
f 3127/3240/2982 3705/3818/2981 2859/2945/3136
f 3128/3241/2977 3705/3818/2981 3058/3171/2980
f 3129/3242/2971 3706/3819/3064 2926/3012/3063
f 3644/3757/3125 3706/3819/3064 3059/3172/2970
f 2958/3071/2852 2847/2933/2847 3708/3821/2849
f 3158/3271/2853 3707/3820/2850 3060/3173/3439
f 2958/3071/2852 3708/3821/2849 3707/3820/2850
f 2849/2935/2915 3708/3821/2849 2848/2934/2848
f 3130/3243/2889 3709/3822/2881 2855/2941/2883
f 3159/3272/2891 3709/3822/2881 3061/3174/2890
f 3121/3234/2954 3710/3823/2975 61/3029/234
f 3140/3253/2952 3710/3823/2975 3062/3175/3525
f 3645/3758/3282 3711/3824/3071 2922/3008/3159
f 3134/3247/3069 3711/3824/3071 3063/3176/3365
f 3163/3276/3038 3712/3825/3030 2885/2971/3029
f 3135/3248/3032 3712/3825/3030 3064/3177/3470
f 3095/3208/3296 3713/3826/2918 2930/3043/2919
f 3662/3775/2916 3713/3826/2918 3065/3178/3422
f 3145/3258/3147 3714/3827/3042 2891/2977/3044
f 3162/3275/3046 3714/3827/3042 3067/3180/3146
f 3995/4108/3375 3715/3828/3374 3003/3116/3307
f 3748/3861/3550 3715/3828/3374 3155/3268/3373
f 3328/3441/3295 3716/3829/3421 3095/3208/3296
f 3728/3841/3446 3716/3829/3421 3020/3133/3447
f 3717/3830/3309 3051/3164/2934 3718/3831/2932
f 3719/3832/2949 3717/3830/3309 3004/3117/3308
f 3721/3834/3425 3718/3831/2932 3051/3164/2934
f 3727/3840/3478 3718/3831/2932 3097/3210/3477
f 3717/3830/3309 3719/3832/2949 3096/3209/2946
f 3004/3117/3308 3871/3984/2920 3720/3833/3426
f 3004/3117/3308 3720/3833/3426 3719/3832/2949
f 3720/3833/3426 3362/3475/3740 3880/3993/3911
f 3722/3835/3475 3721/3834/3425 3094/3207/2933
f 3718/3831/2932 3721/3834/3425 3097/3210/3477
f 3109/3222/3203 3722/3835/3475 3094/3207/2933
f 3722/3835/3475 3020/3133/3447 3723/3836/3476
f 3020/3133/3447 3328/3441/3295 3996/4109/3639
f 3727/3840/3478 3723/3836/3476 2976/3089/3481
f 3702/3815/2964 3724/3837/2973 3055/3168/3431
f 73/3017/247 3101/3214/2965 3724/3837/2973
f 3726/3839/3430 3725/3838/2972 3101/3214/2965
f 3725/3838/2972 3002/3115/3585 3737/3850/2969
f 3176/3289/3301 3726/3839/3430 3101/3214/2965
f 3726/3839/3430 3308/3421/3429 3545/3658/3579
f 3555/3668/3480 3727/3840/3478 2976/3089/3481
f 3718/3831/2932 3727/3840/3478 3102/3215/2930
f 3662/3775/2916 3728/3841/3446 3109/3222/3203
f 3716/3829/3421 3728/3841/3446 3065/3178/3422
f 3720/3833/3426 3729/3842/2940 3052/3165/2947
f 3730/3843/2941 3729/3842/2940 3009/3122/3903
f 3257/3370/3452 3730/3843/2941 3009/3122/3903
f 3070/3183/3145 3112/3225/2942 3730/3843/2941
f 3732/3845/3149 3731/3844/2974 3054/3167/2958
f 3731/3844/2974 3008/3121/3621 3757/3870/3085
f 3122/3235/3150 3732/3845/3149 3054/3167/2958
f 3732/3845/3149 3450/3563/3148 3925/4038/3612
f 3311/3424/3432 3733/3846/3316 3056/3169/3433
f 3563/3676/3517 3733/3846/3316 3117/3230/3313
f 3122/3235/3150 3111/3224/2957 3734/3847/3474
f 3165/3278/2956 3734/3847/3474 3111/3224/2957
f 3736/3849/3536 3735/3848/3418 2998/3111/3245
f 3301/3414/3336 3735/3848/3418 3126/3239/3819
f 3652/3765/3861 3736/3849/3536 2998/3111/3245
f 3736/3849/3536 3334/3447/3372 3845/3958/3371
f 3725/3838/2972 3737/3850/2969 3129/3242/2971
f 3178/3291/3584 3737/3850/2969 3002/3115/3585
f 3208/3321/3247 3738/3851/3540 3130/3243/2889
f 3641/3754/3275 3738/3851/3540 3036/3149/3396
f 3961/4074/3851 3739/3852/3400 2988/3101/3051
f 3404/3517/3473 3998/4111/3941 3326/3439/3943
f 3739/3852/3400 3740/3853/3152 3136/3249/3151
f 3288/3401/3027 3740/3853/3152 3038/3151/3401
f 3592/3705/3443 3741/3854/3442 3062/3175/3525
f 3742/3855/2953 3741/3854/3442 3019/3132/3441
f 3741/3854/3442 3742/3855/2953 3140/3253/2952
f 3211/3324/2944 3742/3855/2953 3019/3132/3441
f 3141/3254/3378 3120/3233/3075 3743/3856/3077
f 3688/3801/3078 3743/3856/3077 3120/3233/3075
f 3809/3922/3417 3744/3857/3448 3066/3179/2911
f 3186/3299/2906 3744/3857/3448 3001/3114/3233
f 3745/3858/3376 3148/3261/3255 3746/3859/3405
f 3327/3440/3008 3745/3858/3376 3040/3153/3349
f 3148/3261/3255 2992/3105/3254 3746/3859/3405
f 3528/3641/3551 3746/3859/3405 2992/3105/3254
f 3027/3140/3142 3747/3860/3455 3073/3186/3016
f 3149/3262/3256 3148/3261/3255 3747/3860/3455
f 3715/3828/3374 3748/3861/3550 3027/3140/3142
f 3424/3537/3552 3748/3861/3550 3155/3268/3373
f 3733/3846/3316 3749/3862/3101 3056/3169/3433
f 3847/3960/3456 4005/4118/3102 3005/3118/3317
f 3161/3274/2877 3750/3863/2854 3060/3173/3439
f 3751/3864/2855 3750/3863/2854 3010/3123/3947
f 3414/3527/3380 3751/3864/2855 3010/3123/3947
f 3158/3271/2853 3751/3864/2855 3075/3188/2859
f 3752/3865/2892 3061/3174/2890 3753/3866/3276
f 3079/3192/2893 3752/3865/2892 3015/3128/3278
f 3061/3174/2890 3131/3244/3440 3753/3866/3276
f 3899/4012/3274 3753/3866/3276 3131/3244/3440
f 3422/3535/3464 3754/3867/3465 3080/3193/2879
f 3750/3863/2854 3754/3867/3465 3010/3123/3947
f 3755/3868/3469 3082/3195/3037 3756/3869/3466
f 3064/3177/3470 3755/3868/3469 3016/3129/3468
f 3082/3195/3037 3033/3146/3605 3756/3869/3466
f 3033/3146/3605 3506/3619/3467 3756/3869/3466
f 3758/3871/3427 3757/3870/3085 3008/3121/3621
f 3308/3421/3429 3757/3870/3085 3166/3279/3428
f 3925/4038/3612 3758/3871/3427 3008/3121/3621
f 3201/3314/3611 3760/3873/3319 3759/3872/3318
f 3166/3279/3428 3759/3872/3318 3546/3659/3578
f 3201/3314/3611 3759/3872/3318 3758/3871/3427
f 3761/3874/3625 3760/3873/3319 3201/3314/3611
f 3780/3893/3610 3760/3873/3319 3200/3313/3619
f 3999/4112/3627 3761/3874/3625 3201/3314/3611
f 3202/3315/3620 3200/3313/3619 3761/3874/3625
f 3763/3876/3458 3762/3875/3459 3076/3189/2858
f 3014/3127/3882 3349/3462/2864 4000/4113/3460
f 3029/3142/2857 3763/3876/3458 3076/3189/2858
f 3014/3127/3882 3763/3876/3458 3413/3526/3323
f 3175/3288/3171 3091/3204/3304 4001/4114/3306
f 3715/3828/3374 3764/3877/3305 3003/3116/3307
f 3737/3850/2969 3765/3878/3303 3059/3172/2970
f 3670/3783/3302 3765/3878/3303 3178/3291/3584
f 3196/3309/3284 3766/3879/3364 3179/3292/3366
f 3214/3327/3444 3766/3879/3364 2997/3110/3283
f 3770/3883/3397 3767/3880/3539 3183/3296/3435
f 3208/3321/3247 3767/3880/3539 3036/3149/3396
f 3769/3882/3593 3768/3881/3591 2995/3108/3538
f 3184/3297/3592 3642/3755/3899 3770/3883/3397
f 3626/3739/3802 3769/3882/3593 2995/3108/3538
f 3769/3882/3593 3293/3406/3595 3975/4088/3597
f 3770/3883/3397 3036/3149/3396 3767/3880/3539
f 3184/3297/3592 3770/3883/3397 3768/3881/3591
f 3187/3300/3599 3493/3606/3936 3772/3885/3952
f 3312/3425/3359 3771/3884/3598 2977/3090/3835
f 3419/3532/3976 3903/4016/3510 3773/3886/3836
f 2977/3090/3835 3771/3884/3598 3772/3885/3952
f 3419/3532/3976 3773/3886/3836 3772/3885/3952
f 3774/3887/3837 3773/3886/3836 3418/3531/3509
f 3774/3887/3837 3418/3531/3509 3573/3686/3949
f 3836/3949/3360 3774/3887/3837 3313/3426/3838
f 3186/3299/2906 3775/3888/3232 3771/3884/3598
f 3495/3608/3600 3775/3888/3232 3001/3114/3233
f 3559/3672/3330 3776/3889/3472 3088/3201/3115
f 3012/3125/3332 3633/3746/3333 4002/4115/3471
f 3557/3670/3379 3777/3890/3506 3057/3170/3076
f 4003/4116/3080 3006/3119/3062 3217/3330/3081
f 3301/3414/3336 3778/3891/3607 3110/3223/3334
f 3779/3892/3507 3778/3891/3607 3013/3126/3286
f 3778/3891/3607 3779/3892/3507 3193/3306/2895
f 3453/3566/3461 3779/3892/3507 3013/3126/3286
f 3760/3873/3319 3780/3893/3610 2985/3098/3320
f 3781/3894/3238 3780/3893/3610 3200/3313/3619
f 3197/3310/3239 3781/3894/3238 3200/3313/3619
f 3196/3309/3284 3781/3894/3238 3385/3498/3240
f 3761/3874/3625 3782/3895/3622 3202/3315/3620
f 3448/3561/3616 3782/3895/3622 3203/3316/3614
f 3785/3898/3291 3000/3113/3839 3313/3426/3838
f 3784/3897/3483 3783/3896/3484 3210/3323/3293
f 3554/3667/3482 3784/3897/3483 3210/3323/3293
f 3997/4110/3640 3784/3897/3483 2976/3089/3481
f 3000/3113/3839 3785/3898/3291 3783/3896/3484
f 3786/3899/3292 3785/3898/3291 3313/3426/3838
f 3774/3887/3837 3786/3899/3292 3313/3426/3838
f 3786/3899/3292 3115/3228/3951 3954/4067/3508
f 3622/3735/2943 3787/3900/3641 3211/3324/2944
f 3213/3326/3362 3787/3900/3641 2990/3103/3834
f 3213/3326/3362 3023/3136/3361 3788/3901/3410
f 3165/3278/2956 3788/3901/3410 3023/3136/3361
f 3790/3903/3368 3789/3902/3367 3214/3327/3444
f 3194/3307/3093 3789/3902/3367 3025/3138/3369
f 3888/4001/3608 3214/3327/3444 2997/3110/3283
f 3378/3491/3216 3790/3903/3368 3215/3328/3214
f 3218/3331/3717 3624/3737/3060 3792/3905/3660
f 3795/3908/3200 3791/3904/3652 3123/3236/3659
f 3793/3906/3658 3792/3905/3660 3242/3355/3541
f 3123/3236/3659 3791/3904/3652 3792/3905/3660
f 3794/3907/3715 3793/3906/3658 3242/3355/3541
f 3793/3906/3658 3243/3356/3716 3797/3910/3528
f 3558/3671/3377 3794/3907/3715 3242/3355/3541
f 3794/3907/3715 2978/3091/3110 3306/3419/3718
f 3796/3909/3530 3795/3908/3200 3123/3236/3659
f 3601/3714/3198 3795/3908/3200 3220/3333/3656
f 3797/3910/3528 3796/3909/3530 3123/3236/3659
f 3796/3909/3530 3221/3334/3532 3842/3955/3531
f 3793/3906/3658 3797/3910/3528 3123/3236/3659
f 3243/3356/3716 3321/3434/3719 4004/4117/3529
f 3136/3249/3151 3064/3177/3470 3798/3911/3445
f 3016/3129/3468 3798/3911/3445 3064/3177/3470
f 3506/3619/3467 3799/3912/3675 3016/3129/3468
f 3799/3912/3675 3226/3339/3677 3972/4085/3671
f 3229/3342/2886 3800/3913/2901 3230/3343/2887
f 3138/3251/2900 3800/3913/2901 3078/3191/2904
f 3453/3566/3461 3801/3914/3685 3030/3143/2902
f 3802/3915/3686 3233/3346/3773 3281/3394/3165
f 3233/3346/3773 3802/3915/3686 3801/3914/3685
f 3254/3367/3268 3802/3915/3686 3281/3394/3165
f 3804/3917/3457 3803/3916/3310 3028/3141/3079
f 3272/3385/3109 3803/3916/3310 3237/3350/3693
f 3028/3141/3079 3074/3187/3133 3804/3917/3457
f 3804/3917/3457 3074/3187/3133 4005/4118/3102
f 3601/3714/3198 3805/3918/3353 3219/3332/3199
f 3851/3964/3653 3805/3918/3353 2974/3087/3654
f 3085/3198/3122 3806/3919/3395 2910/2996/3123
f 3247/3360/3114 3806/3919/3395 3248/3361/3127
f 3596/3709/3503 3807/3920/3603 3231/3344/3164
f 3579/3692/3604 3807/3920/3603 3255/3368/3505
f 3524/3637/3742 3808/3921/3234 3257/3370/3452
f 3190/3303/2976 3808/3921/3234 3034/3147/3606
f 3744/3857/3448 3809/3922/3417 3001/3114/3233
f 3132/3245/3297 3809/3922/3417 3066/3179/2911
f 3139/3252/2905 3810/3923/3462 3046/3159/3414
f 2993/3106/2888 3810/3923/3462 3229/3342/2886
f 3162/3275/3046 3811/3924/3271 3021/3134/3144
f 3262/3375/3312 3811/3924/3271 3067/3180/3146
f 3189/3302/3041 3812/3925/3220 3033/3146/3605
f 3021/3134/3144 3812/3925/3220 3081/3194/3047
f 3585/3698/3678 3968/4081/3392 2981/3094/3391
f 3264/3377/3356 3813/3926/3751 3265/3378/3355
f 3506/3619/3467 3033/3146/3605 3814/3927/3393
f 3265/3378/3355 3814/3927/3393 3033/3146/3605
f 3341/3454/3655 3815/3928/3494 3143/3256/3750
f 3285/3398/3495 3815/3928/3494 3267/3380/3752
f 2994/3107/3209 3816/3929/3549 3269/3382/3210
f 3145/3258/3147 3816/3929/3549 3262/3375/3312
f 3817/3930/3061 3217/3330/3081 3006/3119/3062
f 3270/3383/3208 3817/3930/3061 3218/3331/3717
f 3273/3386/3698 3274/3387/3699 3818/3931/3192
f 3315/3428/3190 3818/3931/3192 3274/3387/3699
f 3820/3933/3219 3819/3932/3218 3275/3388/3762
f 3315/3428/3190 3819/3932/3218 3236/3349/3217
f 3820/3933/3219 3275/3388/3762 3821/3934/3761
f 3319/3432/3702 3820/3933/3219 3276/3389/3759
f 3564/3677/3188 3821/3934/3761 2972/3085/3760
f 3820/3933/3219 3821/3934/3761 3277/3390/3187
f 3940/4053/3765 3941/4054/3638 3280/3393/3771
f 3823/3936/3763 3822/3935/3637 3119/3232/3262
f 3518/3631/3261 3823/3936/3763 3119/3232/3262
f 3823/3936/3763 3278/3391/3645 3824/3937/3700
f 3278/3391/3645 3919/4032/3766 3825/3938/3701
f 3319/3432/3702 3276/3389/3759 3824/3937/3700
f 3278/3391/3645 3825/3938/3701 3824/3937/3700
f 3238/3351/3843 3825/3938/3701 3439/3552/3817
f 3329/3442/3285 3826/3939/3384 3233/3346/3773
f 3690/3803/3774 3826/3939/3384 2983/3096/3383
f 3540/3653/3710 3827/3940/3596 2965/3078/3161
f 3597/3710/3251 3827/3940/3596 3294/3407/3806
f 3600/3713/3212 3828/3941/3624 3296/3409/3213
f 3782/3895/3622 3828/3941/3624 3202/3315/3620
f 3830/3943/3629 3829/3942/3626 3198/3311/3623
f 4006/4119/3730 3829/3942/3626 3251/3364/3617
f 3451/3564/3731 3830/3943/3629 3198/3311/3623
f 3830/3943/3629 3340/3453/3734 3850/3963/3733
f 4006/4119/3730 3296/3409/3213 3829/3942/3626
f 3400/3513/3735 3831/3944/3224 3297/3410/3811
f 3190/3303/2976 3832/3945/3453 3071/3184/2950
f 3034/3147/3606 3299/3412/3289 3832/3945/3453
f 3525/3638/3812 3833/3946/3290 3299/3412/3289
f 3638/3751/3350 3833/3946/3290 3300/3413/3705
f 2863/2949/2990 3834/3947/2989 2862/2948/2984
f 3043/3156/3346 3834/3947/2989 3310/3423/2988
f 3956/4069/3516 3835/3948/3580 3007/3120/3390
f 3168/3281/3099 3835/3948/3580 3311/3424/3432
f 3774/3887/3837 3836/3949/3360 2977/3090/3835
f 3314/3427/3358 3836/3949/3360 3313/3426/3838
f 3593/3706/3450 3837/3950/3449 3314/3427/3358
f 3124/3237/2927 3837/3950/3449 3068/3181/2928
f 3691/3804/3183 3838/3951/3746 2962/3075/3184
f 3839/3952/3842 3838/3951/3746 3316/3429/4014
f 3839/3952/3842 3316/3429/4014 3841/3954/3764
f 3923/4036/3706 3238/3351/3843 3922/4035/3816
f 3879/3992/3845 3840/3953/3707 3318/3431/3815
f 3649/3762/3747 3840/3953/3707 3259/3372/3841
f 3839/3952/3842 3841/3954/3764 3319/3432/3702
f 3691/3804/3183 3841/3954/3764 3316/3429/4014
f 3482/3595/3847 3842/3955/3531 3324/3437/3533
f 3796/3909/3530 3842/3955/3531 3325/3438/3663
f 3580/3693/3287 3843/3956/3779 3329/3442/3285
f 3605/3718/3230 3843/3956/3779 3330/3443/3537
f 3736/3849/3536 3844/3957/3535 3126/3239/3819
f 3606/3719/3231 3844/3957/3535 3331/3444/3534
f 3697/3810/3727 3845/3958/3371 2967/3080/3862
f 3736/3849/3536 3845/3958/3371 3331/3444/3534
f 3335/3448/3703 3235/3348/3695 3846/3959/3694
f 3272/3385/3109 3846/3959/3694 3235/3348/3695
f 3804/3917/3457 3847/3960/3456 3237/3350/3693
f 3563/3676/3517 3847/3960/3456 3005/3118/3317
f 3337/3450/3331 3547/3660/3227 4007/4120/3866
f 3696/3809/4008 3848/3961/3739 3338/3451/3519
f 3513/3626/3867 3849/3962/3732 2963/3076/3738
f 3253/3366/3226 3548/3661/3228 3850/3963/3733
f 3850/3963/3733 3251/3364/3617 3830/3943/3629
f 3253/3366/3226 3850/3963/3733 3849/3962/3732
f 3851/3964/3653 3143/3256/3750 3918/4031/3749
f 3851/3964/3653 3244/3357/3354 3805/3918/3353
f 3611/3724/3877 3852/3965/3258 3342/3455/3860
f 3852/3965/3258 3344/3457/4003 4013/4126/3796
f 3854/3967/3338 3853/3966/3881 3014/3127/3882
f 3523/3636/3793 3853/3966/3881 3350/3463/3340
f 3413/3526/3323 3854/3967/3338 3014/3127/3882
f 3854/3967/3338 3351/3464/3945 3855/3968/3339
f 3410/3523/3883 3855/3968/3339 3351/3464/3945
f 3352/3465/3790 3855/3968/3339 3287/3400/3884
f 3673/3786/3242 3856/3969/3791 3352/3465/3790
f 3523/3636/3793 3856/3969/3791 2986/3099/3241
f 3858/3971/3892 3857/3970/3885 3287/3400/3884
f 3859/3972/3723 3857/3970/3885 3354/3467/3893
f 3287/3400/3884 3405/3518/3158 3858/3971/3892
f 3357/3470/3202 3858/3971/3892 3405/3518/3158
f 3859/3972/3723 3354/3467/3893 3860/3973/3725
f 3673/3786/3242 3352/3465/3790 3859/3972/3723
f 3861/3974/3724 3860/3973/3725 2959/3072/3576
f 3859/3972/3723 3860/3973/3725 3355/3468/3722
f 3582/3695/3575 3861/3974/3724 2959/3072/3576
f 3861/3974/3724 3356/3469/3894 3862/3975/3896
f 3356/3469/3894 3987/4100/4007 3863/3976/3651
f 3862/3975/3896 3246/3359/3568 3675/3788/3887
f 3356/3469/3894 3863/3976/3651 3862/3975/3896
f 3864/3977/3569 3618/3731/3808 3610/3723/4012
f 3618/3731/3808 3864/3977/3569 3863/3976/3651
f 3982/4095/4004 3864/3977/3569 3610/3723/4012
f 3860/3973/3725 3865/3978/3792 2959/3072/3576
f 3858/3971/3892 3865/3978/3792 3354/3467/3893
f 3867/3980/3341 3866/3979/3594 3286/3399/3157
f 3581/3694/3574 3866/3979/3594 3358/3471/3897
f 3408/3521/3342 3867/3980/3341 3286/3399/3157
f 2987/3100/3273 3867/3980/3341 3409/3522/3277
f 3523/3636/3793 3868/3981/3901 3359/3472/3398
f 3672/3785/3243 3868/3981/3901 2986/3099/3241
f 3871/3984/2920 3869/3982/2931 3361/3474/2921
f 3718/3831/2932 3869/3982/2931 3004/3117/3308
f 3361/3474/2921 3873/3986/3902 3874/3987/3182
f 3376/3489/3741 3870/3983/2922 2971/3084/3197
f 3720/3833/3426 3871/3984/2920 3362/3475/3740
f 3869/3982/2931 3871/3984/2920 3004/3117/3308
f 3104/3217/3487 3872/3985/3196 3363/3476/2936
f 3881/3994/3743 3882/3995/3744 3371/3484/4009
f 3873/3986/3902 3363/3476/2936 3874/3987/3182
f 3361/3474/2921 3365/3478/2937 3873/3986/3902
f 3872/3985/3196 3874/3987/3182 3363/3476/2936
f 3870/3983/2922 3874/3987/3182 2971/3084/3197
f 3875/3988/3486 3365/3478/2937 3955/4068/3906
f 3552/3665/3485 3875/3988/3486 3103/3216/3996
f 3369/3482/3908 3876/3989/3489 3367/3480/3488
f 3602/3715/3905 3876/3989/3489 3368/3481/3828
f 3415/3528/3832 3877/3990/3831 3369/3482/3908
f 3454/3567/3492 3877/3990/3831 3305/3418/3833
f 3881/3994/3743 3258/3371/3235 3376/3489/3741
f 3646/3759/3909 3878/3991/3490 3371/3484/4009
f 3840/3953/3707 3879/3992/3845 3259/3372/3841
f 3318/3431/3815 3443/3556/3814 4008/4121/3844
f 3375/3488/3321 3880/3993/3911 3376/3489/3741
f 3720/3833/3426 3880/3993/3911 3009/3122/3903
f 3882/3995/3744 2971/3084/3197 3872/3985/3196
f 3878/3991/3490 3881/3994/3743 3371/3484/4009
f 3872/3985/3196 3364/3477/3904 3882/3995/3744
f 3883/3996/4010 3882/3995/3744 3364/3477/3904
f 3364/3477/3904 3658/3771/3665 3883/3996/4010
f 3646/3759/3909 3883/3996/4010 3658/3771/3665
f 3377/3490/3409 3884/3997/3879 3379/3492/3118
f 3347/3460/3423 3884/3997/3879 2996/3109/3408
f 3167/3280/3113 3885/3998/3912 3381/3494/3111
f 3634/3747/3865 3885/3998/3912 3032/3145/3107
f 3887/4000/3913 3886/3999/3522 2980/3093/3523
f 3566/3679/3915 3886/3999/3522 3384/3497/3914
f 2980/3093/3523 3551/3664/3521 3887/4000/3913
f 3339/3452/3916 3887/4000/3913 3551/3664/3521
f 3790/3903/3368 3888/4001/3608 3215/3328/3214
f 3385/3498/3240 3888/4001/3608 2997/3110/3283
f 3389/3502/3826 3889/4002/3650 3232/3345/3649
f 3596/3709/3503 3889/4002/3650 3388/3501/3206
f 3420/3533/3923 3890/4003/3920 3232/3345/3649
f 3685/3798/3690 3890/4003/3920 3391/3504/3924
f 3681/3794/3925 3891/4004/3178 3391/3504/3924
f 3433/3546/3682 3891/4004/3178 3392/3505/3680
f 3471/3584/3565 3892/4005/3692 3394/3507/3932
f 3682/3795/3823 3892/4005/3692 3303/3416/3922
f 3892/4005/3692 3893/4006/3691 3394/3507/3932
f 3686/3799/3177 3893/4006/3691 3390/3503/3689
f 3915/4028/3955 3152/3265/3176 3433/3546/3682
f 3894/4007/3921 3421/3534/3253 3959/4072/3252
f 3895/4008/3205 3395/3508/3756 3499/3612/3602
f 3596/3709/3503 3895/4008/3205 2970/3083/3504
f 3271/3384/3755 3896/4009/3204 3389/3502/3826
f 3895/4008/3205 3896/4009/3204 3395/3508/3756
f 3411/3524/3388 3897/4010/3386 2975/3088/3385
f 3408/3521/3342 3897/4010/3386 3407/3520/3387
f 3079/3192/2893 3015/3128/3278 3898/4011/3463
f 4009/4122/3944 3898/4011/3463 3015/3128/3278
f 3753/3866/3276 3899/4012/3274 3409/3522/3277
f 3641/3754/3275 3899/4012/3274 3131/3244/3440
f 3412/3525/3322 3900/4013/3946 3413/3526/3323
f 3410/3523/3883 3900/4013/3946 2975/3088/3385
f 3901/4014/3948 2961/3074/3907 3962/4075/3179
f 3489/3602/3500 3901/4014/3948 3417/3530/3950
f 3489/3602/3500 3902/4015/3511 3116/3229/3501
f 3573/3686/3949 3902/4015/3511 3417/3530/3950
f 3773/3886/3836 3903/4016/3510 3418/3531/3509
f 3490/3603/3940 3903/4016/3510 3419/3532/3976
f 3967/4080/3954 3904/4017/3787 3420/3533/3923
f 3904/4017/3787 3284/3397/3784 3945/4058/3783
f 3915/4028/3955 3905/4018/3174 3421/3534/3253
f 3437/3550/3956 3905/4018/3174 3393/3506/3852
f 3436/3549/3683 3906/4019/3577 3155/3268/3373
f 3425/3538/3554 3906/4019/3577 2969/3082/3684
f 3151/3264/3928 3907/4020/3929 3426/3539/3930
f 3427/3540/3056 3425/3538/3554 3907/4020/3929
f 3571/3684/3560 3908/4021/3054 3151/3264/3928
f 3909/4022/3055 3908/4021/3054 3428/3541/3958
f 3615/3728/3567 3909/4022/3055 3428/3541/3958
f 3435/3548/3801 3909/4022/3055 3292/3405/3957
f 3571/3684/3560 3910/4023/3562 3428/3541/3958
f 3430/3543/3872 3910/4023/3562 3429/3542/3561
f 3571/3684/3560 3911/4024/3780 3429/3542/3561
f 3904/4017/3787 3911/4024/3780 2960/3073/3785
f 3429/3542/3561 3912/4025/3782 3430/3543/3872
f 3526/3639/3778 3912/4025/3782 3431/3544/3781
f 3914/4027/3854 3913/4026/3853 3426/3539/3930
f 3393/3506/3852 3432/3545/3681 3913/4026/3853
f 2969/3082/3684 3914/4027/3854 3426/3539/3930
f 3393/3506/3852 3914/4027/3854 3437/3550/3956
f 3905/4018/3174 3915/4028/3955 3393/3506/3852
f 3894/4007/3921 3915/4028/3955 3421/3534/3253
f 3404/3517/3473 3916/4029/3942 3003/3116/3307
f 3326/3439/3943 3570/3683/3962 4011/4124/3997
f 3916/4029/3942 3326/3439/3943 4011/4124/3997
f 2969/3082/3684 3917/4030/3931 3437/3550/3956
f 3263/3376/3272 3918/4031/3749 3264/3377/3356
f 3851/3964/3653 3918/4031/3749 3438/3551/3720
f 3825/3938/3701 3919/4032/3766 3439/3552/3817
f 3519/3632/3644 3919/4032/3766 3278/3391/3645
f 3919/4032/3766 3920/4033/3768 3439/3552/3817
f 3921/4034/3964 3920/4033/3768 2973/3086/3767
f 3620/3733/3643 3921/4034/3964 2973/3086/3767
f 3638/3751/3350 3921/4034/3964 3441/3554/3351
f 3443/3556/3814 3922/4035/3816 3442/3555/3818
f 3923/4036/3706 3922/4035/3816 3318/3431/3815
f 3923/4036/3706 3318/3431/3815 3840/3953/3707
f 3839/3952/3842 3238/3351/3843 3923/4036/3706
f 3447/3560/3615 3924/4037/3613 2979/3092/3628
f 3924/4037/3613 3203/3316/3614 3999/4112/3627
f 3924/4037/3613 3925/4038/3612 3450/3563/3148
f 3758/3871/3427 3925/4038/3612 3201/3314/3611
f 3462/3575/3825 3926/4039/3821 3107/3220/3937
f 3472/3585/3966 3926/4039/3821 3460/3573/3973
f 3473/3586/3967 3927/4040/3824 3303/3416/3922
f 3926/4039/3821 3927/4040/3824 3460/3573/3973
f 3480/3593/3971 3928/4041/3668 3464/3577/3497
f 3928/4041/3668 3465/3578/3972 3934/4047/3666
f 3285/3398/3495 3929/4042/3788 3467/3580/3753
f 3484/3597/3543 3929/4042/3788 3267/3380/3752
f 3639/3752/3789 3930/4043/3154 3227/3340/3153
f 3466/3579/3679 3930/4043/3154 3467/3580/3753
f 3959/4072/3252 3931/4044/3933 3394/3507/3932
f 3567/3680/3674 2964/3077/3563 3931/4044/3933
f 3459/3572/3822 3472/3585/3966 3932/4045/3969
f 3461/3574/3545 3932/4045/3969 3472/3585/3966
f 3796/3909/3530 3933/4046/3664 3220/3333/3656
f 3481/3594/3849 3933/4046/3664 3325/3438/3663
f 3928/4041/3668 3934/4047/3666 3479/3592/3669
f 3482/3595/3847 3934/4047/3666 3465/3578/3972
f 3324/3437/3533 3935/4048/3848 3482/3595/3847
f 3647/3760/3846 3935/4048/3848 3323/3436/3975
f 3489/3602/3500 3936/4049/3502 3416/3529/3514
f 3490/3603/3940 3936/4049/3502 3116/3229/3501
f 3504/3617/3246 3937/4050/3451 3505/3618/3244
f 3174/3287/2874 3937/4050/3451 3069/3182/2869
f 3026/3139/3399 3360/3473/3721 3938/4051/3978
f 4012/4125/3900 3360/3473/3721 3245/3358/3891
f 3514/3627/3736 3939/4052/3965 3206/3319/3633
f 3205/3318/3195 3939/4052/3965 3446/3559/3193
f 3517/3630/3260 3940/4053/3765 3516/3629/3869
f 3941/4054/3638 3119/3232/3262 3822/3935/3637
f 3941/4054/3638 3940/4053/3765 3119/3232/3262
f 3565/3678/3189 3941/4054/3638 3277/3390/3187
f 3566/3679/3915 3942/4055/3772 3280/3393/3771
f 3515/3628/3868 3942/4055/3772 3384/3497/3914
f 3819/3932/3218 3943/4056/3697 3275/3388/3762
f 3235/3348/3695 3943/4056/3697 3274/3387/3699
f 3833/3946/3290 3944/4057/3813 3300/3413/3705
f 2984/3097/3910 3944/4057/3813 3525/3638/3812
f 3526/3639/3778 3431/3544/3781 3945/4058/3783
f 3904/4017/3787 3945/4058/3783 3431/3544/3781
f 3171/3284/3347 3946/4059/3407 3087/3200/3137
f 3695/3808/3033 3946/4059/3407 3530/3643/3348
f 3668/3781/3404 3947/4060/3987 3240/3353/3986
f 3543/3656/3709 3947/4060/3987 3538/3651/3995
f 3667/3780/3988 3948/4061/3711 3538/3651/3995
f 3949/4062/3878 3948/4061/3711 3539/3652/3991
f 3539/3652/3991 3980/4093/3797 4013/4126/3796
f 3241/3354/3712 3950/4063/3873 3544/3657/3804
f 3949/4062/3878 3344/3457/4003 3950/4063/3873
f 3608/3721/3874 3950/4063/3873 3344/3457/4003
f 3543/3656/3709 3951/4064/3807 3540/3653/3710
f 3629/3742/3992 3951/4064/3807 3541/3654/3994
f 3544/3657/3804 3952/4065/3993 3241/3354/3712
f 3951/4064/3807 3952/4065/3993 3541/3654/3994
f 3551/3664/3521 3953/4066/3984 3339/3452/3916
f 3253/3366/3226 3953/4066/3984 3549/3662/3520
f 3786/3899/3292 3954/4067/3508 3210/3323/3293
f 3553/3666/3180 3954/4067/3508 3115/3228/3951
f 3875/3988/3486 3955/4068/3906 3555/3668/3480
f 3365/3478/2937 3102/3215/2930 3955/4068/3906
f 3117/3230/3313 3956/4069/3516 3561/3674/3314
f 3835/3948/3580 3956/4069/3516 3311/3424/3432
f 3335/3448/3703 3957/4070/3864 3522/3635/3696
f 3562/3675/3315 3957/4070/3864 3563/3676/3517
f 3905/4018/3174 3958/4071/3173 3421/3534/3253
f 3228/3341/3175 3567/3680/3674 3958/4071/3173
f 3931/4044/3933 3959/4072/3252 3567/3680/3674
f 3894/4007/3921 3959/4072/3252 3394/3507/3932
f 3469/3582/3548 2964/3077/3563 3960/4073/3673
f 3567/3680/3674 3960/4073/3673 2964/3077/3563
f 3570/3683/3962 3961/4074/3851 3569/3682/3559
f 3961/4074/3851 3326/3439/3943 3998/4111/3941
f 3553/3666/3180 3962/4075/3179 3552/3665/3485
f 3901/4014/3948 3962/4075/3179 3572/3685/3181
f 3963/4076/3998 3358/3471/3897 3978/4091/3898
f 3582/3695/3575 3963/4076/3998 3185/3298/3999
f 3987/4100/4007 3295/3408/3714 3630/3743/3895
f 3356/3469/3894 3582/3695/3575 3964/4077/4000
f 3387/3500/3919 3974/4087/3688 4014/4127/3687
f 3282/3395/3775 3604/3717/3777 3966/4079/3917
f 3282/3395/3775 3966/4079/3917 3965/4078/3918
f 3284/3397/3784 3966/4079/3917 3603/3716/3776
f 3904/4017/3787 3967/4080/3954 3284/3397/3784
f 3232/3345/3649 3967/4080/3954 3420/3533/3923
f 3226/3339/3677 3506/3619/3467 3968/4081/3392
f 3814/3927/3393 3968/4081/3392 3506/3619/3467
f 3587/3700/3985 3969/4082/3343 3182/3295/3344
f 3240/3353/3986 3969/4082/3343 3588/3701/3589
f 3086/3199/3002 3970/4083/3014 3017/3130/3582
f 3039/3152/3012 3970/4083/3014 3169/3282/3013
f 3591/3704/3454 3971/4084/3352 3592/3705/3443
f 3638/3751/3350 3971/4084/3352 2999/3112/3288
f 3972/4085/3671 3595/3708/3053 3224/3337/3052
f 3584/3697/3676 3972/4085/3671 3226/3339/3677
f 2988/3101/3051 3973/4086/3557 3569/3682/3559
f 3225/3338/3672 3973/4086/3557 3595/3708/3053
f 4014/4127/3687 3231/3344/3164 3689/3802/3166
f 3387/3500/3919 3596/3709/3503 3974/4087/3688
f 3976/4089/3250 3975/4088/3597 3597/3710/3251
f 3769/3882/3593 3975/4088/3597 3184/3297/3592
f 3642/3755/3899 3976/4089/3250 3598/3711/4002
f 3975/4088/3597 3976/4089/3250 3184/3297/3592
f 3628/3741/4001 3977/4090/3249 3597/3710/3251
f 3963/4076/3998 3977/4090/3249 3185/3298/3999
f 3963/4076/3998 3978/4091/3898 3598/3711/4002
f 3867/3980/3341 3978/4091/3898 3358/3471/3897
f 3658/3771/3665 3979/4092/3974 3479/3592/3669
f 3104/3217/3487 3979/4092/3974 3364/3477/3904
f 3666/3779/3990 3980/4093/3797 3539/3652/3991
f 3692/3805/3555 3980/4093/3797 3290/3403/3989
f 3657/3770/3875 3981/4094/3810 3609/3722/3858
f 3618/3731/3808 3981/4094/3810 3610/3723/4012
f 3657/3770/3875 3982/4095/4004 3610/3723/4012
f 3653/3766/3855 3982/4095/4004 3333/3446/4011
f 3659/3772/3863 3983/4096/3570 3616/3729/4005
f 3675/3788/3887 3983/4096/3570 3617/3730/3888
f 3011/3124/3328 3984/4097/3327 3250/3363/3729
f 3252/3365/3424 3984/4097/3327 3619/3732/3329
f 3620/3733/3643 3985/4098/3642 3441/3554/3351
f 3019/3132/3441 3985/4098/3642 3621/3734/2945
f 3212/3325/3980 3986/4099/3979 3622/3735/2943
f 3508/3621/3630 3986/4099/3979 3509/3622/3632
f 3863/3976/3651 3987/4100/4007 3618/3731/3808
f 3964/4077/4000 3987/4100/4007 3356/3469/3894
f 3631/3744/3803 3988/4101/3805 3630/3743/3895
f 3608/3721/3874 3988/4101/3805 3544/3657/3804
f 3852/3965/3258 3989/4102/4006 3342/3455/3860
f 3292/3405/3957 3989/4102/4006 3637/3750/3024
f 3991/4104/3573 3990/4103/3961 3655/3768/3571
f 3912/4025/3782 3990/4103/3961 3430/3543/3872
f 3991/4104/3573 3430/3543/3872 3990/4103/3961
f 3343/3456/3876 3991/4104/3573 3656/3769/3572
f 3178/3291/3584 3992/4105/3437 3670/3783/3302
f 3780/3893/3610 3992/4105/3437 2985/3098/3320
f 3904/4017/3787 3993/4106/3786 3420/3533/3923
f 3680/3793/3926 3993/4106/3786 2960/3073/3785
f 3018/3131/3583 3994/4107/4013 3664/3777/3798
f 3693/3806/3035 3994/4107/4013 3695/3808/3033
f 3916/4029/3942 3995/4108/3375 3003/3116/3307
f 3155/3268/3373 3995/4108/3375 3436/3549/3683
f 3997/4110/3640 3996/4109/3639 3209/3322/3420
f 3020/3133/3447 3996/4109/3639 3723/3836/3476
f 3784/3897/3483 3997/4110/3640 3209/3322/3420
f 3723/3836/3476 3997/4110/3640 2976/3089/3481
f 3038/3151/3401 3998/4111/3941 3404/3517/3473
f 3961/4074/3851 3998/4111/3941 3739/3852/3400
f 3924/4037/3613 3999/4112/3627 3201/3314/3611
f 3782/3895/3622 3999/4112/3627 3203/3316/3614
f 3173/3286/2866 4000/4113/3460 3089/3202/2863
f 3014/3127/3882 4000/4113/3460 3762/3875/3459
f 3003/3116/3307 4001/4114/3306 3404/3517/3473
f 3175/3288/3171 4001/4114/3306 3764/3877/3305
f 3191/3304/3131 4002/4115/3471 3084/3197/3106
f 3012/3125/3332 4002/4115/3471 3776/3889/3472
f 3192/3305/3059 4003/4116/3080 3108/3221/3050
f 3006/3119/3062 4003/4116/3080 3777/3890/3506
f 3796/3909/3530 4004/4117/3529 3221/3334/3532
f 3243/3356/3716 4004/4117/3529 3797/3910/3528
f 3156/3269/3100 4005/4118/3102 3074/3187/3133
f 3005/3118/3317 4005/4118/3102 3749/3862/3101
f 3550/3663/3618 4006/4119/3730 3251/3364/3617
f 3831/3944/3224 4006/4119/3730 3297/3410/3811
f 3338/3451/3519 4007/4120/3866 3549/3662/3520
f 3337/3450/3331 4007/4120/3866 3848/3961/3739
f 3373/3486/3236 4008/4121/3844 2984/3097/3910
f 3318/3431/3815 4008/4121/3844 3879/3992/3845
f 3015/3128/3278 3408/3521/3342 4009/4122/3944
f 3407/3520/3387 4009/4122/3944 3408/3521/3342
f 3228/3341/3175 4010/4123/3963 3570/3683/3962
f 3905/4018/3174 3437/3550/3956 4010/4123/3963
f 3437/3550/3956 4011/4124/3997 3570/3683/3962
f 3916/4029/3942 4011/4124/3997 3917/4030/3931
f 3505/3618/3244 4012/4125/3900 3652/3765/3861
f 3360/3473/3721 4012/4125/3900 3938/4051/3978
f 3539/3652/3991 4013/4126/3796 3949/4062/3878
f 3852/3965/3258 4013/4126/3796 3607/3720/3795
f 3282/3395/3775 4014/4127/3687 3689/3802/3166
f 3387/3500/3919 4014/4127/3687 3965/4078/3918
f 4269/4494/4015 4129/4354/4016 4183/4408/4017
f 2880/4267/3021 5110/5335/4018 4270/4495/4019
f 4182/4407/4020 5109/5334/4021 4268/4493/4022
f 2873/4274/3138 5101/5326/4023 2874/4273/3139
f 2874/4273/3139 4265/4490/4024 2875/4272/3009
f 4268/4493/4022 4438/4663/4025 4182/4407/4020
f 4763/4988/4026 2876/4271/3007 2875/4272/3009
f 2871/4276/3006 4496/4721/4027 2872/4275/3004
f 4432/4657/4028 5244/5469/4029 4110/4335/4030
f 4866/5091/4031 4864/5089/4032 4865/5090/4033
f 4612/4837/4034 2889/4258/3045 2888/4259/3040
f 2887/4260/3039 2886/4261/3036 4221/4446/4035
f 2881/4266/3172 4497/4722/4036 2882/4265/3028
f 4213/4438/4037 4323/4548/4038 2883/4264/3026
f 4323/4548/4038 2884/4263/3031 2883/4264/3026
f 4123/4348/4039 4897/5122/4040 4898/5123/4041
f 4895/5120/4042 4896/5121/4043 4338/4563/4044
f 4254/4479/4045 2870/4277/3003 5106/5331/4046
f 4015/4129/4047 4911/5136/4048 2864/4128/2991
f 4138/4363/4049 4192/4417/4050 4293/4518/4051
f 4193/4418/4052 2865/4282/2992 4911/5136/4048
f 4351/4576/4053 4196/4421/4054 4140/4365/4055
f 4024/4138/4056 4220/4445/4057 4023/4137/4058
f 4020/4134/4059 4298/4523/4060 4196/4421/4054
f 4018/4132/4061 4019/4133/4062 4351/4576/4053
f 4192/4417/4050 2867/4280/2996 4293/4518/4051
f 4294/4519/4063 2868/4279/3001 4192/4417/4050
f 2869/4278/2999 2868/4279/3001 4294/4519/4063
f 2867/4280/2996 4192/4417/4050 2868/4279/3001
f 4022/4136/4064 4023/4137/4058 4329/4554/4065
f 4598/4823/4066 4025/4139/4067 4026/4140/4068
f 4016/4130/4069 4353/4578/4070 4015/4129/4047
f 4017/4131/4071 4932/5157/4072 4016/4130/4069
f 4163/4388/4073 4932/5157/4072 4228/4453/4074
f 4446/4671/4075 4552/4777/4076 4163/4388/4073
f 5106/5331/4046 2870/4277/3003 2869/4278/2999
f 4764/4989/4077 2885/4262/3029 2884/4263/3031
f 2901/4246/3095 4386/4611/4078 2902/4245/3098
f 2904/4243/3104 2903/4244/3186 5093/5318/4079
f 4199/4424/4080 5484/5709/4081 4386/4611/4078
f 2896/4251/3074 5095/5320/4082 2897/4250/3434
f 4144/4369/4083 4385/4610/4084 4198/4423/4085
f 2898/4249/3207 4319/4544/4086 4198/4423/4085
f 4385/4610/4084 2900/4247/3097 2899/4248/3134
f 4238/4463/4087 4170/4395/4088 5095/5320/4082
f 2905/4242/3105 2904/4243/3104 4245/4470/4089
f 4354/4579/4090 4206/4431/4091 2907/4240/3130
f 4143/4368/4092 5422/5647/4093 4211/4436/4094
f 4613/4838/4095 4051/4223/4096 4052/4224/4097
f 5050/5275/4098 5051/5276/4099 4130/4355/4100
f 4465/4690/4101 2911/4236/3124 2910/4237/3123
f 2910/4237/3123 2909/4238/3160 4211/4436/4094
f 4659/4884/4102 4358/4583/4103 4658/4883/4104
f 4355/4580/4105 4206/4431/4091 4354/4579/4090
f 2894/4253/3058 2893/4254/3270 4267/4492/4106
f 4054/4226/4107 4055/4227/4108 4286/4511/4109
f 2914/4233/3117 2913/4234/3121 4189/4414/4110
f 2893/4254/3270 2892/4255/3269 5102/5327/4111
f 4811/5036/4112 5112/5337/4113 4212/4437/4114
f 4757/4982/4115 4115/4340/4116 4755/4980/4117
f 2916/4231/3281 4243/4468/4118 2917/4230/3280
f 5050/5275/4098 4130/4355/4100 4243/4468/4118
f 4057/4229/4119 2917/4230/3280 4243/4468/4118
f 4554/4779/4120 5156/5381/4121 5337/5562/4122
f 2890/4257/3043 4224/4449/4123 4796/5021/4124
f 4286/4511/4109 4132/4357/4125 4191/4416/4126
f 4055/4227/4108 4190/4415/4127 4286/4511/4109
f 4053/4225/4128 4054/4226/4107 4191/4416/4126
f 4190/4415/4127 4055/4227/4108 4056/4228/4129
f 4049/4221/4130 4050/4222/4131 4332/4557/4132
f 4151/4376/4133 4562/4787/4134 4215/4440/4135
f 4117/4342/4136 5135/5360/4137 5124/5349/4138
f 4152/4377/4139 4214/4439/4140 4646/4871/4141
f 4053/4225/4128 4191/4416/4126 4287/4512/4142
f 2889/4258/3045 4224/4449/4123 2890/4257/3043
f 4029/4143/4143 4194/4419/4144 4295/4520/4145
f 5094/5319/4146 2938/4174/2914 2937/4175/2910
f 4030/4144/4147 4031/4145/4148 4296/4521/4149
f 4184/4409/4150 4027/4141/4151 4028/4142/4152
f 4030/4144/4147 4194/4419/4144 4029/4143/4143
f 4195/4420/4153 4032/4146/4154 4297/4522/4155
f 4034/4148/4156 5005/5230/4157 4033/4147/4158
f 4296/4521/4149 4139/4364/4159 4194/4419/4144
f 4627/4852/4160 4628/4853/4161 4088/4313/4162
f 4310/4535/4163 2935/4177/2939 2934/4178/2926
f 4036/4150/4164 5098/5323/4165 4035/4149/4166
f 4109/4334/4167 5131/5356/4168 5132/5357/4169
f 2954/4158/3337 2953/4159/3382 4322/4547/4170
f 4188/4413/4171 2936/4176/2909 2935/4177/2939
f 2880/4267/3021 2879/4268/3020 5110/5335/4018
f 5350/5575/4172 4137/4362/4173 4572/4797/4174
f 2937/4175/2910 2936/4176/2909 4262/4487/4175
f 2956/4156/2860 4614/4839/4176 2957/4155/2851
f 4035/4149/4166 4247/4472/4177 4034/4148/4156
f 1251/4191/1243 1250/4192/1277 5032/5257/4178
f 2951/4161/3135 4549/4774/4179 2952/4160/2867
f 4614/4839/4176 5129/5354/4180 4157/4382/4181
f 2950/4162/2876 2949/4163/2873 4548/4773/4182
f 2950/4162/2876 4208/4433/4183 2951/4161/3135
f 4208/4433/4183 4149/4374/4184 4549/4774/4179
f 2847/4153/2847 2958/4154/2852 4038/4152/4185
f 2953/4159/3382 4209/4434/4186 4322/4547/4170
f 4248/4473/4187 2955/4157/2861 5099/5324/4188
f 5079/5304/4189 4614/4839/4176 4201/4426/4190
f 4180/4405/4191 5107/5332/4192 4256/4481/4193
f 4181/4406/4194 5108/5333/4195 4259/4484/4196
f 4256/4481/4193 5137/5362/4197 4180/4405/4191
f 4258/4483/4198 5139/5364/4199 4257/4482/4200
f 4207/4432/4201 4148/4373/4202 4548/4773/4182
f 5107/5332/4192 2944/4168/2897 2943/4169/2896
f 2944/4168/2897 5107/5332/4192 4257/4482/4200
f 2948/4164/2868 4321/4546/4203 4207/4432/4201
f 4404/4629/4204 4770/4995/4205 4916/5141/4206
f 2957/4155/2851 5079/5304/4189 2958/4154/2852
f 4230/4455/4207 5116/5341/4208 5115/5340/4209
f 4047/4219/4210 4214/4439/4140 4046/4218/4211
f 1237/4205/1679 4186/4411/4212 1238/4204/1759
f 1240/4202/1297 5092/5317/4213 4230/4455/4207
f 1238/4204/1759 4186/4411/4212 4261/4486/4214
f 5092/5317/4213 1240/4202/1297 1239/4203/1296
f 4261/4486/4214 1239/4203/1296 1238/4204/1759
f 1237/4205/1679 1236/4206/1301 4263/4488/4215
f 4563/4788/4216 4045/4217/4217 4046/4218/4211
f 4178/4403/4218 5105/5330/4219 4253/4478/4220
f 4252/4477/4221 4177/4402/4222 5103/5328/4223
f 4252/4477/4221 5135/5360/4137 4177/4402/4222
f 5104/5329/4224 1234/4208/1310 1233/4209/1306
f 4041/4213/4225 4252/4477/4221 4040/4212/4226
f 4039/4211/4227 4040/4212/4226 5103/5328/4223
f 5104/5329/4224 1232/4210/1305 4039/4211/4227
f 4185/4410/4228 1235/4207/1303 4274/4499/4229
f 4131/4356/4230 4263/4488/4215 4185/4410/4228
f 5189/5414/4231 5190/5415/4232 4370/4595/4233
f 2932/4180/2925 4717/4942/4234 2933/4179/2929
f 4246/4471/4235 4171/4396/4236 5097/5322/4237
f 2931/4181/2924 4242/4467/4238 4217/4442/4239
f 1255/4187/1266 1254/4188/1263 4203/4428/4240
f 4218/4443/4241 4762/4987/4242 5539/5764/4243
f 5097/5322/4237 5096/5321/4244 2929/4183/2917
f 1257/4185/1253 2929/4183/2917 49/4184/267
f 1256/4186/1267 5097/5322/4237 1257/4185/1253
f 2930/4182/2919 2929/4183/2917 5096/5321/4244
f 1248/4194/1320 1247/4195/1321 4561/4786/4245
f 4241/4466/4246 5126/5351/4247 4200/4425/4248
f 4241/4466/4246 4200/4425/4248 1246/4196/1319
f 1253/4189/1262 4792/5017/4249 1254/4188/1263
f 5381/5606/4250 4602/4827/4251 5380/5605/4252
f 1248/4194/1320 4197/4422/4253 1249/4193/1454
f 4197/4422/4253 4233/4458/4254 1249/4193/1454
f 4176/4401/4255 4266/4491/4256 4432/4657/4028
f 4226/4451/4257 2934/4178/2926 2933/4179/2929
f 1244/4198/1618 5100/5325/4258 1245/4197/1619
f 4029/4143/4143 4295/4520/4145 4028/4142/4152
f 4422/4647/4259 5138/5363/4260 4260/4485/4261
f 4262/4487/4175 2936/4176/2909 4188/4413/4171
f 4299/4524/4262 4300/4525/4263 5163/5388/4264
f 5042/5267/4265 5581/5806/4266 4065/4290/4267
f 2900/4247/3097 4199/4424/4080 2901/4246/3095
f 1244/4198/1618 1243/4199/1741 4240/4465/4268
f 4142/4367/4269 4465/4690/4101 4211/4436/4094
f 5047/5272/4270 4291/4516/4271 5048/5273/4272
f 4562/4787/4134 4047/4219/4210 4048/4220/4273
f 4708/4933/4274 4709/4934/4275 4376/4601/4276
f 4149/4374/4184 4208/4433/4183 4615/4840/4277
f 4806/5031/4278 4807/5032/4279 4059/4284/4280
f 4202/4427/4281 1252/4190/1244 4229/4454/4282
f 4525/4750/4283 5010/5235/4284 4425/4650/4285
f 5109/5334/4021 2878/4269/3057 2877/4270/3018
f 4842/5067/4286 4843/5068/4287 5525/5750/4288
f 4540/4765/4289 5325/5550/4290 5326/5551/4291
f 4550/4775/4292 4775/5000/4293 4776/5001/4294
f 1249/4193/1454 4233/4458/4254 1250/4192/1277
f 5453/5678/4295 5454/5679/4296 4723/4948/4297
f 5015/5240/4298 4319/4544/4086 5168/5393/4299
f 4630/4855/4300 4734/4959/4301 5466/5691/4302
f 4984/5209/4303 4449/4674/4304 4981/5206/4305
f 5278/5503/4306 5280/5505/4307 4398/4623/4308
f 4184/4409/4150 4272/4497/4309 4027/4141/4151
f 4715/4940/4310 5545/5770/4311 5061/5286/4312
f 5313/5538/4313 4304/4529/4314 5318/5543/4315
f 4129/4354/4016 5253/5478/4316 5257/5482/4317
f 4368/4593/4318 4663/4888/4319 4671/4896/4320
f 5184/5409/4321 4356/4581/4322 4104/4329/4323
f 4311/4536/4324 1241/4201/1556 4230/4455/4207
f 4693/4918/4325 4682/4907/4326 4688/4913/4327
f 4568/4793/4328 5345/5570/4329 4825/5050/4330
f 4297/4522/4155 4579/4804/4331 4195/4420/4153
f 2946/4166/2871 2945/4167/3141 4499/4724/4332
f 5229/5454/4333 4096/4321/4334 4401/4626/4335
f 5041/5266/4336 4394/4619/4337 5040/5265/4338
f 4399/4624/4339 4401/4626/4335 4096/4321/4334
f 4922/5147/4340 5543/5768/4341 4346/4571/4342
f 4848/5073/4343 5524/5749/4344 5533/5758/4345
f 4280/4505/4346 5055/5280/4347 4751/4976/4348
f 4266/4491/4256 4176/4401/4255 5102/5327/4111
f 4456/4681/4349 4971/5196/4350 4972/5197/4351
f 4599/4824/4352 4726/4951/4353 5373/5598/4354
f 4360/4585/4355 4253/4478/4220 4043/4215/4356
f 4918/5143/4357 4794/5019/4358 4991/5216/4359
f 4056/4228/4129 4057/4229/4119 4359/4584/4360
f 4212/4437/4114 5112/5337/4113 2912/4235/3120
f 5338/5563/4361 5340/5565/4362 4291/4516/4271
f 4214/4439/4140 4047/4219/4210 4562/4787/4134
f 4707/4932/4363 4708/4933/4274 4376/4601/4276
f 5033/5258/4364 5580/5805/4365 4107/4332/4366
f 4102/4327/4367 4312/4537/4368 4509/4734/4369
f 4195/4420/4153 4296/4521/4149 4031/4145/4148
f 4361/4586/4370 4259/4484/4196 2940/4172/2903
f 5369/5594/4371 4204/4429/4372 5367/5592/4373
f 4267/4492/4106 2893/4254/3270 5102/5327/4111
f 4747/4972/4374 5476/5701/4375 4436/4661/4376
f 5358/5583/4377 4581/4806/4378 5493/5718/4379
f 4160/4385/4380 4429/4654/4381 4934/5159/4382
f 4805/5030/4383 5289/5514/4384 4628/4853/4161
f 4254/4479/4045 4255/4480/4385 5136/5361/4386
f 2908/4239/3116 4444/4669/4387 2909/4238/3160
f 4143/4368/4092 4444/4669/4387 4206/4431/4091
f 4217/4442/4239 4158/4383/4388 4717/4942/4234
f 4113/4338/4389 5143/5368/4390 5078/5303/4391
f 4792/5017/4249 4202/4427/4281 5121/5346/4392
f 4913/5138/4393 4914/5139/4394 4501/4726/4395
f 4269/4494/4015 2879/4268/3020 2878/4269/3057
f 4100/4325/4396 4324/4549/4397 5177/5402/4398
f 4723/4948/4297 5454/5679/4296 5452/5677/4399
f 4780/5005/4400 4162/4387/4401 4282/4507/4402
f 5188/5413/4403 4561/4786/4245 4200/4425/4248
f 5381/5606/4250 5382/5607/4404 4079/4304/4405
f 4498/4723/4406 4771/4996/4407 4773/4998/4408
f 4766/4991/4409 4119/4344/4410 5172/5397/4411
f 2942/4170/2898 4256/4481/4193 2943/4169/2896
f 4258/4483/4198 4399/4624/4339 4096/4321/4334
f 4331/4556/4412 2888/4259/3040 2887/4260/3039
f 4838/5063/4413 4884/5109/4414 4883/5108/4415
f 4961/5186/4416 5559/5784/4417 4704/4929/4418
f 4993/5218/4419 5567/5792/4420 4388/4613/4421
f 5060/5285/4422 5061/5286/4312 4346/4571/4342
f 4183/4408/4017 5110/5335/4018 4269/4494/4015
f 2882/4265/3028 4497/4722/4036 4213/4438/4037
f 4334/4559/4423 5177/5402/4398 5145/5370/4424
f 4553/4778/4425 4289/4514/4426 4505/4730/4427
f 4618/4843/4428 4127/4352/4429 5174/5399/4430
f 4511/4736/4431 5296/5521/4432 5297/5522/4433
f 5023/5248/4434 5071/5296/4435 4118/4343/4436
f 4645/4870/4437 4021/4135/4438 4022/4136/4064
f 5412/5637/4439 4655/4880/4440 5577/5802/4441
f 4903/5128/4442 2906/4241/3132 2905/4242/3105
f 4604/4829/4443 4284/4509/4444 4357/4582/4445
f 4264/4489/4446 4175/4400/4447 5101/5326/4023
f 4105/4330/4448 4426/4651/4449 4791/5016/4450
f 4244/4469/4451 4168/4393/4452 5093/5318/4079
f 4106/4331/4453 4276/4501/4454 5058/5283/4455
f 4311/4536/4324 4187/4412/4456 1242/4200/1740
f 5034/5259/4457 5075/5300/4458 4124/4349/4459
f 4578/4803/4460 5355/5580/4461 4964/5189/4462
f 4382/4607/4463 4084/4309/4464 4381/4606/4465
f 4320/4545/4466 4036/4150/4164 4037/4151/4467
f 2955/4157/2861 2954/4158/3337 5099/5324/4188
f 4435/4660/4468 4944/5169/4469 4565/4790/4470
f 4564/4789/4471 4238/4463/4087 2895/4252/3073
f 5377/5602/4472 5374/5599/4473 4599/4824/4352
f 4792/5017/4249 5121/5346/4392 4159/4384/4474
f 4792/5017/4249 4203/4428/4240 1254/4188/1263
f 4217/4442/4239 5114/5339/4475 4158/4383/4388
f 4226/4451/4257 4310/4535/4163 2934/4178/2926
f 4593/4818/4476 4889/5114/4477 4890/5115/4478
f 1237/4205/1679 4263/4488/4215 4186/4411/4212
f 5568/5793/4479 4996/5221/4480 5569/5794/4481
f 4621/4846/4482 4741/4966/4483 4743/4968/4484
f 5483/5708/4485 4759/4984/4486 4144/4369/4083
f 1248/4194/1320 4561/4786/4245 4197/4422/4253
f 4306/4531/4487 4909/5134/4488 4116/4341/4489
f 5105/5330/4219 4041/4213/4225 4042/4214/4490
f 4131/4356/4230 4185/4410/4228 4904/5129/4491
f 4328/4553/4492 4220/4445/4057 4024/4138/4056
f 4103/4328/4493 4299/4524/4262 5162/5387/4494
f 4549/4774/4179 4209/4434/4186 2952/4160/2867
f 5131/5356/4168 4109/4334/4167 5130/5355/4495
f 4499/4724/4332 4210/4435/4496 2946/4166/2871
f 4498/4723/4406 4789/5014/4497 4790/5015/4498
f 2866/4281/2998 4293/4518/4051 2867/4280/2996
f 5352/5577/4499 4305/4530/4500 4576/4801/4501
f 5108/5333/4195 2942/4170/2898 2941/4171/3267
f 4400/4625/4502 4314/4539/4503 4401/4626/4335
f 2886/4261/3036 4330/4555/4504 4221/4446/4035
f 4892/5117/4505 4893/5118/4506 4338/4563/4044
f 5192/5417/4507 4318/4543/4508 5195/5420/4509
f 5188/5413/4403 4200/4425/4248 5126/5351/4247
f 4045/4217/4217 4563/4788/4216 4216/4441/4510
f 5186/5411/4511 4720/4945/4512 4125/4350/4513
f 2911/4236/3124 4465/4690/4101 4212/4437/4114
f 4384/4609/4514 4672/4897/4515 5293/5518/4516
f 4613/4838/4095 4225/4450/4517 4051/4223/4096
f 4500/4725/4518 5221/5446/4519 5222/5447/4520
f 4102/4327/4367 4273/4498/4521 4312/4537/4368
f 4272/4497/4309 4273/4498/4521 5147/5372/4522
f 4439/4664/4523 5257/5482/4317 5253/5478/4316
f 4270/4495/4019 4271/4496/4524 5146/5371/4525
f 5051/5276/4099 5052/5277/4526 4189/4414/4110
f 5223/5448/4527 4392/4617/4528 4505/4730/4427
f 1236/4206/1301 1235/4207/1303 4185/4410/4228
f 4794/5019/4358 5497/5722/4529 4795/5020/4530
f 4101/4326/4531 4288/4513/4532 4289/4514/4426
f 4287/4512/4142 4288/4513/4532 5157/5382/4533
f 5115/5340/4209 5006/5231/4534 4133/4358/4535
f 1242/4200/1740 4187/4412/4456 1243/4199/1741
f 2938/4174/2914 5094/5319/4146 4232/4457/4536
f 4169/4394/4537 4467/4692/4538 4232/4457/4536
f 2889/4258/3045 4612/4837/4034 4224/4449/4123
f 4135/4360/4539 4616/4841/4540 4617/4842/4541
f 5251/5476/4542 5252/5477/4543 4136/4361/4544
f 4275/4500/4545 4749/4974/4546 5169/5394/4547
f 2933/4179/2929 4717/4942/4234 4226/4451/4257
f 4395/4620/4548 4572/4797/4174 4137/4362/4173
f 2865/4282/2992 4193/4418/4052 2866/4281/2998
f 4504/4729/4549 4503/4728/4550 5287/5512/4551
f 4195/4420/4153 4031/4145/4148 4032/4146/4154
f 4568/4793/4328 5012/5237/4552 5576/5801/4553
f 4196/4421/4054 4019/4133/4062 4020/4134/4059
f 4140/4365/4055 5163/5388/4264 4300/4525/4263
f 4791/5016/4450 4141/4366/4554 4784/5009/4555
f 4175/4400/4447 4264/4489/4446 4426/4651/4449
f 4659/4884/4102 4384/4609/4514 4676/4901/4556
f 2911/4236/3124 4212/4437/4114 2912/4235/3120
f 4206/4431/4091 2908/4239/3116 2907/4240/3130
f 4143/4368/4092 5183/5408/4557 4356/4581/4322
f 4198/4423/4085 2899/4248/3134 2898/4249/3207
f 4755/4980/4117 4756/4981/4558 4757/4982/4115
f 5058/5283/4455 4145/4370/4559 4760/4985/4560
f 4168/4393/4452 4244/4469/4451 4276/4501/4454
f 4324/4549/4397 4325/4550/4561 5177/5402/4398
f 2882/4265/3028 4213/4438/4037 2883/4264/3026
f 1247/4195/1321 1246/4196/1319 4200/4425/4248
f 4306/4531/4487 4116/4341/4489 5118/5343/4562
f 4207/4432/4201 2949/4163/2873 2948/4164/2868
f 4148/4373/4202 4207/4432/4201 4765/4990/4563
f 5335/5560/4564 4095/4320/4565 4775/5000/4293
f 2952/4160/2867 4209/4434/4186 2953/4159/3382
f 4770/4995/4205 4404/4629/4204 4768/4993/4566
f 2946/4166/2871 4210/4435/4496 2947/4165/2870
f 4215/4440/4135 4048/4220/4273 4049/4221/4130
f 4127/4352/4429 4618/4843/4428 5586/5811/4567
f 5218/5443/4568 4098/4323/4569 5219/5444/4570
f 4045/4217/4217 4216/4441/4510 4044/4216/4571
f 2887/4260/3039 4221/4446/4035 4331/4556/4412
f 4224/4449/4123 4616/4841/4540 4135/4360/4539
f 5157/5382/4533 5155/5380/4572 4154/4379/4573
f 4051/4223/4096 4225/4450/4517 4050/4222/4131
f 5149/5374/4574 5070/5295/4575 5148/5373/4576
f 4220/4445/4057 4328/4553/4492 5023/5248/4434
f 4329/4554/4065 4023/4137/4058 4220/4445/4057
f 4156/4381/4577 4329/4554/4065 4958/5183/4578
f 4647/4872/4579 4172/4397/4580 4320/4545/4466
f 4038/4152/4185 4201/4426/4190 4037/4151/4467
f 2932/4180/2925 2931/4181/2924 4217/4442/4239
f 4226/4451/4257 4395/4620/4548 5225/5450/4581
f 1253/4189/1262 1252/4190/1244 4202/4427/4281
f 5122/5347/4582 4203/4428/4240 4792/5017/4249
f 2874/4273/3139 5101/5326/4023 4265/4490/4024
f 4933/5158/4583 4934/5159/4382 4429/4654/4381
f 4892/5117/4505 4338/4563/4044 4900/5125/4584
f 4221/4446/4035 4330/4555/4504 4891/5116/4585
f 2904/4243/3104 5093/5318/4079 4245/4470/4089
f 5153/5378/4586 4780/5005/4400 4282/4507/4402
f 4228/4453/4074 4017/4131/4071 4018/4132/4061
f 4163/4388/4073 4228/4453/4074 4446/4671/4075
f 4035/4149/4166 5098/5323/4165 4247/4472/4177
f 4164/4389/4587 4247/4472/4177 4333/4558/4588
f 4509/4734/4369 4510/4735/4589 4102/4327/4367
f 5233/5458/4590 4405/4630/4591 5232/5457/4592
f 4601/4826/4593 5378/5603/4594 4908/5133/4595
f 4906/5131/4596 4202/4427/4281 4229/4454/4282
f 4231/4456/4597 5116/5341/4208 5117/5342/4598
f 1240/4202/1297 4230/4455/4207 1241/4201/1556
f 2903/4244/3186 2902/4245/3098 4244/4469/4451
f 4168/4393/4452 4282/4507/4402 4245/4470/4089
f 4169/4394/4537 4590/4815/4599 4467/4692/4538
f 2938/4174/2914 4232/4457/4536 2939/4173/2912
f 4238/4463/4087 2896/4251/3074 2895/4252/3073
f 4170/4395/4088 4238/4463/4087 4275/4500/4545
f 4246/4471/4235 1256/4186/1267 1255/4187/1266
f 4721/4946/4600 4218/4443/4241 5114/5339/4475
f 4037/4151/4467 4201/4426/4190 4320/4545/4466
f 4247/4472/4177 4172/4397/4580 5176/5401/4601
f 5128/5353/4602 4249/4474/4603 4173/4398/4604
f 2955/4157/2861 4248/4473/4187 2956/4156/2860
f 4240/4465/4268 1243/4199/1741 4187/4412/4456
f 4174/4399/4605 5033/5258/4364 5034/5259/4457
f 2873/4274/3138 2872/4275/3004 4264/4489/4446
f 4175/4400/4447 4429/4654/4381 4265/4490/4024
f 2892/4255/3269 2891/4256/3044 4266/4491/4256
f 4176/4401/4255 4434/4659/4606 4267/4492/4106
f 4185/4410/4228 4274/4499/4229 5150/5375/4607
f 5103/5328/4223 5104/5329/4224 4039/4211/4227
f 4253/4478/4220 4042/4214/4490 4043/4215/4356
f 4996/5221/4480 4080/4305/4608 5001/5226/4609
f 4502/4727/4610 4255/4480/4385 5286/5511/4611
f 2870/4277/3003 4254/4479/4045 2871/4276/3006
f 4399/4624/4339 4258/4483/4198 5226/5451/4612
f 2944/4168/2897 4257/4482/4200 2945/4167/3141
f 4259/4484/4196 2941/4171/3267 2940/4172/2903
f 4181/4406/4194 4259/4484/4196 4260/4485/4261
f 2877/4270/3018 2876/4271/3007 4268/4493/4022
f 4438/4663/4025 4439/4664/4523 5253/5478/4316
f 4626/4851/4613 4129/4354/4016 5257/5482/4317
f 2880/4267/3021 4270/4495/4019 2881/4266/3172
f 5167/5392/4614 4273/4498/4521 4184/4409/4150
f 4027/4141/4151 4272/4497/4309 4026/4140/4068
f 1235/4207/1303 1234/4208/1310 4274/4499/4229
f 4185/4410/4228 5150/5375/4607 4904/5129/4491
f 4186/4411/4212 5142/5367/4615 5141/5366/4616
f 5141/5366/4616 4167/4392/4617 4261/4486/4214
f 5451/5676/4618 4133/4358/4535 5575/5800/4619
f 4240/4465/4268 5033/5258/4364 4174/4399/4605
f 5078/5303/4391 4188/4413/4171 4137/4362/4173
f 5143/5368/4390 4169/4394/4537 4262/4487/4175
f 4189/4414/4110 5112/5337/4113 5182/5407/4620
f 5051/5276/4099 4352/4577/4621 5224/5449/4622
f 4359/4584/4360 4057/4229/4119 4243/4468/4118
f 4190/4415/4127 4359/4584/4360 5185/5410/4623
f 5158/5383/4624 4288/4513/4532 4191/4416/4126
f 4053/4225/4128 4287/4512/4142 4052/4224/4097
f 5160/5385/4625 4504/4729/4549 4121/4346/4626
f 5159/5384/4627 4179/4404/4628 4294/4519/4063
f 4353/4578/4070 4911/5136/4048 4015/4129/4047
f 5111/5336/4629 4138/4363/4049 4193/4418/4052
f 5216/5441/4630 4139/4364/4159 4382/4607/4463
f 4295/4520/4145 4128/4353/4631 4184/4409/4150
f 4032/4146/4154 4033/4147/4158 4297/4522/4155
f 4579/4804/4331 4580/4805/4632 5356/5581/4633
f 4298/4523/4060 4020/4134/4059 4021/4135/4438
f 4196/4421/4054 4298/4523/4060 4299/4524/4262
f 4197/4422/4253 4561/4786/4245 5164/5389/4634
f 4233/4458/4254 5119/5344/4635 4166/4391/4636
f 2898/4249/3207 2897/4250/3434 4319/4544/4086
f 4757/4982/4115 5015/5240/4298 4115/4340/4116
f 4385/4610/4084 4199/4424/4080 2900/4247/3097
f 5484/5709/4081 4144/4369/4083 4759/4984/4486
f 1246/4196/1319 1245/4197/1619 4241/4466/4246
f 5126/5351/4247 4370/4595/4233 5188/5413/4403
f 5079/5304/4189 4038/4152/4185 2958/4154/2852
f 4647/4872/4579 4320/4545/4466 4201/4426/4190
f 1252/4190/1244 1251/4191/1243 4229/4454/4282
f 5121/5346/4392 5120/5345/4637 4159/4384/4474
f 5120/5345/4637 4237/4462/4638 5122/5347/4582
f 4171/4396/4236 5590/5815/4639 5127/5352/4640
f 4591/4816/4641 4204/4429/4372 4590/4815/4599
f 4591/4816/4641 5367/5592/4373 4204/4429/4372
f 4819/5044/4642 4820/5045/4643 4822/5047/4644
f 4515/4740/4645 5304/5529/4646 5303/5528/4647
f 2907/4240/3130 2906/4241/3132 4354/4579/4090
f 4355/4580/4105 4356/4581/4322 5183/5408/4557
f 4321/4546/4203 2948/4164/2868 2947/4165/2870
f 4207/4432/4201 5171/5396/4648 4765/4990/4563
f 4548/4773/4182 4208/4433/4183 2950/4162/2876
f 4615/4840/4277 4208/4433/4183 4148/4373/4202
f 4766/4991/4409 4209/4434/4186 4149/4374/4184
f 5172/5397/4411 4173/4398/4604 4322/4547/4170
f 4767/4992/4649 4210/4435/4496 4150/4375/4650
f 4321/4546/4203 5171/5396/4648 4207/4432/4201
f 4444/4669/4387 4211/4436/4094 2909/4238/3160
f 5422/5647/4093 4677/4902/4651 4678/4903/4652
f 4811/5036/4112 4142/4367/4269 4810/5035/4653
f 4126/4351/4654 5182/5407/4620 5112/5337/4113
f 5173/5398/4655 4324/4549/4397 4213/4438/4037
f 4957/5182/4656 4323/4548/4038 4324/4549/4397
f 4646/4871/4141 4214/4439/4140 4151/4376/4133
f 4563/4788/4216 4214/4439/4140 4152/4377/4139
f 4332/4557/4132 4050/4222/4131 4225/4450/4517
f 4215/4440/4135 5175/5400/4657 4719/4944/4658
f 4720/4945/4512 4216/4441/4510 4152/4377/4139
f 5187/5412/4659 4253/4478/4220 4360/4585/4355
f 2931/4181/2924 2930/4182/2919 4242/4467/4238
f 5114/5339/4475 5113/5338/4660 4158/4383/4388
f 4721/4946/4600 4217/4442/4239 4242/4467/4238
f 4761/4986/4661 4762/4987/4242 4237/4462/4638
f 4112/4337/4662 5123/5348/4663 4762/4987/4242
f 5373/5598/4354 4726/4951/4353 4091/4316/4664
f 4024/4138/4056 4025/4139/4067 4328/4553/4492
f 4958/5183/4578 4329/4554/4065 4220/4445/4057
f 2886/4261/3036 2885/4262/3029 4330/4555/4504
f 5532/5757/4665 5617/5842/4666 4898/5123/4041
f 4936/5161/4667 4939/5164/4668 4430/4655/4669
f 4340/4565/4670 5091/5316/4671 4092/4317/4672
f 5387/5612/4673 4940/5165/4674 4345/4570/4675
f 5504/5729/4676 4802/5027/4677 5507/5732/4678
f 4616/4841/4540 4224/4449/4123 4153/4378/4679
f 5243/5468/4680 4796/5021/4124 4135/4360/4539
f 4618/4843/4428 4225/4450/4517 4154/4379/4573
f 4332/4557/4132 5175/5400/4657 4215/4440/4135
f 4395/4620/4548 4226/4451/4257 4158/4383/4388
f 4310/4535/4163 4137/4362/4173 4188/4413/4171
f 4725/4950/4681 4476/4701/4682 5285/5510/4683
f 4828/5053/4684 4851/5076/4685 4484/4709/4686
f 4351/4576/4053 4228/4453/4074 4018/4132/4061
f 4446/4671/4075 4228/4453/4074 4140/4365/4055
f 5032/5257/4178 4229/4454/4282 1251/4191/1243
f 4906/5131/4596 4907/5132/4687 4111/4336/4688
f 5116/5341/4208 4230/4455/4207 4167/4392/4617
f 1241/4201/1556 4311/4536/4324 1242/4200/1740
f 5117/5342/4598 4114/4339/4689 4793/5018/4690
f 4231/4456/4597 5496/5721/4691 5006/5231/4534
f 4113/4338/4389 4590/4815/4599 4169/4394/4537
f 5140/5365/4692 4361/4586/4370 4134/4359/4693
f 5118/5343/4562 4233/4458/4254 4197/4422/4253
f 5032/5257/4178 4233/4458/4254 4166/4391/4636
f 4234/4459/4694 5121/5346/4392 4906/5131/4596
f 5374/5599/4473 5377/5602/4472 4600/4825/4695
f 4713/4938/4696 5085/5310/4697 4079/4304/4405
f 5376/5601/4698 4495/4720/4699 5375/5600/4700
f 4713/4938/4696 4079/4304/4405 5382/5607/4404
f 4460/4685/4701 4966/5191/4702 4967/5192/4703
f 4091/4316/4664 4728/4953/4704 4761/4986/4661
f 4203/4428/4240 5122/5347/4582 5123/5348/4663
f 4564/4789/4471 2894/4253/3058 4267/4492/4106
f 4275/4500/4545 5151/5376/4705 4136/4361/4544
f 4178/4403/4218 4253/4478/4220 4722/4947/4706
f 4904/5129/4491 4905/5130/4707 4131/4356/4230
f 5451/5676/4618 5580/5805/4365 4187/4412/4456
f 5100/5325/4258 4240/4465/4268 4174/4399/4605
f 5100/5325/4258 4241/4466/4246 1245/4197/1619
f 5125/5350/4708 4241/4466/4246 4174/4399/4605
f 5096/5321/4244 4242/4467/4238 2930/4182/2919
f 5127/5352/4640 4242/4467/4238 4171/4396/4236
f 5050/5275/4098 2916/4231/3281 2915/4232/3279
f 4130/4355/4100 5185/5410/4623 4359/4584/4360
f 4386/4611/4078 4244/4469/4451 2902/4245/3098
f 5152/5377/4709 4276/4501/4454 4106/4331/4453
f 4168/4393/4452 5152/5377/4709 4282/4507/4402
f 4903/5128/4442 4245/4470/4089 4162/4387/4401
f 1255/4187/1266 4203/4428/4240 4246/4471/4235
f 4203/4428/4240 5123/5348/4663 5590/5815/4639
f 4333/4558/4588 5176/5401/4601 4109/4334/4167
f 5005/5230/4157 4247/4472/4177 4164/4389/4587
f 5129/5354/4180 4173/4398/4604 4249/4474/4603
f 4248/4473/4187 5129/5354/4180 4614/4839/4176
f 5128/5353/4602 4173/4398/4604 4119/4344/4410
f 4109/4334/4167 4647/4872/4579 5130/5355/4495
f 5016/5241/4710 5017/5242/4711 4550/4775/4292
f 4251/4476/4712 5133/5358/4713 5134/5359/4714
f 4251/4476/4712 5132/5357/4169 5133/5358/4713
f 4964/5189/4462 4108/4333/4715 4963/5188/4716
f 5105/5330/4219 4252/4477/4221 4041/4213/4225
f 4178/4403/4218 5124/5349/4138 5135/5360/4137
f 4043/4215/4356 4044/4216/4571 4360/4585/4355
f 4722/4947/4706 4239/4464/4717 5124/5349/4138
f 4255/4480/4385 4254/4479/4045 4179/4404/4628
f 4254/4479/4045 5136/5361/4386 4496/4721/4027
f 4121/4346/4626 5287/5512/4551 5286/5511/4611
f 4255/4480/4385 4087/4312/4718 4784/5009/4555
f 5108/5333/4195 4256/4481/4193 2942/4170/2898
f 5137/5362/4197 4256/4481/4193 4181/4406/4194
f 4258/4483/4198 4257/4482/4200 4180/4405/4191
f 4257/4482/4200 5139/5364/4199 4499/4724/4332
f 5226/5451/4612 4122/4347/4719 4399/4624/4339
f 4258/4483/4198 4096/4321/4334 5485/5710/4720
f 2940/4172/2903 2939/4173/2912 4361/4586/4370
f 4260/4485/4261 4259/4484/4196 5140/5365/4692
f 4889/5114/4477 4260/4485/4261 4134/4359/4693
f 4416/4641/4721 4422/4647/4259 4085/4310/4722
f 5141/5366/4616 4261/4486/4214 4186/4411/4212
f 5092/5317/4213 4261/4486/4214 4167/4392/4617
f 5143/5368/4390 4262/4487/4175 4188/4413/4171
f 5094/5319/4146 4262/4487/4175 4169/4394/4537
f 4185/4410/4228 4263/4488/4215 1236/4206/1301
f 4186/4411/4212 4263/4488/4215 4131/4356/4230
f 4496/4721/4027 4264/4489/4446 2872/4275/3004
f 4175/4400/4447 4426/4651/4449 4105/4330/4448
f 4429/4654/4381 4175/4400/4447 4105/4330/4448
f 4763/4988/4026 4265/4490/4024 4160/4385/4380
f 2891/4256/3044 2890/4257/3043 4796/5021/4124
f 4176/4401/4255 4432/4657/4028 4110/4335/4030
f 4434/4659/4606 4176/4401/4255 4110/4335/4030
f 4136/4361/4544 5151/5376/4705 4564/4789/4471
f 4763/4988/4026 4268/4493/4022 2876/4271/3007
f 4934/5159/4382 5547/5772/4723 4160/4385/4380
f 5109/5334/4021 4269/4494/4015 2878/4269/3057
f 4269/4494/4015 4182/4407/4020 5253/5478/4316
f 4271/4496/4524 4270/4495/4019 4183/4408/4017
f 4270/4495/4019 5146/5371/4525 4497/4722/4036
f 5388/5613/4724 4129/4354/4016 4626/4851/4613
f 4271/4496/4524 4092/4317/4672 5144/5369/4725
f 4273/4498/4521 4272/4497/4309 4184/4409/4150
f 4272/4497/4309 5147/5372/4522 4598/4823/4066
f 5167/5392/4614 4128/4353/4631 4312/4537/4368
f 5070/5295/4575 4155/4380/4726 5148/5373/4576
f 1234/4208/1310 4177/4402/4222 4274/4499/4229
f 4274/4499/4229 4177/4402/4222 5135/5360/4137
f 4136/4361/4544 4565/4790/4470 4275/4500/4545
f 4086/4311/4727 4744/4969/4728 4749/4974/4546
f 4244/4469/4451 4145/4370/4559 4276/4501/4454
f 4759/4984/4486 4093/4318/4729 4760/4985/4560
f 4953/5178/4730 4954/5179/4731 4724/4949/4732
f 5154/5379/4733 5259/5484/4734 4447/4672/4735
f 4737/4962/4736 5515/5740/4737 5514/5739/4738
f 5615/5840/4739 4983/5208/4740 4447/4672/4735
f 4621/4846/4482 4743/4968/4484 4745/4970/4741
f 4682/4907/4326 4684/4909/4742 4685/4910/4743
f 4308/4533/4744 5204/5429/4745 5205/5430/4746
f 5202/5427/4747 4069/4294/4748 5201/5426/4749
f 5466/5691/4302 4750/4975/4750 4630/4855/4300
f 5200/5425/4751 5197/5422/4752 5199/5424/4753
f 4282/4507/4402 4106/4331/4453 5153/5378/4586
f 4162/4387/4401 4245/4470/4089 4282/4507/4402
f 4283/4508/4754 5153/5378/4586 5154/5379/4733
f 4604/4829/4443 4605/4830/4755 4284/4509/4444
f 4979/5204/4756 4984/5209/4303 4978/5203/4757
f 4660/4885/4758 4358/4583/4103 4659/4884/4102
f 4697/4922/4759 4681/4906/4760 4684/4909/4742
f 4061/4286/4761 4657/4882/4762 4658/4883/4104
f 4286/4511/4109 4190/4415/4127 5223/5448/4527
f 4191/4416/4126 4054/4226/4107 4286/4511/4109
f 4288/4513/4532 4287/4512/4142 4191/4416/4126
f 4287/4512/4142 5157/5382/4533 4613/4838/4095
f 5158/5383/4624 4132/4357/4125 4289/4514/4426
f 4288/4513/4532 4101/4326/4531 5155/5380/4572
f 4132/4357/4125 4505/4730/4427 4289/4514/4426
f 5338/5563/4361 4554/4779/4120 5339/5564/4763
f 4553/4778/4425 4505/4730/4427 4506/4731/4764
f 4672/4897/4515 4384/4609/4514 4656/4881/4765
f 4658/4883/4104 4664/4889/4766 4061/4286/4761
f 5338/5563/4361 5046/5271/4767 4554/4779/4120
f 5082/5307/4768 4679/4904/4769 4452/4677/4770
f 5566/5791/4771 4998/5223/4772 4062/4287/4773
f 2866/4281/2998 4193/4418/4052 4293/4518/4051
f 4138/4363/4049 4293/4518/4051 4193/4418/4052
f 5159/5384/4627 4294/4519/4063 4192/4417/4050
f 5106/5331/4046 4294/4519/4063 4179/4404/4628
f 4128/4353/4631 4295/4520/4145 4194/4419/4144
f 4184/4409/4150 4028/4142/4152 4295/4520/4145
f 4296/4521/4149 4195/4420/4153 5356/5581/4633
f 4194/4419/4144 4030/4144/4147 4296/4521/4149
f 5005/5230/4157 4297/4522/4155 4033/4147/4158
f 4579/4804/4331 4963/5188/4716 4108/4333/4715
f 4645/4870/4437 4298/4523/4060 4021/4135/4438
f 5162/5387/4494 4299/4524/4262 5161/5386/4774
f 5161/5386/4774 4299/4524/4262 4298/4523/4060
f 4299/4524/4262 4103/4328/4493 4300/4525/4263
f 5022/5247/4775 4300/4525/4263 4103/4328/4493
f 4627/4852/4160 4088/4313/4162 5336/5561/4776
f 5412/5637/4439 5413/5638/4777 4655/4880/4440
f 4806/5031/4278 4305/4530/4500 4805/5030/4383
f 5604/5829/4778 5313/5538/4313 4521/4746/4779
f 5408/5633/4780 4653/4878/4781 5411/5636/4782
f 5364/5589/4783 4365/4590/4784 5361/5586/4785
f 5316/5541/4786 5319/5544/4787 4303/4528/4788
f 4364/4589/4789 5298/5523/4790 5302/5527/4791
f 4515/4740/4645 5301/5526/4792 4857/5082/4793
f 4781/5006/4794 4087/4312/4718 4576/4801/4501
f 4502/4727/4610 4087/4312/4718 4255/4480/4385
f 5165/5390/4795 4306/4531/4487 5164/5389/4634
f 4909/5134/4488 4910/5135/4796 4307/4532/4797
f 5212/5437/4798 5537/5762/4799 5592/5817/4800
f 4910/5135/4796 5213/5438/4801 4307/4532/4797
f 4454/4679/4802 5208/5433/4803 5260/5485/4804
f 5589/5814/4805 4972/5197/4351 4973/5198/4806
f 4454/4679/4802 5202/5427/4747 5593/5818/4807
f 4459/4684/4808 4967/5192/4703 4968/5193/4809
f 4310/4535/4163 4226/4451/4257 5225/5450/4581
f 4188/4413/4171 2935/4177/2939 4310/4535/4163
f 5115/5340/4209 4311/4536/4324 4230/4455/4207
f 4311/4536/4324 4133/4358/4535 5451/5676/4618
f 4128/4353/4631 4381/4606/4465 4312/4537/4368
f 4509/4734/4369 5295/5520/4810 4566/4791/4811
f 4567/4792/4812 4570/4795/4813 4566/4791/4811
f 5073/5298/4814 5074/5299/4815 4070/4295/4816
f 4419/4644/4817 5238/5463/4818 4797/5022/4819
f 4315/4540/4820 4403/4628/4821 5228/5453/4822
f 4317/4542/4823 4926/5151/4824 5234/5459/4825
f 4405/4630/4591 5231/5456/4826 5232/5457/4592
f 5328/5553/4827 4540/4765/4289 5329/5554/4828
f 4410/4635/4829 5343/5568/4830 5324/5549/4831
f 5036/5261/4832 4406/4631/4833 5035/5260/4834
f 5235/5460/4835 4559/4784/4836 5344/5569/4837
f 4375/4600/4838 4693/4918/4325 5425/5650/4839
f 5190/5415/4232 5592/5817/4800 4094/4319/4840
f 5095/5320/4082 4319/4544/4086 2897/4250/3434
f 5168/5393/4299 4319/4544/4086 4170/4395/4088
f 4647/4872/4579 4201/4426/4190 4157/4382/4181
f 5098/5323/4165 4320/4545/4466 4172/4397/4580
f 2947/4165/2870 4210/4435/4496 4321/4546/4203
f 5170/5395/4841 4321/4546/4203 4210/4435/4496
f 5172/5397/4411 4322/4547/4170 4209/4434/4186
f 5099/5324/4188 4322/4547/4170 4173/4398/4604
f 4324/4549/4397 4323/4548/4038 4213/4438/4037
f 4764/4989/4077 4323/4548/4038 4161/4386/4842
f 4324/4549/4397 5173/5398/4655 4325/4550/4561
f 4893/5118/4506 4957/5182/4656 4100/4325/4396
f 5144/5369/4725 4146/4371/4843 5146/5371/4525
f 5181/5406/4844 4326/4551/4845 5179/5404/4846
f 4620/4845/4847 5501/5726/4848 5502/5727/4849
f 4893/5118/4506 4100/4325/4396 5178/5403/4850
f 5393/5618/4851 5394/5619/4852 4461/4686/4853
f 4836/5061/4854 4840/5065/4855 4488/4713/4856
f 4598/4823/4066 4328/4553/4492 4025/4139/4067
f 5023/5248/4434 4328/4553/4492 4155/4380/4726
f 4958/5183/4578 4220/4445/4057 4118/4343/4436
f 4645/4870/4437 4329/4554/4065 4156/4381/4577
f 4764/4989/4077 4330/4555/4504 2885/4262/3029
f 4330/4555/4504 4161/4386/4842 4891/5116/4585
f 5617/5842/4666 4221/4446/4035 4123/4348/4039
f 4331/4556/4412 5532/5757/4665 4612/4837/4034
f 5174/5399/4430 4332/4557/4132 4225/4450/4517
f 4215/4440/4135 4049/4221/4130 4332/4557/4132
f 5132/5357/4169 4333/4558/4588 4109/4334/4167
f 4251/4476/4712 4964/5189/4462 5562/5787/4857
f 5144/5369/4725 4092/4317/4672 5145/5370/4424
f 5178/5403/4850 5179/5404/4846 4335/4560/4858
f 4843/5068/4287 4850/5075/4859 5525/5750/4288
f 4894/5119/4860 4338/4563/4044 4893/5118/4506
f 4928/5153/4861 4850/5075/4859 4326/4551/4845
f 4845/5070/4862 4487/4712/4863 4846/5071/4864
f 4486/4711/4865 4829/5054/4866 4830/5055/4867
f 4482/4707/4868 4927/5152/4869 5284/5509/4870
f 4338/4563/4044 4894/5119/4860 4895/5120/4042
f 4123/4348/4039 4221/4446/4035 4891/5116/4585
f 4642/4867/4871 4092/4317/4672 4626/4851/4613
f 4326/4551/4845 5181/5406/4844 4619/4844/4872
f 5080/5305/4873 5081/5306/4874 4340/4565/4670
f 4619/4844/4872 5042/5267/4265 4065/4290/4267
f 4801/5026/4875 4804/5029/4876 5503/5728/4877
f 4236/4461/4878 5574/5799/4879 5404/5629/4880
f 4489/4714/4881 4837/5062/4882 4838/5063/4413
f 4897/5122/4040 4123/4348/4039 4900/5125/4584
f 4482/4707/4868 4987/5212/4883 4986/5211/4884
f 5246/5471/4885 5247/5472/4886 5248/5473/4887
f 4222/4447/4888 4625/4850/4889 4714/4939/4890
f 4714/4939/4890 5449/5674/4891 5450/5675/4892
f 5256/5481/4893 4222/4447/4888 4441/4666/4894
f 4937/5162/4895 4071/4296/4896 4938/5163/4897
f 5578/5803/4898 5029/5254/4899 5030/5255/4900
f 5062/5287/4901 5501/5726/4848 4620/4845/4847
f 5030/5255/4900 5031/5256/4902 4586/4811/4903
f 4956/5181/4904 5553/5778/4905 4534/4759/4906
f 4587/4812/4907 4921/5146/4908 4922/5147/4340
f 4803/5028/4909 5507/5732/4678 4919/5144/4910
f 5553/5778/4905 4887/5112/4911 4902/5127/4912
f 4545/4770/4913 4408/4633/4914 4544/4769/4915
f 4085/4310/4722 4797/5022/4819 4416/4641/4721
f 4526/4751/4916 5320/5545/4917 5037/5262/4918
f 4196/4421/4054 4351/4576/4053 4019/4133/4062
f 4228/4453/4074 4351/4576/4053 4140/4365/4055
f 4352/4577/4621 5182/5407/4620 4650/4875/4919
f 4392/4617/4528 5291/5516/4920 5290/5515/4921
f 4932/5157/4072 4353/4578/4070 4016/4130/4069
f 5111/5336/4629 4353/4578/4070 4163/4388/4073
f 4903/5128/4442 4354/4579/4090 2906/4241/3132
f 4162/4387/4401 4780/5005/4400 5491/5716/4922
f 5491/5716/4922 4354/4579/4090 4162/4387/4401
f 4355/4580/4105 4104/4329/4323 4356/4581/4322
f 4604/4829/4443 4104/4329/4323 5490/5715/4923
f 4356/4581/4322 4661/4886/4924 4677/4902/4651
f 4284/4509/4444 4663/4888/4319 4662/4887/4925
f 4662/4887/4925 4661/4886/4924 4357/4582/4445
f 4358/4583/4103 4662/4887/4925 4663/4888/4319
f 4657/4882/4762 4061/4286/4761 4656/4881/4765
f 4130/4355/4100 4359/4584/4360 4243/4468/4118
f 4190/4415/4127 4056/4228/4129 4359/4584/4360
f 4044/4216/4571 4216/4441/4510 4360/4585/4355
f 5186/5411/4511 4360/4585/4355 4216/4441/4510
f 2939/4173/2912 4232/4457/4536 4361/4586/4370
f 4134/4359/4693 4361/4586/4370 4232/4457/4536
f 4362/4587/4926 4567/4792/4812 4568/4793/4328
f 4855/5080/4927 4858/5083/4928 4824/5049/4929
f 4084/4309/4464 4382/4607/4463 5217/5442/4930
f 4095/4320/4565 4774/4999/4931 4775/5000/4293
f 5296/5521/4432 5298/5523/4790 4510/4735/4589
f 4514/4739/4932 5302/5527/4791 5298/5523/4790
f 4582/4807/4933 5359/5584/4934 5360/5585/4935
f 5321/5546/4936 5306/5531/4937 4518/4743/4938
f 5384/5609/4939 5361/5586/4785 4583/4808/4940
f 4366/4591/4941 5308/5533/4942 5309/5534/4943
f 5493/5718/4379 4785/5010/4944 4582/4807/4933
f 4786/5011/4945 4787/5012/4946 4611/4836/4947
f 5014/5239/4948 4606/4831/4949 4671/4896/4320
f 4665/4890/4950 4369/4594/4951 4664/4889/4766
f 4666/4891/4952 4369/4594/4951 4665/4890/4950
f 4948/5173/4953 5048/5273/4272 5049/5274/4954
f 4370/4595/4233 5126/5351/4247 5189/5414/4231
f 4370/4595/4233 5190/5415/4232 5191/5416/4955
f 5034/5259/4457 4124/4349/4459 5125/5350/4708
f 5192/5417/4507 5195/5420/4509 4371/4596/4956
f 5563/5788/4957 4107/4332/4366 5088/5313/4958
f 5194/5419/4959 4696/4921/4960 5193/5418/4961
f 4373/4598/4962 5195/5420/4509 5196/5421/4963
f 5213/5438/4801 4910/5135/4796 4377/4602/4964
f 4698/4923/4965 5198/5423/4966 5211/5436/4967
f 5199/5424/4753 5201/5426/4749 4069/4294/4748
f 5431/5656/4968 4375/4600/4838 5432/5657/4969
f 5431/5656/4968 4693/4918/4325 4375/4600/4838
f 5435/5660/4970 4695/4920/4971 5434/5659/4972
f 5561/5786/4973 5084/5309/4974 4716/4941/4975
f 5197/5422/4752 4373/4598/4962 5196/5421/4963
f 5203/5428/4976 5200/5425/4751 4069/4294/4748
f 5209/5434/4977 5436/5661/4978 4689/4914/4979
f 4378/4603/4980 5426/5651/4981 4700/4925/4982
f 5430/5655/4983 5427/5652/4984 4690/4915/4985
f 5056/5281/4986 5057/5282/4987 4629/4854/4988
f 5212/5437/4798 5200/5425/4751 4377/4602/4964
f 5086/5311/4989 5589/5814/4805 5085/5310/4697
f 5216/5441/4630 4382/4607/4463 5215/5440/4990
f 4566/4791/4811 4381/4606/4465 4084/4309/4464
f 4128/4353/4631 5215/5440/4990 4381/4606/4465
f 4580/4805/4632 5597/5822/4991 5356/5581/4633
f 4139/4364/4159 5356/5581/4633 5597/5822/4991
f 5353/5578/4992 5355/5580/4461 4578/4803/4460
f 4656/4881/4765 4061/4286/4761 5341/5566/4993
f 5292/5517/4994 4672/4897/4515 4506/4731/4764
f 4198/4423/4085 4385/4610/4084 2899/4248/3134
f 4199/4424/4080 4385/4610/4084 4144/4369/4083
f 4199/4424/4080 4386/4611/4078 2901/4246/3095
f 4244/4469/4451 4386/4611/4078 4145/4370/4559
f 4387/4612/4995 5218/5443/4568 5219/5444/4570
f 4387/4612/4995 5568/5793/4479 5569/5794/4481
f 5219/5444/4570 5220/5445/4996 4388/4613/4421
f 4992/5217/4997 4390/4615/4998 4993/5218/4419
f 5221/5446/4519 4531/4756/4999 5220/5445/4996
f 4959/5184/5000 5582/5807/5001 5557/5782/5002
f 4991/5216/4359 4992/5217/4997 4648/4873/5003
f 5002/5227/5004 4997/5222/5005 4390/4615/4998
f 4554/4779/4120 5046/5271/4767 5156/5381/4121
f 5076/5301/5006 5077/5302/5007 5586/5811/4567
f 4392/4617/4528 5185/5410/4623 5224/5449/4622
f 4505/4730/4427 5290/5515/4921 4081/4306/5008
f 4594/4819/5009 4595/4820/5010 5024/5249/5011
f 4419/4644/4817 5538/5763/5012 4912/5137/5013
f 4712/4937/5014 5090/5315/5015 5366/5591/5016
f 5275/5500/5017 4394/4619/4337 5274/5499/5018
f 5113/5338/4660 4395/4620/4548 4158/4383/4388
f 4572/4797/4174 4395/4620/4548 5351/5576/5019
f 4396/4621/5020 4572/4797/4174 4574/4799/5021
f 4064/4289/5022 5270/5495/5023 5271/5496/5024
f 4631/4856/5025 5405/5630/5026 5404/5629/4880
f 5040/5265/4338 4470/4695/5027 5039/5264/5028
f 4631/4856/5025 5392/5617/5029 5390/5615/5030
f 4472/4697/5031 5266/5491/5032 5268/5493/5033
f 4400/4625/4502 4399/4624/4339 4122/4347/4719
f 4399/4624/4339 4400/4625/4502 4401/4626/4335
f 5138/5363/4260 4122/4347/4719 5137/5362/4197
f 4416/4641/4721 4314/4539/4503 4400/4625/4502
f 5227/5452/5034 4401/4626/4335 4314/4539/4503
f 5228/5453/4822 4401/4626/4335 5227/5452/5034
f 4314/4539/4503 5238/5463/4818 4912/5137/5013
f 5237/5462/5035 5236/5461/5036 4402/4627/5037
f 4315/4540/4820 5230/5455/5038 4403/4628/4821
f 4917/5142/5039 4404/4629/4204 4916/5141/4206
f 4120/4345/5040 4767/4992/4649 4768/4993/4566
f 4120/4345/5040 5170/5395/4841 4767/4992/4649
f 5230/5455/5038 5231/5456/4826 4405/4630/4591
f 5540/5765/5041 5233/5458/4590 4075/4300/5042
f 5236/5461/5036 5035/5260/4834 4315/4540/4820
f 4926/5151/4824 4406/4631/4833 5234/5459/4825
f 5236/5461/5036 4315/4540/4820 5228/5453/4822
f 5011/5236/5043 4423/4648/5044 5010/5235/4284
f 4424/4649/5045 4541/4766/5046 5332/5557/5047
f 4539/4764/5048 4350/4575/5049 4538/4763/5050
f 4409/4634/5051 5036/5261/4832 4609/4834/5052
f 5342/5567/5053 4316/4541/5054 4558/4783/5055
f 5323/5548/5056 4533/4758/5057 5322/5547/5058
f 4819/5044/4642 4822/5047/4644 4063/4288/5059
f 4596/4821/5060 5372/5597/5061 4066/4291/5062
f 4411/4636/5063 5371/5596/5064 5035/5260/4834
f 4925/5150/5065 4926/5151/4824 4317/4542/4823
f 4789/5014/4497 4498/4723/4406 4773/4998/4408
f 4413/4638/5066 4772/4997/5067 4778/5003/5068
f 4063/4288/5059 4823/5048/5069 4825/5050/4330
f 4415/4640/5070 4820/5045/4643 4821/5046/5071
f 4571/4796/5072 4818/5043/5073 4819/5044/4642
f 4560/4785/5074 5599/5824/5075 4821/5046/5071
f 4824/5049/4929 5239/5464/5076 4420/4645/5077
f 4422/4647/4259 4416/4641/4721 4400/4625/4502
f 5264/5489/5078 5601/5826/5079 4469/4694/5080
f 4469/4694/5080 4418/4643/5081 4425/4650/4285
f 4416/4641/4721 5238/5463/4818 4314/4539/4503
f 5265/5490/5082 4595/4820/5010 4469/4694/5080
f 4878/5103/5083 5499/5724/5084 4227/4452/5085
f 5538/5763/5012 5242/5467/5086 4423/4648/5044
f 4912/5137/5013 4402/4627/5037 5227/5452/5034
f 4902/5127/4912 5321/5546/4936 4533/4758/5057
f 4511/4736/4431 5297/5522/4433 4931/5156/5087
f 4533/4758/5057 5305/5530/5088 4421/4646/5089
f 5303/5528/4647 5300/5525/5090 4515/4740/4645
f 4122/4347/4719 4422/4647/4259 4400/4625/4502
f 4422/4647/4259 4260/4485/4261 4889/5114/4477
f 4425/4650/4285 4423/4648/5044 5242/5467/5086
f 4525/4750/4283 4424/4649/5045 5010/5235/4284
f 4541/4766/5046 4350/4575/5049 4539/4764/5048
f 5333/5558/5091 4408/4633/4914 4545/4770/4913
f 4393/4618/5092 5601/5826/5079 4798/5023/5093
f 4425/4650/4285 4418/4643/5081 4525/4750/4283
f 4264/4489/4446 4141/4366/4554 4426/4651/4449
f 4784/5009/4555 4087/4312/4718 4782/5007/5094
f 4087/4312/4718 4781/5006/4794 4782/5007/5094
f 4427/4652/5095 4783/5008/5096 5493/5718/4379
f 4576/4801/4501 4577/4802/5097 4781/5006/4794
f 4611/4836/4947 5385/5610/5098 4786/5011/4945
f 4429/4654/4381 4105/4330/4448 4933/5158/4583
f 4160/4385/4380 4265/4490/4024 4429/4654/4381
f 4430/4655/4669 4933/5158/4583 4935/5160/5099
f 5608/5833/5100 4937/5162/4895 4938/5163/4897
f 4936/5161/4667 4937/5162/4895 4939/5164/4668
f 4440/4665/5101 4625/4850/4889 4222/4447/4888
f 4266/4491/4256 5243/5468/4680 4432/4657/4028
f 5386/5611/5102 5244/5469/4029 4432/4657/4028
f 4617/4842/4541 4433/4658/5103 5386/5611/5102
f 5246/5471/4885 4443/4668/5104 5245/5470/5105
f 4110/4335/4030 5258/5483/5106 5252/5477/4543
f 5251/5476/4542 4267/4492/4106 4434/4659/4606
f 5245/5470/5105 5258/5483/5106 4110/4335/4030
f 4990/5215/5107 4436/4661/4376 4746/4971/5108
f 4732/4957/5109 5462/5687/5110 4437/4662/5111
f 5467/5692/5112 5469/5694/5113 4622/4847/5114
f 5246/5471/4885 5248/5473/4887 4078/4303/5115
f 4437/4662/5111 4988/5213/5116 4989/5214/5117
f 4160/4385/4380 4438/4663/4025 4268/4493/4022
f 4438/4663/4025 4099/4324/5118 4439/4664/4523
f 5254/5479/5119 4439/4664/4523 4099/4324/5118
f 5256/5481/4893 4439/4664/4523 5254/5479/5119
f 4440/4665/5101 5254/5479/5119 5255/5480/5120
f 4625/4850/4889 4440/4665/5101 4431/4656/5121
f 4642/4867/4871 5080/5305/4873 4340/4565/4670
f 4271/4496/4524 4626/4851/4613 4092/4317/4672
f 4456/4681/4349 5207/5432/5122 5261/5486/5123
f 4643/4868/5124 5574/5799/4879 4966/5191/4702
f 4110/4335/4030 5244/5469/4029 5245/5470/5105
f 5068/5293/5125 5250/5475/5126 5069/5294/5127
f 4206/4431/4091 4444/4669/4387 2908/4239/3116
f 4211/4436/4094 4444/4669/4387 4143/4368/4092
f 5072/5297/5128 4118/4343/4436 5071/5296/4435
f 5414/5639/5129 5411/5636/4782 4654/4879/5130
f 4627/4852/4160 4446/4671/4075 4140/4365/4055
f 5336/5561/4776 5288/5513/5131 4504/4729/4549
f 5452/5677/4399 5454/5679/4296 4277/4502/5132
f 4788/5013/5133 4072/4297/5134 4605/4830/4755
f 5465/5690/5135 4735/4960/5136 5464/5689/5137
f 4977/5202/5138 4978/5203/4757 4450/4675/5139
f 4949/5174/5140 4950/5175/5141 5429/5654/5142
f 4451/4676/5143 4980/5205/5144 4981/5206/4305
f 4982/5207/5145 4451/4676/5143 4981/5206/4305
f 5421/5646/5146 4673/4898/5147 4368/4593/4318
f 4679/4904/4769 4680/4905/5148 4452/4677/4770
f 4674/4899/5149 4675/4900/5150 4285/4510/5151
f 4681/4906/4760 4670/4895/5152 5083/5308/5153
f 5550/5775/5154 5551/5776/5155 4948/5173/4953
f 5446/5671/5156 4705/4930/5157 5445/5670/5158
f 4589/4814/5159 5442/5667/5160 5443/5668/5161
f 5441/5666/5162 5053/5278/5163 5596/5821/5164
f 5204/5429/4745 5595/5820/5165 5594/5819/5166
f 4309/4534/5167 5206/5431/5168 5208/5433/4803
f 4970/5195/5169 4971/5196/4350 4442/4667/5170
f 4456/4681/4349 5205/5430/4746 5206/5431/5168
f 5206/5431/5168 4309/4534/5167 5207/5432/5122
f 5574/5799/4879 4236/4461/4878 5003/5228/5171
f 4492/4717/5172 4943/5168/5173 5064/5289/5174
f 5583/5808/5175 5262/5487/5176 4309/4534/5167
f 5511/5736/5177 4814/5039/5178 4459/4684/4808
f 5263/5488/5179 4812/5037/5180 5510/5735/5181
f 4486/4711/4865 4827/5052/5182 4828/5053/4684
f 5019/5244/5183 4815/5040/5184 4827/5052/5182
f 5282/5507/5185 4474/4699/5186 5279/5504/5187
f 5392/5617/5029 4631/4856/5025 4643/4868/5124
f 5392/5617/5029 5393/5618/4851 4461/4686/4853
f 5523/5748/5188 4830/5055/4867 4485/4710/5189
f 4877/5102/5190 4538/4763/5050 4527/4752/5191
f 5262/5487/5176 5263/5488/5179 4458/4683/5192
f 4730/4955/5193 5459/5684/5194 5460/5685/5195
f 5053/5278/5163 4379/4604/5196 5480/5705/5197
f 5509/5734/5198 4731/4956/5199 4812/5037/5180
f 4211/4436/4094 4465/4690/4101 2910/4237/3123
f 4212/4437/4114 4465/4690/4101 4142/4367/4269
f 4513/4738/5200 4102/4327/4367 4510/4735/4589
f 4445/4670/5201 5585/5810/5202 5072/5297/5128
f 4890/5115/4478 4467/4692/4538 4204/4429/4372
f 4134/4359/4693 4232/4457/4536 4467/4692/4538
f 4826/5051/5203 4859/5084/5204 4529/4754/5205
f 5613/5838/5206 4636/4861/5207 4852/5077/5208
f 5264/5489/5078 4469/4694/5080 4425/4650/4285
f 5601/5826/5079 5265/5490/5082 4469/4694/5080
f 5038/5263/5209 4393/4618/5092 4592/4817/5210
f 4470/4695/5027 5038/5263/5209 5039/5264/5028
f 5090/5315/5015 4712/4937/5014 5026/5251/5211
f 5090/5315/5015 5027/5252/5212 4471/4696/5213
f 4472/4697/5031 5027/5252/5212 5266/5491/5032
f 5274/5499/5018 5041/5266/4336 4472/4697/5031
f 5269/5494/5214 5270/5495/5023 5603/5828/5215
f 4473/4698/5216 5280/5505/4307 5278/5503/4306
f 5278/5503/4306 5279/5504/5187 4474/4699/5186
f 5273/5498/5217 4478/4703/5218 5272/5497/5219
f 5281/5506/5220 4475/4700/5221 5279/5504/5187
f 4475/4700/5221 5390/5615/5030 4640/4865/5222
f 5267/5492/5223 4473/4698/5216 5266/5491/5032
f 4649/4874/5224 5066/5291/5225 5406/5631/5226
f 4494/4719/5227 4725/4950/4681 5285/5510/4683
f 5379/5604/5228 4235/4460/5229 5374/5599/4473
f 5272/5497/5219 4472/4697/5031 5268/5493/5033
f 4480/4705/5230 5275/5500/5017 4799/5024/5231
f 4878/5103/5083 4879/5104/5232 4639/4864/5233
f 4826/5051/5203 4468/4693/5234 5507/5732/4678
f 5320/5545/4917 4350/4575/5049 5037/5262/4918
f 4480/4705/5230 4594/4819/5009 5024/5249/5011
f 4849/5074/5235 5533/5758/4345 5524/5749/4344
f 4849/5074/5235 4927/5152/4869 4481/4706/5236
f 4839/5064/5237 5518/5743/5238 4838/5063/4413
f 4986/5211/4884 4437/4662/5111 5462/5687/5110
f 4337/4562/5239 4833/5058/5240 4834/5059/5241
f 4835/5060/5242 4483/4708/5243 5517/5742/5244
f 4832/5057/5245 4485/4710/5189 4830/5055/4867
f 4829/5054/4866 4486/4711/4865 4828/5053/4684
f 4485/4710/5189 4832/5057/5245 4833/5058/5240
f 4833/5058/5240 4844/5069/5246 4485/4710/5189
f 4486/4711/4865 4830/5055/4867 4831/5056/5247
f 4486/4711/4865 5020/5245/5248 5019/5244/5183
f 5503/5728/4877 4804/5029/4876 4327/4552/5249
f 5611/5836/5250 4638/4863/5251 5395/5620/5252
f 4844/5069/5246 4836/5061/4854 4488/4713/4856
f 4841/5066/5253 4488/4713/4856 4840/5065/4855
f 4840/5065/4855 4837/5062/4882 4489/4714/4881
f 4335/4560/4858 4843/5068/4287 5521/5746/5254
f 4975/5200/5255 4492/4717/5172 4974/5199/5256
f 5085/5310/4697 5087/5312/5257 4079/4304/4405
f 4974/5199/5256 5584/5809/5258 4973/5198/4806
f 5066/5291/5225 4491/4716/5259 5065/5290/5260
f 4236/4461/4878 5405/5630/5026 4943/5168/5173
f 5065/5290/5260 4492/4717/5172 5064/5289/5174
f 4493/4718/5261 5281/5506/5220 4725/4950/4681
f 4493/4718/5261 5549/5774/5262 4943/5168/5173
f 5277/5502/5263 4494/4719/5227 5285/5510/4683
f 4494/4719/5227 5406/5631/5226 4725/4950/4681
f 5271/5496/5024 5276/5501/5264 4064/4289/5022
f 4599/4824/4352 5374/5599/4473 5375/5600/4700
f 4254/4479/4045 4496/4721/4027 2871/4276/3006
f 4264/4489/4446 4496/4721/4027 4141/4366/4554
f 4270/4495/4019 4497/4722/4036 2881/4266/3172
f 4213/4438/4037 4497/4722/4036 4146/4371/4843
f 4768/4993/4566 4769/4994/5265 4120/4345/5040
f 4498/4723/4406 4769/4994/5265 4771/4996/4407
f 4257/4482/4200 4499/4724/4332 2945/4167/3141
f 4210/4435/4496 4499/4724/4332 4150/4375/4650
f 4719/4944/4658 4151/4376/4133 4215/4440/4135
f 5555/5780/5266 5554/5779/5267 4531/4756/4999
f 4727/4952/5268 5455/5680/5269 4728/4953/4704
f 4532/4757/5270 5270/5495/5023 5269/5494/5214
f 4502/4727/4610 5286/5511/4611 5287/5512/4551
f 4576/4801/4501 4087/4312/4718 4502/4727/4610
f 5160/5385/4625 4121/4346/4626 5159/5384/4627
f 5352/5577/4499 5289/5514/4384 4305/4530/4500
f 4138/4363/4049 5111/5336/4629 4552/4777/4076
f 5288/5513/5131 4503/4728/4550 4504/4729/4549
f 4505/4730/4427 4132/4357/4125 5223/5448/4527
f 4506/4731/4764 4505/4730/4427 4081/4306/5008
f 4506/4731/4764 4081/4306/5008 5292/5517/4994
f 4506/4731/4764 4290/4515/5271 4553/4778/4425
f 4650/4875/4919 4507/4732/5272 5292/5517/4994
f 4508/4733/5273 5294/5519/5274 4651/4876/5275
f 5293/5518/4516 5294/5519/5274 4508/4733/5273
f 4651/4876/5275 4810/5035/4653 4508/4733/5273
f 5295/5520/4810 4509/4734/4369 4312/4537/4368
f 4510/4735/4589 4509/4734/4369 4313/4538/5276
f 5296/5521/4432 4510/4735/4589 4313/4538/5276
f 4510/4735/4589 4364/4589/4789 4513/4738/5200
f 4566/4791/4811 4570/4795/4813 4313/4538/5276
f 5299/5524/5277 4514/4739/4932 5298/5523/4790
f 4823/5048/5069 4063/4288/5059 4822/5047/4644
f 4855/5080/4927 4856/5081/5278 4931/5156/5087
f 4466/4691/5279 5074/5299/4815 5073/5298/4814
f 5149/5374/4574 4466/4691/5279 5070/5295/4575
f 4514/4739/4932 5299/5524/5277 5301/5526/4792
f 5408/5633/4780 5409/5634/5280 4516/4741/5281
f 4857/5082/4793 4205/4430/5282 4856/5081/5278
f 5304/5529/4646 4421/4646/5089 5305/5530/5088
f 5300/5525/5090 4514/4739/4932 5301/5526/4792
f 5313/5538/4313 5314/5539/5283 4304/4529/4314
f 4533/4758/5057 4518/4743/4938 5305/5530/5088
f 5317/5542/5284 4521/4746/4779 5318/5543/4315
f 4519/4744/5285 5306/5531/4937 5307/5532/5286
f 5317/5542/5284 5316/5541/4786 4521/4746/4779
f 5319/5544/4787 5308/5533/4942 4520/4745/5287
f 4519/4744/5285 5319/5544/4787 4524/4749/5288
f 5364/5589/4783 5363/5588/5289 4585/4810/5290
f 5383/5608/5291 4584/4809/5292 5384/5609/4939
f 4518/4743/4938 5317/5542/5284 5305/5530/5088
f 5316/5541/4786 5310/5535/5293 4521/4746/4779
f 4611/4836/4947 5311/5536/5294 5312/5537/5295
f 4807/5032/4279 4808/5033/5296 4059/4284/4280
f 5315/5540/5297 4523/4748/5298 5604/5829/4778
f 4653/4878/4781 5410/5635/5299 4654/4879/5130
f 4524/4749/5288 5316/5541/4786 5317/5542/5284
f 4524/4749/5288 4518/4743/4938 5306/5531/4937
f 4526/4751/4916 4525/4750/4283 4418/4643/5081
f 4424/4649/5045 5037/5262/4918 4541/4766/5046
f 4418/4643/5081 4594/4819/5009 4526/4751/4916
f 4965/5190/5300 4479/4704/5301 4527/4752/5191
f 4526/4751/4916 4594/4819/5009 4965/5190/5300
f 4479/4704/5301 4862/5087/5302 4877/5102/5190
f 4529/4754/5205 4859/5084/5204 4860/5085/5303
f 4530/4755/5304 4865/5090/4033 4875/5100/5305
f 4861/5086/5306 4862/5087/5302 4863/5088/5307
f 5401/5626/5308 5399/5624/5309 5400/5625/5310
f 4530/4755/5304 5325/5550/4290 4539/4764/5048
f 4538/4763/5050 4350/4575/5049 5320/5545/4917
f 5555/5780/5266 4082/4307/5311 4959/5184/5000
f 4388/4613/4421 5000/5225/5312 4998/5223/4772
f 5026/5251/5211 5025/5250/5313 5602/5827/5314
f 4575/4800/5315 4396/4621/5020 4574/4799/5021
f 5322/5547/5058 4533/4758/5057 4421/4646/5089
f 4316/4541/5054 4547/4772/5316 4558/4783/5055
f 4316/4541/5054 4544/4769/4915 4547/4772/5316
f 4543/4768/5317 4885/5110/5318 4886/5111/5319
f 4873/5098/5320 4607/4832/5321 4871/5096/5322
f 4885/5110/5318 4543/4768/5317 5330/5555/5323
f 4421/4646/5089 4857/5082/4793 5241/5466/5324
f 5239/5464/5076 5240/5465/5325 4420/4645/5077
f 5342/5567/5053 5343/5568/4830 4559/4784/4836
f 5059/5284/5326 4534/4759/4906 4902/5127/4912
f 4530/4755/5304 4866/5091/4031 4865/5090/4033
f 4538/4763/5050 4866/5091/4031 4539/4764/5048
f 4876/5101/5327 5326/5551/4291 4875/5100/5305
f 4424/4649/5045 4525/4750/4283 5037/5262/4918
f 5329/5554/4828 4349/4574/5328 5330/5555/5323
f 5333/5558/5091 5606/5831/5329 4408/4633/4914
f 5327/5552/5330 4539/4764/5048 5325/5550/4290
f 4546/4771/5331 5606/5831/5329 5333/5558/5091
f 4542/4767/5332 5329/5554/4828 5330/5555/5323
f 4544/4769/4915 4408/4633/4914 5331/5556/5333
f 4349/4574/5328 4873/5098/5320 4885/5110/5318
f 4534/4759/4906 4558/4783/5055 4547/4772/5316
f 4543/4768/5317 5334/5559/5334 5330/5555/5323
f 4545/4770/4913 4609/4834/5052 4407/4632/5335
f 4609/4834/5052 4544/4769/4915 4316/4541/5054
f 4596/4821/5060 4546/4771/5331 5333/5558/5091
f 4596/4821/5060 4545/4770/4913 4407/4632/5335
f 5011/5236/5043 4066/4291/5062 4423/4648/5044
f 5334/5559/5334 4547/4772/5316 4544/4769/4915
f 4547/4772/5316 4543/4768/5317 4956/5181/4904
f 4207/4432/4201 4548/4773/4182 2949/4163/2873
f 4208/4433/4183 4548/4773/4182 4148/4373/4202
f 4208/4433/4183 4549/4774/4179 2951/4161/3135
f 4209/4434/4186 4549/4774/4179 4149/4374/4184
f 4789/5014/4497 4774/4999/4931 4095/4320/4565
f 4550/4775/4292 4776/5001/4294 5016/5241/4710
f 4571/4796/5072 4819/5044/4642 5349/5574/5336
f 4074/4299/5337 4776/5001/4294 5486/5711/5338
f 5336/5561/4776 4552/4777/4076 4446/4671/4075
f 4504/4729/4549 4138/4363/4049 4552/4777/4076
f 5339/5564/4763 5337/5562/4122 4553/4778/4425
f 4289/4514/4426 4553/4778/4425 5337/5562/4122
f 5339/5564/4763 4290/4515/5271 4656/4881/4765
f 4291/4516/4271 5045/5270/5339 5046/5271/4767
f 4555/4780/5340 5339/5564/4763 4656/4881/4765
f 5341/5566/4993 4556/4781/5341 5340/5565/4362
f 4664/4889/4766 5417/5642/5342 4061/4286/4761
f 5418/5643/5343 4948/5173/4953 4369/4594/4951
f 4960/5185/5344 4961/5186/4416 5557/5782/5002
f 5044/5269/5345 5045/5270/5339 5047/5272/4270
f 5059/5284/5326 4558/4783/5055 4534/4759/4906
f 4410/4635/4829 5344/5569/4837 5343/5568/4830
f 5235/5460/4835 5344/5569/4837 4560/4785/5074
f 4609/4834/5052 5013/5238/5346 4409/4634/5051
f 4410/4635/4829 5239/5464/5076 5599/5824/5075
f 4317/4542/4823 5234/5459/4825 5235/5460/4835
f 4200/4425/4248 4561/4786/4245 1247/4195/1321
f 4561/4786/4245 4147/4372/5347 5164/5389/4634
f 4215/4440/4135 4562/4787/4134 4048/4220/4273
f 4214/4439/4140 4562/4787/4134 4151/4376/4133
f 4214/4439/4140 4563/4788/4216 4046/4218/4211
f 4216/4441/4510 4563/4788/4216 4152/4377/4139
f 2894/4253/3058 4564/4789/4471 2895/4252/3073
f 4564/4789/4471 4267/4492/4106 5251/5476/4542
f 4565/4790/4470 4136/4361/4544 5252/5477/4543
f 4749/4974/4546 4565/4790/4470 4086/4311/4727
f 4567/4792/4812 4566/4791/4811 4084/4309/4464
f 4509/4734/4369 4566/4791/4811 4313/4538/5276
f 5012/5237/4552 4568/4793/4328 4567/4792/4812
f 4567/4792/4812 4362/4587/4926 4570/4795/4813
f 4567/4792/4812 4084/4309/4464 5012/5237/4552
f 5576/5801/4553 5345/5570/4329 4568/4793/4328
f 4569/4794/5348 5345/5570/4329 5346/5571/5349
f 4774/4999/4931 4413/4638/5066 4779/5004/5350
f 4362/4587/4926 5348/5573/5351 4570/4795/4813
f 4512/4737/5352 4931/5156/5087 5297/5522/4433
f 4569/4794/5348 5346/5571/5349 5347/5572/5353
f 4413/4638/5066 4778/5003/5068 4818/5043/5073
f 4574/4799/5021 5351/5576/5019 4090/4315/5354
f 5350/5575/4172 4572/4797/4174 5447/5672/5355
f 5366/5591/5016 5447/5672/5355 4712/4937/5014
f 5366/5591/5016 4591/4816/4641 5365/5590/5356
f 4090/4315/5354 4913/5138/4393 4574/4799/5021
f 4575/4800/5315 4532/4757/5270 5025/5250/5313
f 4913/5138/4393 4575/4800/5315 4574/4799/5021
f 5271/5496/5024 4575/4800/5315 4501/4726/4395
f 4502/4727/4610 5287/5512/4551 5352/5577/4499
f 4576/4801/4501 4305/4530/4500 4577/4802/5097
f 4806/5031/4278 4577/4802/5097 4305/4530/4500
f 4428/4653/5357 5043/5268/5358 4786/5011/4945
f 5134/5359/4714 4777/5002/5359 5354/5579/5360
f 5353/5578/4992 4363/4588/5361 5576/5801/4553
f 4963/5188/4716 4297/4522/4155 4164/4389/4587
f 4579/4804/4331 4108/4333/4715 4580/4805/4632
f 4108/4333/4715 5355/5580/4461 5607/5832/5362
f 4383/4608/5363 5217/5442/4930 5597/5822/4991
f 4427/4652/5095 4782/5007/5094 4783/5008/5096
f 4935/5160/5099 4936/5161/4667 4430/4655/4669
f 5493/5718/4379 5357/5582/5364 4427/4652/5095
f 5359/5584/4934 4367/4592/5365 5384/5609/4939
f 5383/5608/5291 5384/5609/4939 4610/4835/5366
f 5361/5586/4785 5362/5587/5367 4583/4808/4940
f 5384/5609/4939 4367/4592/5365 4610/4835/5366
f 4584/4809/5292 5383/5608/5291 5363/5588/5289
f 4366/4591/4941 5528/5753/5368 5031/5256/4902
f 4365/4590/4784 4941/5166/5369 4940/5165/4674
f 4652/4877/5370 4874/5099/5371 5528/5753/5368
f 4872/5097/5372 4347/4572/5373 4901/5126/5374
f 4347/4572/5373 4920/5145/5375 4921/5146/4908
f 4924/5149/5376 4587/4812/4907 4922/5147/4340
f 5089/5314/5377 4870/5095/5378 4608/4833/5379
f 5543/5768/4341 5544/5769/5380 4923/5148/5381
f 4702/4927/5382 5438/5663/5383 5442/5667/5160
f 5419/5644/5384 5420/5645/5385 4668/4893/5386
f 4591/4816/4641 4590/4815/4599 4113/4338/4389
f 4204/4429/4372 4467/4692/4538 4590/4815/4599
f 5365/5590/5356 4591/4816/4641 4113/4338/4389
f 5265/5490/5082 5038/5263/5209 4470/4695/5027
f 4592/4817/5210 5367/5592/4373 5368/5593/5387
f 4797/5022/4819 4798/5023/5093 4417/4642/5388
f 4593/4818/4476 5369/5594/4371 5370/5595/5389
f 4085/4310/4722 4422/4647/4259 4889/5114/4477
f 4594/4819/5009 4418/4643/5081 4595/4820/5010
f 4965/5190/5300 4594/4819/5009 4480/4705/5230
f 4469/4694/5080 4595/4820/5010 4418/4643/5081
f 5040/5265/4338 5024/5249/5011 4595/4820/5010
f 5371/5596/5064 4596/4821/5060 4407/4632/5335
f 5011/5236/5043 4596/4821/5060 4066/4291/5062
f 4597/4822/5390 5007/5232/5391 5008/5233/5392
f 4597/4822/5390 5008/5233/5392 4985/5210/5393
f 4272/4497/4309 4598/4823/4066 4026/4140/4068
f 4328/4553/4492 4598/4823/4066 4155/4380/4726
f 5377/5602/4472 4111/4336/4688 4600/4825/4695
f 5375/5600/4700 4495/4720/4699 4726/4951/4353
f 5378/5603/4594 4600/4825/4695 4111/4336/4688
f 4602/4827/4251 4491/4716/5259 5067/5292/5394
f 4111/4336/4688 4907/5132/4687 4908/5133/4595
f 4603/4828/5395 5448/5673/5396 4713/4938/4696
f 5380/5605/4252 5379/5604/5228 4600/4825/4695
f 4602/4827/4251 5381/5606/4250 5087/5312/5257
f 4601/4826/4593 5536/5761/5397 5382/5607/4404
f 4603/4828/5395 5536/5761/5397 4909/5134/4488
f 4604/4829/4443 4357/4582/4445 5184/5409/4321
f 4283/4508/4754 4788/5013/5133 4605/4830/4755
f 4283/4508/4754 4605/4830/4755 4604/4829/4443
f 4977/5202/5138 5014/5239/4948 4072/4297/5134
f 4450/4675/5139 4976/5201/5398 4977/5202/5138
f 4673/4898/5147 4674/4899/5149 4285/4510/5151
f 4607/4832/5321 4867/5092/5399 4870/5095/5378
f 4607/4832/5321 4870/5095/5378 4871/5096/5322
f 4919/5144/4910 5507/5732/4678 4802/5027/4677
f 4920/5145/5375 4608/4833/5379 4919/5144/4910
f 4544/4769/4915 4609/4834/5052 4545/4770/4913
f 4609/4834/5052 4316/4541/5054 5013/5238/5346
f 5385/5610/5098 4610/4835/5366 4367/4592/5365
f 5383/5608/5291 5312/5537/5295 4520/4745/5287
f 4428/4653/5357 5494/5719/5400 4785/5010/4944
f 4522/4747/5401 5310/5535/5293 5311/5536/5294
f 4331/4556/4412 4612/4837/4034 2888/4259/3040
f 4224/4449/4123 4612/4837/4034 4153/4378/4679
f 4287/4512/4142 4613/4838/4095 4052/4224/4097
f 4225/4450/4517 4613/4838/4095 4154/4379/4573
f 4248/4473/4187 4614/4839/4176 2956/4156/2860
f 4201/4426/4190 4614/4839/4176 4157/4382/4181
f 4615/4840/4277 4148/4373/4202 4790/5015/4498
f 4615/4840/4277 4095/4320/4565 5335/5560/4564
f 4153/4378/4679 4945/5170/5402 4616/4841/4540
f 4947/5172/5403 4617/4842/4541 4946/5171/5404
f 4616/4841/4540 4945/5170/5402 4946/5171/5404
f 5247/5472/4886 4617/4842/4541 4481/4706/5236
f 5155/5380/4572 4618/4843/4428 4154/4379/4573
f 5586/5811/4567 4618/4843/4428 4391/4616/5405
f 5042/5267/4265 5091/5316/4671 4340/4565/4670
f 4929/5154/5406 4928/5153/4861 4619/4844/4872
f 4929/5154/5406 4065/4290/4267 4930/5155/5407
f 4841/5066/5253 5520/5745/5408 5503/5728/4877
f 5471/5696/5409 4622/4847/5114 5469/5694/5113
f 4621/4846/4482 4739/4964/5410 4741/4966/4483
f 4748/4973/5411 4740/4965/5412 4747/4972/4374
f 4630/4855/4300 4750/4975/4750 4752/4977/5413
f 5456/5681/5414 4732/4957/5109 4437/4662/5111
f 5456/5681/5414 4729/4954/5415 5457/5682/5416
f 4724/4949/4732 4742/4967/5417 4952/5177/5418
f 5475/5700/5419 5474/5699/5420 4086/4311/4727
f 5387/5612/4673 4625/4850/4889 4431/4656/5121
f 4714/4939/4890 4625/4850/4889 4345/4570/4675
f 4626/4851/4613 4271/4496/4524 5388/5613/4724
f 4642/4867/4871 4626/4851/4613 4441/4666/4894
f 4140/4365/4055 4300/4525/4263 4627/4852/4160
f 5022/5247/4775 4628/4853/4161 5389/5614/5421
f 5389/5614/5421 4628/4853/4161 4627/4852/4160
f 4805/5030/4383 4628/4853/4161 4301/4526/5422
f 5583/5808/5175 4309/4534/5167 5053/5278/5163
f 4753/4978/5423 4630/4855/4300 4752/4977/5413
f 5430/5655/4983 4281/4506/5424 5427/5652/4984
f 4630/4855/4300 4754/4979/5425 4734/4959/4301
f 4631/4856/5025 5390/5615/5030 5391/5616/5426
f 4632/4857/5427 4643/4868/5124 5402/5627/5428
f 5396/5621/5429 4633/4858/5430 5393/5618/4851
f 5403/5628/5431 5396/5621/5429 4632/4857/5427
f 5397/5622/5432 5398/5623/5433 4633/4858/5430
f 5395/5620/5252 4638/4863/5251 5394/5619/4852
f 5021/5246/5434 4635/4860/5435 5020/5245/5248
f 4633/4858/5430 5396/5621/5429 5397/5622/5432
f 4635/4860/5435 5021/5246/5434 4967/5192/4703
f 4815/5040/5184 4459/4684/4808 4814/5039/5178
f 5398/5623/5433 4847/5072/5436 4852/5077/5208
f 5612/5837/5437 4637/4862/5438 4804/5029/4876
f 5613/5838/5206 4852/5077/5208 4853/5078/5439
f 4853/5078/5439 4854/5079/5440 4804/5029/4876
f 5526/5751/5441 4880/5105/5442 5611/5836/5250
f 4639/4864/5233 4879/5104/5232 4880/5105/5442
f 5400/5625/5310 4861/5086/5306 5526/5751/5441
f 4863/5088/5307 4799/5024/5231 4878/5103/5083
f 4461/4686/4853 5394/5619/4852 5609/5834/5443
f 5282/5507/5185 5283/5508/5444 4474/4699/5186
f 4851/5076/4685 4729/4954/5415 4989/5214/5117
f 4988/5213/5116 4986/5211/4884 4987/5212/4883
f 5080/5305/4873 4441/4666/4894 4222/4447/4888
f 4092/4317/4672 4642/4867/4871 4340/4565/4670
f 4643/4868/5124 4632/4857/5427 5392/5617/5029
f 5004/5229/5445 4975/5200/5255 5003/5228/5171
f 4442/4667/5170 4969/5194/5446 4970/5195/5169
f 4966/5191/4702 4460/4685/4701 5402/5627/5428
f 4329/4554/4065 4645/4870/4437 4022/4136/4064
f 4645/4870/4437 4156/4381/4577 5161/5386/4774
f 4646/4871/4141 4151/4376/4133 5222/5447/4520
f 4646/4871/4141 4098/4323/4569 5218/5443/4568
f 5130/5355/4495 4157/4382/4181 5129/5354/4180
f 5176/5401/4601 4647/4872/4579 4109/4334/4167
f 4705/4930/5157 4995/5220/5447 4915/5140/5448
f 4918/5143/4357 5496/5721/4691 4793/5018/4690
f 4649/4874/5224 5406/5631/5226 5407/5632/5449
f 5066/5291/5225 5067/5292/5394 4491/4716/5259
f 4650/4875/4919 4081/4306/5008 5291/5516/4920
f 4650/4875/4919 4126/4351/4654 4651/4876/5275
f 4126/4351/4654 5112/5337/4113 4811/5036/4112
f 4678/4903/4652 4810/5035/4653 4142/4367/4269
f 4652/4877/5370 5307/5532/5286 4887/5112/4911
f 5527/5752/5450 4872/5097/5372 5534/5759/5451
f 4516/4741/5281 5300/5525/5090 5605/5830/5452
f 4653/4878/4781 5314/5539/5283 5410/5635/5299
f 4654/4879/5130 4302/4527/5453 5415/5640/5454
f 4445/4670/5201 5414/5639/5129 5413/5638/4777
f 4302/4527/5453 4808/5033/5296 4809/5034/5455
f 5577/5802/4441 4301/4526/5422 5022/5247/4775
f 4672/4897/4515 4656/4881/4765 4290/4515/5271
f 4657/4882/4762 4656/4881/4765 4384/4609/4514
f 4659/4884/4102 4657/4882/4762 4384/4609/4514
f 4657/4882/4762 4659/4884/4102 4658/4883/4104
f 5416/5641/5456 4358/4583/4103 4663/4888/4319
f 4665/4890/4950 4664/4889/4766 4658/4883/4104
f 4384/4609/4514 5293/5518/4516 4676/4901/4556
f 4659/4884/4102 4676/4901/4556 4660/4885/4758
f 4661/4886/4924 4660/4885/4758 4089/4314/5457
f 4662/4887/4925 4358/4583/4103 4660/4885/4758
f 4677/4902/4651 4661/4886/4924 4089/4314/5457
f 4661/4886/4924 4356/4581/4322 5184/5409/4321
f 4661/4886/4924 4662/4887/4925 4660/4885/4758
f 4284/4509/4444 4662/4887/4925 4357/4582/4445
f 4671/4896/4320 4663/4888/4319 4284/4509/4444
f 5416/5641/5456 4663/4888/4319 4368/4593/4318
f 4658/4883/4104 5416/5641/5456 4665/4890/4950
f 4664/4889/4766 4369/4594/4951 5049/5274/4954
f 4368/4593/4318 4673/4898/5147 4665/4890/4950
f 4665/4890/4950 4673/4898/5147 4666/4891/4952
f 5082/5307/4768 5588/5813/5458 4679/4904/4769
f 4369/4594/4951 4666/4891/4952 5418/5643/5343
f 4285/4510/5151 4668/4893/5386 4666/4891/4952
f 5419/5644/5384 4668/4893/5386 5082/5307/4768
f 5084/5309/4974 4452/4677/4770 5083/5308/5153
f 5418/5643/5343 4668/4893/5386 4667/4892/5459
f 4962/5187/5460 5561/5786/4973 4589/4814/5159
f 4667/4892/5459 5560/5785/5461 5550/5775/5154
f 4680/4905/5148 4681/4906/4760 5083/5308/5153
f 4710/4935/5462 4711/4936/5463 4670/4895/5152
f 5014/5239/4948 4284/4509/4444 4605/4830/4755
f 4671/4896/4320 4606/4831/4949 5421/5646/5146
f 4506/4731/4764 4672/4897/4515 4290/4515/5271
f 4672/4897/4515 4507/4732/5272 5293/5518/4516
f 4674/4899/5149 5421/5646/5146 4606/4831/4949
f 4666/4891/4952 4673/4898/5147 4285/4510/5151
f 4606/4831/4949 4976/5201/5398 4674/4899/5149
f 4980/5205/5144 4451/4676/5143 4675/4900/5150
f 4674/4899/5149 4976/5201/5398 4980/5205/5144
f 4679/4904/4769 4675/4900/5150 4451/4676/5143
f 4508/4733/5273 4089/4314/5457 4676/4901/4556
f 4660/4885/4758 4676/4901/4556 4089/4314/5457
f 4678/4903/4652 4677/4902/4651 4089/4314/5457
f 4356/4581/4322 4677/4902/4651 4143/4368/4092
f 4508/4733/5273 4678/4903/4652 4089/4314/5457
f 5422/5647/4093 4142/4367/4269 4211/4436/4094
f 4701/4926/5464 4680/4905/5148 4679/4904/4769
f 4452/4677/4770 5419/5644/5384 5082/5307/4768
f 4701/4926/5464 4679/4904/4769 4451/4676/5143
f 4680/4905/5148 4060/4285/5465 4681/4906/4760
f 4684/4909/4742 4681/4906/4760 4060/4285/5465
f 4681/4906/4760 4697/4922/4759 4710/4935/5462
f 4949/5174/5140 4060/4285/5465 4686/4911/5466
f 4682/4907/4326 4687/4912/5467 4688/4913/4327
f 4683/4908/5468 5428/5653/5469 4690/4915/4985
f 4682/4907/4326 4685/4910/4743 4687/4912/5467
f 4685/4910/4743 4684/4909/4742 4060/4285/5465
f 4697/4922/4759 4684/4909/4742 4682/4907/4326
f 4680/4905/5148 4701/4926/5464 4060/4285/5465
f 4685/4910/4743 4683/4908/5468 4687/4912/5467
f 5465/5690/5135 4951/5176/5470 4737/4962/4736
f 4683/4908/5468 4685/4910/4743 4949/5174/5140
f 4690/4915/4985 4687/4912/5467 4683/4908/5468
f 4690/4915/4985 5427/5652/4984 4687/4912/5467
f 4688/4913/4327 5427/5652/4984 5423/5648/5471
f 5423/5648/5471 5425/5650/4839 4688/4913/4327
f 5424/5649/5472 4689/4914/4979 5423/5648/5471
f 4378/4603/4980 5201/5426/4749 5209/5434/4977
f 5429/5654/5142 4691/4916/5473 5428/5653/5469
f 4753/4978/5423 4754/4979/5425 4630/4855/4300
f 5463/5688/5474 4279/4504/5475 5464/5689/5137
f 5028/5253/5476 4690/4915/4985 5428/5653/5469
f 5028/5253/5476 4691/4916/5473 4754/4979/5425
f 5439/5664/5477 4379/4604/5196 5441/5666/5162
f 5198/5423/4966 5210/5435/5478 5211/5436/4967
f 4707/4932/4363 4697/4922/4759 4682/4907/4326
f 4694/4919/5479 5433/5658/5480 5434/5659/4972
f 4697/4922/4759 4707/4932/4363 4376/4601/4276
f 4985/5210/5393 4699/4924/5481 5435/5660/4970
f 5442/5667/5160 5438/5663/5383 4703/4928/5482
f 4318/4543/4508 5192/5417/4507 5193/5418/4961
f 4694/4919/5479 5432/5657/4969 5433/5658/5480
f 4707/4932/4363 4682/4907/4326 4693/4918/4325
f 4697/4922/4759 4376/4601/4276 4710/4935/5462
f 4689/4914/4979 5424/5649/5472 5209/5434/4977
f 4374/4599/5483 5196/5421/4963 5198/5423/4966
f 5575/5800/4619 5007/5232/5391 4597/4822/5390
f 4695/4920/4971 5435/5660/4970 5437/5662/5484
f 4700/4925/4982 5439/5664/5477 5441/5666/5162
f 4378/4603/4980 5424/5649/5472 5426/5651/4981
f 4982/5207/5145 4701/4926/5464 4451/4676/5143
f 4686/4911/5466 4060/4285/5465 4701/4926/5464
f 4695/4920/4971 5437/5662/5484 5438/5663/5383
f 4711/4936/5463 4716/4941/4975 4670/4895/5152
f 4915/5140/5448 5444/5669/5485 4705/4930/5157
f 4998/5223/4772 4999/5224/5486 4062/4287/4773
f 4703/4928/5482 5444/5669/5485 4915/5140/5448
f 5557/5782/5002 4961/5186/4416 4389/4614/5487
f 4705/4930/5157 5444/5669/5485 5445/5670/5158
f 4995/5220/5447 4648/4873/5003 4992/5217/4997
f 5009/5234/5488 4699/4924/5481 5008/5233/5392
f 5541/5766/5489 4083/4308/5490 4918/5143/4357
f 5431/5656/4968 4707/4932/4363 4693/4918/4325
f 4708/4933/4274 4695/4920/4971 4709/4934/4275
f 4707/4932/4363 4694/4919/5479 4708/4933/4274
f 5434/5659/4972 4708/4933/4274 4694/4919/5479
f 5438/5663/5383 4709/4934/4275 4695/4920/4971
f 4709/4934/4275 4702/4927/5382 4711/4936/5463
f 4376/4601/4276 4709/4934/4275 4711/4936/5463
f 4681/4906/4760 4710/4935/5462 4670/4895/5152
f 4376/4601/4276 4711/4936/5463 4710/4935/5462
f 5442/5667/5160 4716/4941/4975 4711/4936/5463
f 4712/4937/5014 5447/5672/5355 5025/5250/5313
f 4712/4937/5014 5025/5250/5313 5026/5251/5211
f 5214/5439/5491 4307/4532/4797 5213/5438/4801
f 5086/5311/4989 5085/5310/4697 4713/4938/4696
f 4714/4939/4890 4345/4570/4675 5449/5674/4891
f 4714/4939/4890 4344/4569/5492 5081/5306/4874
f 4942/5167/5493 4345/4570/4675 4940/5165/4674
f 4223/4448/5494 5029/5254/4899 5545/5770/4311
f 5442/5667/5160 4711/4936/5463 4702/4927/5382
f 4716/4941/4975 4589/4814/5159 5561/5786/4973
f 4217/4442/4239 4717/4942/4234 2932/4180/2925
f 4226/4451/4257 4717/4942/4234 4158/4383/4388
f 5575/5800/4619 4133/4358/4535 5006/5231/4534
f 4718/4943/5495 5575/5800/4619 5088/5313/4958
f 5587/5812/5496 4127/4352/4429 5077/5302/5007
f 5222/5447/4520 4719/4944/4658 4500/4725/4518
f 5218/5443/4568 4720/4945/4512 4152/4377/4139
f 5569/5794/4481 4720/4945/4512 4387/4612/4995
f 5127/5352/4640 4721/4946/4600 4242/4467/4238
f 4112/4337/4662 4218/4443/4241 4721/4946/4600
f 5187/5412/4659 4722/4947/4706 4253/4478/4220
f 5001/5226/4609 5572/5797/5497 4125/4350/4513
f 4955/5180/5498 4954/5179/4731 4093/4318/4729
f 5453/5678/4295 4723/4948/4297 4278/4503/5499
f 4624/4849/5500 4756/4981/4558 4755/4980/4117
f 4742/4967/5417 4624/4849/5500 4743/4968/4484
f 4477/4702/5501 4943/5168/5173 5549/5774/5262
f 4725/4950/4681 4398/4623/4308 5280/5505/4307
f 4727/4952/5268 4726/4951/4353 4495/4720/4699
f 4728/4953/4704 4091/4316/4664 4726/4951/4353
f 5276/5501/5264 5277/5502/5263 4064/4289/5022
f 5455/5680/5269 4727/4952/5268 4501/4726/4395
f 4727/4952/5268 4728/4953/4704 4726/4951/4353
f 4761/4986/4661 4728/4953/4704 4219/4444/5502
f 5458/5683/5503 4067/4292/5504 4814/5039/5178
f 5456/5681/5414 5457/5682/5416 4730/4955/5193
f 5460/5685/5195 5459/5684/5194 4731/4956/5199
f 4730/4955/5193 5460/5685/5195 4732/4957/5109
f 4731/4956/5199 5459/5684/5194 4812/5037/5180
f 4280/4505/4346 4751/4976/4348 5461/5686/5505
f 5477/5702/5506 4623/4848/5507 5478/5703/5508
f 5068/5293/5125 5069/5294/5127 4990/5215/5107
f 4732/4957/5109 5477/5702/5506 5054/5279/5509
f 4078/4303/5115 5248/5473/4887 5249/5474/5510
f 4734/4959/4301 5463/5688/5474 5464/5689/5137
f 4736/4961/5511 5466/5691/4302 5464/5689/5137
f 4951/5176/5470 4279/4504/5475 4950/5175/5141
f 4736/4961/5511 4738/4963/5512 5467/5692/5112
f 4738/4963/5512 4736/4961/5511 4735/4960/5136
f 4736/4961/5511 5467/5692/5112 4750/4975/4750
f 4979/5204/4756 5614/5839/5513 5516/5741/5514
f 4816/5041/5515 4068/4293/5516 5468/5693/5517
f 4735/4960/5136 5468/5693/5517 4738/4963/5512
f 4741/4966/4483 4739/4964/5410 5470/5695/5518
f 4739/4964/5410 5469/5694/5113 5470/5695/5518
f 5473/5698/5519 4739/4964/5410 4621/4846/4482
f 4747/4972/4374 4621/4846/4482 4745/4970/4741
f 5479/5704/5520 5472/5697/5521 4751/4976/4348
f 4742/4967/5417 4741/4966/4483 4068/4293/5516
f 4741/4966/4483 4742/4967/5417 4743/4968/4484
f 4952/5177/5418 4742/4967/5417 4068/4293/5516
f 5482/5707/5522 4724/4949/4732 4756/4981/4558
f 4744/4969/4728 4743/4968/4484 4624/4849/5500
f 4743/4968/4484 5474/5699/5420 4745/4970/4741
f 4624/4849/5500 4755/4980/4117 4744/4969/4728
f 4749/4974/4546 4275/4500/4545 4565/4790/4470
f 4745/4970/4741 5474/5699/5420 5475/5700/5419
f 5476/5701/4375 4745/4970/4741 5475/5700/5419
f 4565/4790/4470 4944/5169/4469 4086/4311/4727
f 5565/5790/5523 4443/4668/5104 4990/5215/5107
f 4748/4973/5411 4747/4972/4374 4436/4661/4376
f 5473/5698/5519 4747/4972/4374 4740/4965/5412
f 4748/4973/5411 4436/4661/4376 5054/5279/5509
f 4748/4973/5411 5477/5702/5506 5478/5703/5508
f 5481/5706/5524 4744/4969/4728 4755/4980/4117
f 4115/4340/4116 5168/5393/4299 5169/5394/4547
f 5479/5704/5520 4750/4975/4750 4622/4847/5114
f 5056/5281/4986 4752/4977/5413 5055/5280/4347
f 4622/4847/5114 5471/5696/5409 5472/5697/5521
f 4623/4848/5507 5460/5685/5195 5461/5686/5505
f 5055/5280/4347 4752/4977/5413 4750/4975/4750
f 4753/4978/5423 5480/5705/5197 4379/4604/5196
f 5480/5705/5197 4752/4977/5413 4629/4854/4988
f 4379/4604/5196 5439/5664/5477 5440/5665/5525
f 4754/4979/5425 4753/4978/5423 5440/5665/5525
f 4734/4959/4301 4754/4979/5425 4691/4916/5473
f 5482/5707/5522 4624/4849/5500 4742/4967/5417
f 5481/5706/5524 4755/4980/4117 4115/4340/4116
f 4954/5179/4731 4955/5180/5498 4724/4949/4732
f 4756/4981/4558 4758/4983/5526 4757/4982/4115
f 4756/4981/4558 4955/5180/5498 4758/4983/5526
f 5015/5240/4298 4144/4369/4083 4198/4423/4085
f 4759/4984/4486 4758/4983/5526 4093/4318/4729
f 5483/5708/4485 4757/4982/4115 4758/4983/5526
f 4093/4318/4729 5452/5677/4399 4760/4985/4560
f 5484/5709/4081 4145/4370/4559 4386/4611/4078
f 5058/5283/4455 4760/4985/4560 4277/4502/5132
f 5484/5709/4081 4760/4985/4560 4145/4370/4559
f 4761/4986/4661 4219/4444/5502 4762/4987/4242
f 4091/4316/4664 4761/4986/4661 4237/4462/4638
f 5539/5764/4243 4219/4444/5502 4914/5139/4394
f 4218/4443/4241 4112/4337/4662 4762/4987/4242
f 4265/4490/4024 4763/4988/4026 2875/4272/3009
f 4268/4493/4022 4763/4988/4026 4160/4385/4380
f 4323/4548/4038 4764/4989/4077 2884/4263/3031
f 4330/4555/4504 4764/4989/4077 4161/4386/4842
f 4769/4994/5265 4765/4990/4563 4120/4345/5040
f 4790/5015/4498 4765/4990/4563 4498/4723/4406
f 5335/5560/4564 4766/4991/4409 4149/4374/4184
f 5017/5242/4711 4766/4991/4409 4550/4775/4292
f 4770/4995/4205 4767/4992/4649 4150/4375/4650
f 4767/4992/4649 4770/4995/4205 4768/4993/4566
f 4404/4629/4204 4817/5042/5527 4768/4993/4566
f 4771/4996/4407 4769/4994/5265 4817/5042/5527
f 4769/4994/5265 4768/4993/4566 4817/5042/5527
f 4765/4990/4563 4769/4994/5265 4498/4723/4406
f 4150/4375/4650 5139/5364/4199 5485/5710/4720
f 4770/4995/4205 5485/5710/4720 4916/5141/4206
f 4772/4997/5067 4771/4996/4407 4075/4300/5042
f 4771/4996/4407 4772/4997/5067 4773/4998/4408
f 5487/5712/5528 4075/4300/5042 5233/5458/4590
f 4412/4637/5529 5488/5713/5530 5487/5712/5528
f 4772/4997/5067 4413/4638/5066 4773/4998/4408
f 4773/4998/4408 4413/4638/5066 4774/4999/4931
f 4779/5004/5350 4413/4638/5066 4571/4796/5072
f 4775/5000/4293 4550/4775/4292 5335/5560/4564
f 5489/5714/5531 4774/4999/4931 4779/5004/5350
f 4776/5001/4294 4074/4299/5337 5016/5241/4710
f 5489/5714/5531 4776/5001/4294 4775/5000/4293
f 5486/5711/5338 4551/4776/5532 4777/5002/5359
f 5349/5574/5336 5347/5572/5353 4571/4796/5072
f 4363/4588/5361 5353/5578/4992 5354/5579/5360
f 5487/5712/5528 4778/5003/5068 4772/4997/5067
f 4818/5043/5073 4778/5003/5068 4414/4639/5533
f 5347/5572/5353 4779/5004/5350 4571/4796/5072
f 5489/5714/5531 4779/5004/5350 4551/4776/5532
f 5490/5715/4923 4283/4508/4754 4604/4829/4443
f 5491/5716/4922 4104/4329/4323 4355/4580/4105
f 4577/4802/5097 4428/4653/5357 4781/5006/4794
f 5492/5717/5534 4783/5008/5096 4782/5007/5094
f 5492/5717/5534 4781/5006/4794 4428/4653/5357
f 4784/5009/4555 4782/5007/5094 4427/4652/5095
f 4785/5010/4944 4783/5008/5096 4428/4653/5357
f 4783/5008/5096 4785/5010/4944 5493/5718/4379
f 4791/5016/4450 4784/5009/4555 4427/4652/5095
f 4255/4480/4385 4784/5009/4555 4141/4366/4554
f 4428/4653/5357 4786/5011/4945 5494/5719/5400
f 4785/5010/4944 5494/5719/5400 5359/5584/4934
f 5043/5268/5358 4428/4653/5357 4577/4802/5097
f 4786/5011/4945 5043/5268/5358 4787/5012/4946
f 5508/5733/5535 4059/4284/4280 4808/5033/5296
f 5495/5720/5536 4611/4836/4947 4787/5012/4946
f 5154/5379/4733 4788/5013/5133 4283/4508/4754
f 4447/4672/4735 4072/4297/5134 4788/5013/5133
f 4774/4999/4931 4789/5014/4497 4773/4998/4408
f 4095/4320/4565 4615/4840/4277 4790/5015/4498
f 4790/5015/4498 4789/5014/4497 4095/4320/4565
f 4765/4990/4563 4790/5015/4498 4148/4373/4202
f 4791/5016/4450 4427/4652/5095 5357/5582/5364
f 4141/4366/4554 4791/5016/4450 4426/4651/4449
f 4202/4427/4281 4792/5017/4249 1253/4189/1262
f 4792/5017/4249 4159/4384/4474 5122/5347/4582
f 5497/5722/4529 4793/5018/4690 4114/4339/4689
f 4083/4308/5490 5496/5721/4691 4918/5143/4357
f 4114/4339/4689 5141/5366/4616 5142/5367/4615
f 4918/5143/4357 4991/5216/4359 4648/4873/5003
f 4905/5130/4707 4795/5020/4530 4131/4356/4230
f 4997/5222/5005 5002/5227/5004 5573/5798/5537
f 4135/4360/4539 4796/5021/4124 4224/4449/4123
f 2891/4256/3044 4796/5021/4124 4266/4491/4256
f 5498/5723/5538 4593/4818/4476 5370/5595/5389
f 4797/5022/4819 4417/4642/5388 5242/5467/5086
f 5498/5723/5538 4797/5022/4819 4085/4310/4722
f 4798/5023/5093 5498/5723/5538 5370/5595/5389
f 4863/5088/5307 4878/5103/5083 4639/4864/5233
f 5500/5725/5539 4480/4705/5230 4799/5024/5231
f 4930/5155/5407 5062/5287/4901 4620/4845/4847
f 4800/5025/5540 5062/5287/4901 5063/5288/5541
f 5505/5730/5542 4348/4573/5543 5506/5731/5544
f 5399/5624/5309 4637/4862/5438 5612/5837/5437
f 5506/5731/5544 4802/5027/4677 5505/5730/5542
f 4919/5144/4910 4608/4833/5379 4803/5028/4909
f 4868/5093/5545 4803/5028/4909 4608/4833/5379
f 4859/5084/5204 4826/5051/5203 4869/5094/5546
f 4804/5029/4876 4801/5026/4875 5504/5729/4676
f 4804/5029/4876 4637/4862/5438 4853/5078/5439
f 4807/5032/4279 4806/5031/4278 4805/5030/4383
f 4503/4728/4550 5288/5513/5131 5289/5514/4384
f 4807/5032/4279 4805/5030/4383 4301/4526/5422
f 4806/5031/4278 4059/4284/4280 5043/5268/5358
f 4301/4526/5422 5577/5802/4441 4809/5034/5455
f 4301/4526/5422 4809/5034/5455 4807/5032/4279
f 5315/5540/5297 4808/5033/5296 4302/4527/5453
f 5508/5733/5535 4522/4747/5401 5495/5720/5536
f 4809/5034/5455 4655/4880/4440 5415/5640/5454
f 4808/5033/5296 4807/5032/4279 4809/5034/5455
f 4508/4733/5273 4810/5035/4653 4678/4903/4652
f 4811/5036/4112 4810/5035/4653 4651/4876/5275
f 4126/4351/4654 4811/5036/4112 4651/4876/5275
f 4212/4437/4114 4142/4367/4269 4811/5036/4112
f 4812/5037/5180 4463/4688/5547 5510/5735/5181
f 4812/5037/5180 4464/4689/5548 5057/5282/4987
f 4813/5038/5549 5510/5735/5181 4814/5039/5178
f 4459/4684/4808 5512/5737/5550 5511/5736/5177
f 4463/4688/5547 5457/5682/5416 5458/5683/5503
f 4815/5040/5184 4814/5039/5178 4067/4292/5504
f 4827/5052/5182 4815/5040/5184 4067/4292/5504
f 5513/5738/5551 4459/4684/4808 4815/5040/5184
f 5515/5740/4737 4816/5041/5515 5514/5739/4738
f 4952/5177/5418 4953/5178/4730 4724/4949/4732
f 4404/4629/4204 4917/5142/5039 5540/5765/5041
f 4817/5042/5527 4075/4300/5042 4771/4996/4407
f 4819/5044/4642 4818/5043/5073 4414/4639/5533
f 4413/4638/5066 4818/5043/5073 4571/4796/5072
f 4820/5045/4643 4819/5044/4642 4414/4639/5533
f 4819/5044/4642 4063/4288/5059 5349/5574/5336
f 4821/5046/5071 4925/5150/5065 4317/4542/4823
f 4820/5045/4643 4415/4640/5070 4822/5047/4644
f 4925/5150/5065 4820/5045/4643 4414/4639/5533
f 4317/4542/4823 4560/4785/5074 4821/5046/5071
f 4415/4640/5070 5239/5464/5076 4824/5049/4929
f 4823/5048/5069 4362/4587/4926 4825/5050/4330
f 4824/5049/4929 4822/5047/4644 4415/4640/5070
f 4823/5048/5069 4858/5083/4928 5348/5573/5351
f 4855/5080/4927 4824/5049/4929 4420/4645/5077
f 4822/5047/4644 4824/5049/4929 4858/5083/4928
f 4568/4793/4328 4825/5050/4330 4362/4587/4926
f 4825/5050/4330 4569/4794/5348 5349/5574/5336
f 4803/5028/4909 4868/5093/5545 4869/5094/5546
f 5399/5624/5309 4826/5051/5203 4529/4754/5205
f 4828/5053/4684 4827/5052/5182 4067/4292/5504
f 5019/5244/5183 4827/5052/5182 4486/4711/4865
f 4851/5076/4685 4828/5053/4684 4067/4292/5504
f 4828/5053/4684 4484/4709/4686 4829/5054/4866
f 4832/5057/5245 4829/5054/4866 4484/4709/4686
f 4830/5055/4867 4341/4566/5552 4831/5056/5247
f 4832/5057/5245 4830/5055/4867 4829/5054/4866
f 5523/5748/5188 4846/5071/4864 4847/5072/5436
f 5397/5622/5432 4831/5056/5247 4341/4566/5552
f 5019/5244/5183 5020/5245/5248 4635/4860/5435
f 4834/5059/5241 4832/5057/5245 4484/4709/4686
f 4832/5057/5245 4834/5059/5241 4833/5058/5240
f 4836/5061/4854 4833/5058/5240 4337/4562/5239
f 4833/5058/5240 4836/5061/4854 4844/5069/5246
f 4835/5060/5242 4834/5059/5241 4484/4709/4686
f 5517/5742/5244 4483/4708/5243 5519/5744/5553
f 4851/5076/4685 4835/5060/5242 4484/4709/4686
f 5564/5789/5554 4835/5060/5242 4641/4866/5555
f 4837/5062/4882 4836/5061/4854 4337/4562/5239
f 4836/5061/4854 4837/5062/4882 4840/5065/4855
f 4837/5062/4882 4839/5064/5237 4838/5063/4413
f 4839/5064/5237 4837/5062/4882 4337/4562/5239
f 4838/5063/4413 5518/5743/5238 4848/5073/4343
f 4489/4714/4881 4883/5108/4415 4882/5107/5556
f 5517/5742/5244 4337/4562/5239 4834/5059/5241
f 4483/4708/5243 5284/5509/4870 5519/5744/5553
f 4489/4714/4881 4842/5067/4286 4840/5065/4855
f 4840/5065/4855 4842/5067/4286 4841/5066/5253
f 5520/5745/5408 4841/5066/5253 4336/4561/5557
f 4488/4713/4856 5522/5747/5558 4845/5070/4862
f 4842/5067/4286 4882/5107/5556 4843/5068/4287
f 4841/5066/5253 4842/5067/4286 4336/4561/5557
f 4842/5067/4286 4489/4714/4881 4882/5107/5556
f 4335/4560/4858 5179/5404/4846 5180/5405/5559
f 4845/5070/4862 4844/5069/5246 4488/4713/4856
f 4846/5071/4864 4485/4710/5189 4844/5069/5246
f 5522/5747/5558 4488/4713/4856 4841/5066/5253
f 4854/5079/5440 4845/5070/4862 4327/4552/5249
f 4845/5070/4862 4846/5071/4864 4844/5069/5246
f 4847/5072/5436 4846/5071/4864 4487/4712/4863
f 4852/5077/5208 4847/5072/5436 4487/4712/4863
f 5523/5748/5188 4341/4566/5552 4830/5055/4867
f 4849/5074/5235 5524/5749/4344 4927/5152/4869
f 4883/5108/4415 4884/5109/4414 4077/4302/5560
f 4947/5172/5403 4481/4706/5236 4617/4842/4541
f 5533/5758/4345 4097/4322/5561 4899/5124/5562
f 5180/5405/5559 4843/5068/4287 4335/4560/4858
f 4326/4551/4845 4619/4844/4872 4928/5153/4861
f 4729/4954/5415 4851/5076/4685 4067/4292/5504
f 4851/5076/4685 4641/4866/5555 4835/5060/5242
f 4853/5078/5439 4852/5077/5208 4487/4712/4863
f 4852/5077/5208 4636/4861/5207 5398/5623/5433
f 4853/5078/5439 4487/4712/4863 4854/5079/5440
f 4637/4862/5438 5401/5626/5308 5613/5838/5206
f 4845/5070/4862 4854/5079/5440 4487/4712/4863
f 4327/4552/5249 4804/5029/4876 4854/5079/5440
f 4856/5081/5278 4855/5080/4927 4420/4645/5077
f 4858/5083/4928 4855/5080/4927 4512/4737/5352
f 5240/5465/5325 5241/5466/5324 4420/4645/5077
f 4931/5156/5087 4856/5081/5278 4205/4430/5282
f 4856/5081/5278 4420/4645/5077 5241/5466/5324
f 5304/5529/4646 4857/5082/4793 4421/4646/5089
f 4858/5083/4928 4512/4737/5352 5348/5573/5351
f 4858/5083/4928 4823/5048/5069 4822/5047/4644
f 4058/4283/5563 4864/5089/4032 4859/5084/5204
f 4859/5084/5204 4864/5089/4032 4860/5085/5303
f 4528/4753/5564 4877/5102/5190 4862/5087/5302
f 4861/5086/5306 4529/4754/5205 4860/5085/5303
f 4862/5087/5302 4860/5085/5303 4528/4753/5564
f 5526/5751/5441 4861/5086/5306 4639/4864/5233
f 4863/5088/5307 4862/5087/5302 4479/4704/5301
f 4861/5086/5306 4860/5085/5303 4862/5087/5302
f 4799/5024/5231 4863/5088/5307 4479/4704/5301
f 4861/5086/5306 4863/5088/5307 4639/4864/5233
f 4865/5090/4033 4864/5089/4032 4058/4283/5563
f 4860/5085/5303 4864/5089/4032 4528/4753/5564
f 4867/5092/5399 4865/5090/4033 4058/4283/5563
f 4539/4764/5048 4866/5091/4031 4530/4755/5304
f 4538/4763/5050 4528/4753/5564 4866/5091/4031
f 4864/5089/4032 4866/5091/4031 4528/4753/5564
f 4868/5093/5545 4867/5092/5399 4058/4283/5563
f 4875/5100/5305 4867/5092/5399 4607/4832/5321
f 4868/5093/5545 4058/4283/5563 4869/5094/5546
f 4870/5095/5378 4868/5093/5545 4608/4833/5379
f 4859/5084/5204 4869/5094/5546 4058/4283/5563
f 4803/5028/4909 4869/5094/5546 4826/5051/5203
f 4868/5093/5545 4870/5095/5378 4867/5092/5399
f 4871/5096/5322 5089/5314/5377 4347/4572/5373
f 4872/5097/5372 4871/5096/5322 4347/4572/5373
f 4349/4574/5328 4876/5101/5327 4873/5098/5320
f 4347/4572/5373 5542/5767/5565 4901/5126/5374
f 4901/5126/5374 5534/5759/5451 4872/5097/5372
f 4872/5097/5372 4888/5113/5566 5530/5755/5567
f 4888/5113/5566 4535/4760/5568 4886/5111/5319
f 4874/5099/5371 5534/5759/5451 5528/5753/5368
f 4535/4760/5568 5527/5752/5450 5529/5754/5569
f 4867/5092/5399 4875/5100/5305 4865/5090/4033
f 4876/5101/5327 4875/5100/5305 4607/4832/5321
f 4873/5098/5320 4876/5101/5327 4607/4832/5321
f 4349/4574/5328 5329/5554/4828 5326/5551/4291
f 4538/4763/5050 4877/5102/5190 4528/4753/5564
f 4479/4704/5301 4877/5102/5190 4527/4752/5191
f 5499/5724/5084 4878/5103/5083 4799/5024/5231
f 4879/5104/5232 4878/5103/5083 4227/4452/5085
f 4227/4452/5085 4640/4865/5222 4879/5104/5232
f 4880/5105/5442 4881/5106/5570 4638/4863/5251
f 4881/5106/5570 4879/5104/5232 4640/4865/5222
f 4880/5105/5442 4638/4863/5251 5611/5836/5250
f 4879/5104/5232 4881/5106/5570 4880/5105/5442
f 5609/5834/5443 4640/4865/5222 4461/4686/4853
f 4883/5108/4415 4489/4714/4881 4838/5063/4413
f 5521/5746/5254 4882/5107/5556 4077/4302/5560
f 4884/5109/4414 4838/5063/4413 4848/5073/4343
f 4077/4302/5560 4882/5107/5556 4883/5108/4415
f 4848/5073/4343 4342/4567/5571 4884/5109/4414
f 5531/5756/5572 4884/5109/4414 4342/4567/5571
f 4888/5113/5566 4885/5110/5318 4873/5098/5320
f 4885/5110/5318 4888/5113/5566 4886/5111/5319
f 4887/5112/4911 4886/5111/5319 4535/4760/5568
f 4956/5181/4904 4543/4768/5317 4886/5111/5319
f 4887/5112/4911 4535/4760/5568 5529/5754/5569
f 4887/5112/4911 4165/4390/5573 4902/5127/4912
f 5530/5755/5567 4873/5098/5320 4871/5096/5322
f 5527/5752/5450 4888/5113/5566 4872/5097/5372
f 4890/5115/4478 4889/5114/4477 4134/4359/4693
f 5498/5723/5538 4889/5114/4477 4593/4818/4476
f 4467/4692/4538 4890/5115/4478 4134/4359/4693
f 4890/5115/4478 4204/4429/4372 5369/5594/4371
f 4892/5117/4505 4891/5116/4585 4161/4386/4842
f 4896/5121/4043 4900/5125/4584 4338/4563/4044
f 4957/5182/4656 4892/5117/4505 4161/4386/4842
f 4892/5117/4505 4957/5182/4656 4893/5118/4506
f 4100/4325/4396 5177/5402/4398 5178/5403/4850
f 4893/5118/4506 5178/5403/4850 4894/5119/4860
f 5521/5746/5254 4894/5119/4860 4335/4560/4858
f 4894/5119/4860 5521/5746/5254 4895/5120/4042
f 5531/5756/5572 4077/4302/5560 4884/5109/4414
f 4895/5120/4042 5531/5756/5572 4896/5121/4043
f 4897/5122/4040 4896/5121/4043 4342/4567/5571
f 4900/5125/4584 4123/4348/4039 4891/5116/4585
f 4342/4567/5571 4899/5124/5562 4897/5122/4040
f 4097/4322/5561 4945/5170/5402 4898/5123/4041
f 4898/5123/4041 4897/5122/4040 4899/5124/5562
f 5532/5757/4665 4898/5123/4041 4153/4378/4679
f 5533/5758/4345 4342/4567/5571 4848/5073/4343
f 4898/5123/4041 4899/5124/5562 4097/4322/5561
f 4900/5125/4584 4896/5121/4043 4897/5122/4040
f 4892/5117/4505 4900/5125/4584 4891/5116/4585
f 5578/5803/4898 4901/5126/5374 4587/4812/4907
f 4901/5126/5374 5578/5803/4898 5534/5759/5451
f 5321/5546/4936 4902/5127/4912 4165/4390/5573
f 4533/4758/5057 5323/5548/5056 5059/5284/5326
f 4245/4470/4089 4903/5128/4442 2905/4242/3105
f 4354/4579/4090 4903/5128/4442 4162/4387/4401
f 5124/5349/4138 4904/5129/4491 4117/4342/4136
f 5535/5760/5574 4080/4305/4608 4905/5130/4707
f 5535/5760/5574 4905/5130/4707 4904/5129/4491
f 4905/5130/4707 4080/4305/4608 5573/5798/5537
f 4907/5132/4687 4229/4454/4282 4166/4391/4636
f 4906/5131/4596 4111/4336/4688 5377/5602/4472
f 4229/4454/4282 4907/5132/4687 4906/5131/4596
f 4907/5132/4687 4166/4391/4636 4908/5133/4595
f 5119/5344/4635 4908/5133/4595 4166/4391/4636
f 5536/5761/5397 4908/5133/4595 4116/4341/4489
f 4306/4531/4487 5165/5390/4795 5166/5391/5575
f 4909/5134/4488 4307/4532/4797 5448/5673/5396
f 5166/5391/5575 4909/5134/4488 4306/4531/4487
f 5537/5762/4799 4910/5135/4796 4094/4319/4840
f 4193/4418/4052 4911/5136/4048 4353/4578/4070
f 2864/4128/2991 4911/5136/4048 2865/4282/2992
f 4419/4644/4817 5242/5467/5086 5538/5763/5012
f 4066/4291/5062 5372/5597/5061 5237/5462/5035
f 4914/5139/4394 4913/5138/4393 4090/4315/5354
f 4575/4800/5315 4913/5138/4393 4501/4726/4395
f 4090/4315/5354 5113/5338/4660 5539/5764/4243
f 4914/5139/4394 4219/4444/5502 5455/5680/5269
f 4999/5224/5486 4915/5140/5448 4062/4287/4773
f 5443/5668/5161 4915/5140/5448 4704/4929/4418
f 5229/5454/4333 4916/5141/4206 4096/4321/4334
f 4917/5142/5039 4916/5141/4206 4403/4628/4821
f 5230/5455/5038 4917/5142/5039 4403/4628/4821
f 5540/5765/5041 4917/5142/5039 4405/4630/4591
f 4918/5143/4357 4793/5018/4690 5497/5722/4529
f 4648/4873/5003 5446/5671/5156 5541/5766/5489
f 5506/5731/5544 4919/5144/4910 4802/5027/4677
f 4919/5144/4910 4588/4813/5576 4920/5145/5375
f 4921/5146/4908 4920/5145/5375 4588/4813/5576
f 5089/5314/5377 4920/5145/5375 4347/4572/5373
f 4922/5147/4340 4921/5146/4908 4588/4813/5576
f 4587/4812/4907 4901/5126/5374 5542/5767/5565
f 5506/5731/5544 4923/5148/5381 5544/5769/5380
f 4922/5147/4340 4346/4571/4342 4924/5149/5376
f 5062/5287/4901 4930/5155/5407 5546/5771/5577
f 4346/4571/4342 5543/5768/4341 5060/5285/4422
f 5545/5770/4311 4924/5149/5376 4346/4571/4342
f 5029/5254/4899 4587/4812/4907 4924/5149/5376
f 4820/5045/4643 4925/5150/5065 4821/5046/5071
f 4778/5003/5068 5487/5712/5528 5488/5713/5530
f 4925/5150/5065 4414/4639/5533 5488/5713/5530
f 4926/5151/4824 4412/4637/5529 5232/5457/4592
f 5284/5509/4870 4927/5152/4869 4343/4568/5578
f 4482/4707/4868 5249/5474/5510 4927/5152/4869
f 4929/5154/5406 4619/4844/4872 4065/4290/4267
f 5502/5727/4849 4928/5153/4861 4620/4845/4847
f 4065/4290/4267 5060/5285/4422 4930/5155/5407
f 4620/4845/4847 4928/5153/4861 4929/5154/5406
f 5546/5771/5577 4930/5155/5407 4923/5148/5381
f 4620/4845/4847 4929/5154/5406 4930/5155/5407
f 4931/5156/5087 4205/4430/5282 5299/5524/5277
f 4855/5080/4927 4931/5156/5087 4512/4737/5352
f 4228/4453/4074 4932/5157/4072 4017/4131/4071
f 4353/4578/4070 4932/5157/4072 4163/4388/4073
f 4105/4330/4448 5357/5582/5364 4935/5160/5099
f 4933/5158/4583 4430/4655/4669 4934/5159/4382
f 5548/5773/5579 4430/4655/4669 4939/5164/4668
f 4438/4663/4025 5547/5772/4723 4099/4324/5118
f 4105/4330/4448 4935/5160/5099 4933/5158/4583
f 4581/4806/4378 5358/5583/4377 4936/5161/4667
f 4581/4806/4378 4936/5161/4667 4935/5160/5099
f 4937/5162/4895 4936/5161/4667 4071/4296/4896
f 4938/5163/4897 4071/4296/4896 5360/5585/4935
f 4937/5162/4895 4431/4656/5121 4939/5164/4668
f 4940/5165/4674 4938/5163/4897 4365/4590/4784
f 5387/5612/4673 4345/4570/4675 4625/4850/4889
f 5255/5480/5120 4431/4656/5121 4440/4665/5101
f 5548/5773/5579 4099/4324/5118 5547/5772/4723
f 4365/4590/4784 5364/5589/4783 4941/5166/5369
f 4942/5167/5493 4715/4940/4310 5449/5674/4891
f 4585/4810/5290 5031/5256/4902 5579/5804/5580
f 4942/5167/5493 4941/5166/5369 4223/4448/5494
f 4941/5166/5369 4942/5167/5493 4940/5165/4674
f 4223/4448/5494 4715/4940/4310 4942/5167/5493
f 5064/5289/5174 4943/5168/5173 4477/4702/5501
f 5004/5229/5445 4492/4717/5172 4975/5200/5255
f 5565/5790/5523 4944/5169/4469 4435/4660/4468
f 5475/5700/5419 4944/5169/4469 4746/4971/5108
f 4898/5123/4041 4945/5170/5402 4153/4378/4679
f 4946/5171/5404 4945/5170/5402 4097/4322/5561
f 4946/5171/5404 4097/4322/5561 4947/5172/5403
f 4616/4841/4540 4946/5171/5404 4617/4842/4541
f 5533/5758/4345 4947/5172/5403 4097/4322/5561
f 4849/5074/5235 4481/4706/5236 4947/5172/5403
f 5550/5775/5154 4948/5173/4953 4667/4892/5459
f 5048/5273/4272 4557/4782/5581 5047/5272/4270
f 4060/4285/5465 4949/5174/5140 4685/4910/4743
f 4950/5175/5141 4949/5174/5140 4686/4911/5466
f 5552/5777/5582 4449/4674/4304 5616/5841/5583
f 5463/5688/5474 5429/5654/5142 4279/4504/5475
f 5552/5777/5582 4950/5175/5141 4686/4911/5466
f 5516/5741/5514 5616/5841/5583 4449/4674/4304
f 4068/4293/5516 4816/5041/5515 4952/5177/5418
f 4816/5041/5515 5515/5740/4737 4953/5178/4730
f 4816/5041/5515 4953/5178/4730 4952/5177/5418
f 4954/5179/4731 4278/4503/5499 4723/4948/4297
f 4278/4503/5499 4954/5179/4731 4953/5178/4730
f 4954/5179/4731 4723/4948/4297 5452/5677/4399
f 4758/4983/5526 4955/5180/5498 4093/4318/4729
f 4756/4981/4558 4724/4949/4732 4955/5180/5498
f 5553/5778/4905 4886/5111/5319 4887/5112/4911
f 4547/4772/5316 4956/5181/4904 4534/4759/4906
f 4323/4548/4038 4957/5182/4656 4161/4386/4842
f 4100/4325/4396 4957/5182/4656 4324/4549/4397
f 5585/5810/5202 4118/4343/4436 5072/5297/5128
f 4958/5183/4578 5585/5810/5202 5591/5816/5584
f 4959/5184/5000 5554/5779/5267 5555/5780/5266
f 5044/5269/5345 4959/5184/5000 4082/4307/5311
f 4292/4517/5585 5551/5776/5155 5550/5775/5154
f 4704/4929/4418 4999/5224/5486 5570/5795/5586
f 4960/5185/5344 5558/5783/5587 4961/5186/4416
f 4961/5186/4416 5558/5783/5587 5559/5784/4417
f 5559/5784/4417 5560/5785/5461 4962/5187/5460
f 5443/5668/5161 4962/5187/5460 4589/4814/5159
f 4297/4522/4155 4963/5188/4716 4579/4804/4331
f 4164/4389/4587 4333/4558/4588 5562/5787/4857
f 4963/5188/4716 4164/4389/4587 5562/5787/4857
f 4578/4803/4460 4964/5189/4462 4251/4476/4712
f 4965/5190/5300 4480/4705/5230 5500/5725/5539
f 4965/5190/5300 4527/4752/5191 5320/5545/4917
f 4644/4869/5588 4969/5194/5446 4966/5191/4702
f 4442/4667/5170 4968/5193/4809 4967/5192/4703
f 4967/5192/4703 4966/5191/4702 4969/5194/5446
f 4967/5192/4703 4459/4684/4808 5513/5738/5551
f 5600/5825/5589 4442/4667/5170 5261/5486/5123
f 5511/5736/5177 5512/5737/5550 4813/5038/5549
f 4644/4869/5588 4975/5200/5255 4970/5195/5169
f 4967/5192/4703 4969/5194/5446 4442/4667/5170
f 4644/4869/5588 4970/5195/5169 4969/5194/5446
f 4971/5196/4350 4970/5195/5169 4457/4682/5590
f 4972/5197/4351 4971/5196/4350 4457/4682/5590
f 4971/5196/4350 4456/4681/4349 5261/5486/5123
f 4973/5198/4806 4972/5197/4351 4457/4682/5590
f 4972/5197/4351 4308/4533/4744 5205/5430/4746
f 4974/5199/5256 4973/5198/4806 4457/4682/5590
f 4973/5198/4806 4490/4715/5591 5589/5814/4805
f 4457/4682/5590 4970/5195/5169 4975/5200/5255
f 4492/4717/5172 5065/5290/5260 5584/5809/5258
f 4457/4682/5590 4975/5200/5255 4974/5199/5256
f 5003/5228/5171 4975/5200/5255 4644/4869/5588
f 4606/4831/4949 5014/5239/4948 4977/5202/5138
f 4980/5205/5144 4976/5201/5398 4450/4675/5139
f 4606/4831/4949 4977/5202/5138 4976/5201/5398
f 4978/5203/4757 4983/5208/4740 4448/4673/5592
f 4983/5208/4740 4977/5202/5138 4072/4297/5134
f 4978/5203/4757 4448/4673/5592 4979/5204/4756
f 5614/5839/5513 4448/4673/5592 5453/5678/4295
f 4278/4503/5499 5515/5740/4737 5516/5741/5514
f 4980/5205/5144 4450/4675/5139 4981/5206/4305
f 4674/4899/5149 4980/5205/5144 4675/4900/5150
f 4984/5209/4303 4981/5206/4305 4450/4675/5139
f 4449/4674/4304 5552/5777/5582 4982/5207/5145
f 4449/4674/4304 4982/5207/5145 4981/5206/4305
f 4701/4926/5464 4982/5207/5145 4686/4911/5466
f 4977/5202/5138 4983/5208/4740 4978/5203/4757
f 4447/4672/4735 4983/5208/4740 4072/4297/5134
f 4978/5203/4757 4984/5209/4303 4450/4675/5139
f 4449/4674/4304 4984/5209/4303 4979/5204/4756
f 4985/5210/5393 4073/4298/5593 5194/5419/4959
f 4718/4943/5495 5088/5313/4958 4107/4332/4366
f 5249/5474/5510 5250/5475/5126 4078/4303/5115
f 5284/5509/4870 4987/5212/4883 4482/4707/4868
f 5564/5789/5554 4483/4708/5243 4835/5060/5242
f 4987/5212/4883 5564/5789/5554 4988/5213/5116
f 4989/5214/5117 4988/5213/5116 4641/4866/5555
f 4437/4662/5111 4986/5211/4884 4988/5213/5116
f 4851/5076/4685 4989/5214/5117 4641/4866/5555
f 4989/5214/5117 4729/4954/5415 5456/5681/5414
f 5565/5790/5523 4990/5215/5107 4746/4971/5108
f 4990/5215/5107 4443/4668/5104 5068/5293/5125
f 5002/5227/5004 4991/5216/4359 4794/5019/4358
f 4992/5217/4997 4991/5216/4359 4390/4615/4998
f 4390/4615/4998 5567/5792/4420 4993/5218/4419
f 4992/5217/4997 5566/5791/4771 4995/5220/5447
f 4998/5223/4772 4993/5218/4419 4388/4613/4421
f 5566/5791/4771 4992/5217/4997 4993/5218/4419
f 4996/5221/4480 4997/5222/5005 4080/4305/4608
f 5598/5823/5594 5568/5793/4479 4387/4612/4995
f 4915/5140/5448 4995/5220/5447 4062/4287/4773
f 5446/5671/5156 4995/5220/5447 4705/4930/5157
f 4994/5219/5595 5567/5792/4420 4997/5222/5005
f 4080/4305/4608 4239/4464/4717 5001/5226/4609
f 4994/5219/5595 4997/5222/5005 4996/5221/4480
f 4991/5216/4359 5002/5227/5004 4390/4615/4998
f 4388/4613/4421 5220/5445/4996 5000/5225/5312
f 4999/5224/5486 4704/4929/4418 4915/5140/5448
f 5571/5796/5596 4998/5223/4772 5000/5225/5312
f 4961/5186/4416 5570/5795/5586 4389/4614/5487
f 5554/5779/5267 5000/5225/5312 4531/4756/4999
f 5571/5796/5596 4389/4614/5487 5570/5795/5586
f 5572/5797/5497 4239/4464/4717 4722/4947/4706
f 5569/5794/4481 5001/5226/4609 4125/4350/4513
f 4794/5019/4358 4795/5020/4530 5002/5227/5004
f 5573/5798/5537 5002/5227/5004 4795/5020/4530
f 4644/4869/5588 4966/5191/4702 5574/5799/4879
f 5004/5229/5445 5003/5228/5171 4236/4461/4878
f 4236/4461/4878 4943/5168/5173 5004/5229/5445
f 4492/4717/5172 5004/5229/5445 4943/5168/5173
f 4247/4472/4177 5005/5230/4157 4034/4148/4156
f 4297/4522/4155 5005/5230/4157 4164/4389/4587
f 5007/5232/5391 5006/5231/4534 4083/4308/5490
f 5575/5800/4619 4597/4822/5390 5088/5313/4958
f 5541/5766/5489 5007/5232/5391 4083/4308/5490
f 5008/5233/5392 4699/4924/5481 4985/5210/5393
f 5007/5232/5391 4706/4931/5597 5008/5233/5392
f 5009/5234/5488 4453/4678/5598 5437/5662/5484
f 5008/5233/5392 4706/4931/5597 5009/5234/5488
f 5445/5670/5158 5009/5234/5488 4706/4931/5597
f 5010/5235/4284 4424/4649/5045 5011/5236/5043
f 4425/4650/4285 5010/5235/4284 4423/4648/5044
f 4424/4649/5045 4546/4771/5331 5011/5236/5043
f 4596/4821/5060 5011/5236/5043 4546/4771/5331
f 5217/5442/4930 5012/5237/4552 4084/4309/4464
f 5012/5237/4552 5217/5442/4930 5576/5801/4553
f 5342/5567/5053 5013/5238/5346 4316/4541/5054
f 4559/4784/4836 4409/4634/5051 5013/5238/5346
f 4284/4509/4444 5014/5239/4948 4671/4896/4320
f 4072/4297/5134 5014/5239/4948 4605/4830/4755
f 5015/5240/4298 4757/4982/4115 5483/5708/4485
f 4319/4544/4086 5015/5240/4298 4198/4423/4085
f 5018/5243/5599 4074/4299/5337 5133/5358/4713
f 5018/5243/5599 4119/4344/4410 5017/5242/4711
f 5018/5243/5599 5017/5242/4711 5016/5241/4710
f 4766/4991/4409 5017/5242/4711 4119/4344/4410
f 4074/4299/5337 5018/5243/5599 5016/5241/4710
f 5018/5243/5599 4250/4475/5600 5128/5353/4602
f 5020/5245/5248 4486/4711/4865 4831/5056/5247
f 5019/5244/5183 4635/4860/5435 5513/5738/5551
f 4831/5056/5247 4634/4859/5601 5020/5245/5248
f 5021/5246/5434 5020/5245/5248 4634/4859/5601
f 5403/5628/5431 4634/4859/5601 5396/5621/5429
f 4967/5192/4703 5021/5246/5434 4460/4685/4701
f 5577/5802/4441 5022/5247/4775 4103/4328/4493
f 4628/4853/4161 5022/5247/4775 4301/4526/5422
f 5070/5295/4575 5023/5248/4434 4155/4380/4726
f 4220/4445/4057 5023/5248/4434 4118/4343/4436
f 5040/5265/4338 4595/4820/5010 4470/4695/5027
f 5024/5249/5011 4394/4619/4337 5275/5500/5017
f 4575/4800/5315 5025/5250/5313 4396/4621/5020
f 4532/4757/5270 5269/5494/5214 5602/5827/5314
f 5027/5252/5212 5026/5251/5211 4397/4622/5602
f 5090/5315/5015 4076/4301/5603 5366/5591/5016
f 5266/5491/5032 5027/5252/5212 4397/4622/5602
f 5041/5266/4336 5027/5252/5212 4472/4697/5031
f 4754/4979/5425 4692/4917/5604 5028/5253/5476
f 5430/5655/4983 5028/5253/5476 4692/4917/5604
f 5545/5770/4311 5029/5254/4899 4924/5149/5376
f 5030/5255/4900 5029/5254/4899 4223/4448/5494
f 4223/4448/5494 4941/5166/5369 5579/5804/5580
f 5534/5759/5451 5578/5803/4898 4586/4811/4903
f 5030/5255/4900 4223/4448/5494 5579/5804/5580
f 4366/4591/4941 5031/5256/4902 4585/4810/5290
f 4233/4458/4254 5032/5257/4178 1250/4192/1277
f 4229/4454/4282 5032/5257/4178 4166/4391/4636
f 4240/4465/4268 4187/4412/4456 5580/5805/4365
f 5033/5258/4364 4107/4332/4366 5034/5259/4457
f 5618/5843/5605 4107/4332/4366 5563/5788/4957
f 5075/5300/4458 4371/4596/4956 5189/5414/4231
f 5036/5261/4832 5035/5260/4834 4407/4632/5335
f 5231/5456/4826 5035/5260/4834 4406/4631/4833
f 4609/4834/5052 5036/5261/4832 4407/4632/5335
f 5036/5261/4832 4409/4634/5051 5234/5459/4825
f 4526/4751/4916 5037/5262/4918 4525/4750/4283
f 4350/4575/5049 4541/4766/5046 5037/5262/4918
f 5368/5593/5387 5038/5263/5209 4592/4817/5210
f 4076/4301/5603 5090/5315/5015 5039/5264/5028
f 4076/4301/5603 5039/5264/5028 5038/5263/5209
f 5040/5265/4338 5039/5264/5028 4471/4696/5213
f 5041/5266/4336 5040/5265/4338 4471/4696/5213
f 5040/5265/4338 4394/4619/4337 5024/5249/5011
f 5027/5252/5212 5041/5266/4336 4471/4696/5213
f 4472/4697/5031 5272/5497/5219 5274/5499/5018
f 5091/5316/4671 4619/4844/4872 4339/4564/5606
f 5042/5267/4265 4340/4565/4670 5081/5306/4874
f 4806/5031/4278 5043/5268/5358 4577/4802/5097
f 4787/5012/4946 5043/5268/5358 4059/4284/4280
f 5045/5270/5339 5044/5269/5345 4082/4307/5311
f 5582/5807/5001 5044/5269/5345 4557/4782/5581
f 5076/5301/5006 5045/5270/5339 4082/4307/5311
f 5047/5272/4270 5045/5270/5339 4291/4516/4271
f 5076/5301/5006 5046/5271/4767 5045/5270/5339
f 4391/4616/5405 4618/4843/4428 5156/5381/4121
f 4291/4516/4271 5340/5565/4362 5048/5273/4272
f 5044/5269/5345 5047/5272/4270 4557/4782/5581
f 5049/5274/4954 5048/5273/4272 4556/4781/5341
f 4948/5173/4953 4557/4782/5581 5048/5273/4272
f 5049/5274/4954 4556/4781/5341 5417/5642/5342
f 4948/5173/4953 5049/5274/4954 4369/4594/4951
f 2916/4231/3281 5050/5275/4098 4243/4468/4118
f 2915/4232/3279 2914/4233/3117 5052/5277/4526
f 5052/5277/4526 5051/5276/4099 5050/5275/4098
f 5182/5407/4620 5051/5276/4099 4189/4414/4110
f 2915/4232/3279 5052/5277/4526 5050/5275/4098
f 4189/4414/4110 5052/5277/4526 2914/4233/3117
f 5583/5808/5175 5053/5278/5163 4629/4854/4988
f 4309/4534/5167 5208/5433/4803 5596/5821/5164
f 5069/5294/5127 5054/5279/5509 4436/4661/4376
f 5462/5687/5110 5054/5279/5509 4733/4958/5607
f 5055/5280/4347 4750/4975/4750 5479/5704/5520
f 5056/5281/4986 5055/5280/4347 4280/4505/4346
f 5057/5282/4987 5056/5281/4986 4280/4505/4346
f 4752/4977/5413 5056/5281/4986 4629/4854/4988
f 5057/5282/4987 4280/4505/4346 5509/5734/5198
f 5057/5282/4987 4464/4689/5548 5583/5808/5175
f 5058/5283/4455 4277/4502/5132 5259/5484/4734
f 4145/4370/4559 5058/5283/4455 4276/4501/4454
f 4533/4758/5057 5059/5284/5326 4902/5127/4912
f 4558/4783/5055 5059/5284/5326 4537/4762/5608
f 4930/5155/5407 5060/5285/4422 4923/5148/5381
f 5581/5806/4266 5061/5286/4312 5060/5285/4422
f 5581/5806/4266 5060/5285/4422 4065/4290/4267
f 5450/5675/4892 4344/4569/5492 4714/4939/4890
f 5063/5288/5541 5062/5287/4901 4348/4573/5543
f 5501/5726/4848 5062/5287/4901 4800/5025/5540
f 5505/5730/5542 5063/5288/5541 4348/4573/5543
f 5503/5728/4877 5063/5288/5541 4801/5026/4875
f 5066/5291/5225 5064/5289/5174 4477/4702/5501
f 5064/5289/5174 5066/5291/5225 5065/5290/5260
f 5087/5312/5257 5065/5290/5260 4491/4716/5259
f 5065/5290/5260 5087/5312/5257 5584/5809/5258
f 5406/5631/5226 5066/5291/5225 4477/4702/5501
f 5067/5292/5394 5066/5291/5225 4649/4874/5224
f 4649/4874/5224 4235/4460/5229 5067/5292/5394
f 5067/5292/5394 4235/4460/5229 5379/5604/5228
f 5246/5471/4885 5068/5293/5125 4443/4668/5104
f 5068/5293/5125 4078/4303/5115 5250/5475/5126
f 5054/5279/5509 5069/5294/5127 4733/4958/5607
f 4436/4661/4376 4990/5215/5107 5069/5294/5127
f 5147/5372/4522 5148/5373/4576 4155/4380/4726
f 5071/5296/4435 5070/5295/4575 4466/4691/5279
f 5070/5295/4575 5071/5296/4435 5023/5248/4434
f 5071/5296/4435 5073/5298/4814 5072/5297/5128
f 5073/5298/4814 5071/5296/4435 4466/4691/5279
f 5413/5638/4777 5414/5639/5129 4654/4879/5130
f 4466/4691/5279 4513/4738/5200 5074/5299/4815
f 4070/4295/4816 5072/5297/5128 5073/5298/4814
f 4513/4738/5200 4364/4589/4789 5074/5299/4815
f 5302/5527/4791 5409/5634/5280 4364/4589/4789
f 5618/5843/5605 5075/5300/4458 5034/5259/4457
f 5192/5417/4507 5075/5300/4458 4372/4597/5609
f 5076/5301/5006 4082/4307/5311 5077/5302/5007
f 5046/5271/4767 5076/5301/5006 4391/4616/5405
f 5556/5781/5610 4082/4307/5311 5555/5780/5266
f 4719/4944/4658 5587/5812/5496 4500/4725/4518
f 5350/5575/4172 5078/5303/4391 4137/4362/4173
f 5365/5590/5356 5078/5303/4391 4573/4798/5611
f 4614/4839/4176 5079/5304/4189 2957/4155/2851
f 4038/4152/4185 5079/5304/4189 4201/4426/4190
f 4441/4666/4894 5080/5305/4873 4642/4867/4871
f 5081/5306/4874 5080/5305/4873 4222/4447/4888
f 4714/4939/4890 5081/5306/4874 4222/4447/4888
f 5081/5306/4874 4344/4569/5492 5042/5267/4265
f 4285/4510/5151 5588/5813/5458 4668/4893/5386
f 4675/4900/5150 5588/5813/5458 4285/4510/5151
f 5084/5309/4974 5083/5308/5153 4670/4895/5152
f 4680/4905/5148 5083/5308/5153 4452/4677/4770
f 4716/4941/4975 5084/5309/4974 4670/4895/5152
f 5084/5309/4974 4669/4894/5612 5419/5644/5384
f 5214/5439/5491 5086/5311/4989 4713/4938/4696
f 5087/5312/5257 5085/5310/4697 4490/4715/5591
f 5595/5820/5165 5086/5311/4989 4380/4605/5613
f 5589/5814/4805 5086/5311/4989 4308/4533/4744
f 5087/5312/5257 4490/4715/5591 5584/5809/5258
f 5087/5312/5257 4491/4716/5259 4602/4827/4251
f 4597/4822/5390 4985/5210/5393 5088/5313/4958
f 5563/5788/4957 5088/5313/4958 4985/5210/5393
f 4870/5095/5378 5089/5314/5377 4871/5096/5322
f 4920/5145/5375 5089/5314/5377 4608/4833/5379
f 5027/5252/5212 5090/5315/5015 5026/5251/5211
f 5039/5264/5028 5090/5315/5015 4471/4696/5213
f 4619/4844/4872 5091/5316/4671 5042/5267/4265
f 4092/4317/4672 5091/5316/4671 4339/4564/5606
f 4261/4486/4214 5092/5317/4213 1239/4203/1296
f 4230/4455/4207 5092/5317/4213 4167/4392/4617
f 4244/4469/4451 5093/5318/4079 2903/4244/3186
f 4245/4470/4089 5093/5318/4079 4168/4393/4452
f 4262/4487/4175 5094/5319/4146 2937/4175/2910
f 4232/4457/4536 5094/5319/4146 4169/4394/4537
f 4238/4463/4087 5095/5320/4082 2896/4251/3074
f 4319/4544/4086 5095/5320/4082 4170/4395/4088
f 5097/5322/4237 2929/4183/2917 1257/4185/1253
f 4242/4467/4238 5096/5321/4244 4171/4396/4236
f 4246/4471/4235 5097/5322/4237 1256/4186/1267
f 5096/5321/4244 5097/5322/4237 4171/4396/4236
f 4320/4545/4466 5098/5323/4165 4036/4150/4164
f 4247/4472/4177 5098/5323/4165 4172/4397/4580
f 4322/4547/4170 5099/5324/4188 2954/4158/3337
f 4248/4473/4187 5099/5324/4188 4173/4398/4604
f 4240/4465/4268 5100/5325/4258 1244/4198/1618
f 4241/4466/4246 5100/5325/4258 4174/4399/4605
f 4264/4489/4446 5101/5326/4023 2873/4274/3138
f 4265/4490/4024 5101/5326/4023 4175/4400/4447
f 4266/4491/4256 5102/5327/4111 2892/4255/3269
f 4267/4492/4106 5102/5327/4111 4176/4401/4255
f 4252/4477/4221 5103/5328/4223 4040/4212/4226
f 5104/5329/4224 5103/5328/4223 4177/4402/4222
f 1234/4208/1310 5104/5329/4224 4177/4402/4222
f 5104/5329/4224 1233/4209/1306 1232/4210/1305
f 4253/4478/4220 5105/5330/4219 4042/4214/4490
f 4252/4477/4221 5105/5330/4219 4178/4403/4218
f 4294/4519/4063 5106/5331/4046 2869/4278/2999
f 4254/4479/4045 5106/5331/4046 4179/4404/4628
f 4256/4481/4193 5107/5332/4192 2943/4169/2896
f 4257/4482/4200 5107/5332/4192 4180/4405/4191
f 4259/4484/4196 5108/5333/4195 2941/4171/3267
f 4256/4481/4193 5108/5333/4195 4181/4406/4194
f 4268/4493/4022 5109/5334/4021 2877/4270/3018
f 4269/4494/4015 5109/5334/4021 4182/4407/4020
f 4269/4494/4015 5110/5335/4018 2879/4268/3020
f 4270/4495/4019 5110/5335/4018 4183/4408/4017
f 4353/4578/4070 5111/5336/4629 4193/4418/4052
f 4552/4777/4076 5111/5336/4629 4163/4388/4073
f 4189/4414/4110 2913/4234/3121 5112/5337/4113
f 2912/4235/3120 5112/5337/4113 2913/4234/3121
f 5539/5764/4243 5113/5338/4660 4218/4443/4241
f 5113/5338/4660 4090/4315/5354 5351/5576/5019
f 4721/4946/4600 5114/5339/4475 4217/4442/4239
f 5113/5338/4660 5114/5339/4475 4218/4443/4241
f 5006/5231/4534 5115/5340/4209 4231/4456/4597
f 4311/4536/4324 5115/5340/4209 4133/4358/4535
f 5117/5342/4598 5116/5341/4208 4167/4392/4617
f 5115/5340/4209 5116/5341/4208 4231/4456/4597
f 4114/4339/4689 5117/5342/4598 4167/4392/4617
f 5496/5721/4691 5117/5342/4598 4793/5018/4690
f 5118/5343/4562 4197/4422/4253 5164/5389/4634
f 5119/5344/4635 5118/5343/4562 4116/4341/4489
f 5118/5343/4562 5119/5344/4635 4233/4458/4254
f 4908/5133/4595 5119/5344/4635 4116/4341/4489
f 5373/5598/4354 5120/5345/4637 4234/4459/4694
f 4237/4462/4638 5120/5345/4637 4091/4316/4664
f 4906/5131/4596 5121/5346/4392 4202/4427/4281
f 5120/5345/4637 5121/5346/4392 4234/4459/4694
f 5120/5345/4637 5122/5347/4582 4159/4384/4474
f 5123/5348/4663 5122/5347/4582 4237/4462/4638
f 4762/4987/4242 5123/5348/4663 4237/4462/4638
f 5590/5815/4639 5123/5348/4663 4112/4337/4662
f 4722/4947/4706 5124/5349/4138 4178/4403/4218
f 5124/5349/4138 4239/4464/4717 5535/5760/5574
f 5034/5259/4457 5125/5350/4708 4174/4399/4605
f 5126/5351/4247 5125/5350/4708 4124/4349/4459
f 5125/5350/4708 5126/5351/4247 4241/4466/4246
f 5126/5351/4247 4124/4349/4459 5189/5414/4231
f 5590/5815/4639 4171/4396/4236 4246/4471/4235
f 4721/4946/4600 5127/5352/4640 4112/4337/4662
f 5018/5243/5599 5128/5353/4602 4119/4344/4410
f 5131/5356/4168 5128/5353/4602 4250/4475/5600
f 4173/4398/4604 5129/5354/4180 4248/4473/4187
f 5130/5355/4495 5129/5354/4180 4249/4474/4603
f 5130/5355/4495 4249/4474/4603 5131/5356/4168
f 4647/4872/4579 4157/4382/4181 5130/5355/4495
f 5128/5353/4602 5131/5356/4168 4249/4474/4603
f 5132/5357/4169 5131/5356/4168 4250/4475/5600
f 4250/4475/5600 5018/5243/5599 5133/5358/4713
f 5132/5357/4169 4251/4476/4712 4333/4558/4588
f 4250/4475/5600 5133/5358/4713 5132/5357/4169
f 5134/5359/4714 5133/5358/4713 4074/4299/5337
f 5134/5359/4714 4074/4299/5337 5486/5711/5338
f 4251/4476/4712 5134/5359/4714 4578/4803/4460
f 5135/5360/4137 4252/4477/4221 4178/4403/4218
f 5135/5360/4137 4117/4342/4136 5150/5375/4607
f 4255/4480/4385 4141/4366/4554 5136/5361/4386
f 4496/4721/4027 5136/5361/4386 4141/4366/4554
f 5138/5363/4260 5137/5362/4197 4181/4406/4194
f 4180/4405/4191 5137/5362/4197 4122/4347/4719
f 4260/4485/4261 5138/5363/4260 4181/4406/4194
f 4122/4347/4719 5138/5363/4260 4422/4647/4259
f 5485/5710/4720 5139/5364/4199 4258/4483/4198
f 4499/4724/4332 5139/5364/4199 4150/4375/4650
f 4361/4586/4370 5140/5365/4692 4259/4484/4196
f 4134/4359/4693 4260/4485/4261 5140/5365/4692
f 4186/4411/4212 4131/4356/4230 5142/5367/4615
f 4167/4392/4617 5141/5366/4616 4114/4339/4689
f 4131/4356/4230 4795/5020/4530 5142/5367/4615
f 4114/4339/4689 5142/5367/4615 4795/5020/4530
f 5078/5303/4391 5143/5368/4390 4188/4413/4171
f 4169/4394/4537 5143/5368/4390 4113/4338/4389
f 5145/5370/4424 4092/4317/4672 4339/4564/5606
f 4325/4550/4561 4146/4371/4843 5144/5369/4725
f 5145/5370/4424 4339/4564/5606 5181/5406/4844
f 4325/4550/4561 5144/5369/4725 5145/5370/4424
f 5144/5369/4725 5146/5371/4525 4271/4496/4524
f 4497/4722/4036 5146/5371/4525 4146/4371/4843
f 5147/5372/4522 4273/4498/4521 5148/5373/4576
f 4598/4823/4066 5147/5372/4522 4155/4380/4726
f 4273/4498/4521 4102/4327/4367 5148/5373/4576
f 5149/5374/4574 4102/4327/4367 4513/4738/5200
f 4102/4327/4367 5149/5374/4574 5148/5373/4576
f 4466/4691/5279 5149/5374/4574 4513/4738/5200
f 5135/5360/4137 5150/5375/4607 4274/4499/4229
f 4904/5129/4491 5150/5375/4607 4117/4342/4136
f 4275/4500/4545 4238/4463/4087 5151/5376/4705
f 4564/4789/4471 5151/5376/4705 4238/4463/4087
f 4282/4507/4402 5152/5377/4709 4106/4331/4453
f 4168/4393/4452 4276/4501/4454 5152/5377/4709
f 4106/4331/4453 5259/5484/4734 5154/5379/4733
f 4780/5005/4400 5153/5378/4586 4283/4508/4754
f 4106/4331/4453 5154/5379/4733 5153/5378/4586
f 4788/5013/5133 5154/5379/4733 4447/4672/4735
f 5156/5381/4121 5155/5380/4572 4101/4326/4531
f 5155/5380/4572 5156/5381/4121 4618/4843/4428
f 5156/5381/4121 4101/4326/4531 5337/5562/4122
f 5046/5271/4767 4391/4616/5405 5156/5381/4121
f 5155/5380/4572 5157/5382/4533 4288/4513/4532
f 4613/4838/4095 5157/5382/4533 4154/4379/4573
f 4132/4357/4125 5158/5383/4624 4191/4416/4126
f 4289/4514/4426 4288/4513/4532 5158/5383/4624
f 5159/5384/4627 4192/4417/4050 5160/5385/4625
f 4179/4404/4628 5159/5384/4627 4121/4346/4626
f 4192/4417/4050 4138/4363/4049 5160/5385/4625
f 4138/4363/4049 4504/4729/4549 5160/5385/4625
f 4645/4870/4437 5161/5386/4774 4298/4523/4060
f 5161/5386/4774 4156/4381/4577 5162/5387/4494
f 5591/5816/5584 4156/4381/4577 4958/5183/4578
f 5162/5387/4494 5591/5816/5584 5412/5637/4439
f 4140/4365/4055 4196/4421/4054 5163/5388/4264
f 4299/4524/4262 5163/5388/4264 4196/4421/4054
f 5165/5390/4795 5164/5389/4634 4147/4372/5347
f 5118/5343/4562 5164/5389/4634 4306/4531/4487
f 4147/4372/5347 5188/5413/4403 5191/5416/4955
f 5166/5391/5575 4094/4319/4840 4910/5135/4796
f 5166/5391/5575 5165/5390/4795 5191/5416/4955
f 4909/5134/4488 5166/5391/5575 4910/5135/4796
f 4128/4353/4631 5167/5392/4614 4184/4409/4150
f 4312/4537/4368 4273/4498/4521 5167/5392/4614
f 5169/5394/4547 5168/5393/4299 4170/4395/4088
f 5015/5240/4298 5168/5393/4299 4115/4340/4116
f 4275/4500/4545 5169/5394/4547 4170/4395/4088
f 5169/5394/4547 4749/4974/4546 5481/5706/5524
f 4767/4992/4649 5170/5395/4841 4210/4435/4496
f 5171/5396/4648 5170/5395/4841 4120/4345/5040
f 5170/5395/4841 5171/5396/4648 4321/4546/4203
f 4765/4990/4563 5171/5396/4648 4120/4345/5040
f 4766/4991/4409 5172/5397/4411 4209/4434/4186
f 4173/4398/4604 5172/5397/4411 4119/4344/4410
f 4213/4438/4037 4146/4371/4843 5173/5398/4655
f 4146/4371/4843 4325/4550/4561 5173/5398/4655
f 4618/4843/4428 5174/5399/4430 4225/4450/4517
f 5175/5400/4657 5174/5399/4430 4127/4352/4429
f 5174/5399/4430 5175/5400/4657 4332/4557/4132
f 4719/4944/4658 5175/5400/4657 4127/4352/4429
f 4247/4472/4177 5176/5401/4601 4333/4558/4588
f 4647/4872/4579 5176/5401/4601 4172/4397/4580
f 5145/5370/4424 5177/5402/4398 4325/4550/4561
f 5178/5403/4850 5177/5402/4398 4334/4559/4423
f 5179/5404/4846 5178/5403/4850 4334/4559/4423
f 4894/5119/4860 5178/5403/4850 4335/4560/4858
f 5181/5406/4844 5179/5404/4846 4334/4559/4423
f 5180/5405/5559 5179/5404/4846 4326/4551/4845
f 4326/4551/4845 4850/5075/4859 5180/5405/5559
f 4843/5068/4287 5180/5405/5559 4850/5075/4859
f 5145/5370/4424 5181/5406/4844 4334/4559/4423
f 4619/4844/4872 5181/5406/4844 4339/4564/5606
f 4650/4875/4919 5182/5407/4620 4126/4351/4654
f 5051/5276/4099 5182/5407/4620 4352/4577/4621
f 4143/4368/4092 4206/4431/4091 5183/5408/4557
f 4355/4580/4105 5183/5408/4557 4206/4431/4091
f 4604/4829/4443 5184/5409/4321 4104/4329/4323
f 4661/4886/4924 5184/5409/4321 4357/4582/4445
f 5224/5449/4622 5185/5410/4623 4130/4355/4100
f 5223/5448/4527 5185/5410/4623 4392/4617/4528
f 4720/4945/4512 5186/5411/4511 4216/4441/4510
f 5187/5412/4659 5186/5411/4511 4125/4350/4513
f 5186/5411/4511 5187/5412/4659 4360/4585/4355
f 5187/5412/4659 4125/4350/4513 5572/5797/5497
f 5188/5413/4403 4370/4595/4233 5191/5416/4955
f 4561/4786/4245 5188/5413/4403 4147/4372/5347
f 5075/5300/4458 5189/5414/4231 4124/4349/4459
f 5190/5415/4232 5189/5414/4231 4371/4596/4956
f 5190/5415/4232 4371/4596/4956 5195/5420/4509
f 4094/4319/4840 5166/5391/5575 5191/5416/4955
f 4094/4319/4840 5191/5416/4955 5190/5415/4232
f 5191/5416/4955 5165/5390/4795 4147/4372/5347
f 5075/5300/4458 5192/5417/4507 4371/4596/4956
f 5193/5418/4961 5192/5417/4507 4372/4597/5609
f 5194/5419/4959 5193/5418/4961 4372/4597/5609
f 5193/5418/4961 4696/4921/4960 5210/5435/5478
f 5194/5419/4959 4372/4597/5609 5563/5788/4957
f 5194/5419/4959 4073/4298/5593 5433/5658/5480
f 5196/5421/4963 5195/5420/4509 4318/4543/4508
f 5195/5420/4509 4373/4598/4962 5592/5817/4800
f 5198/5423/4966 5196/5421/4963 4318/4543/4508
f 5197/5422/4752 5196/5421/4963 4374/4599/5483
f 5199/5424/4753 5197/5422/4752 4374/4599/5483
f 5212/5437/4798 4373/4598/4962 5197/5422/4752
f 5210/5435/5478 5198/5423/4966 4318/4543/4508
f 4374/4599/5483 5198/5423/4966 4698/4923/4965
f 5201/5426/4749 5199/5424/4753 4374/4599/5483
f 5199/5424/4753 4069/4294/4748 5200/5425/4751
f 4069/4294/4748 5260/5485/4804 5203/5428/4976
f 5200/5425/4751 5594/5819/5166 5213/5438/4801
f 5209/5434/4977 4374/4599/5483 4698/4923/4965
f 5201/5426/4749 4378/4603/4980 5202/5427/4747
f 5593/5818/4807 4378/4603/4980 4700/4925/4982
f 5260/5485/4804 5202/5427/4747 4454/4679/4802
f 5204/5429/4745 5203/5428/4976 4455/4680/5614
f 5594/5819/5166 5200/5425/4751 5203/5428/4976
f 5205/5430/4746 5204/5429/4745 4455/4680/5614
f 4308/4533/4744 5086/5311/4989 5595/5820/5165
f 5206/5431/5168 5205/5430/4746 4455/4680/5614
f 5205/5430/4746 4456/4681/4349 4972/5197/4351
f 4455/4680/5614 5260/5485/4804 5208/5433/4803
f 5262/5487/5176 5207/5432/5122 4309/4534/5167
f 5261/5486/5123 5207/5432/5122 4458/4683/5192
f 4456/4681/4349 5206/5431/5168 5207/5432/5122
f 4455/4680/5614 5208/5433/4803 5206/5431/5168
f 5596/5821/5164 5208/5433/4803 4454/4679/4802
f 4374/4599/5483 5209/5434/4977 5201/5426/4749
f 5209/5434/4977 4698/4923/4965 5436/5661/4978
f 5193/5418/4961 5210/5435/5478 4318/4543/4508
f 5211/5436/4967 5210/5435/5478 4696/4921/4960
f 5431/5656/4968 5432/5657/4969 4694/4919/5479
f 5211/5436/4967 4375/4600/4838 5436/5661/4978
f 5200/5425/4751 5212/5437/4798 5197/5422/4752
f 5212/5437/4798 4377/4602/4964 5537/5762/4799
f 5200/5425/4751 5213/5438/4801 4377/4602/4964
f 5214/5439/5491 5213/5438/4801 4380/4605/5613
f 5086/5311/4989 5214/5439/5491 4380/4605/5613
f 5214/5439/5491 4713/4938/4696 5448/5673/5396
f 5216/5441/4630 4128/4353/4631 4194/4419/4144
f 4382/4607/4463 4381/4606/4465 5215/5440/4990
f 4128/4353/4631 5216/5441/4630 5215/5440/4990
f 4139/4364/4159 5216/5441/4630 4194/4419/4144
f 4382/4607/4463 4139/4364/4159 5597/5822/4991
f 5217/5442/4930 4383/4608/5363 5576/5801/4553
f 4720/4945/4512 5218/5443/4568 4387/4612/4995
f 4646/4871/4141 5218/5443/4568 4152/4377/4139
f 5220/5445/4996 5219/5444/4570 4098/4323/4569
f 5598/5823/5594 5219/5444/4570 4388/4613/4421
f 5221/5446/4519 5220/5445/4996 4098/4323/4569
f 5220/5445/4996 4531/4756/4999 5000/5225/5312
f 4098/4323/4569 4646/4871/4141 5222/5447/4520
f 5221/5446/4519 4500/4725/4518 5555/5780/5266
f 5222/5447/4520 5221/5446/4519 4098/4323/4569
f 4719/4944/4658 5222/5447/4520 4151/4376/4133
f 4286/4511/4109 5223/5448/4527 4132/4357/4125
f 5185/5410/4623 5223/5448/4527 4190/4415/4127
f 5051/5276/4099 5224/5449/4622 4130/4355/4100
f 5290/5515/4921 5291/5516/4920 4081/4306/5008
f 4395/4620/4548 4137/4362/4173 5225/5450/4581
f 4310/4535/4163 5225/5450/4581 4137/4362/4173
f 4258/4483/4198 4180/4405/4191 5226/5451/4612
f 4122/4347/4719 5226/5451/4612 4180/4405/4191
f 4912/5137/5013 5227/5452/5034 4314/4539/4503
f 5228/5453/4822 5227/5452/5034 4402/4627/5037
f 5228/5453/4822 4402/4627/5037 5236/5461/5036
f 5228/5453/4822 4403/4628/4821 5229/5454/4333
f 5228/5453/4822 5229/5454/4333 4401/4626/4335
f 4916/5141/4206 5229/5454/4333 4403/4628/4821
f 5231/5456/4826 5230/5455/5038 4315/4540/4820
f 4917/5142/5039 5230/5455/5038 4405/4630/4591
f 5035/5260/4834 5231/5456/4826 4315/4540/4820
f 5231/5456/4826 4406/4631/4833 5232/5457/4592
f 4926/5151/4824 5232/5457/4592 4406/4631/4833
f 5487/5712/5528 5233/5458/4590 4412/4637/5529
f 4412/4637/5529 5233/5458/4590 5232/5457/4592
f 5540/5765/5041 4075/4300/5042 4817/5042/5527
f 5036/5261/4832 5234/5459/4825 4406/4631/4833
f 5235/5460/4835 5234/5459/4825 4409/4634/5051
f 4559/4784/4836 5235/5460/4835 4409/4634/5051
f 4317/4542/4823 5235/5460/4835 4560/4785/5074
f 5237/5462/5035 4402/4627/5037 4912/5137/5013
f 5035/5260/4834 5236/5461/5036 4411/4636/5063
f 4066/4291/5062 5237/5462/5035 4912/5137/5013
f 4411/4636/5063 5236/5461/5036 5237/5462/5035
f 4797/5022/4819 5238/5463/4818 4416/4641/4721
f 4912/5137/5013 5238/5463/4818 4419/4644/4817
f 5599/5824/5075 5239/5464/5076 4415/4640/5070
f 4410/4635/4829 5324/5549/4831 5240/5465/5325
f 4410/4635/4829 5240/5465/5325 5239/5464/5076
f 5241/5466/5324 5240/5465/5325 4536/4761/5615
f 5241/5466/5324 4536/4761/5615 5322/5547/5058
f 4856/5081/5278 5241/5466/5324 4857/5082/4793
f 4797/5022/4819 5242/5467/5086 4419/4644/4817
f 4425/4650/4285 5242/5467/5086 4417/4642/5388
f 4796/5021/4124 5243/5468/4680 4266/4491/4256
f 4135/4360/4539 4432/4657/4028 5243/5468/4680
f 5386/5611/5102 4432/4657/4028 4135/4360/4539
f 5245/5470/5105 5244/5469/4029 4433/4658/5103
f 5246/5471/4885 5245/5470/5105 4433/4658/5103
f 5245/5470/5105 4443/4668/5104 5258/5483/5106
f 5247/5472/4886 5246/5471/4885 4433/4658/5103
f 5246/5471/4885 4078/4303/5115 5068/5293/5125
f 4617/4842/4541 5247/5472/4886 4433/4658/5103
f 5247/5472/4886 4481/4706/5236 5248/5473/4887
f 4927/5152/4869 5248/5473/4887 4481/4706/5236
f 5248/5473/4887 4927/5152/4869 5249/5474/5510
f 4482/4707/4868 4986/5211/4884 5249/5474/5510
f 5250/5475/5126 4986/5211/4884 4733/4958/5607
f 4986/5211/4884 5250/5475/5126 5249/5474/5510
f 5250/5475/5126 4733/4958/5607 5069/5294/5127
f 5252/5477/4543 5251/5476/4542 4434/4659/4606
f 4564/4789/4471 5251/5476/4542 4136/4361/4544
f 4110/4335/4030 5252/5477/4543 4434/4659/4606
f 4565/4790/4470 5252/5477/4543 4435/4660/4468
f 4269/4494/4015 5253/5478/4316 4129/4354/4016
f 4438/4663/4025 5253/5478/4316 4182/4407/4020
f 5255/5480/5120 5254/5479/5119 4099/4324/5118
f 5256/5481/4893 5254/5479/5119 4440/4665/5101
f 5548/5773/5579 5255/5480/5120 4099/4324/5118
f 4431/4656/5121 5255/5480/5120 4939/5164/4668
f 4222/4447/4888 5256/5481/4893 4440/4665/5101
f 5256/5481/4893 4441/4666/4894 5257/5482/4317
f 5256/5481/4893 5257/5482/4317 4439/4664/4523
f 4626/4851/4613 5257/5482/4317 4441/4666/4894
f 5565/5790/5523 5258/5483/5106 4443/4668/5104
f 5252/5477/4543 5258/5483/5106 4435/4660/4468
f 5058/5283/4455 5259/5484/4734 4106/4331/4453
f 5454/5679/4296 5259/5484/4734 4277/4502/5132
f 5203/5428/4976 5260/5485/4804 4455/4680/5614
f 5202/5427/4747 5260/5485/4804 4069/4294/4748
f 5600/5825/5589 5261/5486/5123 4458/4683/5192
f 4971/5196/4350 5261/5486/5123 4442/4667/5170
f 5263/5488/5179 5262/5487/5176 4464/4689/5548
f 5207/5432/5122 5262/5487/5176 4458/4683/5192
f 4812/5037/5180 5263/5488/5179 4464/4689/5548
f 5263/5488/5179 4813/5038/5549 5512/5737/5550
f 4425/4650/4285 4417/4642/5388 5264/5489/5078
f 5601/5826/5079 4417/4642/5388 4798/5023/5093
f 5038/5263/5209 5265/5490/5082 4393/4618/5092
f 4595/4820/5010 5265/5490/5082 4470/4695/5027
f 5267/5492/5223 5266/5491/5032 4397/4622/5602
f 5268/5493/5033 5266/5491/5032 4473/4698/5216
f 5269/5494/5214 5267/5492/5223 4397/4622/5602
f 5267/5492/5223 5603/5828/5215 5280/5505/4307
f 5278/5503/4306 5268/5493/5033 4473/4698/5216
f 5273/5498/5217 5272/5497/5219 5268/5493/5033
f 4397/4622/5602 5026/5251/5211 5602/5827/5314
f 5271/5496/5024 5270/5495/5023 4532/4757/5270
f 5285/5510/4683 5270/5495/5023 4064/4289/5022
f 5270/5495/5023 5285/5510/4683 5603/5828/5215
f 4575/4800/5315 5271/5496/5024 4532/4757/5270
f 5276/5501/5264 4501/4726/4395 4727/4952/5268
f 5273/5498/5217 5268/5493/5033 4474/4699/5186
f 5274/5499/5018 5272/5497/5219 4478/4703/5218
f 5283/5508/5444 5273/5498/5217 4474/4699/5186
f 5499/5724/5084 5273/5498/5217 4227/4452/5085
f 5275/5500/5017 5274/5499/5018 4478/4703/5218
f 5041/5266/4336 5274/5499/5018 4394/4619/4337
f 4799/5024/5231 5275/5500/5017 4478/4703/5218
f 5275/5500/5017 4480/4705/5230 5024/5249/5011
f 4501/4726/4395 5276/5501/5264 5271/5496/5024
f 5277/5502/5263 4727/4952/5268 4495/4720/4699
f 4727/4952/5268 5277/5502/5263 5276/5501/5264
f 5277/5502/5263 4495/4720/4699 5407/5632/5449
f 5279/5504/5187 5278/5503/4306 4398/4623/4308
f 5268/5493/5033 5278/5503/4306 4474/4699/5186
f 5281/5506/5220 5279/5504/5187 4398/4623/4308
f 4475/4700/5221 4640/4865/5222 5282/5507/5185
f 5267/5492/5223 5280/5505/4307 4473/4698/5216
f 5280/5505/4307 4476/4701/4682 4725/4950/4681
f 4725/4950/4681 5281/5506/5220 4398/4623/4308
f 5281/5506/5220 4493/4718/5261 5391/5616/5426
f 4475/4700/5221 5282/5507/5185 5279/5504/5187
f 5283/5508/5444 4640/4865/5222 4227/4452/5085
f 4640/4865/5222 5283/5508/5444 5282/5507/5185
f 5273/5498/5217 5283/5508/5444 4227/4452/5085
f 4343/4568/5578 5518/5743/5238 5519/5744/5553
f 4987/5212/4883 5284/5509/4870 4483/4708/5243
f 5285/5510/4683 4476/4701/4682 5603/5828/5215
f 5277/5502/5263 5285/5510/4683 4064/4289/5022
f 4255/4480/4385 4179/4404/4628 5286/5511/4611
f 4121/4346/4626 5286/5511/4611 4179/4404/4628
f 4504/4729/4549 5287/5512/4551 4121/4346/4626
f 5287/5512/4551 4503/4728/4550 5352/5577/4499
f 5336/5561/4776 4504/4729/4549 4552/4777/4076
f 5289/5514/4384 5288/5513/5131 4088/4313/4162
f 4628/4853/4161 5289/5514/4384 4088/4313/4162
f 4305/4530/4500 5289/5514/4384 4805/5030/4383
f 4505/4730/4427 4392/4617/4528 5290/5515/4921
f 5291/5516/4920 4392/4617/4528 5224/5449/4622
f 5224/5449/4622 4352/4577/4621 5291/5516/4920
f 4650/4875/4919 5291/5516/4920 4352/4577/4621
f 4650/4875/4919 5292/5517/4994 4081/4306/5008
f 4672/4897/4515 5292/5517/4994 4507/4732/5272
f 5294/5519/5274 5293/5518/4516 4507/4732/5272
f 4676/4901/4556 5293/5518/4516 4508/4733/5273
f 4507/4732/5272 4650/4875/4919 5294/5519/5274
f 4651/4876/5275 5294/5519/5274 4650/4875/4919
f 4312/4537/4368 4381/4606/4465 5295/5520/4810
f 4566/4791/4811 5295/5520/4810 4381/4606/4465
f 5297/5522/4433 4313/4538/5276 4570/4795/4813
f 5298/5523/4790 5296/5521/4432 4511/4736/4431
f 4313/4538/5276 5297/5522/4433 5296/5521/4432
f 5297/5522/4433 4570/4795/4813 5348/5573/5351
f 5298/5523/4790 4511/4736/4431 5299/5524/5277
f 4510/4735/4589 5298/5523/4790 4364/4589/4789
f 4931/5156/5087 5299/5524/5277 4511/4736/4431
f 5301/5526/4792 5299/5524/5277 4205/4430/5282
f 5605/5830/5452 4304/4529/4314 5314/5539/5283
f 5302/5527/4791 5300/5525/5090 4516/4741/5281
f 4857/5082/4793 5301/5526/4792 4205/4430/5282
f 5300/5525/5090 5301/5526/4792 4515/4740/4645
f 5300/5525/5090 5302/5527/4791 4514/4739/4932
f 5302/5527/4791 4516/4741/5281 5409/5634/5280
f 4517/4742/5616 5317/5542/5284 5318/5543/4315
f 5300/5525/5090 5303/5528/4647 4304/4529/4314
f 5303/5528/4647 5304/5529/4646 4517/4742/5616
f 4857/5082/4793 5304/5529/4646 4515/4740/4645
f 5317/5542/5284 4518/4743/4938 4524/4749/5288
f 5304/5529/4646 5305/5530/5088 4517/4742/5616
f 5307/5532/5286 5306/5531/4937 4165/4390/5573
f 4524/4749/5288 5306/5531/4937 4519/4744/5285
f 4887/5112/4911 5307/5532/5286 4165/4390/5573
f 5307/5532/5286 4652/4877/5370 5309/5534/4943
f 5309/5534/4943 5308/5533/4942 4519/4744/5285
f 5363/5588/5289 5308/5533/4942 4366/4591/4941
f 5307/5532/5286 5309/5534/4943 4519/4744/5285
f 5309/5534/4943 4652/4877/5370 5528/5753/5368
f 5311/5536/5294 5310/5535/5293 4303/4528/4788
f 5604/5829/4778 5310/5535/5293 4522/4747/5401
f 5312/5537/5295 5311/5536/5294 4303/4528/4788
f 5311/5536/5294 4611/4836/4947 5495/5720/5536
f 5312/5537/5295 4303/4528/4788 5319/5544/4787
f 5312/5537/5295 4610/4835/5366 5385/5610/5098
f 5604/5829/4778 4521/4746/4779 5310/5535/5293
f 5314/5539/5283 5313/5538/4313 4523/4748/5298
f 5410/5635/5299 5314/5539/5283 4523/4748/5298
f 4653/4878/4781 5408/5633/4780 5605/5830/5452
f 5315/5540/5297 4522/4747/5401 5508/5733/5535
f 5410/5635/5299 5315/5540/5297 4302/4527/5453
f 5319/5544/4787 5316/5541/4786 4524/4749/5288
f 5310/5535/5293 5316/5541/4786 4303/4528/4788
f 5313/5538/4313 5318/5543/4315 4521/4746/4779
f 5305/5530/5088 5317/5542/5284 4517/4742/5616
f 4304/4529/4314 5303/5528/4647 5318/5543/4315
f 4517/4742/5616 5318/5543/4315 5303/5528/4647
f 5308/5533/4942 5319/5544/4787 4519/4744/5285
f 5319/5544/4787 4520/4745/5287 5312/5537/5295
f 4965/5190/5300 5320/5545/4917 4526/4751/4916
f 4538/4763/5050 5320/5545/4917 4527/4752/5191
f 5306/5531/4937 5321/5546/4936 4165/4390/5573
f 4518/4743/4938 4533/4758/5057 5321/5546/4936
f 5241/5466/5324 5322/5547/5058 4421/4646/5089
f 4536/4761/5615 5324/5549/4831 5323/5548/5056
f 4536/4761/5615 5323/5548/5056 5322/5547/5058
f 5059/5284/5326 5323/5548/5056 4537/4762/5608
f 5323/5548/5056 5324/5549/4831 4537/4762/5608
f 5240/5465/5325 5324/5549/4831 4536/4761/5615
f 5326/5551/4291 5325/5550/4290 4530/4755/5304
f 5327/5552/5330 5325/5550/4290 4540/4765/4289
f 4875/5100/5305 5326/5551/4291 4530/4755/5304
f 4349/4574/5328 5326/5551/4291 4876/5101/5327
f 5327/5552/5330 4540/4765/4289 5328/5553/4827
f 4541/4766/5046 4539/4764/5048 5327/5552/5330
f 5331/5556/5333 5328/5553/4827 4542/4767/5332
f 5328/5553/4827 4408/4633/4914 5606/5831/5329
f 5328/5553/4827 5329/5554/4828 4542/4767/5332
f 5326/5551/4291 5329/5554/4828 4540/4765/4289
f 4885/5110/5318 5330/5555/5323 4349/4574/5328
f 5334/5559/5334 4543/4768/5317 4547/4772/5316
f 5328/5553/4827 5331/5556/5333 4408/4633/4914
f 5334/5559/5334 5331/5556/5333 4542/4767/5332
f 4541/4766/5046 5327/5552/5330 5606/5831/5329
f 4546/4771/5331 4424/4649/5045 5332/5557/5047
f 4596/4821/5060 5333/5558/5091 4545/4770/4913
f 5606/5831/5329 4546/4771/5331 5332/5557/5047
f 5331/5556/5333 5334/5559/5334 4544/4769/4915
f 5330/5555/5323 5334/5559/5334 4542/4767/5332
f 4766/4991/4409 5335/5560/4564 4550/4775/4292
f 4615/4840/4277 5335/5560/4564 4149/4374/4184
f 4627/4852/4160 5336/5561/4776 4446/4671/4075
f 5288/5513/5131 5336/5561/4776 4088/4313/4162
f 4289/4514/4426 5337/5562/4122 4101/4326/4531
f 5339/5564/4763 4553/4778/4425 4290/4515/5271
f 5340/5565/4362 5338/5563/4361 4555/4780/5340
f 5046/5271/4767 5338/5563/4361 4291/4516/4271
f 5338/5563/4361 5339/5564/4763 4555/4780/5340
f 5337/5562/4122 5339/5564/4763 4554/4779/4120
f 5341/5566/4993 5340/5565/4362 4555/4780/5340
f 5048/5273/4272 5340/5565/4362 4556/4781/5341
f 4656/4881/4765 5341/5566/4993 4555/4780/5340
f 5341/5566/4993 4061/4286/4761 5417/5642/5342
f 5343/5568/4830 4558/4783/5055 4537/4762/5608
f 5013/5238/5346 5342/5567/5053 4559/4784/4836
f 4558/4783/5055 5343/5568/4830 5342/5567/5053
f 5343/5568/4830 4537/4762/5608 5324/5549/4831
f 5343/5568/4830 5344/5569/4837 4559/4784/4836
f 5599/5824/5075 5344/5569/4837 4410/4635/4829
f 5346/5571/5349 5345/5570/4329 4363/4588/5361
f 4825/5050/4330 5345/5570/4329 4569/4794/5348
f 5354/5579/5360 5346/5571/5349 4363/4588/5361
f 4551/4776/5532 5346/5571/5349 4777/5002/5359
f 5346/5571/5349 4551/4776/5532 5347/5572/5353
f 4779/5004/5350 5347/5572/5353 4551/4776/5532
f 5348/5573/5351 4362/4587/4926 4823/5048/5069
f 5297/5522/4433 5348/5573/5351 4512/4737/5352
f 4825/5050/4330 5349/5574/5336 4063/4288/5059
f 5347/5572/5353 5349/5574/5336 4569/4794/5348
f 5447/5672/5355 4572/4797/4174 4396/4621/5020
f 5078/5303/4391 5350/5575/4172 4573/4798/5611
f 4572/4797/4174 5351/5576/5019 4574/4799/5021
f 5113/5338/4660 5351/5576/5019 4395/4620/4548
f 5352/5577/4499 4576/4801/4501 4502/4727/4610
f 5289/5514/4384 5352/5577/4499 4503/4728/4550
f 4383/4608/5363 4580/4805/4632 5607/5832/5362
f 5354/5579/5360 5353/5578/4992 4578/4803/4460
f 5134/5359/4714 5354/5579/5360 4578/4803/4460
f 5354/5579/5360 4777/5002/5359 5346/5571/5349
f 5353/5578/4992 4383/4608/5363 5607/5832/5362
f 4964/5189/4462 5355/5580/4461 4108/4333/4715
f 4296/4521/4149 5356/5581/4633 4139/4364/4159
f 4579/4804/4331 5356/5581/4633 4195/4420/4153
f 4935/5160/5099 5357/5582/5364 4581/4806/4378
f 4791/5016/4450 5357/5582/5364 4105/4330/4448
f 5360/5585/4935 5358/5583/4377 4582/4807/4933
f 4936/5161/4667 5358/5583/4377 4071/4296/4896
f 5360/5585/4935 5359/5584/4934 4583/4808/4940
f 4785/5010/4944 5359/5584/4934 4582/4807/4933
f 5360/5585/4935 4583/4808/4940 5362/5587/5367
f 5358/5583/4377 5360/5585/4935 4071/4296/4896
f 5364/5589/4783 5361/5586/4785 4584/4809/5292
f 5362/5587/5367 5361/5586/4785 4365/4590/4784
f 4365/4590/4784 4938/5163/4897 5362/5587/5367
f 5360/5585/4935 5362/5587/5367 4938/5163/4897
f 5308/5533/4942 5363/5588/5289 4520/4745/5287
f 4585/4810/5290 5363/5588/5289 4366/4591/4941
f 5363/5588/5289 5364/5589/4783 4584/4809/5292
f 4941/5166/5369 5364/5589/4783 4585/4810/5290
f 5078/5303/4391 5365/5590/5356 4113/4338/4389
f 5366/5591/5016 5365/5590/5356 4573/4798/5611
f 5366/5591/5016 4573/4798/5611 5447/5672/5355
f 5366/5591/5016 4076/4301/5603 5368/5593/5387
f 5368/5593/5387 5367/5592/4373 4591/4816/4641
f 5369/5594/4371 5367/5592/4373 4592/4817/5210
f 5366/5591/5016 5368/5593/5387 4591/4816/4641
f 5038/5263/5209 5368/5593/5387 4076/4301/5603
f 5370/5595/5389 4592/4817/5210 4393/4618/5092
f 5369/5594/4371 4593/4818/4476 4890/5115/4478
f 4592/4817/5210 5370/5595/5389 5369/5594/4371
f 4798/5023/5093 5370/5595/5389 4393/4618/5092
f 5035/5260/4834 5371/5596/5064 4407/4632/5335
f 5372/5597/5061 5371/5596/5064 4411/4636/5063
f 5371/5596/5064 5372/5597/5061 4596/4821/5060
f 5237/5462/5035 5372/5597/5061 4411/4636/5063
f 5120/5345/4637 5373/5598/4354 4091/4316/4664
f 5377/5602/4472 5373/5598/4354 4234/4459/4694
f 5379/5604/5228 5374/5599/4473 4600/4825/4695
f 5375/5600/4700 5374/5599/4473 4235/4460/5229
f 5375/5600/4700 4235/4460/5229 5376/5601/4698
f 4726/4951/4353 4599/4824/4352 5375/5600/4700
f 4235/4460/5229 4649/4874/5224 5376/5601/4698
f 5407/5632/5449 5376/5601/4698 4649/4874/5224
f 5373/5598/4354 5377/5602/4472 4599/4824/4352
f 5377/5602/4472 4234/4459/4694 4906/5131/4596
f 4908/5133/4595 5378/5603/4594 4111/4336/4688
f 5379/5604/5228 5380/5605/4252 4602/4827/4251
f 5380/5605/4252 4600/4825/4695 5378/5603/4594
f 5067/5292/5394 5379/5604/5228 4602/4827/4251
f 5378/5603/4594 4601/4826/4593 5380/5605/4252
f 4601/4826/4593 5382/5607/4404 5381/5606/4250
f 4601/4826/4593 5381/5606/4250 5380/5605/4252
f 5087/5312/5257 5381/5606/4250 4079/4304/4405
f 5536/5761/5397 4601/4826/4593 4908/5133/4595
f 4713/4938/4696 5382/5607/4404 4603/4828/5395
f 5312/5537/5295 5383/5608/5291 4610/4835/5366
f 5363/5588/5289 5383/5608/5291 4520/4745/5287
f 5361/5586/4785 5384/5609/4939 4584/4809/5292
f 5384/5609/4939 4583/4808/4940 5359/5584/4934
f 5385/5610/5098 4367/4592/5365 5494/5719/5400
f 5312/5537/5295 5385/5610/5098 4611/4836/4947
f 5244/5469/4029 5386/5611/5102 4433/4658/5103
f 4135/4360/4539 4617/4842/4541 5386/5611/5102
f 5608/5833/5100 4431/4656/5121 4937/5162/4895
f 5387/5612/4673 5608/5833/5100 4940/5165/4674
f 4271/4496/4524 4183/4408/4017 5388/5613/4724
f 4129/4354/4016 5388/5613/4724 4183/4408/4017
f 4627/4852/4160 4300/4525/4263 5389/5614/5421
f 5022/5247/4775 5389/5614/5421 4300/4525/4263
f 4640/4865/5222 5390/5615/5030 4461/4686/4853
f 5391/5616/5426 5390/5615/5030 4475/4700/5221
f 5281/5506/5220 5391/5616/5426 4475/4700/5221
f 5404/5629/4880 5405/5630/5026 4236/4461/4878
f 5393/5618/4851 5392/5617/5029 4632/4857/5427
f 5390/5615/5030 5392/5617/5029 4461/4686/4853
f 5396/5621/5429 5393/5618/4851 4632/4857/5427
f 5394/5619/4852 5393/5618/4851 4633/4858/5430
f 4633/4858/5430 5398/5623/5433 5395/5620/5252
f 4638/4863/5251 4881/5106/5570 5609/5834/5443
f 4633/4858/5430 5395/5620/5252 5394/5619/4852
f 5610/5835/5617 5395/5620/5252 4636/4861/5207
f 4632/4857/5427 5402/5627/5428 5403/5628/5431
f 5396/5621/5429 4634/4859/5601 5397/5622/5432
f 4831/5056/5247 5397/5622/5432 4634/4859/5601
f 5398/5623/5433 5397/5622/5432 4341/4566/5552
f 5398/5623/5433 4341/4566/5552 4847/5072/5436
f 5398/5623/5433 4636/4861/5207 5395/5620/5252
f 4826/5051/5203 5399/5624/5309 4468/4693/5234
f 5400/5625/5310 5399/5624/5309 4529/4754/5205
f 4861/5086/5306 5400/5625/5310 4529/4754/5205
f 5401/5626/5308 5400/5625/5310 4462/4687/5618
f 5401/5626/5308 4462/4687/5618 5610/5835/5617
f 5399/5624/5309 5401/5626/5308 4637/4862/5438
f 4966/5191/4702 5402/5627/5428 4643/4868/5124
f 5402/5627/5428 4460/4685/4701 5403/5628/5431
f 4460/4685/4701 5021/5246/5434 5403/5628/5431
f 4634/4859/5601 5403/5628/5431 5021/5246/5434
f 4643/4868/5124 4631/4856/5025 5404/5629/4880
f 5405/5630/5026 4631/4856/5025 5391/5616/5426
f 5391/5616/5426 4493/4718/5261 5405/5630/5026
f 4943/5168/5173 5405/5630/5026 4493/4718/5261
f 4725/4950/4681 5406/5631/5226 4477/4702/5501
f 5407/5632/5449 5406/5631/5226 4494/4719/5227
f 5277/5502/5263 5407/5632/5449 4494/4719/5227
f 5376/5601/4698 5407/5632/5449 4495/4720/4699
f 5409/5634/5280 4070/4295/4816 5074/5299/4815
f 5605/5830/5452 5408/5633/4780 4516/4741/5281
f 4070/4295/4816 5409/5634/5280 5408/5633/4780
f 5409/5634/5280 5074/5299/4815 4364/4589/4789
f 5315/5540/5297 5410/5635/5299 4523/4748/5298
f 4654/4879/5130 5410/5635/5299 4302/4527/5453
f 5408/5633/4780 5411/5636/4782 4070/4295/4816
f 4653/4878/4781 4654/4879/5130 5411/5636/4782
f 5162/5387/4494 5412/5637/4439 4103/4328/4493
f 5413/5638/4777 5412/5637/4439 4445/4670/5201
f 5414/5639/5129 4445/4670/5201 5072/5297/5128
f 5413/5638/4777 4654/4879/5130 5415/5640/5454
f 5072/5297/5128 4070/4295/4816 5414/5639/5129
f 5411/5636/4782 5414/5639/5129 4070/4295/4816
f 4809/5034/5455 5415/5640/5454 4302/4527/5453
f 5413/5638/4777 5415/5640/5454 4655/4880/4440
f 4665/4890/4950 5416/5641/5456 4368/4593/4318
f 4358/4583/4103 5416/5641/5456 4658/4883/4104
f 5049/5274/4954 5417/5642/5342 4664/4889/4766
f 5341/5566/4993 5417/5642/5342 4556/4781/5341
f 4668/4893/5386 5418/5643/5343 4666/4891/4952
f 4948/5173/4953 5418/5643/5343 4667/4892/5459
f 5084/5309/4974 5419/5644/5384 4452/4677/4770
f 5420/5645/5385 5419/5644/5384 4669/4894/5612
f 5561/5786/4973 5560/5785/5461 4669/4894/5612
f 4668/4893/5386 5420/5645/5385 4667/4892/5459
f 4673/4898/5147 5421/5646/5146 4674/4899/5149
f 4671/4896/4320 5421/5646/5146 4368/4593/4318
f 4677/4902/4651 5422/5647/4093 4143/4368/4092
f 4142/4367/4269 5422/5647/4093 4678/4903/4652
f 5424/5649/5472 5423/5648/5471 4281/4506/5424
f 5425/5650/4839 5423/5648/5471 4689/4914/4979
f 5424/5649/5472 4281/4506/5424 5426/5651/4981
f 5209/5434/4977 5424/5649/5472 4378/4603/4980
f 5425/5650/4839 4689/4914/4979 5436/5661/4978
f 4693/4918/4325 4688/4913/4327 5425/5650/4839
f 5430/5655/4983 5426/5651/4981 4281/4506/5424
f 5439/5664/5477 5426/5651/4981 4692/4917/5604
f 5423/5648/5471 5427/5652/4984 4281/4506/5424
f 4687/4912/5467 5427/5652/4984 4688/4913/4327
f 4683/4908/5468 4949/5174/5140 5429/5654/5142
f 5028/5253/5476 5428/5653/5469 4691/4916/5473
f 4683/4908/5468 5429/5654/5142 5428/5653/5469
f 4279/4504/5475 5429/5654/5142 4950/5175/5141
f 5028/5253/5476 5430/5655/4983 4690/4915/4985
f 5426/5651/4981 5430/5655/4983 4692/4917/5604
f 5432/5657/4969 4375/4600/4838 5211/5436/4967
f 4707/4932/4363 5431/5656/4968 4694/4919/5479
f 5211/5436/4967 4696/4921/4960 5432/5657/4969
f 4696/4921/4960 5194/5419/4959 5433/5658/5480
f 4696/4921/4960 5433/5658/5480 5432/5657/4969
f 5434/5659/4972 5433/5658/5480 4073/4298/5593
f 5435/5660/4970 5434/5659/4972 4073/4298/5593
f 4708/4933/4274 5434/5659/4972 4695/4920/4971
f 4985/5210/5393 5435/5660/4970 4073/4298/5593
f 5435/5660/4970 4699/4924/5481 5437/5662/5484
f 5211/5436/4967 5436/5661/4978 4698/4923/4965
f 5425/5650/4839 5436/5661/4978 4375/4600/4838
f 5009/5234/5488 5437/5662/5484 4699/4924/5481
f 5438/5663/5383 5437/5662/5484 4453/4678/5598
f 5438/5663/5383 4453/4678/5598 5444/5669/5485
f 5438/5663/5383 4702/4927/5382 4709/4934/4275
f 5426/5651/4981 5439/5664/5477 4700/4925/4982
f 5440/5665/5525 5439/5664/5477 4692/4917/5604
f 4754/4979/5425 5440/5665/5525 4692/4917/5604
f 4379/4604/5196 5440/5665/5525 4753/4978/5423
f 5053/5278/5163 5441/5666/5162 4379/4604/5196
f 5593/5818/4807 5441/5666/5162 4454/4679/4802
f 5443/5668/5161 5442/5667/5160 4703/4928/5482
f 4716/4941/4975 5442/5667/5160 4589/4814/5159
f 4915/5140/5448 5443/5668/5161 4703/4928/5482
f 4962/5187/5460 5443/5668/5161 4704/4929/4418
f 5438/5663/5383 5444/5669/5485 4703/4928/5482
f 5445/5670/5158 5444/5669/5485 4453/4678/5598
f 5009/5234/5488 5445/5670/5158 4453/4678/5598
f 5446/5671/5156 5445/5670/5158 4706/4931/5597
f 5446/5671/5156 4706/4931/5597 5541/5766/5489
f 4995/5220/5447 5446/5671/5156 4648/4873/5003
f 5350/5575/4172 5447/5672/5355 4573/4798/5611
f 5025/5250/5313 5447/5672/5355 4396/4621/5020
f 4909/5134/4488 5448/5673/5396 4603/4828/5395
f 5214/5439/5491 5448/5673/5396 4307/4532/4797
f 4942/5167/5493 5449/5674/4891 4345/4570/4675
f 5450/5675/4892 4715/4940/4310 5061/5286/4312
f 4715/4940/4310 5450/5675/4892 5449/5674/4891
f 4344/4569/5492 5450/5675/4892 5061/5286/4312
f 5580/5805/4365 5451/5676/4618 4718/4943/5495
f 4311/4536/4324 5451/5676/4618 4187/4412/4456
f 4760/4985/4560 5452/5677/4399 4277/4502/5132
f 4954/5179/4731 5452/5677/4399 4093/4318/4729
f 5614/5839/5513 5453/5678/4295 4278/4503/5499
f 5454/5679/4296 5615/5840/4739 4447/4672/4735
f 5615/5840/4739 5453/5678/4295 4448/4673/5592
f 5259/5484/4734 5454/5679/4296 4447/4672/4735
f 4914/5139/4394 5455/5680/5269 4501/4726/4395
f 4728/4953/4704 5455/5680/5269 4219/4444/5502
f 4732/4957/5109 5456/5681/5414 4730/4955/5193
f 4989/5214/5117 5456/5681/5414 4437/4662/5111
f 5458/5683/5503 5457/5682/5416 4729/4954/5415
f 5459/5684/5194 5457/5682/5416 4463/4688/5547
f 4067/4292/5504 5458/5683/5503 4729/4954/5415
f 4463/4688/5547 5458/5683/5503 4814/5039/5178
f 5457/5682/5416 5459/5684/5194 4730/4955/5193
f 4812/5037/5180 5459/5684/5194 4463/4688/5547
f 5461/5686/5505 5460/5685/5195 4731/4956/5199
f 5460/5685/5195 4623/4848/5507 5477/5702/5506
f 5461/5686/5505 4731/4956/5199 5509/5734/5198
f 5461/5686/5505 4751/4976/4348 5472/5697/5521
f 5054/5279/5509 5462/5687/5110 4732/4957/5109
f 4986/5211/4884 5462/5687/5110 4733/4958/5607
f 4734/4959/4301 4691/4916/5473 5463/5688/5474
f 5429/5654/5142 5463/5688/5474 4691/4916/5473
f 5465/5690/5135 5464/5689/5137 4279/4504/5475
f 4736/4961/5511 5464/5689/5137 4735/4960/5136
f 4951/5176/5470 5465/5690/5135 4279/4504/5475
f 5465/5690/5135 4737/4962/4736 5514/5739/4738
f 5464/5689/5137 5466/5691/4302 4734/4959/4301
f 4750/4975/4750 5466/5691/4302 4736/4961/5511
f 5469/5694/5113 5467/5692/5112 4738/4963/5512
f 4750/4975/4750 5467/5692/5112 4622/4847/5114
f 5468/5693/5517 4735/4960/5136 5514/5739/4738
f 5470/5695/5518 5468/5693/5517 4068/4293/5516
f 5470/5695/5518 5469/5694/5113 4738/4963/5512
f 5471/5696/5409 5469/5694/5113 4739/4964/5410
f 5468/5693/5517 5470/5695/5518 4738/4963/5512
f 4741/4966/4483 5470/5695/5518 4068/4293/5516
f 5473/5698/5519 5471/5696/5409 4739/4964/5410
f 5471/5696/5409 4740/4965/5412 5472/5697/5521
f 5478/5703/5508 5472/5697/5521 4740/4965/5412
f 5461/5686/5505 5472/5697/5521 4623/4848/5507
f 4747/4972/4374 5473/5698/5519 4621/4846/4482
f 5471/5696/5409 5473/5698/5519 4740/4965/5412
f 4743/4968/4484 4744/4969/4728 5474/5699/5420
f 4086/4311/4727 5474/5699/5420 4744/4969/4728
f 4944/5169/4469 5475/5700/5419 4086/4311/4727
f 5476/5701/4375 5475/5700/5419 4746/4971/5108
f 4436/4661/4376 5476/5701/4375 4746/4971/5108
f 4745/4970/4741 5476/5701/4375 4747/4972/4374
f 5054/5279/5509 5477/5702/5506 4748/4973/5411
f 5460/5685/5195 5477/5702/5506 4732/4957/5109
f 5472/5697/5521 5478/5703/5508 4623/4848/5507
f 4740/4965/5412 4748/4973/5411 5478/5703/5508
f 5472/5697/5521 5479/5704/5520 4622/4847/5114
f 5055/5280/4347 5479/5704/5520 4751/4976/4348
f 4752/4977/5413 5480/5705/5197 4753/4978/5423
f 5053/5278/5163 5480/5705/5197 4629/4854/4988
f 5169/5394/4547 5481/5706/5524 4115/4340/4116
f 4744/4969/4728 5481/5706/5524 4749/4974/4546
f 4724/4949/4732 5482/5707/5522 4742/4967/5417
f 4756/4981/4558 4624/4849/5500 5482/5707/5522
f 4759/4984/4486 5483/5708/4485 4758/4983/5526
f 5015/5240/4298 5483/5708/4485 4144/4369/4083
f 4144/4369/4083 5484/5709/4081 4199/4424/4080
f 4760/4985/4560 5484/5709/4081 4759/4984/4486
f 4916/5141/4206 5485/5710/4720 4096/4321/4334
f 4150/4375/4650 5485/5710/4720 4770/4995/4205
f 4551/4776/5532 5486/5711/5338 4776/5001/4294
f 5134/5359/4714 5486/5711/5338 4777/5002/5359
f 5487/5712/5528 4772/4997/5067 4075/4300/5042
f 5488/5713/5530 4412/4637/5529 4926/5151/4824
f 4925/5150/5065 5488/5713/5530 4926/5151/4824
f 4414/4639/5533 4778/5003/5068 5488/5713/5530
f 4776/5001/4294 5489/5714/5531 4551/4776/5532
f 4774/4999/4931 5489/5714/5531 4775/5000/4293
f 5491/5716/4922 5490/5715/4923 4104/4329/4323
f 4283/4508/4754 5490/5715/4923 4780/5005/4400
f 5491/5716/4922 4780/5005/4400 5490/5715/4923
f 4354/4579/4090 5491/5716/4922 4355/4580/4105
f 4781/5006/4794 5492/5717/5534 4782/5007/5094
f 4428/4653/5357 4783/5008/5096 5492/5717/5534
f 5358/5583/4377 5493/5718/4379 4582/4807/4933
f 5357/5582/5364 5493/5718/4379 4581/4806/4378
f 5385/5610/5098 5494/5719/5400 4786/5011/4945
f 5359/5584/4934 5494/5719/5400 4367/4592/5365
f 5508/5733/5535 5495/5720/5536 4787/5012/4946
f 5311/5536/5294 5495/5720/5536 4522/4747/5401
f 5006/5231/4534 5496/5721/4691 4083/4308/5490
f 5117/5342/4598 5496/5721/4691 4231/4456/4597
f 4795/5020/4530 5497/5722/4529 4114/4339/4689
f 4918/5143/4357 5497/5722/4529 4794/5019/4358
f 4797/5022/4819 5498/5723/5538 4798/5023/5093
f 4889/5114/4477 5498/5723/5538 4085/4310/4722
f 4799/5024/5231 4478/4703/5218 5499/5724/5084
f 5273/5498/5217 5499/5724/5084 4478/4703/5218
f 4799/5024/5231 4479/4704/5301 5500/5725/5539
f 4965/5190/5300 5500/5725/5539 4479/4704/5301
f 5520/5745/5408 5501/5726/4848 4800/5025/5540
f 4336/4561/5557 5525/5750/4288 5502/5727/4849
f 4336/4561/5557 5502/5727/4849 5501/5726/4848
f 4928/5153/4861 5502/5727/4849 4850/5075/4859
f 4841/5066/5253 5503/5728/4877 4327/4552/5249
f 5063/5288/5541 5503/5728/4877 4800/5025/5540
f 5504/5729/4676 4468/4693/5234 5612/5837/5437
f 5505/5730/5542 5504/5729/4676 4801/5026/4875
f 5504/5729/4676 5505/5730/5542 4802/5027/4677
f 5063/5288/5541 5505/5730/5542 4801/5026/4875
f 5506/5731/5544 4348/4573/5543 5546/5771/5577
f 4919/5144/4910 5506/5731/5544 4588/4813/5576
f 4826/5051/5203 5507/5732/4678 4803/5028/4909
f 5504/5729/4676 5507/5732/4678 4468/4693/5234
f 4059/4284/4280 5508/5733/5535 4787/5012/4946
f 5315/5540/5297 5508/5733/5535 4808/5033/5296
f 5057/5282/4987 5509/5734/5198 4812/5037/5180
f 5461/5686/5505 5509/5734/5198 4280/4505/4346
f 4814/5039/5178 5510/5735/5181 4463/4688/5547
f 5263/5488/5179 5510/5735/5181 4813/5038/5549
f 5512/5737/5550 4459/4684/4808 4968/5193/4809
f 4813/5038/5549 4814/5039/5178 5511/5736/5177
f 5600/5825/5589 5512/5737/5550 4968/5193/4809
f 5263/5488/5179 5512/5737/5550 4458/4683/5192
f 5019/5244/5183 5513/5738/5551 4815/5040/5184
f 4967/5192/4703 5513/5738/5551 4635/4860/5435
f 5468/5693/5517 5514/5739/4738 4816/5041/5515
f 5465/5690/5135 5514/5739/4738 4735/4960/5136
f 5515/5740/4737 4737/4962/4736 5516/5741/5514
f 4953/5178/4730 5515/5740/4737 4278/4503/5499
f 5616/5841/5583 4737/4962/4736 4951/5176/5470
f 4449/4674/4304 4979/5204/4756 5516/5741/5514
f 4337/4562/5239 5517/5742/5244 4839/5064/5237
f 4835/5060/5242 5517/5742/5244 4834/5059/5241
f 5519/5744/5553 5518/5743/5238 4839/5064/5237
f 5518/5743/5238 4343/4568/5578 5524/5749/4344
f 5519/5744/5553 4839/5064/5237 5517/5742/5244
f 4343/4568/5578 5519/5744/5553 5284/5509/4870
f 5501/5726/4848 5520/5745/5408 4336/4561/5557
f 5503/5728/4877 5520/5745/5408 4800/5025/5540
f 4882/5107/5556 5521/5746/5254 4843/5068/4287
f 5521/5746/5254 4077/4302/5560 4895/5120/4042
f 4841/5066/5253 4327/4552/5249 5522/5747/5558
f 4327/4552/5249 4845/5070/4862 5522/5747/5558
f 4846/5071/4864 5523/5748/5188 4485/4710/5189
f 4341/4566/5552 5523/5748/5188 4847/5072/5436
f 5518/5743/5238 5524/5749/4344 4848/5073/4343
f 4927/5152/4869 5524/5749/4344 4343/4568/5578
f 5502/5727/4849 5525/5750/4288 4850/5075/4859
f 4842/5067/4286 5525/5750/4288 4336/4561/5557
f 4880/5105/5442 5526/5751/5441 4639/4864/5233
f 5400/5625/5310 5526/5751/5441 4462/4687/5618
f 5529/5754/5569 5527/5752/5450 4874/5099/5371
f 4888/5113/5566 5527/5752/5450 4535/4760/5568
f 5031/5256/4902 5528/5753/5368 4586/4811/4903
f 5528/5753/5368 4366/4591/4941 5309/5534/4943
f 4874/5099/5371 4652/4877/5370 5529/5754/5569
f 4887/5112/4911 5529/5754/5569 4652/4877/5370
f 4873/5098/5320 5530/5755/5567 4888/5113/5566
f 4871/5096/5322 4872/5097/5372 5530/5755/5567
f 4896/5121/4043 5531/5756/5572 4342/4567/5571
f 4077/4302/5560 5531/5756/5572 4895/5120/4042
f 4612/4837/4034 5532/5757/4665 4153/4378/4679
f 4331/4556/4412 4221/4446/4035 5617/5842/4666
f 5533/5758/4345 4849/5074/5235 4947/5172/5403
f 4342/4567/5571 5533/5758/4345 4899/5124/5562
f 5528/5753/5368 5534/5759/5451 4586/4811/4903
f 5534/5759/5451 4874/5099/5371 5527/5752/5450
f 5124/5349/4138 5535/5760/5574 4904/5129/4491
f 4080/4305/4608 5535/5760/5574 4239/4464/4717
f 4909/5134/4488 5536/5761/5397 4116/4341/4489
f 5382/5607/4404 5536/5761/5397 4603/4828/5395
f 4094/4319/4840 5592/5817/4800 5537/5762/4799
f 4377/4602/4964 4910/5135/4796 5537/5762/4799
f 4423/4648/5044 4066/4291/5062 5538/5763/5012
f 4066/4291/5062 4912/5137/5013 5538/5763/5012
f 4219/4444/5502 5539/5764/4243 4762/4987/4242
f 4090/4315/5354 5539/5764/4243 4914/5139/4394
f 5233/5458/4590 5540/5765/5041 4405/4630/4591
f 4404/4629/4204 5540/5765/5041 4817/5042/5527
f 5541/5766/5489 4918/5143/4357 4648/4873/5003
f 5007/5232/5391 5541/5766/5489 4706/4931/5597
f 4347/4572/5373 4921/5146/4908 5542/5767/5565
f 4587/4812/4907 5542/5767/5565 4921/5146/4908
f 5544/5769/5380 4922/5147/4340 4588/4813/5576
f 5060/5285/4422 5543/5768/4341 4923/5148/5381
f 4922/5147/4340 5544/5769/5380 5543/5768/4341
f 5506/5731/5544 5544/5769/5380 4588/4813/5576
f 5061/5286/4312 5545/5770/4311 4346/4571/4342
f 4223/4448/5494 5545/5770/4311 4715/4940/4310
f 5506/5731/5544 5546/5771/5577 4923/5148/5381
f 5062/5287/4901 5546/5771/5577 4348/4573/5543
f 4160/4385/4380 5547/5772/4723 4438/4663/4025
f 5548/5773/5579 5547/5772/4723 4934/5159/4382
f 4430/4655/4669 5548/5773/5579 4934/5159/4382
f 5255/5480/5120 5548/5773/5579 4939/5164/4668
f 4493/4718/5261 4725/4950/4681 5549/5774/5262
f 4477/4702/5501 5549/5774/5262 4725/4950/4681
f 5560/5785/5461 4667/4892/5459 5420/5645/5385
f 5558/5783/5587 5551/5776/5155 4292/4517/5585
f 5582/5807/5001 5551/5776/5155 4960/5185/5344
f 4948/5173/4953 5551/5776/5155 4557/4782/5581
f 4950/5175/5141 5552/5777/5582 4951/5176/5470
f 4982/5207/5145 5552/5777/5582 4686/4911/5466
f 4534/4759/4906 5553/5778/4905 4902/5127/4912
f 4886/5111/5319 5553/5778/4905 4956/5181/4904
f 5557/5782/5002 5554/5779/5267 4959/5184/5000
f 5554/5779/5267 4389/4614/5487 5571/5796/5596
f 5221/5446/4519 5555/5780/5266 4531/4756/4999
f 5555/5780/5266 4500/4725/4518 5556/5781/5610
f 5587/5812/5496 5556/5781/5610 4500/4725/4518
f 4082/4307/5311 5556/5781/5610 5077/5302/5007
f 5554/5779/5267 5557/5782/5002 4389/4614/5487
f 5582/5807/5001 4959/5184/5000 5044/5269/5345
f 5551/5776/5155 5558/5783/5587 4960/5185/5344
f 5559/5784/4417 5558/5783/5587 4292/4517/5585
f 5560/5785/5461 5559/5784/4417 4292/4517/5585
f 4704/4929/4418 5559/5784/4417 4962/5187/5460
f 5550/5775/5154 5560/5785/5461 4292/4517/5585
f 4669/4894/5612 5560/5785/5461 5420/5645/5385
f 5560/5785/5461 5561/5786/4973 4962/5187/5460
f 5561/5786/4973 4669/4894/5612 5084/5309/4974
f 4251/4476/4712 5562/5787/4857 4333/4558/4588
f 4963/5188/4716 5562/5787/4857 4964/5189/4462
f 5194/5419/4959 5563/5788/4957 4985/5210/5393
f 5618/5843/5605 5563/5788/4957 4372/4597/5609
f 4988/5213/5116 5564/5789/5554 4641/4866/5555
f 4483/4708/5243 5564/5789/5554 4987/5212/4883
f 4944/5169/4469 5565/5790/5523 4746/4971/5108
f 5565/5790/5523 4435/4660/4468 5258/5483/5106
f 4998/5223/4772 5566/5791/4771 4993/5218/4419
f 4995/5220/5447 5566/5791/4771 4062/4287/4773
f 4997/5222/5005 5567/5792/4420 4390/4615/4998
f 5567/5792/4420 4994/5219/5595 5598/5823/5594
f 5598/5823/5594 4387/4612/4995 5219/5444/4570
f 4994/5219/5595 4996/5221/4480 5568/5793/4479
f 5001/5226/4609 5569/5794/4481 4996/5221/4480
f 4720/4945/4512 5569/5794/4481 4125/4350/4513
f 4704/4929/4418 5570/5795/5586 4961/5186/4416
f 5571/5796/5596 5570/5795/5586 4999/5224/5486
f 4998/5223/4772 5571/5796/5596 4999/5224/5486
f 5554/5779/5267 5571/5796/5596 5000/5225/5312
f 4239/4464/4717 5572/5797/5497 5001/5226/4609
f 5187/5412/4659 5572/5797/5497 4722/4947/4706
f 4905/5130/4707 5573/5798/5537 4795/5020/4530
f 4997/5222/5005 5573/5798/5537 4080/4305/4608
f 5574/5799/4879 4643/4868/5124 5404/5629/4880
f 4644/4869/5588 5574/5799/4879 5003/5228/5171
f 5575/5800/4619 4718/4943/5495 5451/5676/4618
f 5007/5232/5391 5575/5800/4619 5006/5231/4534
f 5353/5578/4992 5576/5801/4553 4383/4608/5363
f 5576/5801/4553 4363/4588/5361 5345/5570/4329
f 5412/5637/4439 5577/5802/4441 4103/4328/4493
f 5577/5802/4441 4655/4880/4440 4809/5034/5455
f 5029/5254/4899 5578/5803/4898 4587/4812/4907
f 4586/4811/4903 5578/5803/4898 5030/5255/4900
f 4585/4810/5290 5579/5804/5580 4941/5166/5369
f 5030/5255/4900 5579/5804/5580 5031/5256/4902
f 4107/4332/4366 5580/5805/4365 4718/4943/5495
f 4240/4465/4268 5580/5805/4365 5033/5258/4364
f 5042/5267/4265 4344/4569/5492 5581/5806/4266
f 5061/5286/4312 5581/5806/4266 4344/4569/5492
f 5551/5776/5155 5582/5807/5001 4557/4782/5581
f 5557/5782/5002 5582/5807/5001 4960/5185/5344
f 5057/5282/4987 5583/5808/5175 4629/4854/4988
f 5583/5808/5175 4464/4689/5548 5262/5487/5176
f 4973/5198/4806 5584/5809/5258 4490/4715/5591
f 4492/4717/5172 5584/5809/5258 4974/5199/5256
f 5591/5816/5584 5585/5810/5202 4445/4670/5201
f 4118/4343/4436 5585/5810/5202 4958/5183/4578
f 5076/5301/5006 5586/5811/4567 4391/4616/5405
f 4127/4352/4429 5586/5811/4567 5077/5302/5007
f 4127/4352/4429 5587/5812/5496 4719/4944/4658
f 5556/5781/5610 5587/5812/5496 5077/5302/5007
f 4679/4904/4769 5588/5813/5458 4675/4900/5150
f 4668/4893/5386 5588/5813/5458 5082/5307/4768
f 5589/5814/4805 4308/4533/4744 4972/5197/4351
f 5085/5310/4697 5589/5814/4805 4490/4715/5591
f 5127/5352/4640 5590/5815/4639 4112/4337/4662
f 4203/4428/4240 5590/5815/4639 4246/4471/4235
f 5412/5637/4439 5591/5816/5584 4445/4670/5201
f 4156/4381/4577 5591/5816/5584 5162/5387/4494
f 5195/5420/4509 5592/5817/4800 5190/5415/4232
f 5592/5817/4800 4373/4598/4962 5212/5437/4798
f 4378/4603/4980 5593/5818/4807 5202/5427/4747
f 5441/5666/5162 5593/5818/4807 4700/4925/4982
f 5204/5429/4745 5594/5819/5166 5203/5428/4976
f 5213/5438/4801 5594/5819/5166 4380/4605/5613
f 5594/5819/5166 5595/5820/5165 4380/4605/5613
f 4308/4533/4744 5595/5820/5165 5204/5429/4745
f 5441/5666/5162 5596/5821/5164 4454/4679/4802
f 4309/4534/5167 5596/5821/5164 5053/5278/5163
f 4383/4608/5363 5597/5822/4991 4580/4805/4632
f 4382/4607/4463 5597/5822/4991 5217/5442/4930
f 5567/5792/4420 5598/5823/5594 4388/4613/4421
f 5568/5793/4479 5598/5823/5594 4994/5219/5595
f 4821/5046/5071 5599/5824/5075 4415/4640/5070
f 5599/5824/5075 4560/4785/5074 5344/5569/4837
f 5512/5737/5550 5600/5825/5589 4458/4683/5192
f 4442/4667/5170 5600/5825/5589 4968/5193/4809
f 5601/5826/5079 4393/4618/5092 5265/5490/5082
f 4417/4642/5388 5601/5826/5079 5264/5489/5078
f 4532/4757/5270 5602/5827/5314 5025/5250/5313
f 4397/4622/5602 5602/5827/5314 5269/5494/5214
f 5280/5505/4307 5603/5828/5215 4476/4701/4682
f 5269/5494/5214 5603/5828/5215 5267/5492/5223
f 5315/5540/5297 5604/5829/4778 4522/4747/5401
f 5313/5538/4313 5604/5829/4778 4523/4748/5298
f 4304/4529/4314 5605/5830/5452 5300/5525/5090
f 4653/4878/4781 5605/5830/5452 5314/5539/5283
f 4541/4766/5046 5606/5831/5329 5332/5557/5047
f 5328/5553/4827 5606/5831/5329 5327/5552/5330
f 4108/4333/4715 5607/5832/5362 4580/4805/4632
f 5353/5578/4992 5607/5832/5362 5355/5580/4461
f 4940/5165/4674 5608/5833/5100 4938/5163/4897
f 4431/4656/5121 5608/5833/5100 5387/5612/4673
f 4638/4863/5251 5609/5834/5443 5394/5619/4852
f 4640/4865/5222 5609/5834/5443 4881/5106/5570
f 5610/5835/5617 4636/4861/5207 5613/5838/5206
f 5611/5836/5250 5610/5835/5617 4462/4687/5618
f 5610/5835/5617 5611/5836/5250 5395/5620/5252
f 5611/5836/5250 4462/4687/5618 5526/5751/5441
f 5504/5729/4676 5612/5837/5437 4804/5029/4876
f 4468/4693/5234 5399/5624/5309 5612/5837/5437
f 4637/4862/5438 5613/5838/5206 4853/5078/5439
f 5610/5835/5617 5613/5838/5206 5401/5626/5308
f 5516/5741/5514 5614/5839/5513 4278/4503/5499
f 4448/4673/5592 5614/5839/5513 4979/5204/4756
f 5453/5678/4295 5615/5840/4739 5454/5679/4296
f 4983/5208/4740 5615/5840/4739 4448/4673/5592
f 4737/4962/4736 5616/5841/5583 5516/5741/5514
f 5552/5777/5582 5616/5841/5583 4951/5176/5470
f 4898/5123/4041 5617/5842/4666 4123/4348/4039
f 4331/4556/4412 5617/5842/4666 5532/5757/4665
f 5075/5300/4458 5618/5843/5605 4372/4597/5609
f 4107/4332/4366 5618/5843/5605 5034/5259/4457
