# This file uses centimeters as units for non-parametric coordinates.

v -14.802593 -78.624825 0.608644
v -13.433568 -79.022766 1.828748
v -11.659328 -79.352158 2.400843
v -9.877150 -79.611465 2.432522
v -8.293222 -79.750984 1.827377
v -6.792870 -79.830765 1.084263
v -5.445823 -79.858742 0.167324
v -4.579978 -79.796951 -1.220586
v -4.561637 -78.694977 -1.157744
v -4.536634 -77.637321 -1.031844
v -4.523435 -76.615776 -0.925542
v -4.513588 -75.596611 -0.836088
v -4.492725 -74.619804 -0.725154
v -4.406253 -73.671928 -0.617239
v -4.307873 -72.735527 -0.455532
v -4.254833 -71.810066 -0.211758
v -4.156379 -70.879593 0.068816
v -4.031710 -69.949486 0.356688
v -3.896542 -69.013008 0.691948
v -3.699612 -68.073120 1.049001
v -3.476002 -67.091774 1.372429
v -3.264782 -66.067970 1.654045
v -3.087703 -65.006660 1.931023
v -3.070133 -63.892975 2.143587
v -2.841475 -62.815956 2.472015
v -2.755892 -61.686916 2.721290
v -2.647430 -60.544350 2.965346
v -2.513586 -59.388630 3.200168
v -2.410168 -58.213264 3.416241
v -2.311144 -57.035042 3.640155
v -2.241239 -55.850899 3.843551
v -2.075141 -54.674244 4.057921
v -1.939418 -53.484497 4.252262
v -1.828548 -52.286522 4.409710
v -1.690724 -51.077888 4.540782
v -1.448965 -49.870163 4.686610
v -1.211179 -48.647297 4.805602
v -0.972332 -47.414967 4.895389
v -0.689798 -46.187458 4.970235
v -0.477090 -44.940811 5.009661
v -0.370618 -43.680321 5.033906
v -0.292685 -42.428814 5.038189
v -0.148624 -41.190853 5.041489
v -0.185342 -39.974659 4.962956
v -0.243426 -38.914711 4.852985
v -0.280816 -38.087849 4.745120
v -0.078401 -38.081154 6.219535
v 0.125956 -37.592587 7.646149
v 0.031016 -37.210014 9.073203
v 0.009137 -36.919865 10.459918
v 0.000942 -36.322102 11.623335
v -0.028751 -35.412243 12.366696
v -0.020071 -34.381409 12.746655
v -0.040441 -33.308060 12.921946
v -0.042808 -32.193077 13.011315
v -0.047363 -31.035797 13.114827
v -0.056331 -29.875605 13.391366
v -0.073265 -28.795038 13.983821
v -0.088430 -27.672985 14.546293
v -0.098050 -26.490118 15.037965
v -0.122293 -25.286081 15.497766
v -0.103760 -24.040071 15.853276
v -0.105626 -22.791899 16.195133
v -0.108148 -21.530392 16.484295
v -0.126470 -20.258455 16.733587
v -0.139375 -18.976181 16.933134
v -0.145331 -17.681257 16.997522
v -0.146896 -16.387741 16.973667
v -0.152482 -15.107767 16.831408
v -0.160451 -13.833278 16.698380
v -0.167041 -12.579649 16.480053
v -0.178775 -11.335233 16.221876
v -0.192450 -10.098033 15.985875
v -0.205573 -8.858551 15.826099
v -0.207710 -7.609923 15.801050
v -0.208977 -6.399940 16.102257
v -1.343766 -6.479962 15.596345
v -2.590848 -6.515429 15.471224
v -3.789053 -6.512922 15.169770
v -4.967836 -6.487699 14.724698
v -6.096653 -6.429336 14.151595
v -7.135810 -6.373484 13.393029
v -8.141785 -6.299168 12.565918
v -9.110316 -6.218048 11.651903
v -10.077837 -6.137037 10.698717
v -11.072218 -6.056988 9.738165
v -12.054212 -6.011629 8.677359
v -13.015288 -6.019164 7.496753
v -13.246849 -7.014591 7.548534
v -13.437701 -8.071626 7.587827
v -13.607132 -9.161832 7.620832
v -13.782690 -10.261752 7.618724
v -14.034335 -11.360192 7.606038
v -14.350881 -12.436767 7.583694
v -14.677168 -13.508132 7.537142
v -15.092155 -14.538318 7.522573
v -15.455267 -15.584325 7.464942
v -15.817060 -16.636818 7.407934
v -16.148590 -17.697290 7.321418
v -16.452553 -18.765493 7.236316
v -16.725494 -19.847530 7.145673
v -17.003073 -20.934011 7.032113
v -17.221107 -22.036013 6.909980
v -17.431753 -23.137560 6.800171
v -17.643028 -24.245237 6.712132
v -17.841703 -25.360003 6.619121
v -18.066145 -26.502380 6.598083
v -18.291784 -27.672773 6.591006
v -18.399778 -28.888788 6.541090
v -18.407042 -30.114220 6.543633
v -18.459238 -31.329374 6.502809
v -18.497414 -32.552391 6.488447
v -18.519922 -33.782753 6.499702
v -18.511539 -35.023739 6.525597
v -18.397337 -36.271992 6.519722
v -18.278391 -37.519279 6.538953
v -18.145645 -38.769196 6.555561
v -17.980314 -40.019524 6.560968
v -17.794476 -41.267227 6.559660
v -17.586649 -42.507313 6.544794
v -17.356792 -43.741253 6.505621
v -17.153856 -44.976379 6.449389
v -16.919996 -46.203678 6.367803
v -16.678967 -47.417793 6.254048
v -16.433500 -48.624969 6.117277
v -16.190182 -49.820202 5.970167
v -15.964746 -51.012100 5.806540
v -15.757552 -52.199249 5.643379
v -15.565784 -53.380341 5.468663
v -15.367573 -54.546440 5.280903
v -15.196352 -55.711693 5.110171
v -15.001266 -56.852715 4.939538
v -14.850528 -57.987511 4.785989
v -14.712212 -59.106651 4.629399
v -14.542644 -60.209469 4.450716
v -14.394802 -61.302246 4.282696
v -14.225344 -62.371185 4.076694
v -14.051647 -63.403465 3.830054
v -13.906954 -64.414726 3.573563
v -13.858319 -65.419693 3.342718
v -13.813575 -66.405678 3.109657
v -13.822589 -67.380203 2.850368
v -13.850197 -68.331207 2.554963
v -13.937090 -69.254089 2.243178
v -14.114586 -70.167686 1.962627
v -14.150627 -71.074120 1.640051
v -14.226121 -71.943550 1.419246
v -14.367096 -72.812447 1.335472
v -14.488842 -73.696991 1.260017
v -14.609331 -74.638084 1.141849
v -14.702230 -75.584602 0.994403
v -14.777366 -76.567520 0.860244
v -14.810631 -77.611916 0.741537
v -8.410379 -42.230179 12.802130
v -8.331195 -50.898823 11.077632
v -10.969181 -34.445683 13.001928
v -8.034862 -64.934639 7.050349
v -8.477148 -69.932114 4.580000
v -8.142626 -58.027473 8.864154
v -9.081741 -17.883455 13.927691
v -9.986973 -11.627825 12.273898
v -9.878873 -26.210129 12.153252
v -5.492355 -11.321880 15.232810
v -9.040033 -75.121048 2.879800
v -14.026086 -42.763226 11.233795
v -3.889699 -45.456577 10.364580
v -2.996452 -40.452938 11.035269
v -12.945024 -47.734818 10.919623
v -6.685242 -30.928793 12.843898
v -13.762772 -30.385485 11.516637
v -6.000791 -36.308071 12.864357
v -4.888319 -54.423939 8.631125
v -11.862041 -54.939224 9.254428
v -12.564270 -20.816774 11.344996
v -6.329957 -21.959137 14.709089
v -15.466245 -35.253799 10.602621
v -5.359191 -61.618294 6.656322
v -10.855894 -61.805431 7.550673
v -4.909544 -16.830877 16.180059
v -12.081001 -15.511264 11.210975
v -3.741590 -49.366085 9.004640
v -10.874715 -67.253876 5.808868
v -6.072688 -67.137329 4.759133
v -6.765698 -71.883331 2.894769
v -12.120318 -58.456356 7.843996
v -4.489809 -58.012989 6.982460
v -14.524609 -25.953571 10.145276
v -5.095371 -27.039368 13.575163
v -13.268900 -51.434601 9.411596
v -15.506799 -39.052715 10.360426
v -10.732377 -72.532654 3.333377
v -4.701651 -33.285633 12.971363
v -10.656618 -8.881611 10.853163
v -12.334972 -12.245130 10.179177
v -7.743749 -9.303991 13.501122
v -15.164691 -45.421024 9.571609
v -1.577533 -42.993637 8.867231
v -3.072773 -9.209664 15.669950
v -7.021697 -77.457054 1.682313
v -11.597056 -70.051254 4.131875
v -2.644322 -37.700848 11.251872
v -0.830819 -39.507389 8.862383
v -13.919588 -18.525293 10.112735
v -14.695168 -22.759892 9.741800
v -4.706561 -63.751339 4.947541
v -11.937033 -64.076584 6.299277
v -3.727555 -19.556593 16.336948
v -3.372148 -14.320324 16.363424
v -3.069859 -51.878551 7.593318
v -3.868887 -24.621540 14.829561
v -11.806144 -77.126633 2.687960
v -2.116078 -46.849052 7.998013
v -14.802188 -49.125252 8.820634
v -16.598381 -31.681137 9.522519
v -5.648091 -68.923660 3.131037
v -6.220982 -73.630692 1.894836
v -16.225092 -28.144970 9.417964
v -2.867453 -11.802019 16.086027
v -6.353962 -75.455544 1.594350
v -11.933813 -74.285378 3.053883
v -16.207672 -41.696712 9.295830
v -3.595119 -29.481096 13.206032
v -3.329345 -55.526806 6.512962
v -5.555290 -8.835528 14.794922
v -3.079648 -35.372265 12.630669
v -13.689711 -56.249973 7.529833
v -14.084408 -53.907547 7.943822
v -3.241931 -22.137173 15.807814
v -14.990323 -20.581093 9.433064
v -3.741559 -60.265259 5.296205
v -13.000522 -60.797970 6.537163
v -12.304618 -10.070923 9.544122
v -17.018604 -36.676472 8.877245
v -17.062918 -34.186657 8.852816
v -14.001255 -16.351116 9.557459
v -13.386500 -14.265965 9.549890
v -4.596102 -65.795616 3.617918
v -2.161730 -49.350277 7.021673
v -12.482467 -66.126114 5.091073
v -12.448547 -68.161430 4.493325
v -5.277405 -70.747658 1.937396
v -16.073486 -24.819632 8.775948
v -12.074922 -8.093542 9.250348
v -2.503577 -16.980125 16.793638
v -12.545362 -71.697449 3.063518
v -2.764645 -31.859074 12.994658
v -14.945499 -51.568333 7.750415
v -2.568564 -27.123522 14.404248
v -17.019472 -39.234299 8.543046
v -0.510416 -41.793171 7.397758
v -0.913537 -44.340683 7.265133
v -13.728949 -58.550507 6.454710
v -3.161787 -57.853031 5.343337
v -8.721432 -7.920170 12.384802
v -16.390648 -44.274723 8.387709
v -15.948872 -46.754143 8.212324
v -1.286226 -37.889885 9.835238
v -5.889006 -78.449547 0.685952
v -8.804316 -78.336769 2.248867
v -13.028170 -62.962570 5.486651
v -2.556114 -53.026062 6.140692
v -1.828195 -8.141370 15.732943
v 0.064180 -39.245060 7.120128
v -3.728229 -62.477718 4.171361
v -17.292490 -30.590902 8.249840
v -4.655692 -67.771858 2.565536
v -5.154291 -72.581062 1.177625
v -13.226485 -76.165535 2.263768
v -16.924908 -27.047558 8.259412
v -1.843340 -13.143131 16.481802
v -13.042679 -73.375824 2.504707
v -2.147761 -34.069893 12.844386
v -1.834874 -36.146114 12.069998
v -1.774848 -10.640554 16.027714
v -5.351320 -74.416840 0.893133
v -5.497221 -76.330742 0.724679
v -4.407481 -7.930092 15.196016
v -6.702859 -7.819180 13.995856
v -2.036484 -20.903463 16.435257
v -2.083879 -23.430807 15.753657
v -14.531686 -55.093449 6.751389
v -10.615432 -7.424903 10.489848
v -13.368569 -12.063771 8.870755
v -15.279011 -18.358072 8.719520
v -16.157032 -22.654255 8.321541
v -9.142452 -76.705521 2.640477
v -17.594555 -35.506981 7.996936
v -17.591112 -33.033459 7.978955
v -14.382498 -15.199524 8.818210
v -12.996894 -69.906464 3.225751
v -3.876433 -64.637589 3.294788
v -1.496286 -48.098747 6.421805
v -1.941617 -30.595985 13.120721
v -0.032487 -40.576584 6.802855
v -2.030351 -50.553795 6.124264
v -12.946958 -67.064331 4.188359
v -13.005455 -65.035156 4.699834
v -4.722059 -69.681664 1.679519
v -1.684457 -15.714890 16.791433
v -1.770219 -18.314791 16.863441
v -0.529911 -38.313015 8.446859
v -6.846375 -14.171242 15.037633
v -1.841747 -25.915112 15.008700
v -1.859852 -28.282879 14.012609
v -0.458796 -43.082344 6.684125
v -0.928535 -45.596664 6.542192
v -1.293247 -36.940739 11.107924
v -10.987216 -23.475420 11.970525
v -15.028331 -52.760509 6.914964
v -15.450881 -50.384098 7.263007
v -15.673701 -29.979080 10.096814
v -13.769940 -28.395716 11.123190
v -9.710287 -29.074688 12.389071
v -1.810219 -32.920330 12.954310
v -4.292871 -30.911509 12.987816
v -12.206753 -78.227402 2.532944
v -17.212149 -40.542938 7.931883
v -17.492970 -38.027599 7.907005
v -2.749277 -56.600185 5.058030
v -2.999350 -58.968998 4.573160
v -10.981188 -75.846344 2.871417
v -12.797535 -8.844091 8.616810
v -13.860492 -59.664848 5.724461
v -14.238286 -57.404743 6.110373
v -16.446375 -45.541283 7.760935
v -16.842930 -43.047520 7.866698
v -15.948483 -47.982254 7.522717
v -9.285751 -9.633759 12.325541
v -8.247679 -11.252850 13.613420
v -8.898072 -13.403192 13.574634
v -7.300912 -78.813759 1.627328
v -13.529544 -61.873856 5.307752
v -12.445672 -62.068577 6.638799
v -2.465328 -54.205421 5.472140
v -3.280571 -54.141323 7.033138
v -3.301798 -61.284771 4.032180
v -4.207099 -61.667068 5.413284
v -3.825262 -26.034266 14.351546
v -6.655495 -25.252270 13.479470
v -3.888853 -28.080412 13.550741
v -6.768699 -28.620071 12.835846
v -3.952475 -58.987823 5.940787
v -5.645151 -59.743660 7.341847
v -7.958144 -61.275047 8.000217
v -17.490694 -29.424171 7.802158
v -4.168908 -66.709496 2.540828
v -4.765935 -71.595238 1.092501
v -13.632670 -77.139595 1.838056
v -13.529807 -75.208542 2.058521
v -1.435606 -11.907183 16.281429
v -1.411374 -9.420128 15.861340
v -1.660704 -24.684002 15.466183
v -1.696346 -29.392544 13.452836
v -1.816445 -45.428352 8.184864
v -16.537891 -37.985653 9.471440
v -14.858703 -37.129139 11.079663
v -11.631132 -39.392807 12.750644
v -13.381531 -35.471695 12.285251
v -13.286389 -32.823265 12.168537
v -11.119100 -36.890514 13.042796
v -8.289732 -38.572044 13.160141
v -3.660150 -56.879551 6.400977
v -5.132618 -56.398773 8.173711
v -7.741427 -55.433884 9.691803
v -12.890293 -59.543446 7.105358
v -10.862473 -59.990601 7.990965
v -15.893316 -43.111622 9.351274
v -15.054646 -47.751812 9.009112
v -5.127151 -75.309959 0.558958
v -17.029451 -25.913887 7.866267
v -13.294849 -72.471413 2.299921
v -4.893954 -73.458023 0.652563
v -5.258493 -77.278534 0.365670
v -5.569620 -7.566499 14.590166
v -3.175293 -7.636199 15.469053
v -7.704257 -7.431911 13.126273
v -11.574613 -7.052521 9.499412
v -9.646782 -7.248756 11.348386
v -1.585637 -19.615303 16.719040
v -13.252571 -57.513481 7.437209
v -11.541903 -56.767742 8.693144
v -1.577654 -22.170807 16.175703
v -16.587770 -23.727848 7.939224
v -16.188917 -21.559978 8.150806
v -13.235717 -70.747993 2.708480
v -13.168385 -68.993851 3.441969
v -3.565942 -63.523487 3.410482
v -2.154804 -51.767143 5.757246
v -1.455876 -14.436556 16.667200
v -1.099758 -46.855801 6.322607
v -8.653411 -15.660340 14.078815
v -5.156999 -67.120316 3.588766
v -6.019334 -68.111092 4.009781
v -7.874471 -68.357353 5.359890
v -6.874382 -69.353661 4.309699
v -7.213037 -70.576797 3.472129
v -9.375733 -71.341248 3.940889
v -3.695956 -36.770664 12.226771
v -4.499046 -38.810108 12.130523
v -5.663102 -41.106987 12.373720
v -15.738528 -19.405376 8.353132
v -15.189961 -17.277275 8.500089
v -17.713705 -31.837194 7.736211
v -13.225685 -63.984451 4.754942
v -4.493971 -68.691406 1.856304
v -14.891031 -53.937927 6.564845
v -10.572270 -78.586098 2.553596
v -16.317318 -40.292919 9.398091
v -14.714511 -40.959877 10.843423
v -12.665211 -41.227375 12.231131
v -11.105262 -43.667076 12.365177
v -7.619319 -45.466976 12.096934
v -14.504811 -56.261097 6.179590
v -17.116865 -41.810909 7.781797
v -15.758137 -49.187317 7.262776
v -10.909868 -13.656843 11.931976
v -2.559796 -55.396969 5.165895
v -13.533298 -74.248123 2.097921
v -1.457121 -35.038269 12.597159
v -3.367760 -15.739379 16.533918
v -5.188646 -14.980087 15.902939
v -5.000294 -13.130149 15.731761
v -6.843495 -15.958504 15.270988
v -6.863196 -18.003986 15.344801
v -8.072409 -20.054987 14.325056
v -3.540942 -18.138172 16.561724
v -5.251802 -18.662125 15.987221
v -5.669897 -20.387175 15.498445
v -14.121991 -52.602394 8.315102
v -12.590269 -53.375103 9.287145
v -9.647173 -53.242096 10.320708
v -10.122957 -68.993416 5.266357
v -4.328279 -34.514427 12.899789
v -7.345903 -34.667862 13.115395
v -14.525826 -50.437935 8.661158
v -13.012478 -49.624767 10.252610
v -10.257215 -48.972599 11.386662
v -6.816011 -48.242649 11.244834
v -11.103589 -50.964966 10.739178
v -10.396670 -46.508759 11.963211
v -5.770407 -32.170696 12.947271
v -9.046049 -32.545155 12.983681
v -16.006187 -26.158575 9.161077
v -15.203679 -27.094168 9.913013
v -13.240668 -26.906248 11.136728
v -12.075479 -25.266825 11.282804
v -11.323679 -27.887936 11.864971
v -7.692269 -66.651405 6.170248
v -5.908093 -65.406319 5.529808
v -16.029802 -20.475641 8.199089
v -13.817979 -60.775368 5.391219
v -10.757004 -65.606125 6.558889
v -9.976616 -64.015244 7.453972
v -7.925223 -63.122841 7.610815
v -6.184795 -63.894730 6.638148
v -13.796433 -38.684029 12.010807
v -1.596517 -41.282074 9.434828
v -2.988451 -42.295395 10.695164
v -2.391986 -48.193813 7.878452
v -3.803833 -47.473381 9.667936
v -5.033209 -62.791042 5.954129
v -5.784160 -43.539604 12.046331
v -9.151943 -21.961382 13.265106
v -6.715148 -52.829548 10.057860
v -3.051195 -60.112099 4.132884
v -14.941675 -16.214298 8.454067
v -14.261413 -14.123756 8.505604
v -13.560376 -13.203620 9.039254
v -12.659664 -13.381952 10.125360
v -12.405741 -14.455924 10.654851
v -13.237627 -15.372900 10.062505
v -11.697495 -13.012700 11.029673
v -11.206345 -11.629571 11.135878
v -10.518609 -10.342737 11.420141
v -2.775289 -50.531475 7.604627
v -4.267391 -51.078167 9.033786
v -5.680280 -49.925117 10.475940
v -4.476198 -52.749378 8.690466
v -5.740599 -69.937126 2.705631
v -5.780246 -71.981071 1.952145
v -6.633964 -72.839401 2.519663
v -8.605769 -72.626953 3.264260
v -8.210564 -73.839935 2.861839
v -12.137687 -72.756340 3.131504
v -11.064750 -73.469994 3.224074
v -10.165888 -74.355354 3.160421
v -12.421773 -6.935944 8.500692
v -9.931531 -55.726158 9.511813
v -10.410063 -41.090767 12.939693
v -10.575431 -19.549891 12.771228
v -11.441357 -17.518751 12.104463
v -8.375804 -40.404469 13.016149
v -13.945719 -24.318117 10.258157
v -2.799013 -46.140858 9.296603
v -13.916694 -48.364376 9.851449
v -14.102165 -47.019176 10.100755
v -12.684225 -45.774570 11.578993
v -9.999557 -77.613159 2.693228
v -8.945797 -27.580599 12.422789
v -6.617617 -39.589714 12.931040
v -6.482413 -37.926437 12.953689
v -7.981041 -36.856030 13.191150
v -10.244535 -58.138634 8.775290
v -9.124168 -59.393272 8.467212
v -7.214426 -59.356594 8.379799
v -6.213332 -57.845749 8.286275
v -17.765280 -36.796837 7.617598
v -17.861885 -34.302990 7.585720
v -4.844173 -64.868729 4.447947
v -9.577320 -8.460732 11.741039
v -12.042032 -65.226776 5.911839
v -2.882024 -43.950275 10.124949
v -6.153689 -62.687843 6.962536
v -6.556967 -61.605324 7.586251
v -6.819402 -60.460709 7.949670
v -2.071074 -39.158184 10.418710
v -15.121089 -42.227272 10.265611
v -6.621024 -12.516111 14.895906
v -11.442386 -14.612774 11.596167
v -10.442491 -15.935440 12.713901
v -10.280223 -14.680470 12.649570
v -3.795288 -65.649818 2.638347
v -8.395703 -23.778576 13.152080
v -16.719448 -35.412769 9.434403
v -11.352705 -62.979919 6.966869
v -10.053052 -62.811531 7.729851
v -9.403255 -61.686947 8.081395
v -9.049781 -60.548122 8.224768
v -10.286184 -60.913460 8.069937
v -11.475516 -60.863098 7.458052
v -16.668583 -29.649988 9.035277
v -15.401623 -33.294231 10.582019
v -6.739405 -33.379662 13.020376
v -8.828091 -33.890244 13.127629
v -9.452694 -35.563087 13.274881
v -11.997694 -29.320730 11.960060
v -11.257099 -31.160719 12.488413
v -0.717686 -40.739498 8.310077
v -5.404501 -46.743454 11.115522
v -9.521444 -73.508781 3.359895
v -7.823878 -26.386383 12.817760
v -8.609969 -25.173298 12.714833
v -10.347340 -25.096836 12.021618
v -6.924845 -11.064211 14.466214
v -6.104245 -10.036475 14.723729
v -4.527748 -10.123021 15.427265
v -6.069939 -23.663879 14.255856
v -11.977294 -70.888451 3.583491
v -10.988810 -71.651062 3.646344
v -10.493122 -70.720360 4.115942
v -10.278924 -69.907654 4.730490
v -6.582111 -19.296032 15.288269
v -8.007848 -18.780348 14.555277
v -9.231334 -19.312933 13.709829
v -9.557604 -20.644569 13.325312
v -10.968545 -21.509512 12.322912
v -12.665398 -22.431860 11.153884
v -11.922798 -59.990364 7.461612
v -5.549212 -45.155518 11.620461
v -1.557067 -49.324177 5.832508
v -16.701820 -32.956146 9.411919
v -13.701990 -78.085190 1.686251
v -12.312703 -75.500816 2.856972
v -11.146444 -75.002098 2.969434
v -1.834825 -44.218998 8.668222
v -15.976205 -36.852386 10.046365
v -15.404154 -23.766937 9.308373
v -6.751956 -56.527512 8.936563
v -6.189487 -55.221527 9.120845
v -7.045448 -54.171272 9.768438
v -8.678147 -54.324074 10.077503
v -10.276182 -54.450363 9.858128
v -11.188275 -53.440376 10.051533
v -12.057280 -52.213898 10.144749
v -8.378118 -56.697338 9.267044
v -8.114142 -53.180443 10.441989
v -8.991523 -52.098392 10.761768
v -10.515599 -52.196037 10.490721
v -7.489424 -51.838524 10.565376
v -5.745791 -51.525562 10.073259
v -6.883400 -50.683777 10.669573
v -7.756477 -49.499817 11.213294
v -8.634093 -48.234032 11.756614
v -7.633089 -46.956230 11.784122
v -5.743667 -53.626408 9.429664
v -9.729391 -51.145840 10.903735
v -9.338558 -49.964115 11.297730
v -5.486411 -52.561356 9.662102
v -13.255018 -66.009079 4.085815
v -13.274179 -67.999420 3.558263
v -17.002651 -24.805679 7.635145
v -3.879636 -23.353792 15.277362
v -4.820151 -22.353746 15.221910
v -4.383039 -21.193249 15.776331
v -4.574468 -60.023705 6.431018
v -12.024842 -69.164040 4.421402
v -11.285507 -68.478012 5.178214
v -9.905597 -13.627462 12.788513
v -9.531723 -12.572498 12.893071
v -10.520907 -12.608098 12.073023
v -8.548487 -12.335778 13.623117
v -7.677556 -13.217227 14.363289
v -8.151278 -14.443760 14.242635
v -7.568366 -12.054109 14.230777
v -9.113464 -11.549343 13.002728
v -9.569601 -10.647158 12.369968
v -8.742467 -10.407676 13.015426
v -7.862133 -10.316441 13.672664
v -7.052987 -9.942842 14.166292
v -6.585176 -9.008335 14.300202
v -7.092457 -27.457792 12.889565
v -4.389766 -44.161568 11.121793
v -4.458821 -42.778526 11.449388
v -4.183086 -41.471344 11.569951
v -4.626206 -40.166031 12.011115
v -9.245514 -14.469826 13.461777
v -5.717200 -42.328735 12.224390
v -7.057991 -41.602802 12.696433
v -7.057983 -42.850521 12.495674
v -8.669287 -43.965691 12.586903
v -7.147212 -44.069321 12.287127
v -4.469047 -70.594604 1.080442
v -11.372259 -9.744555 10.418727
v -11.725891 -10.800480 10.390111
v -12.608770 -11.217511 9.528797
v -13.100303 -10.438865 8.682767
v -6.207098 -70.806587 2.813652
v -11.189205 -15.454528 12.007011
v -11.667866 -16.479309 11.756918
v -12.959687 -17.347837 10.780495
v -12.435493 -18.564930 11.379812
v -13.297682 -19.668234 10.786471
v -12.689275 -16.368431 10.847454
v -11.950967 -19.786293 11.827831
v -11.029490 -20.496181 12.383308
v -10.629193 -49.984428 11.072290
v -11.772948 -49.148067 11.058032
v -11.278167 -47.837166 11.483863
v -14.550146 -19.524742 9.713744
v -11.995681 -50.204865 10.758712
v -12.904281 -50.597984 10.004903
v -1.201161 -17.020582 16.933165
v -13.431076 -71.578247 2.196502
v -9.576603 -37.568794 13.285778
v -9.955405 -39.018566 13.285396
v -11.119136 -38.177868 12.972054
v -12.645604 -37.567753 12.495085
v -12.374775 -36.307674 12.625995
v -11.048202 -35.646992 13.061164
v -13.803194 -36.683331 12.084522
v -14.569842 -35.896400 11.395561
v -14.290663 -34.575413 11.604005
v -12.633320 -34.090878 12.451000
v -11.241421 -32.812542 12.803833
v -12.092968 -35.131409 12.688988
v -2.728198 -45.023548 9.604755
v -9.465359 -45.305099 12.446786
v -11.163606 -45.217953 12.053155
v -12.580643 -44.333736 11.842474
v -13.963782 -44.849625 10.798198
v -12.551195 -42.959911 12.063723
v -11.177347 -42.277058 12.557073
v -9.834914 -43.013577 12.826056
v -15.048159 -44.127636 9.972021
v -4.099125 -55.037998 7.621458
v -4.166175 -56.127579 7.284075
v -4.598968 -57.075974 7.429398
v -14.906190 -28.041424 10.289507
v -14.896901 -29.058695 10.511285
v -13.795279 -29.395643 11.319072
v -11.760695 -67.708893 5.282780
v -11.905048 -66.841286 5.555721
v -11.006817 -66.426842 6.126850
v -9.259986 -66.347321 6.780625
v -9.106928 -67.639130 6.104434
v -10.171843 -68.132874 5.705112
v -9.073779 -68.523636 5.632914
v -9.011796 -69.344894 5.160511
v -12.082346 -46.850098 11.500949
v -13.264881 -46.631432 10.977530
v -14.135748 -45.924866 10.384714
v -14.089405 -37.692448 11.775523
v -14.939568 -38.199188 10.959710
v -1.250179 -31.721497 13.032280
v -7.322439 -74.696976 2.383467
v -7.836456 -75.668343 2.372217
v -6.968496 -76.436897 1.867727
v -5.796074 -60.790684 7.255875
v -11.362988 -24.419981 11.644049
v -12.619205 -23.634504 11.077816
v -3.261163 -33.525047 12.926867
v -3.437769 -32.707901 12.963614
v -4.271981 -32.063553 12.961514
v -7.933768 -60.143120 8.235749
v -3.186356 -10.507050 15.807115
v -13.928397 -21.555368 10.309771
v -13.564783 -55.045521 7.971186
v -12.574760 -55.847790 8.459994
v -13.079524 -54.200443 8.611829
v -5.431592 -25.966417 13.763824
v -5.268912 -24.936831 14.161206
v -6.365931 -26.648966 13.252459
v -7.402864 -8.393429 13.584552
v -12.773571 -7.797113 8.349427
v -9.476941 -70.386169 4.448071
v -8.402123 -70.660431 3.992615
v -7.973297 -71.523598 3.508386
v -8.269048 -21.146500 13.957294
v -7.725628 -22.182188 13.952763
v -6.964313 -20.807949 14.771593
v -8.597728 -22.846888 13.334475
v -10.028919 -22.745878 12.631831
v -7.275914 -23.139618 13.878745
v -11.341054 -22.519533 11.922926
v -9.703678 -23.651171 12.573916
v -12.002275 -9.114420 9.627030
v -11.395619 -8.530623 10.065647
v -4.930689 -55.410744 8.364904
v -15.460568 -51.584988 6.621134
v -0.031949 -41.850952 6.172536
v -3.298527 -13.018482 16.206699
v -4.272544 -11.992828 15.786086
v -6.692403 -68.043793 5.001411
v -6.958641 -67.271301 5.650551
v -6.230564 -66.395027 5.433738
v -5.423581 -66.252655 4.461526
v -6.841526 -65.881897 6.270854
v -6.415443 -64.884560 6.389064
v -5.548312 -64.389946 5.601961
v -7.191460 -68.785698 4.891220
v -8.403730 -62.220322 7.842855
v -14.506346 -31.863358 11.251569
v -9.415529 -65.298637 7.291035
v -12.934412 -31.595524 12.085728
v -12.381443 -30.595598 12.077731
v -10.802322 -30.021236 12.429188
v -8.979520 -30.815413 12.710314
v -7.516815 -29.844046 12.729661
v -5.541330 -29.838310 12.919209
v -9.319840 -29.936497 12.565316
v -0.532505 -44.338490 6.034068
v -7.984742 -16.907005 14.622430
v -9.225987 -16.718626 13.759953
v -10.213920 -17.422405 13.057652
v -10.764812 -18.439375 12.667294
v -15.321625 -25.358330 9.551672
v -5.145456 -37.274021 12.543847
v -7.417550 -32.528427 12.967872
v -8.039830 -31.644640 12.855555
v -4.728891 -51.938183 9.189072
v -3.880422 -51.802719 8.412166
v -8.906714 -46.433342 12.185392
v -9.568930 -47.400806 11.919860
v -4.162642 -37.769653 12.112708
v -3.364256 -38.537853 11.570049
v -3.645052 -39.575539 11.647372
v -1.186571 -27.121971 14.696361
v -17.621658 -39.324749 7.437069
v 0.085250 -38.408562 6.939229
v -11.786162 -13.874981 11.141828
v -14.179873 -43.791645 10.866638
v -4.801755 -28.916245 13.145402
v -5.442910 -28.027550 13.195735
v -14.350883 -58.551334 5.486141
v -2.648282 -57.730618 4.343767
v -8.671535 -6.985204 12.204179
v -16.883244 -44.320824 7.302149
v -16.439119 -46.784103 7.134232
v -0.562885 -37.372498 9.793569
v -6.006978 -79.250122 0.655739
v -5.096685 -78.827309 -0.069087
v -8.969187 -79.108383 2.181264
v -13.672947 -62.920437 4.612194
v -2.072604 -52.958229 5.140393
v -0.888614 -8.209629 15.763698
v -1.321394 -7.391485 15.713534
v -0.151082 -39.346279 5.812596
v -3.135301 -62.358246 3.296669
v -17.950144 -30.666010 7.242203
v -3.991618 -67.671600 1.815155
v -4.569095 -72.424309 0.329796
v -14.113276 -76.115974 1.481240
v -17.692856 -27.068464 7.331963
v -17.511047 -28.065451 7.809165
v -8.426872 -77.428352 2.264579
v -0.340186 -39.874386 7.752141
v -0.975981 -38.643864 9.214415
v -0.839503 -42.662781 7.848779
v -2.207114 -36.879704 11.584371
v -1.839467 -37.581001 10.654491
v -16.560991 -30.688093 9.395425
v -15.475807 -31.035740 10.355584
v -3.079366 -31.107998 13.031857
v -3.150822 -30.264381 13.099133
v -11.963346 -76.355171 2.771543
v -10.614640 -76.650017 2.795521
v -9.531394 -75.920494 2.909836
v -15.925823 -45.882858 8.745022
v -15.091393 -46.642345 9.289331
v -8.617344 -8.978641 12.735613
v -6.719970 -78.133232 1.352563
v -13.050430 -61.541527 6.122018
v -2.920826 -54.713829 6.260798
v -3.247580 -53.014942 7.377635
v -4.064191 -53.721512 7.999855
v -3.720907 -61.032791 4.894279
v -3.830854 -26.902601 14.046313
v -2.963483 -25.339512 14.893418
v -3.014993 -28.690338 13.536737
v -3.824476 -58.110012 6.143178
v -3.519253 -59.443161 5.236615
v -4.748963 -59.062103 6.928028
v -5.696486 -58.711815 7.703752
v -2.227756 -8.912448 15.798945
v -2.299336 -9.821261 15.877183
v -2.770045 -24.198013 15.322141
v -1.534355 -46.131939 7.411339
v -16.377447 -38.958004 9.537724
v -3.101373 -56.244465 5.948999
v -13.324740 -60.057850 6.403121
v -13.006175 -58.687077 7.266802
v -16.537743 -42.508049 8.753500
v -15.454279 -48.484177 8.332401
v -6.107498 -77.013008 1.069200
v -3.586349 -8.415423 15.455879
v -4.485156 -9.014010 15.297812
v -2.658228 -19.043953 16.678381
v -2.682856 -20.069363 16.489704
v -13.867113 -56.967922 6.948032
v -12.196076 -57.473106 8.068797
v -11.315183 -57.977654 8.425456
v -10.927114 -58.969189 8.280882
v -4.074059 -63.287437 4.281054
v -4.372640 -62.717514 5.052228
v -4.262537 -64.141159 4.088023
v -2.524221 -51.304230 6.740652
v -2.405666 -13.931415 16.513334
v -2.453696 -14.931937 16.613792
v -1.719290 -47.379887 7.124429
v -4.647825 -66.489586 3.302500
v -5.380418 -68.153671 3.198233
v -6.226964 -68.833847 3.870350
v -6.288486 -69.593170 3.511685
v -7.460105 -70.069519 4.145854
v -2.915834 -36.057991 12.330855
v -4.029736 -36.016800 12.555759
v -17.177979 -32.244568 8.614201
v -17.130453 -31.358847 8.633329
v -12.580544 -64.476677 5.462827
v -5.119426 -69.210114 2.356571
v -15.383501 -40.135712 10.320752
v -14.315298 -39.794632 11.377878
v -13.010981 -39.813499 12.265252
v -13.792658 -40.749863 11.761693
v -13.663114 -41.820637 11.733146
v -3.704972 -16.724869 16.524769
v -4.111774 -15.014400 16.250534
v -4.472062 -14.042800 16.012035
v -5.630545 -13.997386 15.577241
v -4.688444 -15.859529 16.193157
v -5.762165 -16.160480 15.790359
v -6.519448 -16.984138 15.466409
v -6.301872 -15.059933 15.412965
v -7.380593 -15.087124 14.835052
v -4.220455 -18.789648 16.328625
v -4.626531 -17.933043 16.282301
v -5.762496 -17.778881 15.828599
v -4.853752 -19.511711 15.999337
v -4.326141 -20.319143 16.045666
v -3.328076 -20.822609 16.178642
v -14.113458 -51.664879 8.604418
v -13.499948 -53.302254 8.620278
v -13.089151 -52.444038 9.231029
v -3.175284 -34.638237 12.807937
v -5.959932 -35.128574 12.988725
v -7.328968 -35.758064 13.133815
v -5.867127 -34.116852 13.006577
v -4.797301 -35.424210 12.817322
v -8.510888 -36.049793 13.227244
v -9.632119 -36.560860 13.306716
v -13.958135 -49.709503 9.396553
v -5.574736 -31.331308 12.916378
v -16.241665 -27.319027 9.178310
v -14.211320 -26.680696 10.476343
v -13.202207 -25.942032 10.982458
v -11.622943 -26.373505 11.582905
v -13.389338 -25.082472 10.713428
v -10.655586 -27.025511 11.957046
v -12.692025 -27.729851 11.457469
v -10.864473 -64.582047 6.778994
v -10.879315 -63.736645 7.002310
v -8.621808 -64.066322 7.525436
v -7.370744 -64.014214 7.180264
v -9.040185 -63.226143 7.734070
v -2.081281 -42.192902 9.678877
v -2.495576 -41.338425 10.419282
v -2.531234 -43.038834 9.956917
v -3.480634 -43.211929 10.783386
v -2.773067 -49.183636 8.144239
v -3.211185 -48.405361 8.892621
v -4.315551 -48.540325 9.774521
v -4.938014 -47.702400 10.507044
v -5.408198 -48.784000 10.629251
v -6.546675 -49.275143 10.920953
v -4.702540 -49.511265 9.802967
v -2.804668 -47.429943 8.824648
v -5.942429 -47.607227 11.162388
v -12.980182 -12.630632 9.536777
v -13.893631 -12.634040 8.421008
v -10.571932 -11.196390 11.632348
v -10.071320 -9.527774 11.586164
v -3.561482 -50.303970 8.552726
v -5.896252 -72.954811 1.812649
v -7.491038 -72.492912 2.953116
v -9.557182 -72.150848 3.694964
v -7.134078 -73.514923 2.602028
v -12.143382 -73.636749 3.070140
v -8.986403 -74.414177 3.005154
v -11.215428 -55.857933 9.277220
v -11.624761 -40.547806 12.641865
v -9.081088 -41.281414 13.016498
v -3.879433 -46.462620 10.008738
v -13.029395 -48.672871 10.550906
v -11.176272 -77.812202 2.622613
v -10.039342 -28.206135 12.224720
v -8.333134 -28.486212 12.548467
v -7.821781 -39.520771 13.055385
v -7.154763 -38.711510 13.034916
v -5.717083 -38.811947 12.649922
v -7.607597 -37.760292 13.139625
v -10.122602 -56.929260 9.095328
v -9.225698 -57.584316 8.959493
v -8.164753 -58.922775 8.575925
v -9.131218 -58.496788 8.742410
v -7.111484 -58.407402 8.588613
v -7.127300 -57.455849 8.824330
v -10.248515 -8.192776 11.041940
v -7.055379 -62.492458 7.603629
v -1.970579 -40.270081 10.104140
v -5.636160 -12.311851 15.334008
v -11.575533 -62.222355 7.073113
v -12.348561 -62.932556 6.433661
v -9.854806 -60.021725 8.325804
v -12.245804 -61.281395 6.942680
v -16.070765 -34.335308 10.000769
v -15.110743 -34.191845 10.848204
v -14.364980 -33.374367 11.448059
v -5.637015 -32.900909 12.978579
v -7.681952 -33.975204 13.091620
v -8.546189 -34.687260 13.177551
v -9.774068 -34.599491 13.215393
v -9.726307 -72.828735 3.453109
v -8.974552 -26.757292 12.421199
v -8.764571 -25.940468 12.549014
v -7.668269 -25.612305 13.002078
v -7.609557 -24.559364 13.280707
v -5.334258 -9.701546 15.024804
v -11.665397 -72.128883 3.238652
v -9.933961 -21.381596 12.942142
v -12.110233 -21.653280 11.588455
v -4.904320 -45.842724 10.942637
v -6.424273 -46.047066 11.713906
v -16.047665 -35.948853 10.033006
v -14.323733 -23.548363 9.992407
v -13.617000 -22.893431 10.516995
v -5.962376 -56.959080 8.392907
v -5.916109 -56.017284 8.717784
v -8.912459 -55.253822 9.757154
v -11.914811 -54.052139 9.529838
v -5.039099 -50.655643 9.857560
v -7.753263 -48.646683 11.411516
v -8.681861 -49.130573 11.565940
v -4.826156 -23.948406 14.684435
v -5.843156 -22.802746 14.651964
v -5.566504 -21.305851 15.257247
v -4.559491 -60.986130 6.155841
v -11.026814 -69.388161 4.821457
v -11.166761 -12.429688 11.400176
v -5.338303 -44.299713 11.668791
v -4.608572 -45.009842 11.027882
v -3.607187 -44.597099 10.446518
v -5.694378 -40.140419 12.493703
v -6.706436 -40.596207 12.794816
v -9.596994 -15.407860 13.325114
v -8.138528 -43.148136 12.625726
v -6.661050 -44.920216 11.999685
v -13.146742 -9.588655 8.391470
v -13.481178 -11.237705 8.471567
v -14.145611 -17.455404 9.702695
v -12.283855 -17.773674 11.441913
v -13.148873 -18.127930 10.745015
v -13.229515 -18.911818 10.778565
v -12.200720 -51.278320 10.360997
v -10.556076 -39.990772 13.040425
v -12.543630 -38.642586 12.494186
v -12.347815 -33.220715 12.490209
v -12.136925 -32.306583 12.437778
v -11.459159 -33.703587 12.803292
v -10.076726 -33.569233 13.150217
v -10.192855 -31.863218 12.889054
v -8.430923 -44.865707 12.409784
v -9.967177 -44.281773 12.535390
v -12.245285 -42.091099 12.266702
v -15.710940 -44.646786 9.227409
v -15.960278 -28.979708 9.778466
v -11.780660 -65.965981 5.854378
v -8.139175 -65.878494 6.669725
v -8.690320 -66.892899 6.363123
v -9.761413 -67.032997 6.324300
v -8.083647 -67.417503 5.926192
v -11.433700 -46.111916 11.809001
v -15.696779 -37.755859 10.269588
v -6.306173 -74.683868 1.655905
v -8.081498 -76.374069 2.315419
v -13.726898 -20.589371 10.495377
v -15.163968 -21.594896 9.343532
v -7.016928 -71.247139 3.202354
v -9.430088 -24.503376 12.516833
v -11.194174 -7.761385 10.045317
v -4.030404 -11.040071 15.680452
v -5.349480 -65.527946 4.756124
v -5.426016 -63.599243 5.946795
v -15.706006 -32.260063 10.372359
v -10.185067 -30.661663 12.672595
v -7.753875 -30.617060 12.755917
v -4.427471 -30.140667 13.004504
v -6.457581 -29.360790 12.849835
v -7.801092 -16.012678 14.680222
v -8.054617 -17.841848 14.605142
v -10.836304 -16.766996 12.518852
v -11.565833 -18.969858 12.070736
v -9.771946 -18.531929 13.404909
v -15.060278 -24.535603 9.609694
v -10.215341 -48.089367 11.616013
v -13.363210 -43.607685 11.664395
v -16.963299 -28.674807 8.524185
v -14.515322 -31.043552 11.070519
v -14.723571 -30.227991 10.782653
v -12.817013 -56.703835 7.983865
v -6.354790 -13.396618 15.159787
v -12.552017 -24.463524 11.050866
v -8.405874 -29.304138 12.583155
v -9.332793 -56.401600 9.336197
v -1.160111 -40.262611 9.282060
v -6.553463 -46.918827 11.513983
v -15.446134 -22.320343 9.145425
v -3.941998 -79.601524 -2.689545
v -3.735054 -79.376091 -4.280363
v -4.158868 -79.151169 -5.869148
v -5.063459 -78.919189 -7.243993
v -6.334674 -78.707397 -8.295342
v -7.798581 -78.507339 -9.030833
v -9.390860 -78.357101 -9.276754
v -11.030312 -78.232803 -9.173317
v -12.642149 -78.156754 -8.709918
v -13.994847 -78.136650 -7.762785
v -15.049688 -78.156944 -6.387501
v -15.739882 -78.226341 -4.779004
v -16.030764 -78.325562 -3.060001
v -15.592257 -78.456116 -1.216312
v -13.683677 -5.686380 6.124909
v -14.222654 -5.457936 4.772073
v -14.490407 -5.329820 3.389408
v -14.599370 -5.260747 1.990429
v -14.504676 -5.246719 0.618796
v -14.186174 -5.287495 -0.710994
v -13.721973 -5.359594 -1.969470
v -13.035510 -5.462104 -3.106775
v -12.297947 -5.585767 -4.199806
v -11.425990 -5.727837 -5.167733
v -10.466537 -5.885563 -6.031806
v -9.432604 -6.051263 -6.787444
v -8.258241 -6.208377 -7.271987
v -7.042951 -6.342222 -7.622190
v -5.802247 -6.446225 -7.823946
v -4.555661 -6.503220 -7.941884
v -3.312067 -6.535585 -8.049687
v -2.070807 -6.507573 -7.907757
v -1.202422 -6.578008 -7.011454
v 0.010986 -6.449231 -7.271587
v -0.036199 -7.649848 -6.988515
v -0.031416 -8.813598 -7.403509
v -0.011628 -9.991614 -7.767908
v 0.014854 -11.216548 -7.842717
v 0.052216 -12.432895 -8.101380
v 0.082244 -13.618652 -8.494760
v 0.111975 -14.780690 -8.984123
v 0.140670 -15.954005 -9.475836
v 0.159078 -17.136726 -9.970117
v 0.171407 -18.351782 -10.409371
v 0.183283 -19.588888 -10.827272
v 0.188236 -20.863617 -11.169086
v 0.195139 -22.161423 -11.480655
v 0.204390 -23.486727 -11.732007
v 0.209318 -24.836893 -11.899819
v 0.208884 -26.205275 -11.965122
v 0.204191 -27.581078 -11.918962
v 0.201927 -28.951395 -11.742655
v 0.190082 -30.294226 -11.417875
v 0.183035 -31.575819 -10.907637
v 0.178616 -32.762016 -10.159581
v 0.154291 -33.802189 -9.168768
v 0.153829 -34.690540 -7.961911
v 0.139276 -35.448914 -6.578720
v 0.117717 -36.083138 -5.053195
v 0.124018 -36.596928 -3.413403
v 0.105235 -37.051315 -1.719398
v 0.144993 -37.540016 -0.006979
v 0.355318 -38.016659 1.677183
v 0.114553 -38.325573 3.336305
v -8.809764 -70.855759 -7.624000
v -8.993343 -61.257492 -5.614220
v -9.577952 -49.722485 -6.185677
v -2.843673 -42.196365 -4.523812
v -14.660272 -34.847015 -7.339410
v -14.458344 -20.425089 -7.287768
v -8.780422 -13.781441 -7.817742
v -15.572189 -12.889626 -1.363015
v -16.046120 -44.407928 -3.323214
v -17.950916 -27.737167 -3.891715
v -14.677447 -73.095039 -5.901956
v -13.141094 -66.781868 -5.029619
v -5.372467 -66.636337 -4.941133
v -2.935030 -61.575779 -3.596123
v -14.412225 -62.941422 -2.507858
v -2.447392 -48.848099 -3.002194
v -14.240100 -55.607426 -3.521518
v -5.478777 -37.053844 -7.343443
v -19.229445 -35.170219 -1.144800
v -9.821110 -28.765514 -11.222898
v -7.662385 -21.062654 -10.992702
v -18.395624 -21.932787 -0.878919
v -16.620726 -49.460724 -0.769514
v -3.108194 -55.893879 -3.306377
v -5.289709 -74.416023 -6.722112
v -4.961004 -11.204564 -7.572737
v -15.224754 -9.704539 3.007765
v -11.894204 -10.381813 -4.835320
v -17.647709 -16.403473 1.453294
v -18.573061 -42.656906 0.937888
v -15.254812 -59.441261 -0.853186
v -6.378335 -33.267071 -10.918833
v -4.648177 -70.576431 -4.722352
v -0.910123 -39.144001 -2.982914
v -0.365206 -43.978546 -0.278967
v -4.815784 -16.162722 -9.422957
v -19.426670 -27.953230 1.327345
v -11.220377 -74.558876 -8.591714
v -15.227189 -70.638397 -3.196476
v -15.107719 -66.226692 -1.381861
v -16.116890 -54.273067 0.373866
v -5.633610 -25.535559 -12.158529
v -1.652731 -52.567371 -0.772288
v -2.415052 -65.133217 -2.364912
v -19.842243 -32.887646 2.053554
v -19.403769 -37.870667 2.250254
v -18.281281 -19.870356 2.821503
v -18.839817 -24.453569 2.245362
v -1.912185 -58.405407 -0.811193
v -8.709534 -9.785137 -6.700839
v -14.714623 -8.706346 -0.423468
v -16.298368 -13.545769 3.595586
v -17.811018 -46.327942 1.842729
v -3.373960 -68.114975 -2.742572
v -1.017425 -49.071743 0.788667
v -4.486736 -29.974131 -11.807635
v -15.704136 -75.652275 -4.232812
v -15.338728 -62.928646 0.625737
v -2.384107 -36.708721 -5.921253
v -3.721715 -21.394541 -11.379120
v -16.689442 -51.118172 2.322333
v -15.711473 -57.826416 1.396496
v -0.008249 -39.960709 0.932396
v -3.199518 -34.819908 -8.681423
v -3.860850 -76.820908 -4.633745
v -1.924443 -61.921867 -0.495968
v -4.047349 -72.713181 -3.876125
v -3.066470 -13.968093 -8.611962
v -8.305334 -75.998672 -8.827856
v -15.648853 -73.042076 -2.020277
v -15.155991 -69.429565 -1.000998
v -1.652385 -55.009071 0.649155
v -2.603568 -9.117305 -7.769135
v -11.082456 -8.306693 -5.564759
v -19.455864 -35.461460 3.337932
v -19.534262 -30.498697 3.275252
v -18.831991 -40.415611 3.458235
v -13.634583 -7.935767 -2.685824
v -0.489091 -46.653900 1.712156
v -3.058762 -18.834814 -10.587905
v -6.356667 -8.841731 -7.303134
v -14.610440 -7.819862 4.904420
v -17.232046 -16.729834 4.581032
v -15.357901 -61.104046 1.553361
v -3.078277 -32.581886 -10.755940
v -18.389423 -22.252171 3.710772
v -15.229365 -11.678079 5.089315
v -14.400750 -75.924904 -7.156700
v -15.176112 -65.033829 0.757491
v -17.099081 -48.863438 3.174710
v -3.820024 -74.762238 -3.862577
v -5.442749 -76.662277 -7.468537
v -2.441855 -11.637920 -7.871312
v -14.964026 -7.534596 2.345610
v -18.129438 -44.095818 3.620955
v -3.596071 -70.131927 -2.278233
v -2.998735 -26.997509 -12.079258
v -2.923359 -24.162245 -11.939561
v -1.236229 -51.544094 1.749270
v -0.130698 -42.794094 2.103843
v -15.814549 -55.818710 2.502327
v -16.161018 -53.552563 2.827615
v -18.951366 -26.909748 3.843759
v -14.926516 -67.894386 0.351583
v -2.287668 -16.436058 -9.657245
v -15.203903 -71.540596 -0.808035
v -2.611203 -66.421600 -0.637496
v -2.182294 -64.264984 -0.118837
v -15.694998 -75.279297 -1.669988
v -14.644301 -9.642985 5.686295
v -0.602315 -37.746101 -2.559373
v -11.599779 -76.423988 -8.873330
v -1.820305 -57.424248 1.302306
v -1.933352 -59.748837 0.907778
v -16.253246 -14.752754 5.383135
v -17.608843 -18.975067 4.971424
v -8.862365 -7.918589 -6.814802
v -17.509604 -46.581741 4.184635
v -1.621020 -35.347412 -7.344008
v -14.569787 -6.936332 -0.176752
v -19.267981 -33.040058 4.394300
v -18.954243 -38.013973 4.517286
v -18.550873 -24.605423 4.601133
v -15.943099 -76.929771 -2.314735
v -15.248610 -59.223030 2.706738
v -3.195625 -68.411026 -0.834210
v -2.077736 -29.766294 -11.654809
v -0.157320 -38.724579 1.107939
v -3.876122 -78.025169 -3.120571
v -3.901877 -72.002419 -2.193800
v -1.563828 -53.950771 2.262834
v -0.923056 -49.188477 2.866932
v -1.411275 -7.999931 -7.786558
v -3.912261 -8.024775 -7.739865
v -12.886210 -7.004036 -3.720937
v -0.241440 -45.457043 3.063178
v -1.795563 -20.182825 -11.025020
v -1.767672 -33.502167 -9.777779
v -18.980028 -29.377977 4.614538
v -18.411497 -41.760662 4.775612
v -17.858625 -21.260576 5.176010
v -0.212924 -40.268818 3.022807
v -14.935629 -62.426643 2.474753
v -15.239480 -12.787487 6.111131
v -15.378372 -76.887299 -5.705634
v -14.717890 -64.418739 2.012289
v -14.618274 -66.323921 1.591384
v -16.675989 -50.201614 4.214677
v -3.948031 -75.947746 -2.694670
v -3.998385 -73.938179 -2.413654
v -6.919918 -77.317276 -8.481991
v -4.492616 -77.742279 -6.435253
v -1.472854 -12.953913 -8.253866
v -1.473324 -10.510782 -7.768556
v -14.640500 -6.716510 3.845869
v -1.779293 -25.567516 -11.996924
v -1.723266 -22.821533 -11.655663
v -18.073137 -39.146542 -2.668213
v -0.736532 -36.711514 -4.250800
v -15.454014 -57.116337 3.340355
v -15.800605 -54.871899 3.647187
v -16.194000 -52.560257 3.999269
v -2.165586 -62.111568 1.197028
v -15.233190 -73.642494 -0.306931
v -14.838397 -70.057281 0.534947
v -19.511494 -30.498411 -0.908214
v -1.460776 -17.699799 -10.182901
v -1.390386 -15.313504 -9.199757
v -17.118183 -31.579288 -5.666461
v -14.018909 -7.605727 6.322457
v -2.568807 -65.431519 0.430414
v -0.219846 -39.134857 3.089523
v -13.190495 -77.007866 -8.184004
v -10.107155 -77.151794 -9.196991
v -1.808550 -56.324120 2.306376
v -1.948203 -58.665127 1.907858
v -0.082686 -37.965122 -0.769234
v -14.530386 -10.724457 6.434768
v -16.337223 -15.893690 6.074993
v -1.546897 -37.684711 -4.173840
v -3.370875 -39.172379 -5.580539
v -8.597467 -41.075836 -6.868647
v -16.985388 -18.012766 5.848114
v -7.677596 -7.486455 -7.282850
v -10.044102 -7.180318 -6.343615
v -17.691023 -45.471527 4.997518
v -17.152731 -47.873043 4.780930
v -1.499344 -31.062233 -11.233685
v -1.516342 -28.350901 -11.878989
v -1.262678 -34.379879 -8.643085
v -0.852944 -35.969070 -5.882200
v -19.029005 -35.563263 5.055708
v -14.091729 -6.489122 -1.378362
v -14.704545 -6.405404 1.207448
v -15.517439 -76.613029 -0.763611
v -4.206416 -9.737033 -7.527088
v -12.620308 -8.749904 -4.147783
v -13.650992 -10.394785 -2.917048
v -13.293765 -14.040574 -5.550272
v -0.158249 -41.608841 3.427294
v -5.091966 -52.321049 -5.119483
v -8.761926 -56.477535 -5.718849
v -19.031984 -31.846594 5.016830
v -18.676323 -39.306122 5.160794
v -18.096643 -23.541063 5.305964
v -18.409803 -25.834465 5.116226
v -15.011251 -60.433056 3.108140
v -1.517351 -52.804985 2.963667
v -1.423235 -52.858307 1.175160
v -0.055582 -44.210285 3.536022
v -0.089226 -44.374100 1.616815
v -1.354819 -32.304310 -10.611442
v -3.470926 -69.396164 -0.675996
v -3.094301 -67.503845 0.012995
v -3.831860 -71.201614 -1.341533
v -3.776538 -71.072838 -3.016951
v -1.173566 -50.416698 3.245722
v -0.728020 -47.985329 3.442599
v -1.330189 -21.497643 -11.359203
v -15.464795 -59.890640 1.560507
v -0.189832 -41.592506 -0.814571
v -2.678490 -7.660773 -7.845273
v -5.177038 -7.597951 -7.650383
v -12.001391 -6.776125 -4.688124
v -18.098808 -43.027317 5.235142
v -18.445732 -42.627041 3.393715
v -1.128146 -9.308360 -7.849132
v -19.555870 -31.889683 3.256461
v -19.697536 -31.065441 1.244291
v -19.528629 -32.395569 -0.389913
v -18.756571 -31.664377 -3.164698
v -17.943092 -34.053322 -4.179322
v -19.039591 -39.020306 3.423568
v -19.158358 -39.563862 0.992219
v -19.059731 -37.502747 -0.696918
v -18.921028 -25.544153 3.348667
v -19.168465 -26.025469 0.863777
v -18.545990 -24.157595 -0.704740
v -16.609602 -23.394754 -5.165200
v -12.571880 -24.693829 -9.601034
v -18.902622 -27.273653 -1.337151
v -17.950302 -25.458746 -3.193599
v -16.124294 -26.007036 -6.265197
v -0.465057 -45.484684 0.333045
v -2.350216 -45.364819 -3.519221
v -1.080494 -47.346626 -0.832069
v -6.296174 -44.310345 -6.003154
v -0.991499 -45.059208 -1.784074
v -1.277579 -43.100380 -2.604666
v -11.556974 -44.218769 -5.930314
v -13.932890 -40.307861 -5.903245
v -16.035772 -28.840683 -6.785119
v -13.401424 -31.326906 -9.140738
v -18.739449 -28.197231 5.113924
v -19.301176 -28.301121 3.262654
v -17.477232 -20.205776 5.754006
v -14.641334 -63.545319 2.586178
v -15.831381 -77.290573 -3.993124
v -14.484790 -65.507874 2.122023
v -14.471725 -67.397041 1.661107
v -15.063981 -66.617752 0.250647
v -4.019469 -74.959335 -2.169456
v -3.973373 -76.998474 -2.387416
v -4.014365 -73.035767 -1.845495
v -5.544261 -77.809509 -7.695801
v -3.890132 -78.261482 -4.964129
v -14.295094 -6.547929 5.222941
v -1.233514 -18.942680 -10.630037
v -1.141286 -14.150755 -8.718570
v -0.129605 -38.988636 -1.037268
v -14.944166 -7.718860 0.849831
v -15.175150 -9.374582 1.163786
v -15.700533 -11.667680 1.247062
v -14.856847 -10.885739 -0.830610
v -18.582142 -23.525160 3.544920
v -18.742680 -22.688892 1.326499
v -1.120546 -11.769195 -7.940174
v -17.925627 -17.989750 2.748231
v -17.898643 -18.801495 -1.280649
v -16.591249 -15.897800 -2.495101
v -15.222805 -58.283558 3.489711
v -16.373610 -51.443897 4.476707
v -2.361547 -63.255939 1.179391
v -2.193405 -61.005352 1.683949
v -15.069195 -72.819969 0.121130
v -15.260473 -74.671890 -0.220163
v -14.616455 -69.242020 1.108095
v -14.851720 -71.050362 0.482878
v -1.743422 -55.169884 2.715811
v -14.313205 -7.804065 -1.390494
v -14.012893 -9.094977 -2.169867
v -3.387813 -69.037193 -2.081630
v -4.316822 -69.156815 -4.188484
v -6.759422 -69.438622 -6.198611
v -10.542190 -68.290291 -6.776745
v -2.989604 -67.509270 -1.513040
v -3.429280 -66.606628 -3.362815
v -4.030942 -65.042114 -4.480783
v -8.801344 -64.584091 -5.920321
v -0.465779 -46.753334 3.590624
v -17.908224 -36.614403 -3.635836
v -16.077099 -38.321938 -5.346855
v -12.770555 -37.493835 -7.423415
v -10.581904 -34.717251 -9.518702
v -15.096647 -65.388565 -0.634019
v -14.225968 -64.580864 -3.030646
v -12.098518 -62.798721 -5.194370
v -12.667652 -59.887840 -4.472998
v -15.131123 -63.959061 -0.949469
v -15.493296 -13.849807 6.426282
v -15.872315 -13.471510 5.046805
v -14.518627 -77.167603 -7.103712
v -8.503272 -77.461388 -9.027194
v -16.867601 -49.090702 4.813290
v -19.062668 -34.325691 5.190260
v -18.904846 -36.820164 5.241704
v -13.506376 -6.466311 -2.564524
v -14.760753 -6.310247 2.566814
v -18.492142 -40.562946 5.303837
v -14.821092 -61.512608 3.041883
v -6.429721 -7.449059 -7.499768
v -11.090071 -6.865654 -5.610611
v -13.727614 -47.779797 -4.743624
v -3.653369 -70.327896 -0.895941
v -1.280040 -26.948160 -11.990424
v -1.242101 -24.179678 -11.864091
v -1.389411 -51.626244 3.238052
v -17.881207 -45.385212 3.322617
v -18.286287 -44.353859 1.513306
v -17.607668 -43.755241 -1.226413
v -16.629597 -41.609886 -3.553276
v -17.065578 -46.232239 -1.279201
v -17.399246 -47.550762 3.149718
v -17.296911 -48.109100 0.778512
v -19.597696 -29.323406 2.009079
v -19.493664 -29.052732 -0.104995
v -18.827408 -29.085085 -2.424239
v -17.694628 -29.603836 -4.743496
v -15.775056 -12.547961 4.227436
v -15.505026 -11.230737 3.357257
v -15.967118 -12.548602 2.477554
v -16.816143 -14.337049 0.961148
v -16.171883 -13.033448 0.768122
v -5.799228 -23.099579 -11.775788
v -9.164906 -24.435825 -11.467765
v -11.115319 -21.966131 -10.125186
v -10.899116 -17.711926 -8.878916
v -1.915243 -56.537045 -0.767722
v -2.008543 -60.224991 -1.402621
v -3.675823 -58.749016 -4.087564
v -7.719841 -8.792354 -7.072797
v -6.767722 -10.488799 -7.186965
v -6.521502 -12.834720 -7.927571
v -9.905090 -8.520256 -6.327084
v -10.375784 -10.153182 -5.936622
v -10.818701 -12.394404 -6.389816
v -8.952847 -11.744487 -7.002935
v -1.388823 -41.124489 -3.207495
v -6.522194 -65.222664 -5.417666
v -6.104184 -62.669556 -5.400547
v -9.032384 -66.500443 -6.159927
v -19.497818 -34.116703 3.476064
v -19.756689 -34.501175 1.297210
v -19.276592 -36.820370 3.547930
v -19.685865 -36.173630 1.497806
v -13.850931 -51.713696 -4.405544
v -16.356863 -13.960464 -0.683948
v -15.689266 -14.339258 -2.779891
v -14.875985 -16.048433 -5.206776
v -14.330570 -12.796803 -3.511104
v -17.052961 -15.368362 -0.586826
v -17.533052 -17.043570 -1.208014
v -16.600292 -18.135281 -4.007817
v -17.226318 -20.729456 -3.707868
v -0.245362 -42.927895 3.685087
v -2.182554 -63.322617 -2.137354
v -3.279248 -30.901794 -11.486129
v -5.489955 -31.623871 -11.449101
v -9.295371 -31.645864 -11.076106
v -7.258895 -30.173607 -11.676888
v -5.951077 -27.958204 -12.184738
v -3.331717 -28.812614 -11.920697
v -1.061517 -50.056610 1.735931
v -1.457466 -50.658283 -0.663522
v -2.867780 -51.486938 -3.221666
v -4.560522 -49.979000 -4.934747
v -4.621727 -47.238647 -5.105518
v -0.756058 -48.201366 1.869691
v -2.100635 -54.865898 -1.643302
v -3.406442 -53.729584 -3.719788
v -5.685220 -55.348198 -5.273399
v -8.456092 -53.671005 -5.935576
v -11.135150 -14.608050 -7.291632
v -9.094661 -16.009151 -8.725107
v -7.753285 -18.398127 -10.028522
v -8.091223 -73.605400 -8.285708
v -6.009898 -72.037140 -6.719925
v -15.524873 -56.081295 3.888498
v -15.901177 -53.792431 4.229627
v -14.214973 -66.017723 -3.616364
v -11.948674 -64.782143 -5.524292
v -14.786178 -67.964905 -3.219146
v -13.816959 -68.930153 -5.434326
v -12.369438 -70.622551 -7.109788
v -2.572059 -57.484135 -2.614173
v -12.752869 -12.118862 -4.847889
v -8.324579 -26.615793 -11.789932
v -11.316131 -26.755728 -10.576073
v -14.089334 -26.887018 -8.582407
v -12.721961 -28.949957 -9.692172
v -6.219173 -57.762234 -5.393137
v -9.303948 -58.940994 -5.610475
v -6.076464 -60.119465 -5.385734
v -11.692522 -57.643559 -5.194854
v -11.438603 -55.131851 -5.486429
v -17.028318 -15.212607 3.228104
v -18.091072 -20.305099 4.282927
v -18.395786 -21.104212 3.017866
v -18.428879 -20.668613 0.766858
v -18.237919 -19.010286 0.896953
v -18.536602 -27.013802 5.333246
v -14.434116 -68.375389 1.499668
v -3.132056 -17.511871 -10.081916
v -5.381022 -18.091293 -10.198312
v -7.001133 -16.716288 -9.441612
v -6.668801 -14.781884 -8.668703
v -2.955865 -15.239338 -9.147798
v -4.788479 -14.539369 -8.748698
v -4.670479 -12.908032 -8.144288
v -12.940427 -75.789063 -8.242820
v -13.484777 -74.067764 -7.490285
v -11.332500 -72.370079 -8.040664
v -10.028011 -75.947884 -9.073972
v -9.093222 -74.740929 -8.699954
v -7.078172 -74.883537 -8.162973
v -9.898525 -73.563622 -8.556811
v -8.939231 -72.264465 -8.075919
v -7.164254 -50.929844 -5.941017
v -6.815831 -48.702534 -5.928112
v -9.725073 -46.795021 -6.163323
v -9.822051 -51.866318 -6.096577
v -14.333570 -10.154582 -1.676318
v -14.299005 -11.519803 -2.510161
v -4.623796 -67.809372 -4.351704
v -6.772432 -67.930069 -5.586867
v -1.690582 -56.275902 0.754502
v -0.837492 -47.981758 0.404420
v -1.489187 -48.832970 -1.156055
v -0.666357 -46.905304 0.359754
v -0.921071 -46.148621 -0.881470
v -1.798395 -46.696232 -2.576461
v -3.048339 -46.662708 -4.129295
v -4.287232 -45.185680 -5.069160
v -4.378006 -43.373287 -5.343499
v -5.445085 -41.049965 -6.157684
v -7.189799 -38.970623 -7.072376
v -8.576836 -36.620010 -8.385283
v -10.240197 -38.907059 -7.289523
v -6.189457 -46.060459 -5.916073
v -8.391572 -45.254860 -6.230682
v -8.699507 -43.170597 -6.444635
v -11.361612 -41.913818 -6.358697
v -14.127312 -42.818207 -5.162738
v -3.361247 -48.032578 -4.200309
v -4.861072 -48.624409 -5.104254
v -6.365247 -42.578362 -6.107257
v -6.154584 -19.712090 -10.786652
v -14.931265 -71.990746 0.450957
v -15.316017 -75.703506 -0.247114
v -13.696356 -6.597996 6.492721
v -17.602060 -17.875620 4.334099
v -13.933213 -58.419533 -3.347186
v -15.270463 -57.325699 -1.708713
v -0.959810 -16.514606 -9.709160
v -3.639917 -33.874973 -9.931716
v -6.015188 -35.284508 -9.154046
v -2.700902 -37.992096 -5.198994
v -3.809109 -37.127663 -6.599070
v -4.372776 -35.888805 -7.877127
v -2.050763 -39.296776 -4.315508
v -2.676230 -40.624779 -4.760305
v -4.672144 -38.221790 -6.444440
v -4.867615 -39.689369 -6.221843
v -17.840559 -44.259766 5.255758
v -13.318730 -9.369333 -3.356596
v -12.784061 -10.513651 -3.936543
v -13.381929 -11.442219 -3.758229
v -18.033834 -41.712154 -1.409399
v -18.142508 -20.384497 -1.306735
v -11.803433 -50.793549 -5.660895
v -11.769152 -48.806805 -5.700714
v -12.097899 -52.738934 -5.500676
v -14.022319 -53.685589 -4.076580
v -15.697873 -52.615742 -2.074326
v -13.853342 -49.745571 -4.541298
v -15.485647 -48.732353 -3.058605
v -15.452117 -46.645023 -3.389562
v -13.513824 -45.644943 -5.026427
v -15.386383 -54.498989 -2.133277
v -15.421182 -50.690838 -2.823025
v -16.355627 -51.315636 -0.695138
v -15.733871 -55.998173 -0.345257
v -8.475659 -68.622589 -6.707347
v -10.176442 -69.690109 -7.305711
v -15.594030 -74.011055 -3.804346
v -15.319174 -72.366356 -4.268928
v -14.183188 -71.450829 -6.083366
v -14.149391 -9.677486 6.753392
v -14.253510 -8.694623 6.255453
v -16.853088 -15.629723 4.651654
v -0.088614 -40.250164 -0.777509
v -12.895577 -15.943995 -6.934118
v -14.033052 -18.046768 -6.932237
v -12.425406 -19.429722 -8.662176
v -9.906562 -19.710100 -10.000744
v -13.216121 -72.262749 -7.216803
v -14.670386 -8.760781 5.205058
v -14.985593 -8.683899 3.876280
v -14.984988 -9.708275 4.416838
v -14.983186 -10.607141 5.098920
v -15.108047 -8.651940 2.583667
v -2.935830 -66.521339 0.572434
v -2.584256 -64.376587 1.100431
v -3.716365 -25.629694 -12.096995
v -4.588289 -24.484188 -12.025104
v -6.270156 -24.318693 -12.045033
v -7.794231 -23.306250 -11.518888
v -7.417901 -25.406996 -11.893773
v -9.711852 -22.956045 -10.941998
v -11.440193 -23.492046 -10.236088
v -13.812046 -22.650930 -8.404366
v -4.130504 -23.244793 -11.799150
v -10.925829 -24.919394 -10.663339
v -9.438895 -21.481003 -10.732991
v -4.870357 -22.156313 -11.570606
v -5.323492 -20.868004 -11.206086
v -4.360282 -19.724987 -10.880214
v -6.497091 -21.920292 -11.498828
v -9.691741 -25.787220 -11.305120
v -9.866320 -27.074507 -11.285664
v -11.000797 -27.991554 -10.711815
v -11.324086 -29.275520 -10.552225
v -10.011355 -30.278063 -11.012193
v -11.461149 -31.620049 -10.241570
v -12.940063 -33.478096 -9.063080
v -12.481666 -30.239191 -9.829318
v -14.206367 -29.951906 -8.618036
v -15.392836 -31.533447 -7.530819
v -16.301823 -33.423595 -6.354738
v -12.428630 -27.672127 -9.885182
v -13.842822 -28.159372 -8.909280
v -12.718548 -26.378313 -9.593856
v -13.825803 -25.505632 -8.718450
v -13.886410 -24.083370 -8.501604
v -15.256462 -23.354862 -6.961063
v -15.924537 -21.569719 -5.880593
v -15.082943 -24.954762 -7.341682
v -10.489210 -33.114452 -10.277132
v -8.532995 -33.950344 -10.287731
v -15.075515 -27.861660 -7.695310
v -16.300369 -27.469860 -6.280867
v -8.693173 -27.852488 -11.673636
v -8.206045 -29.110764 -11.692851
v -16.777634 -35.358147 -5.501834
v -15.923057 -19.658655 -5.471549
v -15.252673 -26.631451 -7.404637
v -17.172167 -26.737635 -5.008581
v -17.036493 -25.303394 -4.881627
v -17.444475 -24.167738 -3.830376
v -17.507238 -22.439863 -3.427566
v -7.276535 -27.417759 -11.986866
v -5.918946 -26.729727 -12.282535
v -4.554262 -27.326916 -12.144782
v -4.674966 -28.442816 -12.050136
v -6.060135 -29.249565 -12.064039
v -14.930096 -29.043821 -7.939495
v -15.855116 -30.225780 -7.091275
v -7.933471 -22.161217 -11.265066
v -18.154554 -24.385157 -2.319147
v -18.708908 -25.697178 -1.223876
v -18.252960 -23.102699 -1.774735
v -18.566704 -23.026093 -0.201363
v -18.811321 -23.910072 0.814094
v -18.908476 -24.958006 0.325224
v -16.094835 -54.596027 2.084575
v -15.400841 -60.267780 0.328305
v -14.817590 -61.173969 -1.879446
v -15.303434 -61.515942 -0.043656
v -15.146782 -60.484108 -1.032148
v -14.249381 -59.826550 -2.704262
v -13.733445 -60.820965 -3.380156
v -12.396215 -61.372402 -4.816022
v -10.838981 -60.180164 -5.431726
v -6.086045 -38.154881 -7.012266
v -7.611348 -37.592148 -7.586402
v -6.818082 -36.395084 -8.243145
v -9.280012 -37.791168 -7.725726
v -10.847371 -36.566784 -8.268089
v -12.779205 -35.694794 -8.134133
v -7.757246 -35.496189 -9.153024
v -9.474476 -35.655128 -9.100931
v -6.967068 -34.526039 -10.092878
v -5.283903 -34.285656 -9.978845
v -4.693855 -33.179829 -10.675157
v -14.428117 -36.534584 -6.901017
v -14.346271 -38.092640 -6.362867
v -12.786002 -39.120049 -6.826293
v -12.174493 -40.562717 -6.575773
v -13.153964 -41.695621 -5.897552
v -14.828619 -41.474293 -5.157671
v -15.795556 -39.992027 -5.022518
v -12.418921 -42.992455 -5.877887
v -13.384598 -44.181950 -5.260234
v -10.385308 -40.775352 -6.741840
v -15.619292 -42.552505 -4.312748
v -16.785843 -43.082836 -2.935255
v -15.078381 -43.769051 -4.452883
v -14.954232 -45.121258 -4.301000
v -9.687611 -41.983177 -6.549767
v -10.529262 -43.130215 -6.190827
v -9.783365 -44.378532 -6.233918
v -10.877224 -45.616917 -5.961925
v -11.872616 -47.098114 -5.710371
v -4.595368 -34.936028 -9.051825
v -10.808605 -37.719284 -7.611364
v -15.146040 -62.302380 -0.973876
v -8.704776 -38.976070 -7.397139
v -7.874942 -40.037155 -7.015902
v -7.003205 -41.087090 -6.551295
v -9.376409 -39.965397 -7.025680
v -6.352182 -40.024006 -6.602074
v -7.752918 -42.057076 -6.455316
v -0.273745 -37.150940 -2.527057
v -1.921488 -57.540367 2.563435
v -2.172135 -59.881798 2.139284
v -16.597063 -16.969975 6.180320
v -1.663529 -53.795433 -0.084221
v -2.086391 -53.601852 -1.689458
v -2.352001 -52.469784 -2.312243
v -2.059006 -51.343624 -1.839807
v -2.379536 -50.199627 -2.797779
v -3.253119 -52.582291 -3.586248
v -3.940339 -51.724918 -4.328421
v -5.054398 -51.128422 -5.131963
v -3.518058 -50.588417 -4.019094
v -3.413540 -49.403820 -4.067296
v -4.255598 -53.083794 -4.504961
v -5.972702 -53.803677 -5.402980
v -4.601413 -54.354218 -4.717865
v -4.242789 -55.574551 -4.467655
v -4.063860 -57.180439 -4.308072
v -5.276119 -56.562943 -5.049744
v -6.966290 -56.358814 -5.550392
v -7.863759 -55.082600 -5.797975
v -7.867627 -57.512321 -5.648584
v -7.480331 -58.788147 -5.550885
v -9.687553 -57.697987 -5.670169
v -8.377768 -60.002979 -5.600736
v -10.924375 -58.661701 -5.385227
v -10.501991 -56.640308 -5.574792
v -12.192173 -56.427517 -5.097227
v -9.695045 -55.377254 -5.846554
v -10.186241 -54.135105 -5.875158
v -6.248810 -51.761841 -5.624416
v -8.032177 -52.226559 -5.986548
v -5.919079 -50.294559 -5.543236
v -7.191551 -49.806812 -5.960001
v -8.268414 -49.072956 -6.105688
v -9.891574 -48.280239 -6.118331
v -8.062840 -47.599430 -6.110369
v -8.482775 -50.454628 -6.092360
v -9.890933 -50.790623 -6.109965
v -12.454251 -58.724720 -4.753040
v -13.058883 -57.452576 -4.300594
v -14.245525 -57.213833 -3.145375
v -12.950803 -55.396690 -4.675977
v -12.426566 -54.106499 -5.214905
v -6.281354 -52.813992 -5.575969
v -7.152106 -53.579170 -5.803306
v -6.871542 -54.464954 -5.677753
v -10.918891 -51.437714 -5.851887
v -10.777312 -50.143211 -5.917184
v -11.958926 -49.806572 -5.642817
v -13.027386 -50.506298 -5.046354
v -10.570491 -49.153900 -5.968904
v -12.861536 -49.252716 -5.174644
v -12.752091 -48.258308 -5.294363
v -13.787846 -48.760700 -4.629524
v -14.764183 -49.254078 -3.883574
v -14.756064 -48.230236 -4.025732
v -15.502890 -47.687454 -3.204500
v -16.537052 -48.210327 -1.799686
v -16.335905 -47.090126 -2.292242
v -14.664557 -47.194191 -4.210894
v -13.553020 -46.710045 -4.879185
v -16.322914 -45.933723 -2.598176
v -17.132017 -44.940388 -1.839164
v -17.718824 -45.252815 0.040205
v -14.621153 -46.146168 -4.342962
v -14.746337 -50.224712 -3.783085
v -14.757867 -51.273594 -3.641386
v -14.768621 -52.531612 -3.414363
v -15.435143 -49.708359 -2.923800
v -16.228113 -50.237316 -1.766159
v -16.142288 -49.237408 -2.078231
v -15.440372 -51.685619 -2.615033
v -16.103516 -51.855892 -1.570468
v -16.284618 -52.760189 0.108067
v -6.270419 -47.421669 -5.891020
v -5.888285 -58.926823 -5.332450
v -4.692164 -59.573795 -4.818908
v -4.609188 -61.209259 -4.926589
v -3.302996 -60.159184 -3.798982
v -2.448199 -59.084187 -2.599001
v -4.873412 -58.101315 -4.890749
v -4.128964 -62.647961 -4.681211
v -5.267241 -63.975208 -5.195083
v -7.151993 -63.846428 -5.517680
v -9.209944 -62.959251 -5.765666
v -13.403950 -59.293118 -3.792842
v -12.298192 -7.796932 -4.455151
v -7.490806 -71.619141 -7.502676
v -6.342239 -70.693947 -6.430545
v -6.986929 -72.776855 -7.585936
v -5.575123 -73.220039 -6.767417
v -4.352141 -73.719612 -5.212025
v -4.821734 -72.520958 -5.574740
v -5.189778 -71.406387 -5.602650
v -6.568228 -73.872673 -7.623215
v -4.364600 -71.477180 -4.305872
v -0.595271 -40.672184 -2.049021
v -1.222011 -40.077774 -3.233898
v -11.575735 -38.626549 -7.203152
v -11.168906 -39.762131 -6.925363
v -14.497469 -62.008881 -2.310677
v -13.509550 -62.050102 -3.634487
v -13.467614 -63.237839 -3.881369
v -12.807721 -64.026840 -4.799607
v -11.245239 -63.649731 -5.660279
v -10.367096 -64.406624 -5.967370
v -10.976126 -65.869202 -6.083909
v -13.246433 -65.113609 -4.471766
v -12.762554 -65.745049 -5.203646
v -7.409301 -60.868168 -5.553050
v -7.862788 -62.083767 -5.573269
v -6.034584 -61.199493 -5.376357
v -15.808814 -14.900694 6.586825
v -0.085307 -41.364471 1.473665
v -4.775920 -8.690196 -7.586076
v -7.433769 -32.080025 -11.234350
v -2.561087 -43.823814 -4.193253
v -13.640456 -70.062325 -6.137019
v -12.323216 -68.942917 -6.482039
v -11.954386 -67.508270 -6.060844
v -14.852292 -70.789482 -4.860569
v -12.772930 -23.383131 -9.272328
v -12.561888 -22.073103 -9.248972
v -11.908602 -20.744738 -9.361070
v -13.676656 -21.337183 -8.288498
v -14.831090 -21.924593 -7.230283
v -13.381906 -20.194796 -8.269325
v -14.061110 -19.244926 -7.376513
v -15.132307 -18.718039 -6.227018
v -15.088812 -17.365788 -5.704177
v -16.022907 -16.726290 -4.133659
v -13.979753 -16.697018 -6.423641
v -12.798027 -17.287857 -7.671199
v -11.514606 -16.448568 -7.977712
v -13.142087 -18.556021 -7.925804
v -11.906645 -18.395309 -8.564260
v -10.735879 -18.837900 -9.334689
v -9.380013 -18.143970 -9.552546
v -8.372371 -17.218033 -9.446752
v -11.204461 -19.823486 -9.540687
v -10.565528 -20.857164 -10.040807
v -15.675651 -15.437053 -3.843326
v -14.617532 -14.299144 -4.324679
v -17.053518 -28.514261 -5.510289
v -7.179563 -28.426136 -11.928715
v -2.720960 -54.288853 -2.688603
v -3.457799 -54.816696 -3.742651
v -14.009170 -50.734753 -4.372674
v -14.840513 -69.723404 -4.496252
v -15.139821 -69.348808 -2.921901
v -14.592804 -68.581154 -4.297796
v -13.509851 -67.843994 -5.193399
v -9.787132 -17.002054 -8.941503
v -10.384812 -16.010176 -8.355597
v -9.781106 -14.878916 -8.033714
v -10.180202 -13.699621 -7.295134
v -8.319317 -14.965363 -8.473433
v -11.449721 -13.442035 -6.558693
v -9.474987 -12.755345 -7.186077
v -8.194130 -12.772261 -7.573381
v -7.491348 -11.611562 -7.355393
v -7.458339 -13.786341 -8.151361
v -12.260756 -14.296443 -6.479815
v -12.046041 -15.243501 -7.167859
v -13.103250 -14.977941 -6.260340
v -11.862296 -12.506966 -5.747035
v -11.441031 -11.442536 -5.570534
v -10.343808 -11.349844 -6.227684
v -12.707369 -13.128763 -5.464643
v -13.654041 -13.186374 -4.616430
v -6.150977 -11.690544 -7.603983
v -14.130465 -67.421928 -4.332079
v -14.535409 -66.970245 -3.447359
v -15.186271 -67.554214 -1.602963
v -14.871071 -66.602264 -2.440191
v -14.591862 -65.594093 -2.668494
v -13.766461 -66.439590 -4.317738
v -14.873729 -65.105484 -1.931668
v -14.717811 -64.121483 -2.161649
v -11.742974 -77.396957 -8.963673
v -15.763815 -56.796139 1.842562
v -15.976179 -55.749893 1.014678
v -15.747703 -56.903645 0.531969
v -15.522923 -57.843700 -0.150691
v -15.553102 -56.859516 -0.733516
v -15.250794 -55.829662 -2.050497
v -15.583920 -58.793961 0.892317
v -15.302223 -58.376831 -1.182557
v -14.729119 -58.924793 -2.168267
v -13.520225 -56.398777 -4.060807
v -15.179906 -53.456928 -2.651004
v -15.905872 -53.698738 -1.301989
v -2.692320 -53.338440 -2.780545
v -15.335109 -70.411430 -1.796927
v -12.312834 -11.245759 -4.824513
v -14.729555 -57.976288 -2.320559
v -16.451586 -52.345299 2.469266
v -16.611980 -51.727318 0.916945
v -16.792349 -50.319180 0.738505
v -16.434462 -53.085911 1.508178
v -16.970976 -49.844421 2.191379
v -17.063782 -49.235981 0.906852
v -17.260445 -48.677662 1.905320
v -1.930808 -60.830574 0.192301
v -17.892841 -26.582445 -3.623102
v -18.495192 -27.314400 -2.709855
v -18.463982 -26.278416 -2.372081
v -18.885712 -28.150623 -1.966755
v -16.111654 -24.769230 -6.068794
v -16.926331 -39.207085 -4.071930
v -17.412531 -40.419064 -3.064039
v -17.186375 -37.789722 -4.177073
v -16.355116 -36.820278 -5.548346
v -18.281914 -40.315632 -1.549614
v -18.670282 -41.094185 0.250143
v -18.770126 -38.992275 -0.899787
v -18.201904 -37.837070 -2.895685
v -18.773701 -36.791813 -2.178251
v -18.558460 -35.339504 -3.041429
v -19.032211 -33.981251 -2.525024
v -19.407545 -33.804642 -0.704448
v -18.818838 -41.575439 2.022432
v -19.215845 -32.807373 -1.932586
v -18.481081 -32.899605 -3.655749
v -17.431885 -32.881111 -5.096062
v -19.142067 -36.335632 -0.946141
v -19.421625 -36.890915 0.437883
v -19.321026 -38.152714 0.727943
v -19.444077 -35.760620 0.138255
v -9.639487 -53.021851 -6.062602
v -11.012637 -53.335526 -5.732379
v -10.876942 -52.384228 -5.824390
v -10.642233 -62.663357 -5.724187
v -11.223276 -61.829571 -5.377611
v -9.450641 -62.123356 -5.688215
v -10.100084 -61.572392 -5.659438
v -9.916020 -60.703503 -5.622518
v -9.622218 -59.828972 -5.598199
v -11.096334 -61.017048 -5.377384
v -10.511886 -59.378082 -5.494340
v -11.705846 -59.405781 -5.127578
v -9.523262 -10.855205 -6.445021
v -8.476215 -10.866559 -6.877054
v -7.771528 -10.319821 -6.935884
v -13.632766 -12.334664 -3.998201
v -17.978369 -31.910509 -4.417384
v -18.129709 -30.739895 -4.171103
v -18.887371 -30.424673 -2.619099
v -17.281559 -30.510509 -5.404357
v -16.867344 -29.522991 -5.932244
v -2.363526 -65.401695 -0.975813
v -1.181213 -50.061340 0.397962
v -1.298934 -51.079628 0.556602
v -1.505042 -51.629971 -0.483820
v -1.419374 -52.018902 0.623332
v -1.415764 -49.720554 -0.737720
v -1.842437 -49.565098 -1.943218
v -11.449286 -73.467285 -8.293998
v -12.542033 -72.963867 -7.789998
v -14.768601 -9.804152 -0.558559
v -15.099410 -10.365952 0.366159
v -15.354214 -10.459127 1.751182
v -15.356643 -11.479495 0.026241
v -15.158592 -11.902684 -1.184997
v -14.896536 -12.549017 -2.326879
v -15.061136 -13.486383 -3.043402
v -4.038366 -40.758720 -5.571874
v -4.342099 -42.036011 -5.439126
v -9.975606 -65.163765 -6.050392
v -8.587184 -65.531685 -5.917429
v -7.414162 -66.208740 -5.609260
v -7.987836 -67.258148 -5.914955
v -9.494132 -67.441971 -6.476849
v -10.561602 -66.891319 -6.224838
v -11.190840 -65.182678 -5.890984
v -8.856732 -32.819061 -10.801371
v -15.569544 -35.780895 -6.409271
v -15.716982 -12.314255 0.292282
v -17.073799 -19.156448 6.209238
v -1.999322 -63.095844 -0.296258
v -16.835491 -17.126091 -2.893118
v -17.271021 -18.255247 -2.540961
v -17.117773 -19.371075 -3.607856
v -12.400222 -74.190987 -8.204232
v -11.676334 -66.671165 -5.898339
v -12.047654 -66.082909 -5.666450
v -2.871521 -12.768816 -8.159482
v -3.722625 -11.748270 -7.815371
v -3.326865 -10.681504 -7.694353
v -1.842993 -58.684242 0.526730
v -1.811682 -59.487823 -0.401399
v -2.058242 -59.324589 -1.537040
v -15.482791 -77.639503 -0.706570
v -19.116280 -26.428938 2.375999
v -4.701884 -26.318602 -12.185210
v -4.304065 -32.154606 -11.149500
v -8.750493 -19.120354 -10.134623
v -8.661998 -20.223248 -10.554588
v -7.535142 -19.637499 -10.565025
v -13.962762 -15.641545 -5.949855
v -14.563345 -15.126457 -5.035494
v -15.917928 -55.122517 -0.052333
v -15.706120 -55.241295 -1.245968
v -17.608204 -20.024281 -2.565729
v -17.789743 -21.179914 -2.431439
v -19.271698 -26.969700 1.305611
v -19.160107 -26.785254 -0.119434
v -19.246664 -27.420946 2.544940
v -19.345558 -27.857138 -0.153344
v -1.458889 -36.620029 -5.222911
v -2.355089 -47.702251 -3.100279
v -1.571363 -47.603909 -2.018648
v -2.871438 -62.884583 -3.558322
v -2.887689 -64.171432 -3.352546
v -2.280736 -62.148731 -2.390674
v -2.319344 -61.014458 -2.448095
v -3.739102 -63.662186 -4.379931
v -2.421332 -60.056168 -2.567751
v -1.898036 -61.171261 -1.299343
v 0.013082 -42.252243 0.601392
v -0.293346 -42.788006 -0.671998
v -0.804108 -42.112690 -2.015090
v -0.046880 -43.348446 0.936517
v -0.628086 -43.501583 -1.481186
v -1.210840 -44.106155 -2.332370
v -15.931497 -18.604374 -5.101396
v -2.656669 -55.200314 -2.628653
v -2.321859 -56.238132 -2.147542
v -7.647868 -64.887718 -5.693794
v -6.673954 -67.039299 -5.342722
v -5.696100 -67.508293 -4.961913
v -5.592245 -68.522049 -5.132078
v -5.430760 -69.523720 -5.265578
v -8.881947 -6.924696 -6.944157
v -4.030976 -70.248611 -3.589571
v -4.501002 -69.857933 -4.469927
v -2.754497 -66.613907 -2.062146
v -3.183659 -67.309036 -2.748560
v -3.879343 -67.324799 -3.727431
v -4.276261 -66.686668 -4.315996
v -4.615877 -65.892838 -4.664673
v -3.496169 -65.781273 -3.874234
v -5.851166 -65.889320 -5.168890
v -5.209294 -65.091339 -5.129622
v -2.894085 -65.910217 -2.854239
v -3.176172 -64.977272 -3.695870
v -18.404558 -43.388538 2.305533
v -18.002615 -19.415537 3.916643
v -18.132864 -18.922565 2.797374
v -13.594224 -75.045532 -7.663483
v -14.892632 -74.813881 -6.044811
v -10.703341 -70.960495 -7.673199
v -15.249372 -10.565563 4.095076
v -14.364230 -32.655876 -8.315288
v -17.471676 -46.534107 0.278180
v -16.980564 -47.418568 -0.674694
v -16.882942 -48.477928 -0.483856
v -5.416469 -61.910843 -5.196733
v -12.853476 -68.256516 -5.938583
v -11.055773 -10.603902 -5.498931
v -11.507490 -9.351731 -5.199975
v -19.691795 -33.360992 0.652094
v -17.220970 -46.720493 5.413971
v -15.413109 -72.321266 -1.350863
v -15.430998 -71.925323 -3.008907
v -15.482996 -71.371964 -2.076056
v -15.650734 -74.155525 -1.764561
v -16.492006 -13.601392 2.132763
v -16.894831 -14.553695 2.244133
v -17.260077 -15.350835 1.247966
v -17.360495 -15.752166 2.298762
v -17.594316 -16.801308 2.979378
v -18.597864 -21.992952 2.358988
v -18.590591 -21.686514 0.998946
v -18.605143 -22.911106 2.586573
v -17.902739 -17.875816 0.085728
v -14.849870 -7.693445 3.824476
v -5.429199 -49.440697 -5.366108
v -8.287763 -51.345730 -6.046285
v -9.293321 -63.823982 -5.862588
v -8.140244 -63.365143 -5.671119
v -10.146651 -63.432304 -5.841242
v -7.867887 -15.920345 -8.978794
v -14.945348 -9.208554 0.259339
v -15.639919 -73.500618 -2.915364
v -15.539631 -57.656040 2.500183
v -3.535519 -16.112421 -9.485333
v -4.290493 -15.388201 -9.134847
v -5.521023 -15.286623 -9.006973
v -6.045763 -16.134535 -9.326292
v -5.362684 -17.059952 -9.766596
v -4.338861 -17.631622 -10.076025
v -8.649412 -30.145529 -11.446594
v -8.073760 -31.080286 -11.391815
v -6.678050 -31.123011 -11.624862
v -14.103786 -63.804249 -3.120514
v -13.555748 -64.087341 -3.910320
v -0.619052 -35.148987 -7.321221
v -6.768353 -76.201080 -8.276722
v -5.693445 -75.439384 -7.468216
v -4.320583 -75.563492 -5.704259
v -4.419023 -76.642540 -6.217733
v -16.468399 -51.709408 3.344424
v -1.698241 -55.560829 1.613672
v -8.182611 -46.422009 -6.152807
v -13.716548 -54.688980 -4.182823
v -14.637172 -54.704601 -3.185222
v -15.564600 -45.719036 -3.539448
v -17.831110 -28.653622 -4.381770
v -18.430315 -29.424736 -3.612164
v -13.967375 -65.085022 -3.603130
v -15.422086 -58.898178 -0.165435
v -7.690359 -33.222618 -10.785583
v -14.448179 -5.993073 -0.085934
v -18.909580 -33.110718 5.608549
v -18.664671 -38.096382 5.728058
v -18.090685 -24.722218 5.774219
v -15.891901 -77.778809 -2.173146
v -15.966377 -75.824593 -2.703662
v -15.805623 -74.883255 -3.032739
v -14.968481 -59.478497 3.775515
v -3.503488 -68.490898 0.157705
v -0.774649 -29.678167 -11.608397
v -0.075832 -38.111980 0.976955
v -4.129484 -78.111687 -1.895587
v -3.948005 -78.780289 -2.559675
v -3.983564 -72.174461 -1.101379
v -1.685704 -54.029495 3.373809
v -1.101343 -49.235657 3.968778
v -1.458375 -7.115460 -7.677287
v -0.680838 -8.193852 -7.295315
v -3.932094 -7.144203 -7.870578
v -12.758384 -6.140576 -3.667224
v -0.320660 -45.533772 4.209996
v -0.642921 -20.215853 -11.015485
v -0.642977 -33.348419 -9.716631
v -18.039753 -41.838573 5.838353
v 0.347215 -39.496731 1.870592
v -15.307559 -63.984592 0.676597
v -0.267432 -39.845467 3.769105
v -0.069146 -38.496029 2.735380
v -14.840805 -11.773590 6.331195
v -1.004234 -37.359154 -3.686394
v -0.909619 -38.253044 -3.042640
v -2.158288 -34.874596 -8.228736
v -2.957740 -35.740089 -7.428435
v -2.334419 -34.239807 -9.101007
v -1.780375 -36.032829 -6.367924
v -3.618897 -9.006121 -7.696228
v -5.474293 -9.938466 -7.453992
v -13.088125 -7.937205 -3.578972
v -18.944712 -30.598719 5.102815
v -17.865011 -22.409237 5.497503
v -1.363751 -52.357357 2.054313
v -0.130428 -43.730686 2.417308
v -3.748307 -70.772392 -2.114842
v -2.545465 -21.948866 -11.504557
v -15.254569 -60.622913 2.202385
v -18.204731 -43.351559 4.190817
v -19.319660 -31.251799 4.051308
v -19.565517 -32.805325 3.236891
v -19.758360 -31.135387 2.463714
v -19.679924 -30.263216 1.859197
v -19.605158 -30.134945 0.417888
v -19.778160 -31.930664 1.860084
v -19.705626 -31.849283 0.585337
v -19.323927 -31.534992 -1.651927
v -18.796679 -39.772720 4.215974
v -19.163269 -38.104420 3.388126
v -19.101225 -39.652737 2.390159
v -19.043173 -40.519352 1.740808
v -18.788143 -24.679586 3.414255
v -19.004667 -25.437227 1.965582
v -0.284590 -44.638496 0.562612
v -0.262976 -45.289890 1.473512
v -0.599329 -44.835869 -0.543782
v -18.982815 -27.766130 4.094640
v -15.153498 -62.907494 1.725603
v -15.361824 -61.951771 1.322357
v -15.870643 -76.503540 -3.637649
v -15.120236 -67.087029 -0.542153
v -14.926060 -67.341728 0.803815
v -3.825052 -77.253235 -3.521837
v -3.905105 -73.220833 -2.924522
v -3.894870 -73.862709 -3.817918
v -4.054223 -77.454559 -5.345145
v -14.299203 -7.243686 5.594478
v -2.123421 -14.537526 -8.868218
v -0.250578 -38.228222 -1.430901
v -0.123793 -38.676109 -0.180874
v -14.875794 -7.113125 1.597158
v -14.712574 -7.815218 -0.120121
v -18.396488 -22.954233 4.439640
v -14.983377 -68.716904 -0.209876
v -15.163708 -68.489357 -1.403056
v -15.259701 -69.015762 -2.066462
v -13.961670 -7.251503 -2.009286
v -14.435278 -8.670133 -1.341132
v -3.468546 -69.616707 -1.641406
v -3.687016 -68.842735 -3.228345
v -4.198291 -68.438385 -4.011786
v -3.704274 -69.601540 -3.112937
v -0.564860 -47.284718 2.619817
v -0.383722 -46.243851 2.654109
v -15.085269 -66.065460 -0.581084
v -15.048861 -65.915833 0.257798
v -15.189131 -64.735542 -0.332976
v -16.393045 -14.168928 4.452040
v -9.063436 -76.669350 -9.022087
v -7.850511 -76.784012 -8.841570
v -13.354367 -7.240358 -3.013832
v -17.707628 -46.283390 3.025549
v -18.125399 -44.575897 2.670887
v -18.030973 -45.330288 1.897965
v -18.143694 -43.608063 0.181831
v -18.183306 -42.549850 -0.405605
v -17.571346 -47.417934 1.771737
v -19.401489 -29.501593 3.355253
v -19.508381 -28.793121 1.013558
v -19.326971 -29.505236 -1.268985
v -15.448521 -12.475653 5.201269
v -15.544122 -11.736534 4.116361
v -15.697078 -11.670951 2.346238
v -15.987840 -12.404869 1.489302
v -1.793588 -57.473042 -0.085867
v -2.091775 -57.488674 -1.373928
v -2.216888 -58.310890 -1.955221
v -8.645576 -8.877281 -6.798987
v -6.932479 -9.521822 -7.205463
v -10.460588 -9.163696 -5.947127
v -9.629706 -9.789590 -6.311249
v -1.730717 -42.163849 -3.505821
v -2.003013 -43.087021 -3.681890
v -2.285842 -41.492451 -4.297510
v -19.708038 -34.672493 2.567576
v -19.489235 -36.933739 2.376415
v -16.449039 -13.782909 0.352828
v -15.987609 -13.101895 -0.369570
v -16.430235 -14.832001 -1.764640
v -15.884365 -13.785388 -1.732894
v -16.772741 -14.584834 -0.129961
v -17.136726 -16.142942 -1.441755
v -17.448586 -16.291214 -0.079718
v -2.180681 -64.277290 -1.515418
v -2.628310 -31.664543 -11.111631
v -4.540578 -30.930140 -11.597379
v -5.617461 -30.509663 -11.775332
v -2.667005 -27.937325 -11.977598
v -1.134927 -50.801250 2.266709
v -1.848490 -55.484543 -0.561446
v -1.829647 -54.594723 -0.570836
v -18.256981 -21.455944 4.095834
v -18.505341 -20.544174 2.022375
v -6.707341 -17.752121 -9.945953
v -6.333496 -18.714338 -10.381527
v -3.737847 -14.586315 -8.833333
v -4.301734 -13.789737 -8.478992
v -5.557575 -13.609304 -8.327914
v -11.682339 -75.458237 -8.733076
v -10.267623 -75.073418 -8.863285
v -8.093059 -75.183121 -8.625506
v -9.004739 -73.981277 -8.518112
v -8.061382 -74.393517 -8.449894
v -8.976471 -73.081024 -8.299172
v -10.139915 -72.651161 -8.307203
v -10.020177 -71.690735 -8.014437
v -14.053732 -10.767097 -2.350624
v -14.512468 -11.020515 -1.696554
v -1.612014 -45.724564 -2.526116
v -1.238698 -46.738964 -1.605607
v -2.371991 -46.234234 -3.395509
v -3.253577 -45.676075 -4.466908
v -4.316680 -46.226852 -4.997586
v -3.241732 -44.650581 -4.557929
v -4.221139 -44.279106 -5.145177
v -5.201262 -44.699039 -5.621846
v -5.302794 -46.580505 -5.491871
v -5.165010 -45.702984 -5.479404
v -6.989387 -45.212090 -6.049790
v -7.755374 -44.281937 -6.222908
v -7.035694 -43.438225 -6.177977
v -3.645630 -47.281326 -4.578483
v -4.256264 -47.971390 -4.851433
v -3.876717 -48.699841 -4.617829
v -5.242293 -47.897022 -5.355548
v -5.616518 -43.453194 -5.941483
v -5.141077 -42.621521 -5.857095
v -2.754758 -33.308807 -10.239448
v -2.193520 -37.394600 -5.076932
v -3.004478 -37.242054 -5.911661
v -3.544316 -37.918804 -5.930013
v -3.167396 -36.485699 -6.682559
v -4.585100 -36.635067 -7.261935
v -5.383626 -36.233074 -7.935889
v -2.740971 -38.800060 -5.043896
v -1.907032 -38.417469 -4.269533
v -2.672202 -39.741447 -4.874374
v -1.921265 -40.256161 -4.087523
v -3.512673 -40.033905 -5.443088
v -4.274254 -39.062687 -6.169899
v -5.318495 -38.843498 -6.547380
v -12.538536 -9.716238 -4.220526
v -18.335812 -21.039835 -0.406679
v -18.237606 -19.821627 -0.056630
v -12.648601 -51.737701 -5.245341
v -13.342916 -52.716660 -4.678962
v -7.238229 -68.642799 -6.166975
v -8.278121 -69.738197 -7.065516
v -9.732531 -68.838242 -7.041787
v -11.036171 -69.138306 -7.006917
v -11.402336 -69.967102 -7.245139
v -12.487917 -69.796059 -6.747696
v -9.265706 -68.121765 -6.736508
v -15.366711 -73.148003 -4.693814
v -15.249804 -74.057343 -5.267819
v -14.795197 -72.280701 -5.469031
v -14.937037 -71.597061 -5.016083
v 0.114741 -39.665707 -0.218091
v -0.433564 -39.455048 -1.742670
v -13.207999 -71.386131 -6.927320
v -12.001160 -71.440567 -7.600140
v -13.883109 -73.182007 -7.057012
v -14.389132 -74.026871 -6.631536
v -15.061057 -8.398027 1.553298
v -2.770826 -25.068134 -12.007316
v -7.797837 -24.371691 -11.741258
v -8.893579 -23.558449 -11.353671
v -9.950744 -23.841204 -10.981378
v -10.750720 -22.804546 -10.440222
v -2.878550 -23.190443 -11.762542
v -11.698880 -24.350857 -10.215810
v -6.568701 -20.603102 -11.053351
v -4.347406 -18.730442 -10.506084
v -3.050278 -19.833652 -10.937001
v -8.635512 -25.295773 -11.628056
v -10.832476 -25.868210 -10.756678
v -11.940207 -25.511322 -10.114447
v -10.358702 -31.212004 -10.755879
v -11.335369 -30.578257 -10.415399
v -10.342227 -32.166710 -10.555172
v -11.456812 -32.579487 -10.024218
v -11.640661 -33.628235 -9.592708
v -12.472996 -34.632408 -8.868672
v -12.635012 -32.140293 -9.547482
v -13.679942 -34.296970 -8.254524
v -14.785666 -33.725006 -7.675668
v -11.551896 -35.329132 -8.726768
v -12.391843 -31.150543 -9.855022
v -13.264682 -29.738798 -9.336390
v -13.900080 -29.071659 -8.906192
v -14.441322 -30.988382 -8.374823
v -16.289942 -32.256897 -6.526857
v -15.464352 -32.829376 -7.342977
v -14.406219 -23.364611 -7.864025
v -15.952101 -22.676039 -6.019291
v -16.748140 -22.155218 -4.774075
v -16.589428 -21.124569 -4.817311
v -9.860213 -33.960953 -10.142694
v -9.253761 -34.806038 -9.794468
v -17.038828 -34.242058 -5.366458
v -15.944002 -34.588989 -6.593725
v -15.496781 -20.565367 -6.296836
v -15.058160 -19.684452 -6.585725
v -14.724306 -25.788128 -7.843616
v -16.841263 -24.340868 -4.940001
v -17.259146 -23.242485 -4.098517
v -17.799013 -23.467781 -2.930517
v -7.091410 -26.346897 -12.031904
v -16.291370 -31.179188 -6.679235
v -18.366884 -25.230312 -2.159949
v -15.388499 -61.028618 0.531289
v -14.730706 -60.416485 -2.006390
v -14.996083 -59.767548 -1.702948
v -12.874100 -60.779324 -4.310430
v -11.926369 -60.570267 -5.088103
v -6.540801 -37.309761 -7.507661
v -7.655746 -36.847855 -8.081187
v -9.734804 -36.944988 -8.182674
v -12.147370 -36.569077 -7.929268
v -13.325748 -36.614342 -7.487521
v -6.837389 -35.734882 -8.851851
v -6.121317 -33.979763 -10.428856
v -13.930601 -35.623161 -7.489372
v -14.041216 -39.200722 -6.218872
v -15.086178 -38.810631 -5.760664
v -14.825517 -39.745270 -5.644703
v -13.299684 -38.254425 -6.862146
v -13.031114 -39.955788 -6.430159
v -12.241250 -41.407970 -6.363330
v -13.096352 -40.848083 -6.129405
v -14.032999 -41.999416 -5.411030
v -15.910892 -41.029480 -4.518956
v -16.588921 -40.261345 -4.050530
v -13.301556 -43.343327 -5.398664
v -12.508615 -44.989883 -5.588171
v -12.313807 -46.077236 -5.603587
v -16.378216 -42.447765 -3.580448
v -15.972307 -43.297138 -3.704204
v -17.157347 -42.220280 -2.788932
v -17.535538 -42.957394 -1.984511
v -14.374429 -44.425453 -4.759938
v -11.505405 -43.410576 -5.998109
v -9.633636 -42.764919 -6.372377
v -9.618689 -43.578865 -6.301732
v -8.762086 -42.391895 -6.559027
v -10.619057 -43.911190 -6.128725
v -10.733313 -44.690502 -6.065105
v -9.845557 -45.239407 -6.192126
v -10.886373 -46.536545 -5.926027
v -10.671474 -47.509647 -5.973622
v -15.287136 -62.240589 -0.030128
v -15.148499 -61.602417 -0.979239
v -15.080974 -63.039562 -1.417867
v -15.215027 -63.278931 -0.258420
v -6.151243 -41.717499 -6.196645
v -1.548422 -52.995087 0.125348
v -1.503092 -53.785515 1.094056
v -5.194623 -53.176254 -5.152239
v -5.558973 -54.530502 -5.238569
v -3.788334 -56.323677 -4.096479
v -3.137832 -56.854664 -3.321648
v -3.286721 -57.838596 -3.636084
v -2.953981 -58.580971 -3.295223
v -5.993746 -56.101284 -5.369984
v -6.237322 -56.904594 -5.380096
v -6.727217 -55.548512 -5.572334
v -7.858925 -55.921345 -5.734722
v -7.860275 -56.762024 -5.677284
v -8.409641 -58.316338 -5.633702
v -7.190739 -58.043186 -5.560993
v -8.797124 -57.242138 -5.684732
v -8.381635 -59.252331 -5.599085
v -7.434800 -59.564541 -5.540834
v -10.751123 -57.888432 -5.470684
v -9.945024 -58.429710 -5.630216
v -11.162301 -55.971432 -5.470877
v -11.474429 -56.885574 -5.289570
v -9.655686 -56.152859 -5.768515
v -8.884687 -54.595493 -5.892293
v -10.454150 -54.905373 -5.751892
v -9.309693 -48.933704 -6.234342
v -8.804620 -48.206436 -6.180069
v -7.754901 -48.351475 -6.057765
v -12.574641 -58.003185 -4.681881
v -13.803692 -57.689617 -3.631912
v -12.207906 -55.668671 -5.189838
v -12.317028 -54.871185 -5.204209
v -11.508927 -54.349209 -5.533674
v -17.063179 -43.986053 -2.343013
v -16.461420 -45.081600 -2.710002
v -17.342505 -45.456802 -0.945324
v -17.576542 -44.603867 -0.782568
v -15.992320 -51.027275 -1.953184
v -5.037658 -60.417656 -5.056615
v -3.627813 -61.012360 -4.211159
v -3.787429 -59.551048 -4.239826
v -3.069956 -59.393883 -3.458030
v -4.073454 -60.319641 -4.551483
v -5.279018 -57.379902 -5.089987
v -4.503739 -58.808632 -4.718159
v -5.146897 -63.111320 -5.137438
v -6.358390 -64.410141 -5.396127
v -13.453575 -60.064232 -3.707156
v -8.521194 -71.563103 -7.792294
v -6.604771 -71.379639 -6.862934
v -7.448138 -70.735924 -7.154395
v -6.984356 -70.107704 -6.638004
v -6.018272 -70.015617 -5.948785
v -5.444420 -70.641144 -5.621137
v -7.844468 -72.302055 -7.899661
v -4.973546 -73.770882 -6.164186
v -4.399261 -74.590004 -5.641284
v -4.311990 -73.015854 -4.805946
v -3.863246 -71.731247 -3.335915
v -4.392308 -72.174225 -4.665292
v -14.277157 -61.302097 -2.644886
v -12.738340 -62.276814 -4.527512
v -13.796422 -62.766052 -3.372727
v -12.822629 -63.339954 -4.645754
v -12.058533 -64.155457 -5.378954
v -8.063678 -61.440685 -5.588471
v -7.020720 -61.543987 -5.528018
v -0.156416 -40.597549 1.985982
v -0.112007 -41.981750 2.452034
v 0.036008 -41.079372 0.144457
v -6.293492 -32.385811 -11.320806
v -3.334522 -43.053333 -4.741154
v -13.331871 -69.268677 -6.117351
v -11.657171 -68.169174 -6.471421
v -10.743979 -67.592598 -6.505332
v -14.232148 -70.764954 -5.730972
v -13.510144 -70.728477 -6.551722
v -11.834849 -22.648783 -9.864449
v -15.382815 -16.713083 -4.974347
v -15.813618 -17.545710 -4.817575
v -11.793155 -17.302387 -8.237615
v -12.407109 -16.554810 -7.560380
v -16.183113 -16.030437 -3.467232
v -15.303856 -14.639839 -3.742814
v -17.297499 -27.690016 -4.994480
v -14.166580 -69.760605 -5.357322
v -15.030869 -70.458023 -4.141664
v -15.208350 -71.275688 -3.884358
v -15.076224 -69.859367 -3.504043
v -14.918559 -68.633377 -3.398203
v -12.740258 -67.237930 -5.577188
v -7.397313 -12.449776 -7.653353
v -9.745562 -11.969658 -6.731215
v -5.182229 -12.059210 -7.822670
v -14.911619 -67.503143 -2.585307
v -16.133690 -54.946198 1.154898
v -14.658061 -56.421375 -2.737927
v -15.498629 -58.616325 1.861376
v -16.111591 -53.521152 -0.278780
v -16.070818 -52.783619 -0.997564
v -15.097322 -70.766113 -0.662243
v -16.529953 -50.405304 -0.453857
v -16.313784 -53.922493 1.295149
v -16.737818 -50.477104 3.115083
v -15.978723 -23.811749 -6.117063
v -16.175901 -39.164219 -4.901184
v -17.479155 -39.583054 -3.273686
v -17.517403 -38.734219 -3.484853
v -16.533678 -37.607876 -5.036418
v -17.075466 -36.906189 -4.621982
v -15.689502 -37.493317 -5.829249
v -17.943377 -40.996449 -2.211437
v -18.363104 -41.038834 -0.822662
v -18.681429 -40.154846 -0.384368
v -18.428419 -39.465981 -1.680278
v -18.544880 -38.549969 -1.968711
v -17.673361 -35.191071 -4.303679
v -18.529617 -34.462643 -3.278384
v -18.994112 -34.865597 -2.244544
v -18.934425 -35.793182 -1.979039
v -18.754539 -41.802067 0.976762
v -18.647802 -41.534111 3.397170
v -19.062132 -38.857765 0.169278
v -19.498161 -34.723278 0.050935
v -1.882017 -50.458210 -1.752869
v -15.375767 -10.591292 2.740616
v -3.554480 -41.539837 -5.077031
v -9.749316 -65.926758 -6.152020
v -8.151395 -66.665703 -5.855701
v -7.866529 -67.981270 -6.195453
v -1.913300 -62.631584 -1.304294
v -17.627708 -17.943508 -1.449037
v -16.642187 -20.086008 -4.532348
v -3.832282 -12.583475 -8.058435
v -4.294112 -10.642202 -7.624533
v -2.501778 -10.154054 -7.696777
v -17.557070 -19.114067 -2.372769
v -17.982397 -22.169828 -2.204928
v -1.799702 -48.460686 -2.162127
v -3.370133 -62.280796 -4.040322
v -4.060305 -61.842457 -4.590828
v -2.632574 -63.466999 -3.019709
v -2.400723 -64.061653 -2.458338
v -2.820207 -60.774044 -3.343956
v -4.394302 -64.321686 -4.765983
v -1.967785 -44.446125 -3.284608
v -6.065104 -69.042770 -5.630670
v -5.094330 -69.011467 -4.780245
v -6.533528 -66.405479 -5.305528
v -15.167612 -75.855545 -5.910679
v -15.644595 -76.356339 -4.873421
v -9.748684 -70.385742 -7.593768
v -11.808338 -8.463675 -5.031996
v -11.650211 -7.586258 -5.141689
v -15.510935 -72.632057 -3.141280
v -17.245823 -16.043859 3.617855
v -18.730618 -23.621954 1.940165
v -18.066349 -18.707407 -0.147160
v -18.084858 -18.067167 1.387907
v -7.297174 -62.746830 -5.537983
v -6.918245 -15.600637 -8.980134
v -5.009277 -75.187439 -6.558757
v -5.001403 -75.996872 -6.767067
v -3.850923 -75.715805 -4.256763
v -7.031315 -46.726894 -5.997639
v -14.683290 -53.913246 -3.276086
v -15.479142 -59.570438 0.534504
v -5.827422 -10.704636 -7.364873
v -5.479208 -9.084863 -7.387456
v -5.801657 -8.198336 -7.492491
v -3.652053 -22.365469 -11.620244
v -19.542801 -31.384556 -0.498698
v -19.342607 -38.753468 1.820117
v -15.122536 -63.656227 1.500784
v -15.056961 -67.929771 -0.605370
v -15.095897 -64.679977 -1.343002
v -16.752348 -14.904354 4.202703
v -16.672640 -14.348229 3.361060
v -18.016743 -44.487240 0.436827
v -17.742544 -17.011415 0.522834
v -5.795260 -14.415474 -8.618685
v -7.769501 -42.845219 -6.325887
v -5.210821 -35.546986 -8.573591
v -6.199458 -39.192337 -6.725791
v -13.106663 -53.559673 -4.780464
v -15.502622 -74.898705 -4.974470
v -13.403717 -32.723042 -8.963587
v -13.893612 -33.454838 -8.399859
v -10.582934 -35.740028 -8.760856
v -17.243048 -21.636974 -3.888231
v -8.076169 -34.850147 -9.791521
v -9.231535 -45.985386 -6.263575
v -13.229572 -58.534813 -4.069786
v -15.044133 -70.131180 -0.367301
v -15.379688 -36.658127 -6.278427
v -18.753494 -37.682091 -1.759330
v -17.283443 -35.993336 -4.656202
v -17.909698 -17.206741 1.918311
v 4.624208 -80.348213 -0.792146
v 5.674976 -80.366356 0.422497
v 7.017543 -80.312492 1.367758
v 8.545253 -80.178108 2.031980
v 10.199279 -79.987831 2.492978
v 11.914669 -79.695396 2.480813
v 13.585604 -79.337158 1.559484
v 14.939986 -78.902428 0.158891
v 14.935572 -77.861076 0.338945
v 14.905307 -76.767441 0.523307
v 14.818488 -75.750366 0.628635
v 14.715426 -74.780869 0.796168
v 14.625031 -73.832031 0.913965
v 14.518673 -72.901649 1.039426
v 14.282374 -72.004150 1.280430
v 14.124053 -71.143166 1.438520
v 14.012858 -70.212875 1.670331
v 13.840766 -69.287613 1.928768
v 13.712044 -68.344742 2.212514
v 13.651498 -67.384392 2.491726
v 13.629261 -66.402077 2.743081
v 13.684981 -65.415642 2.992863
v 13.758900 -64.408066 3.208957
v 13.903390 -63.401714 3.464666
v 14.091272 -62.383820 3.754561
v 14.235518 -61.314976 3.996271
v 14.390223 -60.224514 4.223612
v 14.535423 -59.112431 4.460022
v 14.671413 -57.986938 4.664243
v 14.805561 -56.840958 4.858649
v 14.990005 -55.692478 5.069099
v 15.155281 -54.528095 5.274915
v 15.359049 -53.363537 5.497203
v 15.572275 -52.185001 5.711479
v 15.790530 -50.995697 5.909853
v 16.019686 -49.801510 6.103658
v 16.257000 -48.597569 6.273741
v 16.501839 -47.388329 6.441945
v 16.753456 -46.169613 6.590171
v 16.988255 -44.939938 6.707025
v 17.179947 -43.693691 6.788607
v 17.410362 -42.452579 6.851400
v 17.619570 -41.205090 6.875926
v 17.801559 -39.953236 6.884945
v 17.962881 -38.700359 6.871722
v 18.116667 -37.450172 6.858033
v 18.267885 -36.204746 6.865149
v 18.385710 -34.960701 6.884599
v 18.421249 -33.717403 6.883495
v 18.414219 -32.483971 6.891190
v 18.395956 -31.257828 6.917112
v 18.330849 -30.041031 6.958192
v 18.281517 -28.825338 7.046734
v 18.252563 -27.585333 7.044372
v 18.041563 -26.400810 7.062828
v 17.830658 -25.246204 7.100083
v 17.570183 -24.124729 7.184429
v 17.300638 -23.019453 7.234411
v 17.111158 -21.952398 7.337541
v 16.948729 -20.846107 7.481797
v 16.691164 -19.738565 7.590704
v 16.374069 -18.665241 7.712834
v 16.060829 -17.593134 7.803971
v 15.733417 -16.526209 7.885979
v 15.358282 -15.477530 7.947666
v 14.981136 -14.425541 7.994884
v 14.562360 -13.391471 8.009923
v 14.187377 -12.337265 8.028370
v 13.827661 -11.272775 8.037766
v 13.505163 -10.194422 8.035411
v 13.291493 -9.099039 8.045326
v 13.106750 -8.013379 8.013463
v 12.933626 -6.952584 7.995039
v 12.745366 -5.948867 7.961405
v 11.772055 -5.927425 9.165236
v 10.783967 -5.979867 10.199348
v 9.785011 -6.066577 11.139550
v 8.812317 -6.152923 12.079548
v 7.830792 -6.232907 12.966111
v 6.809092 -6.313122 13.769505
v 5.731743 -6.379480 14.465732
v 4.584935 -6.444676 14.993820
v 3.378622 -6.479818 15.355656
v 2.180573 -6.494015 15.692070
v 0.935420 -6.466875 15.620091
v 0.419502 -38.812595 4.834255
v 0.414672 -39.928947 4.881675
v 0.384889 -41.107552 4.993810
v 0.443949 -42.340115 5.055760
v 0.605772 -43.584038 5.052199
v 0.700069 -44.837246 5.049344
v 0.802431 -46.094456 5.028205
v 0.954683 -47.347775 4.989906
v 1.182053 -48.584686 4.917875
v 1.430955 -49.810940 4.814888
v 1.617984 -51.042408 4.693567
v 1.771381 -52.268223 4.560753
v 1.923362 -53.483532 4.418999
v 2.045698 -54.696121 4.264031
v 2.121791 -55.910599 4.101354
v 2.214343 -57.110748 3.908357
v 2.305650 -58.314404 3.705106
v 2.454218 -59.502026 3.477456
v 2.553870 -60.688168 3.254911
v 2.738996 -61.838154 2.987052
v 2.874985 -62.981590 2.722548
v 3.003430 -64.109108 2.472397
v 3.236449 -65.191727 2.176417
v 3.285268 -66.301125 1.988925
v 3.485560 -67.345222 1.711732
v 3.661325 -68.366081 1.413327
v 3.815288 -69.345573 1.076638
v 3.935331 -70.328308 0.780881
v 4.070858 -71.301857 0.524458
v 4.174916 -72.273476 0.299323
v 4.269001 -73.228867 0.067681
v 4.375721 -74.172195 -0.179209
v 4.423490 -75.137573 -0.354637
v 4.470142 -76.126450 -0.472194
v 4.497254 -77.145348 -0.557153
v 4.535766 -78.186691 -0.642529
v 4.574860 -79.247391 -0.733877
v 8.369037 -43.399738 12.724794
v 10.936750 -34.407352 13.302979
v 8.237444 -51.823036 10.906529
v 8.608667 -70.370827 4.515431
v 8.157475 -65.314293 7.059002
v 9.784374 -26.884550 12.337904
v 6.704199 -12.544992 15.034538
v 9.144416 -19.971598 13.999496
v 6.304582 -56.906235 8.781526
v 9.153701 -75.822914 3.032289
v 10.342364 -10.474855 11.787445
v 3.152650 -44.107204 10.245543
v 13.075574 -46.534256 11.391567
v 13.810550 -40.159184 12.097838
v 5.959208 -38.161613 12.785040
v 14.578068 -31.504189 11.557585
v 6.595538 -30.922308 12.999542
v 11.824625 -16.521250 12.035871
v 12.641104 -22.863308 11.344557
v 10.183573 -60.669319 8.155288
v 11.428298 -56.116302 9.019648
v 4.058138 -51.865993 8.664123
v 12.893215 -51.456745 9.754892
v 5.507317 -61.731987 6.974442
v 5.486664 -24.526896 14.387827
v 5.220340 -16.752731 16.200043
v 15.371982 -36.463753 10.864690
v 1.432571 -40.085056 9.512620
v 10.638088 -72.732773 3.437098
v 11.011388 -68.342171 5.306584
v 5.932808 -67.354500 4.975316
v 14.588023 -26.983692 10.565067
v 3.915082 -10.126625 15.730936
v 4.718744 -20.783806 15.939311
v 5.128235 -34.606434 13.026749
v 13.281091 -19.606819 11.111943
v 3.263139 -48.062763 9.116369
v 6.728235 -72.158302 2.994933
v 11.451235 -64.097206 6.361661
v 7.436106 -9.409406 13.890391
v 12.079399 -13.258708 11.049573
v 15.240451 -42.877777 10.181090
v 4.358219 -28.294395 13.530919
v 3.664262 -55.572002 7.169392
v 12.651543 -58.533691 7.374178
v 3.269042 -14.281248 16.540001
v 7.184350 -77.898445 1.933691
v 3.248270 -36.581295 12.168538
v 13.647501 -53.915455 8.233234
v 14.524126 -49.122684 9.099218
v 4.717438 -63.930424 5.281384
v 4.044672 -59.222431 6.332819
v 11.997534 -77.424614 2.814662
v 16.243465 -39.112106 9.790821
v 16.558733 -34.079319 9.846523
v 11.824105 -70.969490 3.615190
v 12.024644 -74.477348 3.134972
v 5.615500 -69.197380 3.420371
v 15.255615 -24.770458 9.755492
v 16.297766 -29.236643 9.913206
v 6.393285 -74.921265 2.051595
v 11.286831 -8.311543 10.287033
v 1.732178 -45.523117 7.987968
v 1.171556 -42.945164 8.156300
v 3.589422 -31.936861 13.046875
v 11.965838 -66.193863 5.248683
v 12.465535 -61.942207 6.319452
v 15.441574 -45.447987 9.395305
v 9.383146 -8.401100 12.018399
v 12.215722 -11.063309 10.135444
v 14.032923 -17.340124 10.199424
v 14.903978 -21.596550 9.864259
v 2.858048 -18.254147 16.820250
v 13.481868 -15.229437 10.192993
v 16.876932 -31.661411 9.441360
v 13.656850 -56.262150 7.340997
v 3.032475 -25.905933 14.809277
v 2.949506 -23.420523 15.675026
v 2.782662 -53.041351 6.839446
v 2.504004 -50.549320 7.141146
v 2.218577 -11.801430 16.305628
v 3.796382 -61.541920 5.198334
v 5.204139 -8.395412 15.015270
v 2.725958 -8.494324 15.714788
v 14.729612 -51.589111 8.005081
v 1.495972 -38.070103 9.914574
v 4.566538 -66.000076 3.881411
v 17.034023 -36.647861 8.967918
v 12.449018 -69.123718 3.822009
v 12.742080 -72.645424 2.627135
v 1.824446 -48.052021 7.131973
v 5.259573 -71.065788 2.207636
v 5.531168 -72.997055 1.826435
v 2.524477 -29.456373 13.440443
v 0.351425 -40.425095 7.357913
v 16.603138 -26.955908 8.964569
v 2.267428 -20.890566 16.506817
v 2.516183 -34.131081 12.894428
v 15.073107 -19.392170 9.448988
v 16.598188 -41.720940 8.868333
v 2.892354 -56.713242 5.804667
v 13.402349 -59.689983 5.989302
v 1.883653 -15.676208 16.897263
v 13.380268 -13.046481 9.567808
v 5.961824 -78.878731 0.916499
v 8.988156 -78.740082 2.466780
v 5.770779 -76.830681 1.118140
v 12.773371 -64.006310 4.878538
v 15.617653 -47.968231 8.145095
v 7.410848 -7.787756 13.582685
v 13.242757 -75.397346 2.190250
v 4.655637 -68.024620 2.871318
v 16.074301 -23.656771 8.772780
v 0.917485 -44.241749 6.955962
v 12.684211 -67.095207 4.044792
v 12.311571 -8.839932 9.303004
v 16.349617 -44.262379 8.432354
v 10.330251 -7.389532 10.916370
v 1.939053 -27.148237 14.656916
v 1.852310 -24.693115 15.514140
v 1.317132 -9.388601 15.895609
v 0.079350 -38.835342 6.983265
v 14.526132 -16.170975 9.301838
v 14.367326 -55.097893 6.673516
v 13.947472 -57.403984 6.199635
v 1.457923 -36.954967 11.127504
v 17.384268 -30.528818 8.478569
v 17.469862 -32.967472 8.418855
v 1.393801 -13.134178 16.616518
v 3.712471 -63.732250 3.923121
v 3.014786 -59.086578 4.989281
v 2.235362 -51.744743 6.147562
v 2.475858 -54.217800 5.855956
v 3.443894 -38.946907 11.464904
v 5.559836 -41.326866 12.280660
v 4.022485 -7.742588 15.393714
v 1.500493 -7.780826 15.747675
v 0.363153 -41.717209 6.805936
v 1.745827 -35.081337 12.622036
v 1.857618 -32.928539 12.987161
v 15.281712 -50.384338 7.440621
v 14.834089 -52.766216 7.019174
v 1.809109 -30.595108 13.171343
v 4.162855 -30.616222 13.087864
v 17.170519 -39.224464 8.288389
v 13.087725 -70.826187 2.611696
v 17.530434 -35.458004 8.266792
v 1.744002 -49.272106 6.351260
v 1.208384 -46.777622 6.552119
v 1.585027 -22.186140 16.321016
v 1.490390 -19.614113 16.856890
v 4.396941 -57.486412 7.365314
v 6.246732 -59.263203 8.080163
v 13.419824 -73.451653 2.033310
v 4.690600 -69.997169 1.991632
v 4.927868 -71.972733 1.528594
v 5.129502 -73.889709 1.179041
v 0.605438 -38.230774 8.458196
v 12.403361 -78.586014 2.635619
v 13.659081 -77.384888 1.718424
v 7.591339 -73.677505 2.909355
v 16.843958 -25.830284 8.363477
v 17.311947 -28.153402 8.394648
v 1.353153 -17.003637 17.007378
v 3.186844 -16.737268 16.767881
v 1.462078 -36.053101 12.091673
v 3.579530 -22.009007 15.962717
v 6.402985 -22.484232 14.759613
v 9.286207 -24.040983 12.887495
v 8.926782 -58.337204 8.902004
v 13.408580 -61.895607 5.058323
v 15.271008 -18.270535 8.980614
v 15.799137 -20.403656 8.786111
v 9.384406 -39.985886 13.280471
v 1.653894 -31.761938 13.051107
v 5.445563 -77.807724 0.654089
v 7.550962 -79.259300 1.821148
v 5.228249 -75.806267 0.846507
v 6.630656 -76.065292 1.998353
v 12.964584 -65.012421 4.225819
v 14.345924 -47.398380 9.872590
v 12.456799 -48.845577 11.114296
v 8.666862 -47.045383 12.102374
v 1.592317 -28.318079 14.165226
v 2.618861 -49.248547 7.936303
v 4.476396 -49.918419 9.564373
v 5.770146 -47.925228 11.111120
v 3.414769 -19.688904 16.545630
v 5.925660 -18.838194 15.867169
v 8.708266 -16.897284 14.422237
v 13.009604 -28.990879 11.950590
v 0.534225 -42.995773 6.585210
v 13.356294 -11.943487 9.095876
v 14.033631 -14.042065 9.109126
v 9.140543 -77.246147 2.789134
v 16.062647 -46.752182 7.829744
v 6.363655 -7.469751 14.301599
v 8.393327 -7.312363 12.664015
v 4.168873 -66.952515 2.872129
v 1.034613 -10.656754 16.098600
v 2.454857 -10.182865 15.930082
v 10.780683 -30.984699 12.903084
v 16.203329 -22.562391 8.460080
v 14.885738 -22.866619 9.849333
v 12.996494 -68.040642 3.463968
v 16.710398 -43.019646 8.098499
v 11.297585 -6.986255 9.948167
v 1.161691 -14.424166 16.794157
v 1.082704 -41.338108 8.538649
v 3.040530 -41.616234 10.740313
v 3.732011 -35.257111 12.782434
v 5.882089 -36.291691 12.940473
v 8.818219 -37.360630 13.380520
v 7.909120 -35.291721 13.294690
v 6.932532 -33.072437 13.122194
v 3.979399 -33.413185 13.019838
v 0.950965 -45.510807 6.463757
v 6.063086 -45.332298 11.859783
v 13.009998 -14.072415 10.308493
v 11.761350 -14.842539 11.765647
v 9.532119 -13.081169 13.294304
v 10.094860 -15.561584 13.283681
v 7.884662 -14.656077 14.734555
v 1.255174 -18.310177 17.015135
v 6.817284 -70.691322 3.534539
v 11.934910 -60.117001 7.319496
v 13.950665 -58.554623 5.698307
v 3.755196 -64.808578 3.413093
v 3.405370 -62.565701 3.969529
v 3.045705 -60.246483 4.508093
v 2.746277 -57.855659 4.980204
v 2.488122 -55.423721 5.414900
v 2.198559 -46.891945 8.066796
v 3.206418 -45.908257 9.764655
v 15.612420 -49.182755 7.419363
v 14.705009 -53.936668 6.583785
v 17.422560 -37.978886 8.079839
v 17.124851 -40.502201 8.104556
v 13.197309 -69.917679 2.815162
v 13.251061 -71.683685 2.196294
v 17.681599 -34.229725 8.090813
v 13.655589 -74.398987 1.904249
v 4.510012 -68.973831 2.163315
v 10.776598 -78.956757 2.631279
v 13.786725 -76.342781 1.684201
v 12.132092 -76.250565 2.937137
v 16.095394 -27.947817 9.851639
v 14.671280 -28.543501 10.955667
v 14.968112 -30.081705 10.974979
v 13.000126 -27.591793 11.613666
v 12.146352 -25.533337 11.496208
v 11.023259 -28.145536 12.268358
v 7.732861 -28.454805 12.858319
v 13.651228 -60.799515 5.199939
v 12.762678 -62.920464 5.430075
v 14.548397 -20.435333 10.112932
v 13.032800 -21.349571 11.261482
v 10.389846 -21.788977 12.883845
v 5.096538 -74.813156 0.900653
v 12.962600 -66.029205 3.911807
v 9.353293 -7.152075 11.755541
v 10.641312 -69.856277 4.718925
v 8.719373 -68.873909 5.545278
v 9.264481 -67.148109 6.438056
v 15.224189 -40.952698 10.530562
v 13.826623 -42.108589 11.790680
v 11.500245 -41.295483 12.813851
v 11.489544 -44.005341 12.415840
v 13.752645 -44.178913 11.390865
v 12.174986 -73.445152 3.136056
v 10.025350 -73.931236 3.354262
v 15.605855 -25.936596 9.732649
v 13.952066 -25.478386 10.647121
v 13.510949 -24.101357 10.709681
v 11.431986 -24.110458 11.829922
v 14.147630 -18.529385 10.263529
v 12.591814 -17.938786 11.595293
v 10.524041 -17.904169 13.200177
v 12.083203 -64.916855 5.470819
v 10.445931 -65.572083 6.597019
v 12.541812 -12.235507 10.213387
v 11.231119 -11.833654 11.450128
v 10.855525 -58.839848 8.338591
v 11.721472 -62.956776 6.616008
v 9.091429 -63.234489 7.860699
v 11.032439 -61.788376 7.381545
v 10.960436 -53.567097 10.139284
v 7.790146 -54.603725 10.059996
v 14.343163 -56.254337 6.075070
v 1.376419 -25.939335 15.209236
v 1.309736 -23.453075 15.996064
v 5.782723 -65.636223 5.718466
v 11.523058 -9.773807 10.451350
v 12.848618 -9.791427 9.007746
v 12.104084 -7.577087 9.201815
v 11.743599 -38.251545 13.010468
v 11.098360 -29.588596 12.555562
v 8.715160 -29.952860 12.826957
v 6.661605 -26.438202 13.340035
v 12.774824 -30.647684 12.285190
v 12.691631 -32.546909 12.642166
v 17.697266 -31.774769 8.070325
v 4.526861 -12.173057 15.898170
v 6.601120 -8.665368 14.312581
v 5.880575 -10.550870 15.092564
v 8.207372 -8.526540 13.106107
v 8.854314 -10.165080 13.004779
v 5.083546 -67.385170 3.860883
v 5.933248 -68.369141 4.297133
v 7.022877 -69.607681 4.563039
v 7.175457 -68.293282 5.367410
v 7.293931 -66.925308 6.119454
v 8.477739 -71.685898 3.847317
v 10.481751 -63.412388 7.179449
v 9.646459 -64.530182 7.368755
v 5.538918 -29.580439 13.076535
v 5.909722 -51.530033 10.233392
v 5.516150 -53.634457 9.453764
v 7.215660 -49.803768 11.092306
v 10.035210 -50.044979 11.294150
v 12.131287 -67.963837 4.603607
v 11.325950 -67.234749 5.540222
v 9.509069 -61.926872 8.158229
v 7.927464 -60.541866 8.321104
v 7.521708 -62.140804 7.845486
v 6.273266 -63.677914 7.039845
v 0.924796 -11.898308 16.401787
v 16.623363 -35.424107 9.715973
v 15.123394 -34.731194 11.158483
v 13.232730 -35.784012 12.569122
v 15.181131 -33.089844 11.087231
v 1.816228 -50.500858 5.919570
v 6.251860 -73.882568 2.231579
v 3.539099 -57.799549 6.226095
v 11.477213 -20.310102 12.438355
v 7.621036 -11.112821 14.179939
v 2.152921 -52.964317 5.616788
v 3.885389 -27.053888 14.089731
v 4.916368 -25.945808 14.093933
v 5.653048 -27.441774 13.451795
v 2.592913 -37.853371 11.019992
v 2.233424 -39.116779 10.468147
v 2.937776 -40.249687 10.857555
v 4.519248 -40.088799 11.957372
v 6.332911 -39.796036 12.780343
v 7.672681 -41.168156 12.944960
v 7.711923 -38.677006 13.209525
v 14.394223 -50.425770 8.791124
v 13.322942 -49.820969 10.017208
v 11.810069 -50.229469 10.896149
v 10.652702 -51.778576 10.679894
v 13.979203 -52.665829 8.380057
v 12.560418 -53.068584 9.437121
v 12.169540 -54.626293 9.107698
v 4.718989 -23.002756 15.256670
v 13.114623 -10.868181 8.989451
v 10.173942 -32.615429 13.208508
v 16.101158 -21.480888 8.538183
v 12.138172 -71.854210 3.235633
v 10.416471 -71.668922 3.874060
v 3.118070 -61.398163 4.094940
v 3.389943 -50.371181 8.492694
v 5.683928 -70.276779 2.903336
v 16.308304 -40.507591 9.495715
v 8.113444 -64.106377 7.500165
v 14.013685 -37.770847 12.128477
v 9.547768 -41.640369 13.146241
v 2.907695 -12.974257 16.409140
v 3.301470 -54.279922 7.194275
v 4.615384 -54.737499 8.436440
v 3.898613 -53.210598 8.123440
v 6.200609 -55.120739 9.312722
v 7.619605 -56.112026 9.598241
v 9.560122 -55.540245 9.688075
v 4.825083 -56.216480 8.257149
v 9.950162 -57.052925 9.142407
v 11.490584 -57.499954 8.413635
v 0.523775 -39.347569 8.053617
v 12.844751 -60.658215 6.392350
v 6.678217 -42.603783 12.584442
v 4.600944 -42.962093 11.485252
v 10.764146 -42.694004 12.846439
v 12.375764 -42.780819 12.334399
v 9.916963 -43.884834 12.843440
v 10.400317 -45.747654 12.339581
v 8.388054 -45.136951 12.418546
v 10.882956 -47.559578 11.785444
v 4.181409 -13.351914 16.206743
v 5.196783 -14.921762 16.077517
v 5.507179 -13.015385 15.700316
v 6.613747 -13.951477 15.334406
v 6.631890 -15.326918 15.494368
v 7.850294 -15.918846 14.896305
v 6.989034 -17.342329 15.439878
v 8.332781 -18.520121 14.658987
v 8.904745 -15.325625 14.114214
v 9.676447 -14.351947 13.407417
v 10.854394 -13.625845 12.295967
v 7.325462 -19.844728 15.064748
v 7.977004 -21.328993 14.360000
v 8.372638 -22.780231 13.723450
v 8.644270 -13.772816 14.070702
v 8.332400 -12.363942 13.986424
v 9.450953 -11.565660 12.918915
v 7.358755 -24.003729 13.797773
v 8.182712 -25.342466 13.003850
v 10.164557 -25.232115 12.232045
v 11.928720 -61.137493 7.036104
v 6.769725 -44.023014 12.306868
v 5.203407 -44.208656 11.601366
v 4.571177 -45.435734 10.827775
v 4.499744 -46.926880 10.356948
v 5.202101 -7.314435 14.848253
v 2.773765 -7.402723 15.581344
v 3.700260 -24.683949 14.999040
v 7.724659 -75.431641 2.587544
v 8.950199 -74.763626 3.156967
v 10.573666 -75.132912 3.107211
v 7.505185 -74.532684 2.687819
v 10.152876 -78.031471 2.788458
v 10.694149 -76.799767 2.913973
v 14.003620 -33.713520 12.183098
v 12.293796 -33.777458 12.797039
v 0.788482 -37.349968 9.781603
v 2.948712 -51.894398 7.536171
v 15.338701 -47.025856 9.004882
v 16.656054 -37.831467 9.517545
v 15.330362 -38.037762 10.824283
v 15.004150 -39.501728 10.983926
v 6.046767 -28.502821 13.167870
v 3.730850 -37.722267 11.809793
v 4.762017 -36.980167 12.489630
v 4.692298 -38.613819 12.214908
v 15.256384 -51.582539 6.800735
v 3.818477 -65.858414 2.913308
v 4.655902 -64.999107 4.616714
v 7.755273 -57.431484 9.193993
v 7.443650 -58.675571 8.767557
v 8.548757 -59.469681 8.541379
v 6.201701 -58.088696 8.435158
v 5.132616 -58.550278 7.632659
v 5.130647 -59.843155 7.240600
v 4.261442 -60.591747 6.221901
v 6.356042 -60.628986 7.851258
v 5.319474 -57.334194 8.197413
v 10.700350 -14.708735 12.631702
v 11.153551 -15.675864 12.451892
v 10.587570 -16.703878 13.063326
v 5.763664 -46.596088 11.376560
v 7.303628 -46.265980 11.950607
v 7.247732 -47.551601 11.636484
v 8.750759 -48.733292 11.763627
v 6.938786 -48.656212 11.277727
v 5.520274 -49.248547 10.617509
v 4.566886 -48.260029 10.084989
v 1.782763 -44.210674 8.535179
v 2.230524 -43.171665 9.497183
v 3.275197 -42.935017 10.640893
v 4.384240 -18.640728 16.423532
v 4.953791 -19.670353 16.098646
v 6.066746 -20.341663 15.569122
v 5.870322 -21.478867 15.318561
v 12.002280 -70.017097 3.720069
v 11.125546 -36.328011 13.322010
v 7.264884 -27.429220 13.025415
v 8.888627 -27.733229 12.621813
v 9.526340 -28.865549 12.580258
v 8.218532 -26.626011 12.804389
v 7.078200 -64.614243 7.052919
v 5.865841 -64.579742 6.265904
v 6.935472 -65.685257 6.558014
v 11.143465 -60.669048 7.616414
v 10.713639 -59.803703 8.085646
v 9.748716 -59.236282 8.630383
v 7.080146 -20.772186 14.958174
v 8.891218 -73.030052 3.481821
v 13.280906 -26.355953 11.231307
v 11.533003 -26.592934 11.831318
v 8.283462 -67.837852 5.952613
v 9.673640 -68.146103 5.831449
v 7.182591 -37.348568 13.235263
v 10.841623 -75.945213 2.998957
v 11.936322 -75.343575 3.039191
v 5.355809 -17.856325 16.171602
v 4.080450 -17.561687 16.570215
v 13.239730 -68.956726 2.899026
v 13.080264 -57.382454 7.456655
v 12.529562 -56.450527 8.181328
v 13.021655 -55.344059 8.201510
v 3.842862 -8.941655 15.572991
v 16.051249 -43.349365 9.233205
v 15.121744 -44.216717 10.008821
v 14.305055 -45.282246 10.561583
v 13.257687 -45.317078 11.592835
v 11.874476 -45.828316 11.942862
v 12.618855 -44.396938 12.018085
v 14.667332 -46.282547 9.914295
v 10.582123 -9.257048 11.173716
v 9.667616 -9.564363 12.088816
v 8.736217 -31.277706 12.957293
v 7.462423 -32.030045 13.060184
v 5.499007 -31.809155 13.044106
v 8.618190 -32.970909 13.171410
v 8.197792 -34.109837 13.264197
v 9.558187 -35.088501 13.385805
v 6.476136 -34.092937 13.142122
v 9.073988 -36.175449 13.402244
v 7.725370 -36.360958 13.312930
v 10.075648 -37.003426 13.462887
v 9.996471 -38.515038 13.436666
v 11.150266 -39.660179 13.125679
v 12.622993 -39.335072 12.643146
v 13.919740 -38.966179 12.165188
v 12.961080 -38.265244 12.589940
v 12.844182 -36.982677 12.669595
v 11.223201 -37.337269 13.228959
v 4.944227 -32.711842 13.061060
v 12.522358 -40.502151 12.565630
v 12.715591 -41.624149 12.399899
v 9.905706 -33.572544 13.295501
v 11.123637 -33.346783 13.167535
v 6.519517 -9.714510 14.554805
v 5.439404 -9.506916 15.064010
v 6.811013 -10.640542 14.573328
v 6.245662 -11.564250 15.068919
v 5.236193 -11.387460 15.495831
v 4.162529 -11.160261 15.842691
v 4.886250 -10.399673 15.445543
v 2.114413 -41.002003 9.950609
v 2.183922 -42.075665 9.707747
v 3.582320 -59.913319 5.534369
v 11.871453 -46.881290 11.703135
v 12.857562 -47.695293 11.192532
v 13.600597 -48.429775 10.221795
v 17.709311 -36.748291 7.819583
v 16.473793 -30.439978 9.908669
v 15.768719 -31.303112 10.578972
v 16.186171 -32.495468 10.259581
v 13.820328 -78.380066 1.472212
v 2.968261 -27.860899 14.034727
v 3.188388 -28.716457 13.622542
v 4.034903 -29.526239 13.261625
v 13.792666 -22.222935 10.637015
v 1.260174 -48.016468 5.965463
v 17.440435 -29.372971 8.204587
v 10.497149 -23.062399 12.519505
v 6.289051 -25.399815 13.735344
v 1.037587 -38.773365 9.077304
v 5.495582 -50.399422 10.359946
v 4.726541 -51.094143 9.507887
v 13.869499 -46.712898 10.562063
v 4.211935 -62.756222 5.223877
v 5.173570 -63.161636 6.240574
v 4.573015 -62.036858 6.139708
v 13.471056 -62.936157 4.433759
v 10.497868 -70.747841 4.252937
v 9.370821 -71.124275 4.154471
v 9.415221 -54.153625 10.134223
v 8.088493 -53.230804 10.512725
v 9.636978 -52.880184 10.522802
v 10.716331 -54.786133 9.801828
v 7.023201 -52.359455 10.383463
v 6.811083 -53.500923 9.999882
v 5.833487 -52.613701 9.887299
v 4.775937 -52.740898 9.094715
v 7.602995 -13.308976 14.699479
v 12.253611 -34.893173 12.873728
v 13.546926 -34.731373 12.427926
v 14.487167 -35.635761 11.763957
v 14.108480 -36.644279 12.084661
v 11.308506 -35.371113 13.236551
v 6.511704 -35.036747 13.142890
v 4.454809 -70.951286 1.416733
v 4.672170 -72.895470 1.010625
v 1.076427 -29.408514 13.621214
v 15.069691 -17.177328 8.955557
v 12.188017 -6.632883 8.846641
v 11.777067 -68.734528 4.610075
v 10.982022 -66.386795 6.041715
v 9.875738 -66.385780 6.517776
v 8.614674 -66.287514 6.777968
v 9.357374 -65.595100 7.120646
v 11.438596 -65.567436 5.970442
v 5.961870 -23.517338 14.582576
v 5.893957 -62.703857 6.994681
v 6.942050 -62.975185 7.538960
v 13.644866 -72.545792 1.812424
v 0.932339 -20.906242 16.624565
v 14.421555 -15.100595 9.033429
v 5.246835 -66.657661 4.452947
v 9.390049 -16.193518 13.890845
v 10.415901 -12.474528 12.378225
v 11.275334 -12.822592 11.718129
v 10.398039 -11.477320 12.076632
v 8.714229 -56.732258 9.345949
v 2.460390 -45.089008 9.089170
v 11.800309 -48.088772 11.442103
v 10.487925 -48.813438 11.534369
v 0.472438 -40.459469 5.957287
v 1.090636 -33.939091 12.862885
v 13.516700 -16.313490 10.438566
v 12.567734 -15.661357 11.188731
v 13.027579 -17.094917 11.076022
v 12.611712 -14.770020 10.939470
v 3.317770 -15.506598 16.662209
v 4.235129 -16.172413 16.509760
v 2.906196 -55.042606 6.444754
v 9.064425 -60.354103 8.370741
v 9.733190 -17.236012 13.746222
v 9.453064 -18.226130 13.959334
v 10.441318 -19.210682 13.263534
v 11.941586 -19.079706 12.174027
v 11.229633 -45.003559 12.284770
v 11.513221 -22.312710 12.088601
v 11.577981 -21.316074 12.242882
v 17.445114 -26.986622 7.898451
v 17.121626 -41.783756 7.746077
v 6.997497 -76.957924 2.045491
v 8.054107 -76.358971 2.521467
v 8.006453 -77.377541 2.330996
v 2.194640 -13.867743 16.649715
v 6.843206 -16.327896 15.473253
v 16.245975 -36.854713 9.974210
v 4.241695 -58.386768 6.900590
v 3.928429 -48.962158 9.360812
v 5.326781 -33.529789 13.076298
v 3.367818 -11.970575 16.154190
v 3.080301 -10.988479 15.993426
v 15.896026 -19.285387 8.444596
v 2.430585 -56.601418 4.798421
v 14.012010 -59.675999 5.057467
v 0.727902 -15.725059 16.920721
v 13.960666 -12.945123 8.690054
v 4.961048 -78.802910 0.115350
v 5.523040 -79.548729 0.480992
v 9.185176 -79.521736 2.405035
v 4.860985 -76.736198 0.272948
v 13.402037 -63.949856 4.003914
v 16.059856 -47.979897 7.113609
v 7.363841 -6.912887 13.443778
v 14.172521 -75.325172 1.429055
v 4.016998 -67.923058 2.119394
v 16.864479 -23.610268 7.876372
v 16.703108 -24.566244 8.283607
v 0.269058 -38.577717 6.049459
v 0.289354 -39.306667 5.795823
v 0.103402 -39.679550 6.923981
v 0.689119 -7.354199 15.748333
v 0.648453 -8.314603 15.798786
v 1.803279 -8.593555 15.836310
v 2.259529 -9.331212 15.853799
v 2.921540 -30.249502 13.203010
v 3.051601 -31.109566 13.090551
v 3.695408 -56.651844 6.829661
v 5.803126 -72.289284 2.286579
v 6.570639 -73.056290 2.733630
v 7.669944 -72.767914 3.158289
v 8.443410 -72.369728 3.551481
v 9.497070 -72.124306 3.837999
v 2.385535 -17.400423 16.904715
v 2.247750 -36.699203 11.752810
v 2.518742 -35.813675 12.418754
v 3.520575 -21.064861 16.245920
v 2.530186 -21.714100 16.252851
v 2.632518 -22.591852 16.009705
v 6.317090 -78.201599 1.287216
v 7.873388 -78.532089 2.079071
v 5.951491 -75.485344 1.548461
v 14.854529 -48.143478 9.125019
v 2.275768 -49.701237 7.120272
v 2.549989 -48.259674 8.124303
v 2.497960 -19.131243 16.776260
v 16.338026 -45.496796 7.932417
v 1.937904 -10.954036 16.155624
v 15.448452 -22.246067 9.335991
v 14.990450 -23.819904 9.796629
v 0.911617 -40.441532 8.460567
v 0.608852 -41.167641 7.583730
v 0.858177 -41.965565 7.788298
v 1.392426 -42.164532 8.829349
v 3.820697 -34.489265 12.932633
v 2.693390 -34.815598 12.776692
v 5.061963 -35.449409 12.922415
v 2.813994 -33.475983 12.968591
v 3.071629 -32.795547 13.016620
v 6.215418 -71.323036 2.983635
v 7.301112 -71.559975 3.495151
v 12.762523 -59.483532 7.036100
v 11.822108 -59.151199 7.698361
v 13.447934 -58.147362 6.686065
v 1.609367 -46.300362 7.443123
v 2.444329 -46.086746 8.762606
v 3.101168 -46.964085 9.321361
v 15.117616 -49.684643 8.264122
v 14.381617 -53.465195 7.575315
v 14.198541 -54.379292 7.380388
v 17.129917 -33.684528 8.973556
v 17.133976 -34.677700 8.964923
v 12.834929 -74.036644 2.524608
v 12.877612 -74.779503 2.499958
v 5.102378 -69.512390 2.660933
v 5.010391 -68.726051 2.908753
v 5.309943 -68.256714 3.554561
v 12.944930 -76.819237 2.361148
v 15.720588 -27.084337 9.900463
v 14.998976 -27.805483 10.514421
v 15.299030 -29.320885 10.642186
v 14.226683 -29.286840 11.418532
v 13.865697 -30.114256 11.845403
v 13.621026 -28.320627 11.598763
v 12.334173 -28.237843 11.945800
v 11.682335 -27.455822 11.935882
v 12.242774 -63.634201 5.798520
v 14.231370 -19.638361 10.296831
v 14.040965 -21.155107 10.529551
v 13.351880 -20.493841 11.105787
v 12.362499 -20.727491 11.801054
v 9.296853 -69.728905 5.055704
v 10.152011 -69.051514 5.244862
v 8.107282 -69.475693 5.010325
v 15.709190 -41.854225 9.881071
v 14.766502 -41.982235 10.844083
v 14.280422 -43.027367 11.135357
v 14.284335 -41.069901 11.474058
v 13.361890 -43.292591 11.963837
v 11.796107 -72.817673 3.292669
v 11.230904 -73.950729 3.263497
v 14.607326 -26.170536 10.386702
v 14.179485 -24.737839 10.386311
v 12.994749 -24.858429 11.114570
v 13.760789 -23.201929 10.586213
v 12.487385 -23.711203 11.328270
v 13.484647 -17.940605 10.799866
v 13.089583 -18.729700 11.239913
v 11.560961 -17.500656 12.388271
v 11.378204 -18.356079 12.577817
v 12.406461 -65.525459 4.842488
v 11.909312 -11.730422 10.717443
v 11.353979 -10.795878 10.975604
v 11.687901 -8.957028 10.013685
v 12.177808 -9.686480 9.706366
v 12.589085 -8.097381 8.799500
v 10.118834 -30.168911 12.785942
v 11.537621 -30.405037 12.582644
v 12.439311 -29.747231 12.230691
v 13.302324 -31.666323 12.321024
v 14.113375 -32.649967 12.042342
v 11.933341 -31.649767 12.696506
v 10.739697 -31.848206 13.074783
v 8.787186 -8.007156 12.475659
v 8.820501 -9.160081 12.703242
v 6.209406 -69.149605 4.216538
v 6.386650 -69.873085 3.658971
v 7.487421 -70.325287 4.221887
v 8.173347 -70.931984 4.026171
v 6.775142 -67.537659 5.654407
v 6.129243 -66.628532 5.717668
v 10.893853 -62.630791 7.213168
v 10.622031 -64.652512 6.724676
v 5.421954 -30.401028 13.034431
v 7.099369 -30.011454 12.927852
v 7.727872 -29.306612 12.834359
v 7.120291 -51.004742 10.755227
v 8.502658 -50.573132 11.280981
v 9.442944 -51.363678 10.982708
v 12.077590 -66.931557 4.896075
v 10.270791 -61.459423 7.899749
v 8.593001 -62.404385 7.943320
v 8.446247 -61.442097 8.167872
v 15.728057 -35.547844 10.573579
v 15.626097 -33.984104 10.673871
v 3.456237 -58.616917 5.776357
v 10.159869 -20.704460 13.244950
v 9.231774 -21.433037 13.625284
v 7.991330 -10.184616 13.690819
v 2.898968 -26.688122 14.563560
v 5.504509 -26.640142 13.675263
v 3.650457 -39.793278 11.506983
v 3.729257 -40.763672 11.435833
v 4.286438 -41.820438 11.515638
v 5.494285 -40.391495 12.364149
v 6.495090 -40.772934 12.758310
v 7.522704 -40.103844 13.065875
v 5.335851 -39.423683 12.397834
v 6.630215 -38.885967 13.000068
v 13.863407 -51.329872 8.949441
v 12.580519 -49.661564 10.735089
v 11.600533 -49.364208 11.156172
v 12.684332 -50.486897 10.306180
v 11.874638 -51.290237 10.610613
v 13.474766 -50.641441 9.568613
v 11.834156 -52.400608 10.291216
v 10.813042 -50.801598 10.945394
v 13.200483 -52.303574 9.189031
v 12.771848 -53.893997 8.939648
v 11.104752 -72.118073 3.445406
v 11.377269 -71.540482 3.671569
v 16.709146 -39.724873 9.075045
v 10.424496 -40.722481 13.218617
v 8.823863 -40.875019 13.137882
v 8.268114 -42.222603 12.889304
v 3.902476 -54.857059 7.704992
v 4.638651 -53.788837 8.711119
v 5.401432 -54.512478 9.131685
v 7.201295 -55.265121 9.654104
v 6.771491 -54.404034 9.723693
v 6.562080 -56.040836 9.190640
v 8.413661 -55.430099 9.808918
v 5.299643 -55.462105 8.768530
v 10.355446 -56.212269 9.392003
v 10.111206 -58.080982 8.878462
v 13.036706 -61.365601 5.819054
v 5.525835 -42.354008 12.077883
v 10.609733 -41.812996 13.016789
v 9.421726 -42.737530 12.986382
v 11.651321 -42.180141 12.652565
v 9.625552 -44.924068 12.693325
v 9.099581 -46.049736 12.392450
v 9.965281 -46.860023 12.162858
v 9.633306 -47.909283 11.956083
v 4.370748 -14.301826 16.285900
v 5.581309 -13.994000 15.836701
v 5.690557 -15.821884 16.011021
v 7.767707 -16.791584 15.009403
v 7.958999 -17.692999 14.941206
v 7.115260 -18.475842 15.329102
v 10.103369 -13.684335 12.949461
v 11.665635 -13.951795 11.648512
v 8.332607 -19.433413 14.587674
v 7.563853 -22.193542 14.314145
v 7.485227 -12.046926 14.475684
v 8.557352 -11.164420 13.486596
v 9.121612 -12.306456 13.394143
v 9.576869 -10.629180 12.524126
v 8.381518 -23.587461 13.444980
v 9.372069 -23.115805 13.111743
v 9.351162 -22.278368 13.358143
v 7.198717 -23.129967 14.171182
v 8.270654 -24.514265 13.232045
v 9.295163 -25.965462 12.517411
v 10.553880 -26.029524 12.102401
v 11.284662 -24.925882 11.805427
v 10.333735 -24.408419 12.327622
v 7.314120 -43.280468 12.570412
v 7.196532 -44.945313 12.203607
v 4.163509 -43.855518 11.011806
v 3.565212 -45.047173 10.285399
v 4.113546 -46.115200 10.307332
v 4.042981 -25.452990 14.604481
v 4.541017 -23.935608 14.970524
v 2.799630 -24.224514 15.431323
v 8.735326 -73.986740 3.235977
v 11.370036 -78.154556 2.734702
v 9.560891 -76.520477 2.993285
v 3.367868 -51.254440 8.203392
v 15.720599 -39.898472 10.191637
v 5.808603 -37.203888 12.812667
v 4.049193 -36.123230 12.582950
v 4.269336 -64.247894 4.508016
v 7.325603 -59.648148 8.446027
v 5.127613 -60.795948 6.965497
v 6.443794 -61.631859 7.712004
v 8.290533 -47.888832 11.832654
v 4.845459 -22.066339 15.526343
v 5.205138 -64.731331 5.453396
v 10.006490 -73.250694 3.470553
v 10.269135 -67.419678 5.932733
v 12.294361 -57.794674 7.832411
v 12.159325 -55.506634 8.823424
v 15.771038 -44.609581 9.249811
v 10.521945 -8.294805 10.974283
v 4.335338 -31.388983 13.061088
v 8.924558 -32.148506 13.091843
v 8.823564 -38.360546 13.344691
v 14.691510 -38.641014 11.418627
v 12.209044 -36.135681 12.932022
v 9.383300 -34.247898 13.323390
v 4.552804 -9.435938 15.391291
v 15.284824 -32.210674 11.034726
v 16.829363 -28.765722 9.045997
v 1.468782 -39.223740 9.718241
v 11.181450 -70.285469 4.167377
v 10.721639 -52.684029 10.417064
v 14.828165 -37.216431 11.353795
v 6.734121 -35.871704 13.130759
v 11.571490 -69.487961 4.378379
v 7.659512 -66.277145 6.521515
v 8.254649 -66.945854 6.400163
v 8.006697 -63.203724 7.711281
v 5.160583 -65.828690 4.836019
v 9.423588 -19.112402 13.936524
v 12.359751 -19.851070 11.869776
v 12.543841 -22.073282 11.510880
v 3.344924 -49.501141 8.718830
v 16.193426 -25.147852 8.974040
v 9.664476 -70.335876 4.602836
v 11.518390 -32.587631 12.979953
v 9.948402 -62.689754 7.732601
v 8.967298 -49.700844 11.574337
v 8.413743 -39.449772 13.233078
v 5.832048 -43.349869 12.063553
v 15.503325 -78.719002 -1.641536
v 15.714907 -78.576317 -3.451388
v 15.630378 -78.483475 -5.166303
v 14.809274 -78.461060 -6.732022
v 13.634936 -78.446060 -8.033587
v 12.195121 -78.487640 -8.965253
v 10.591964 -78.600304 -9.260866
v 8.958873 -78.757057 -9.199069
v 7.369658 -78.955795 -8.838122
v 5.984112 -79.184158 -8.054145
v 4.891458 -79.447975 -6.859282
v 4.108685 -79.703667 -5.435744
v 3.774976 -79.953651 -3.835496
v 3.859011 -80.159927 -2.187635
v 1.128159 -6.645507 -6.750621
v 1.936966 -6.493592 -7.690570
v 3.184565 -6.471949 -7.752247
v 4.431823 -6.451965 -7.695639
v 5.625833 -6.339578 -7.340333
v 6.864293 -6.233644 -7.146954
v 8.086101 -6.099451 -6.837448
v 9.237604 -5.925847 -6.313029
v 10.285981 -5.757560 -5.585562
v 11.257774 -5.592218 -4.741528
v 12.093575 -5.447199 -3.745855
v 12.817369 -5.331856 -2.650719
v 13.499350 -5.237031 -1.510561
v 13.908367 -5.173038 -0.225673
v 14.217153 -5.147506 1.097013
v 14.279133 -5.171597 2.464378
v 14.181638 -5.242674 3.855125
v 13.912986 -5.386641 5.271309
v 13.407229 -5.613282 6.619866
v 9.674347 -47.704334 -5.972722
v 14.963890 -34.561184 -7.055618
v 9.835754 -69.215233 -7.003888
v 8.598839 -58.694447 -5.530902
v 14.379951 -17.104979 -6.336061
v 3.049393 -42.113747 -4.374142
v 16.643793 -43.253605 -2.658935
v 11.220720 -27.049295 -10.606640
v 17.647058 -24.081951 -3.053429
v 15.414955 -11.425730 1.018118
v 6.180425 -11.986891 -7.460682
v 6.018752 -73.683296 -7.067414
v 15.768145 -50.316986 -2.024721
v 3.610357 -52.386066 -3.822781
v 8.021169 -33.410416 -10.455235
v 19.183128 -31.343067 -1.619623
v 14.437309 -73.111069 -6.130956
v 4.313529 -67.104698 -4.289529
v 13.118018 -65.340736 -4.469314
v 14.180477 -60.094574 -2.452484
v 2.861545 -60.616043 -3.373150
v 17.792110 -17.266899 0.346807
v 8.096444 -19.560520 -10.329981
v 12.077490 -11.466353 -4.891288
v 1.613487 -47.655117 -1.768521
v 18.929279 -37.526764 -0.655081
v 3.856537 -37.563835 -5.972710
v 15.520543 -55.137497 -0.945270
v 1.982770 -56.093697 -1.357836
v 14.836070 -69.498917 -3.973232
v 6.354848 -23.966568 -11.908972
v 0.320100 -42.545055 -0.125028
v 18.110079 -43.836998 1.960002
v 6.028072 -28.526276 -12.065191
v 18.617376 -21.961451 1.820631
v 19.111187 -26.657007 1.434344
v 13.961539 -8.972631 -1.218990
v 5.269346 -16.098698 -9.208886
v 4.370256 -71.125343 -4.142781
v 10.711720 -74.761024 -8.643688
v 2.192710 -64.267006 -2.120663
v 14.932055 -64.512108 -1.176018
v 16.707682 -14.364036 3.522696
v 14.565545 -8.674448 4.608084
v 4.261600 -76.473984 -5.477054
v 17.033970 -48.632267 1.738196
v 1.495041 -52.626850 0.116745
v 19.769806 -34.042789 2.243818
v 14.975090 -67.358414 -1.463172
v 9.797894 -9.341553 -5.841451
v 18.807343 -40.242424 2.641286
v 1.013153 -38.709293 -2.934058
v 3.444843 -10.192491 -7.462731
v 16.320440 -52.157852 1.610238
v 4.115596 -33.924595 -9.822590
v 19.657782 -30.352091 2.606117
v 15.216731 -58.758148 0.497559
v 15.386907 -73.177391 -2.704675
v 15.558318 -75.786316 -4.675304
v 3.110385 -68.557869 -1.935482
v 15.059847 -61.933441 0.359109
v 1.732699 -60.945263 -0.136213
v 17.626343 -17.616552 4.204486
v 4.137957 -20.034065 -10.848106
v 0.953126 -49.045013 1.366024
v 3.307544 -13.930245 -8.473116
v 15.240294 -11.515480 4.880777
v 3.892078 -74.223656 -3.868546
v 0.229797 -39.973217 0.899363
v 0.364987 -45.284424 1.435709
v 18.711054 -24.409624 3.617570
v 7.856043 -76.372162 -8.738151
v 6.227196 -9.082895 -6.955686
v 4.070979 -31.295792 -11.294633
v 2.761082 -35.562141 -7.298742
v 14.569921 -7.731303 1.451289
v 12.664330 -8.016903 -3.304977
v 17.447474 -46.420242 3.399098
v 19.191223 -36.618168 3.661607
v 14.904246 -69.607948 -1.109230
v 15.802809 -54.604649 2.254620
v 1.473348 -55.107483 1.352200
v 3.449841 -22.749184 -11.607522
v 3.566609 -25.540104 -12.000152
v 13.988077 -76.190346 -7.555366
v 2.488365 -66.634308 -0.782015
v 1.659737 -58.662357 0.866055
v 17.985779 -19.901592 4.615241
v 15.112280 -71.518402 -1.474901
v 19.058241 -28.016903 4.073256
v 3.014657 -17.595631 -10.009628
v 15.443172 -56.869858 2.052035
v 3.795452 -72.458374 -2.357179
v 3.488989 -70.571381 -1.774234
v 1.879316 -63.367092 0.280703
v 18.139486 -42.844875 4.298457
v 18.279051 -22.178410 4.682492
v 14.742453 -66.106773 0.608471
v 14.942060 -64.221939 1.030552
v 16.648010 -15.627740 5.569469
v 15.779673 -13.601119 5.768957
v 3.065153 -28.391186 -11.920515
v 11.149298 -76.704193 -8.940699
v 3.790774 -77.478653 -3.131021
v 16.558414 -50.073700 3.655130
v 1.147440 -51.549461 2.252880
v 15.633618 -75.491287 -2.032463
v 0.276037 -42.728893 2.520323
v 5.271569 -77.598999 -7.138724
v 19.292059 -32.939308 4.398214
v 10.885543 -7.587989 -5.121034
v 8.696941 -7.922948 -6.363619
v 1.348681 -36.928574 -4.252177
v 2.561719 -8.432314 -7.681761
v 13.896948 -7.040096 -0.982671
v 18.695311 -39.162556 4.601851
v 1.990500 -11.678665 -7.809512
v 15.015098 -60.240543 2.067236
v 0.348292 -38.372498 -0.855085
v 13.954824 -7.596493 6.271622
v 14.230697 -9.584300 6.279246
v 14.355906 -6.973918 4.228070
v 14.561389 -68.113823 0.427884
v 15.761155 -77.133438 -2.828254
v 2.420696 -32.382462 -10.608539
v 10.607505 -40.067444 -6.574506
v 16.034491 -52.485451 3.710705
v 0.651274 -47.876846 2.936582
v 2.035558 -15.271763 -9.096240
v 3.828647 -75.436050 -2.455334
v 19.101742 -30.507175 4.892719
v 18.512104 -25.697536 5.060640
v 5.028583 -7.996128 -7.253871
v 2.008264 -34.447407 -8.609911
v 0.441531 -39.080269 2.634870
v 16.997314 -47.787762 4.586240
v 17.585608 -45.385521 4.868207
v 19.021248 -35.465206 5.024005
v 2.084204 -20.177706 -10.947516
v 14.687871 -11.662310 6.549637
v 1.629318 -56.384884 2.364406
v 1.471200 -53.994312 2.663220
v 2.236922 -24.158413 -11.844581
v 1.818232 -59.954288 1.800651
v 3.127561 -68.761086 -0.232004
v 14.747281 -62.441013 2.125463
v 15.074389 -77.144455 -6.105677
v 2.450832 -65.670601 0.600561
v 3.783555 -78.513046 -4.467943
v 15.143502 -73.787750 -0.835524
v 17.011124 -17.868744 6.097503
v 14.693655 -70.986847 -0.187351
v 15.377386 -55.967583 3.347858
v 15.051986 -58.191170 2.951756
v 3.593906 -71.668686 -1.046825
v 3.825939 -73.544434 -1.665945
v 1.263947 -35.981358 -5.855329
v 0.319845 -45.376411 3.340387
v 2.083435 -62.295635 1.458550
v 2.098331 -26.946325 -11.979768
v 2.088293 -29.731129 -11.631661
v 1.316111 -9.279216 -7.848994
v 0.728683 -37.320900 -2.517633
v 6.344878 -63.709579 -5.386936
v 8.052633 -77.674355 -8.932571
v 18.254982 -41.714756 5.337808
v 18.047617 -23.428688 5.587491
v 17.717003 -21.180948 5.815544
v 14.452192 -65.444641 1.633610
v 0.301193 -41.526207 3.291672
v 15.863676 -14.739901 6.573611
v 12.839004 -77.294136 -8.482963
v 3.792392 -78.620079 -2.304804
v 1.058348 -50.376225 3.234981
v 0.805988 -47.150860 0.529365
v 1.193529 -45.332447 -1.586574
v 5.049455 -45.809364 -5.204179
v 14.358933 -6.386201 1.681212
v 12.618828 -6.632998 -3.231984
v 9.869419 -7.094712 -5.911384
v 7.505710 -7.419915 -6.816394
v 1.344337 -7.779074 -7.576198
v 1.415393 -12.958797 -8.201984
v 11.255908 -52.941891 -5.530858
v 17.177893 -46.038231 -0.271612
v 14.213068 -46.524315 -4.307151
v 18.701372 -37.984131 5.391795
v 1.732908 -33.424320 -9.722184
v 2.543995 -36.745964 -5.707819
v 7.069073 -36.189625 -8.200336
v 1.356935 -35.191525 -7.326186
v 13.958070 -6.546504 5.650361
v 14.476930 -69.259445 0.644309
v 14.375174 -67.392143 1.270582
v 15.420066 -76.871758 -1.154783
v 1.568226 -16.499474 -9.632463
v 3.308799 -16.188335 -9.402966
v 15.690433 -53.733513 4.057621
v 16.183071 -51.409996 4.480917
v 3.825868 -76.526108 -1.947529
v 1.790128 -31.051842 -11.211252
v 0.421723 -40.328323 3.312626
v 0.205433 -41.388939 1.244842
v 0.535079 -40.444256 -1.321770
v 2.018317 -40.214634 -3.873863
v 4.684764 -39.911285 -5.818873
v 7.188267 -42.666553 -5.991136
v 14.849198 -66.903694 -0.236456
v 14.635818 -65.671776 -2.226190
v 13.627892 -63.949142 -3.527113
v 10.291281 -63.165417 -5.748196
v 14.279913 -62.338711 -2.292537
v 11.760205 -60.908916 -5.038979
v 3.794118 -76.221535 -3.739744
v 4.240119 -75.176720 -5.039293
v 5.539951 -75.391609 -7.057723
v 18.985033 -31.771421 5.466507
v 18.782513 -29.327566 5.505242
v 18.532789 -26.914198 5.574646
v 18.996670 -26.618933 3.774184
v 3.810177 -7.622469 -7.546065
v 1.625795 -18.931601 -10.557256
v 1.718568 -21.484526 -11.318348
v 9.609664 -65.861343 -6.012592
v 1.776063 -25.543932 -11.956395
v 16.682974 -49.051117 4.891376
v 17.200012 -46.650505 5.233729
v 17.681068 -44.199753 5.463059
v 17.921124 -44.232132 3.695069
v 19.022379 -34.251251 5.511501
v 1.640434 -55.219601 2.925058
v 1.711713 -57.611340 2.591262
v 1.568112 -57.222191 0.897045
v 1.917555 -57.933464 -1.224314
v 4.577911 -57.341377 -4.631930
v 1.442805 -52.811760 3.195495
v 2.834377 -66.756882 0.699122
v 2.456040 -64.587959 1.207669
v 2.063629 -64.682762 -0.485399
v 0.452209 -44.105812 3.604923
v 15.999640 -53.302101 2.483237
v 15.924731 -53.547264 0.117894
v 14.601062 -52.816635 -3.248746
v 13.293484 -55.634598 -4.145255
v 12.802260 -50.067455 -4.952203
v 16.370140 -51.322914 2.828269
v 16.508831 -50.300335 0.647845
v 16.493862 -48.456581 -0.974261
v 4.037032 -12.058237 -7.711760
v 13.780130 -8.548069 6.987938
v 0.449207 -38.373219 1.002812
v 3.417162 -69.757942 -0.225822
v 14.481928 -63.557865 2.219195
v 14.625559 -61.504017 2.684551
v 15.635853 -77.527519 -4.408287
v 4.373939 -78.581108 -5.998369
v 15.153354 -74.861618 -0.653739
v 14.936813 -72.967506 -0.310373
v 15.138732 -57.164402 3.514606
v 14.837094 -59.369514 3.108860
v 0.498929 -46.657833 3.629367
v 1.134446 -10.533431 -7.698167
v 2.435816 -38.217457 -4.505801
v 14.808910 -68.581566 -0.735930
v 14.837025 -68.317101 -2.836102
v 12.691065 -67.412506 -5.500452
v 11.711784 -43.613571 -5.742135
v 4.650744 -73.869820 -5.652136
v 5.362076 -72.164490 -5.863328
v 8.758716 -71.706932 -7.683726
v 6.629687 -69.886086 -6.106735
v 4.211891 -72.867271 -4.259978
v 1.696066 -22.811131 -11.610785
v 16.930346 -48.574821 3.351835
v 1.322105 -53.024338 1.622662
v 1.538959 -53.972069 0.400132
v 2.371652 -53.605927 -2.071898
v 4.185819 -54.858761 -4.293534
v 7.174883 -53.084122 -5.706024
v 5.955513 -49.699337 -5.428449
v 7.286286 -55.822929 -5.556768
v 1.491910 -17.703342 -10.128369
v 19.241365 -38.189011 2.237622
v 14.921469 -12.723941 6.912843
v 17.124664 -19.012785 6.341496
v 16.518606 -16.859961 6.604485
v 3.853652 -74.515480 -1.571604
v 2.108945 -61.164955 1.967515
v 4.185975 -29.784935 -11.746324
v 7.261916 -30.910490 -11.440269
v 12.383182 -31.545237 -9.793233
v 16.253284 -28.623543 -6.575778
v 6.600737 -78.099884 -8.286121
v 9.649101 -77.689186 -9.190181
v 18.307541 -40.488079 5.633494
v 14.186095 -77.458878 -7.539218
v 0.922063 -49.151848 3.562282
v 1.315148 -14.146332 -8.667878
v 19.462774 -31.452248 3.773953
v 19.660763 -32.041683 1.263932
v 19.317469 -33.564369 -0.693099
v 17.609632 -33.123577 -4.654526
v 19.316605 -29.406939 3.804053
v 19.392460 -28.586376 1.364118
v 18.373684 -27.430960 -2.869629
v 2.332713 -65.605499 -1.835168
v 3.577053 -65.264648 -4.195429
v 6.493011 -65.856987 -5.256682
v 2.993412 -66.933426 -2.719183
v 3.536226 -62.929424 -4.190899
v 5.748629 -61.116482 -5.287952
v 17.264065 -47.451473 2.410479
v 17.078268 -47.406185 0.567944
v 17.637428 -46.095036 1.549857
v 9.363888 -29.017994 -11.360579
v 17.704599 -44.736179 0.524820
v 17.914679 -42.603989 -0.430155
v 17.228659 -39.806271 -3.191154
v 17.061434 -44.626057 -1.458007
v 16.018732 -46.268147 -2.518923
v 15.103206 -44.625126 -3.932065
v 14.460566 -42.047897 -4.916999
v 11.497664 -9.325646 -4.684006
v 14.234018 -10.646983 7.017786
v 4.198812 -27.076258 -12.058434
v 7.155549 -26.300926 -11.979269
v 9.790723 -24.523630 -11.122112
v 14.517011 -24.121235 -7.821435
v 18.190771 -24.574684 5.796472
v 14.353993 -6.245103 3.040860
v 14.139773 -6.221281 0.384276
v 13.246734 -6.349294 -2.088948
v 11.782712 -6.592601 -4.228795
v 6.268995 -7.367257 -7.084659
v 18.780930 -36.749790 5.585907
v 14.525726 -70.226608 0.462251
v 15.484981 -54.910629 3.964335
v 3.992177 -8.923950 -7.361814
v 4.928239 -9.960740 -7.208697
v 19.370329 -34.428864 3.880591
v 19.497295 -35.388126 2.756098
v 19.459068 -35.027027 0.613753
v 18.825798 -35.394451 -2.194054
v 19.532969 -36.629871 1.647486
v 17.665974 -37.342056 -3.489741
v 14.328327 -38.209911 -6.037496
v 1.828594 -58.824924 2.483197
v 2.914557 -57.144753 -3.046507
v 3.481323 -58.871887 -3.881195
v 5.682528 -59.137455 -5.224212
v 2.761473 -67.704475 -0.254677
v 14.274772 -66.713348 -3.494236
v 18.555218 -40.774261 4.144837
v 18.489275 -41.763287 2.843688
v 18.528893 -40.988396 0.543698
v 6.200166 -10.558897 -7.029247
v 8.282690 -11.036725 -6.723363
v 8.672882 -14.263603 -7.904178
v 7.700323 -9.603938 -6.615664
v 18.647648 -28.123178 5.657684
v 11.134523 -35.575794 -8.423904
v 15.031324 -48.450726 -3.312343
v 6.983578 -67.887337 -5.567093
v 12.785382 -9.951438 -3.430197
v 14.668002 -12.433880 -2.723427
v 3.791410 -72.652855 -0.936251
v 3.612483 -70.729439 -0.434022
v 1.332131 -50.689247 0.018266
v 2.224186 -51.701542 -1.918395
v 3.375728 -50.044147 -3.764801
v 15.061453 -60.265842 -0.069762
v 14.890723 -58.898354 -1.615825
v 12.966768 -58.044811 -4.115796
v 15.222750 -57.072685 -1.158523
v 10.556973 -56.489025 -5.434943
v 7.465916 -74.712234 -8.185875
v 4.157015 -77.579468 -5.378636
v 14.694983 -10.794641 5.794452
v 14.931847 -10.176643 4.265654
v 14.798953 -9.263769 2.504620
v 15.477427 -11.424356 2.955301
v 16.277641 -13.091305 1.737253
v 17.129766 -15.085836 0.806477
v 16.479132 -16.044407 -3.002907
v 16.797007 -20.107927 -4.167704
v 16.092402 -13.665733 -1.079774
v 15.964194 -12.808826 3.773665
v 8.646976 -22.042950 -11.023871
v 12.409937 -20.144579 -8.779553
v 11.679723 -22.543047 -9.888667
v 2.355537 -63.473106 1.577802
v 2.261945 -9.962799 -7.573921
v 1.705591 -55.155079 -0.263131
v 2.224496 -54.860077 -1.772584
v 2.799303 -55.822681 -2.822550
v 3.044724 -54.470837 -3.150736
v 3.909993 -53.628555 -4.018644
v 5.249002 -52.739613 -5.019342
v 6.507021 -51.395512 -5.620867
v 9.044775 -50.054623 -6.032011
v 5.893715 -54.281750 -5.227329
v 8.830483 -51.861870 -5.951242
v 4.646632 -51.254864 -4.763618
v 3.757133 -56.345066 -4.010920
v 5.375051 -55.992855 -5.066008
v 6.622652 -57.386372 -5.407297
v 10.905589 -51.176846 -5.689760
v 12.955390 -51.908295 -4.791308
v 13.161476 -53.705555 -4.497653
v 11.554643 -54.724300 -5.345405
v 9.348894 -53.986320 -5.840839
v 14.549344 -54.603996 -2.970574
v 14.488874 -50.946781 -3.697571
v 15.298919 -12.367033 5.683494
v 4.209464 -47.960293 -4.613161
v 7.918862 -73.117249 -7.964663
v 10.329515 -73.003662 -8.228867
v 11.758857 -71.081993 -7.369651
v 12.763645 -73.762764 -7.779528
v 12.720978 -69.361366 -6.239329
v 8.663503 -57.088593 -5.581995
v 10.380023 -58.022083 -5.436290
v 10.477786 -59.592194 -5.400516
v 9.091702 -61.280552 -5.555365
v 12.473081 -59.561153 -4.429793
v 6.806984 -47.472782 -5.751771
v 8.606332 -45.120625 -6.085342
v 19.472767 -30.145739 0.137434
v 18.786154 -29.388697 -2.305396
v 17.888659 -30.834967 -4.436799
v 15.565724 -31.433468 -7.443974
v 10.264744 -11.241155 -5.991336
v 11.108560 -13.428943 -6.601839
v 11.145252 -16.372238 -8.097186
v 13.371029 -13.403751 -5.057370
v 14.616359 -9.492846 0.479391
v 14.441379 -10.817535 -1.315921
v 17.720245 -28.726667 -4.491031
v 16.807417 -26.501709 -5.392333
v 14.711525 -26.599155 -7.878921
v 13.616783 -29.028767 -9.089417
v 17.821396 -42.979744 5.715631
v 2.781825 -12.661916 -8.013357
v 15.153838 -58.747238 1.876456
v 15.409016 -57.651581 0.940043
v 15.540114 -56.272354 0.324964
v 0.543452 -46.793884 2.033720
v 14.546538 -7.507978 2.870665
v 1.077421 -50.350063 1.586620
v 17.702805 -22.352028 6.105656
v 16.092161 -15.827861 6.861554
v 15.289841 -13.759214 7.005952
v 16.063761 -51.822670 -0.653120
v 3.423378 -39.066948 -5.244910
v 18.994160 -37.968285 3.786643
v 17.806822 -45.095200 2.534653
v 17.922205 -41.005997 -1.579554
v 18.388372 -39.181747 -1.430875
v 16.653336 -41.524132 -3.201575
v 15.545403 -40.298050 -4.793831
v 13.114136 -40.388889 -5.914322
v 16.268372 -38.484642 -4.755783
v 15.723646 -36.504780 -5.878531
v 13.410878 -36.351955 -7.228693
v 11.169954 -37.724289 -7.161427
v 7.979302 -38.559753 -7.020994
v 16.834745 -34.881073 -5.281430
v 15.771535 -55.044899 0.709410
v 5.589840 -18.133379 -10.064260
v 8.174832 -16.639975 -9.105552
v 14.207582 -66.534782 1.743219
v 14.296238 -64.601349 2.179678
v 2.747808 -46.190998 -3.603618
v 3.501454 -44.202240 -4.467162
v 15.056726 -62.887817 1.103318
v 14.956194 -62.837124 -0.661605
v 14.908742 -61.576206 -1.344201
v 13.994464 -61.181915 -2.682876
v 13.048546 -61.895298 -3.873010
v 11.715573 -62.323742 -5.182073
v 12.276594 -63.710552 -5.129973
v 10.925770 -64.738548 -5.825007
v 8.545766 -64.428391 -5.783756
v 13.346044 -60.315845 -3.564815
v 13.491392 -59.227486 -3.464048
v 14.040761 -58.275970 -2.876828
v 13.731437 -56.965248 -3.530243
v 12.288199 -56.758991 -4.740522
v 14.426770 -55.953751 -2.816519
v 15.045710 -61.478802 1.423844
v 17.630884 -18.494442 5.068171
v 18.128983 -18.845831 3.092930
v 18.436798 -20.413635 2.567433
v 18.126692 -20.419033 -0.977502
v 18.226629 -19.284138 0.845757
v 17.784307 -18.632536 -1.308647
v 17.987820 -17.520864 2.251289
v 17.358080 -16.007099 3.348277
v 17.178503 -16.957401 5.301192
v 6.943833 -72.028305 -7.078133
v 7.527586 -70.805199 -7.002410
v 9.332499 -70.437073 -7.379684
v 5.988945 -70.991592 -6.106832
v 5.154706 -70.120148 -4.984729
v 5.649347 -68.813499 -5.180372
v 3.874424 -69.886620 -3.442651
v 8.178177 -69.535927 -6.771711
v 8.504499 -68.351349 -6.439703
v 10.693810 -67.801613 -6.427935
v 8.506430 -66.979225 -5.884710
v 4.912003 -38.459568 -6.104216
v 5.489430 -36.874802 -7.106992
v 4.971008 -35.358288 -8.452264
v 6.314013 -39.156372 -6.443688
v 7.928177 -40.681931 -6.553892
v 6.108698 -40.663082 -6.146661
v 4.494577 -41.395950 -5.430204
v 4.422246 -42.901630 -5.180740
v 5.305486 -44.260975 -5.525269
v 9.735520 -42.053368 -6.225317
v 6.733886 -34.760502 -9.600110
v 9.080964 -34.961288 -9.397674
v 11.177187 -33.597824 -9.672286
v 9.256982 -36.439610 -8.109468
v 6.663959 -37.759010 -6.938801
v 8.102739 -37.207218 -7.452158
v 9.501727 -37.908573 -7.253413
v 9.312862 -39.289463 -6.890127
v 3.301427 -40.616035 -4.819835
v 1.739582 -43.560802 -2.860384
v 17.285160 -17.072458 -1.695378
v 16.515694 -18.030144 -4.001054
v 15.219529 -19.231735 -6.271082
v 15.503657 -21.808464 -6.478402
v 16.980307 -15.547759 -1.123919
v 6.702170 -45.191822 -5.790772
v 7.635305 -43.983017 -6.001243
v 9.681838 -43.759117 -6.050528
v 10.823107 -45.174297 -5.815522
v 13.090533 -44.998264 -5.117406
v 12.160037 -46.618782 -5.428652
v 13.276507 -48.098232 -4.752878
v 7.709085 -46.302399 -5.919921
v 9.567945 -46.312302 -5.989823
v 18.606148 -24.183008 0.212319
v 15.207547 -75.925392 -0.624183
v 12.580432 -76.085266 -8.532335
v 13.165251 -75.004692 -7.893130
v 14.635212 -75.129723 -6.492462
v 15.248548 -74.346260 -5.117118
v 15.314466 -73.178978 -4.479089
v 14.364428 -71.117241 -5.545270
v 15.166257 -71.948357 -4.021537
v 15.499667 -74.266380 -3.137887
v 14.969094 -70.665977 -4.208290
v 14.048314 -69.747749 -5.252725
v 13.800006 -68.495392 -4.993617
v 15.032104 -70.533485 -2.746826
v 14.983626 -69.479378 -2.575512
v 13.871708 -67.483910 -4.377285
v 12.902149 -66.358017 -4.963083
v 11.385945 -66.420143 -5.858655
v 3.067176 -19.237692 -10.606474
v 4.490529 -18.915993 -10.433866
v 6.119171 -19.685274 -10.657043
v 5.514287 -21.536644 -11.312375
v 4.300117 -17.872532 -10.044957
v 5.304689 -17.131367 -9.656631
v 6.671899 -16.493120 -9.245302
v 6.720569 -14.785749 -8.493472
v 7.154880 -17.666470 -9.707585
v 9.197536 -18.055481 -9.484452
v 10.388407 -19.566179 -9.676548
v 11.993129 -18.173424 -8.394850
v 7.323941 -13.183429 -7.759253
v 9.148671 -12.581350 -7.050876
v 5.412984 -13.592841 -8.174280
v 7.641040 -15.594092 -8.726723
v 9.419489 -15.542876 -8.318862
v 4.105951 -16.912022 -9.647168
v 7.154697 -20.804037 -10.915471
v 8.852870 -20.705223 -10.571416
v 10.354935 -21.526045 -10.262301
v 10.042459 -22.933916 -10.697765
v 8.349695 -23.524059 -11.384943
v 11.283726 -23.916063 -10.321239
v 12.990307 -23.626717 -9.102115
v 12.611967 -25.568060 -9.603050
v 13.508286 -21.762281 -8.461588
v 8.025151 -24.981400 -11.679548
v 9.346025 -26.358902 -11.470217
v 6.938146 -22.585468 -11.493750
v 11.155004 -25.260628 -10.535922
v 5.207073 -22.953623 -11.662745
v 4.531239 -24.293108 -11.925076
v 5.484125 -25.557035 -12.082591
v 8.236195 -27.674538 -11.721132
v 10.199796 -14.401207 -7.518304
v 12.019935 -14.897411 -6.949068
v 12.917171 -16.282482 -7.121529
v 14.324659 -15.147225 -5.388421
v 3.176190 -20.998291 -11.166206
v 0.145787 -43.959515 1.805763
v 0.584560 -44.168499 -0.230446
v 3.157457 -69.345863 -1.331947
v 3.360104 -69.319473 -2.585322
v 3.919937 -68.288742 -3.658767
v 3.894717 -69.097832 -3.592632
v 4.649900 -68.758850 -4.429708
v 5.250710 -67.885902 -4.711424
v 5.822160 -66.875145 -5.038493
v 4.514928 -69.546532 -4.408486
v 4.887831 -65.914520 -4.832913
v 4.938896 -64.560524 -5.078964
v 19.032063 -27.527906 -0.574807
v 18.487072 -25.678120 -1.609151
v 13.440127 -11.510204 -3.558915
v 8.119679 -62.993065 -5.600207
v 17.625685 -16.329372 1.657955
v 9.809152 -31.853622 -10.728061
v 1.886952 -62.392361 -1.754008
v 1.500034 -28.320627 -11.861233
v 11.297514 -77.716850 -9.030972
v 16.370422 -50.274773 4.994071
v 1.340536 -51.615711 3.576549
v 13.445785 -6.619599 6.878657
v 0.375820 -39.287983 1.271275
v 15.296396 -72.830215 -1.605538
v 16.671244 -47.139488 -1.036916
v 15.946307 -47.726372 -2.317373
v 15.057894 -47.270821 -3.433656
v 18.913767 -39.279625 0.686664
v 2.028704 -49.979630 -1.939914
v 2.642163 -48.680569 -2.996278
v 7.115004 -68.896530 -5.994974
v 3.986867 -77.605713 -1.655076
v 4.292353 -15.002571 -8.836271
v 14.868836 -65.823280 -0.821571
v 2.815617 -67.455856 -1.588164
v 3.204343 -67.855301 -2.744741
v 1.623434 -56.293446 0.025265
v 5.871749 -41.963840 -5.805452
v 16.216946 -14.759758 -2.236788
v 15.458693 -15.123636 -3.917248
v 15.580729 -16.622532 -4.745830
v 15.417181 -13.630100 -2.631326
v 14.565376 -13.980978 -4.192735
v 15.378213 -12.686909 -1.493330
v 15.833864 -12.600057 0.115391
v 15.234262 -11.621699 -0.485940
v 14.902555 -10.644105 0.321476
v 15.083631 -10.328445 1.692951
v 15.057774 -10.226804 2.984845
v 14.763361 -9.338625 3.646759
v 14.644013 -8.287342 3.556416
v 13.171675 -27.293106 -9.309782
v 0.138169 -39.239986 -0.142486
v 0.551853 -39.063633 -1.501197
v 0.248392 -39.813469 -0.462078
v 5.782196 -43.115311 -5.741694
v 0.803997 -38.131927 -2.313158
v 1.308125 -37.781578 -3.504536
v 2.021521 -37.382412 -4.606285
v 18.930464 -33.025085 5.798294
v 0.684507 -36.541908 -4.234347
v 3.734341 -71.446693 -2.562475
v 4.021917 -72.017647 -3.647773
v 4.557984 -71.839645 -4.857985
v 5.090652 -71.071587 -5.192087
v 1.799918 -62.167793 -0.043100
v 14.866717 -65.029999 0.245693
v 16.423191 -14.529325 5.166676
v 16.216152 -13.650389 4.478438
v 16.911421 -15.260996 4.267834
v 17.139893 -16.150156 4.611756
v 14.250809 -7.480418 0.188501
v 13.353280 -7.616513 -2.156881
v 13.246429 -8.849795 -2.673356
v 13.641180 -9.997972 -2.306456
v 15.172241 -71.552071 -2.861255
v 17.469063 -16.123924 0.177354
v 0.415241 -42.857750 3.917545
v 18.502214 -23.232485 3.967791
v 18.687962 -23.504597 2.003155
v 18.873117 -24.878941 1.849368
v 18.871286 -25.559101 0.230232
v 18.536936 -22.823973 0.401307
v 18.225306 -23.373064 -1.402646
v 17.431328 -22.001205 -3.290122
v 18.368042 -21.476299 0.151065
v 18.018257 -21.725306 -1.603197
v 16.531553 -23.252663 -5.103544
v 18.479050 -22.297806 3.237988
v 18.298496 -21.190168 3.803943
v 6.450332 -76.935333 -8.058700
v 6.672768 -75.798943 -7.995111
v 5.354031 -76.472336 -7.127703
v 10.970839 -49.623520 -5.697672
v 16.197033 -33.336750 -6.418993
v 14.466809 -32.908756 -8.114795
v 13.159091 -34.251068 -8.542122
v 15.481376 -74.136795 -1.828631
v 3.642181 -67.355515 -3.472999
v 3.541406 -66.470375 -3.665230
v 2.857844 -66.046440 -2.805429
v 2.674830 -65.060806 -2.886017
v 2.931699 -63.958580 -3.524210
v 2.575912 -66.447838 -1.866637
v 2.558636 -62.857449 -3.019277
v 2.990050 -61.825352 -3.703251
v 4.088078 -61.028988 -4.611256
v 4.902846 -62.302734 -5.056490
v 2.259634 -61.391888 -2.445702
v 2.038784 -59.788742 -1.640815
v 6.591246 -62.281498 -5.474236
v 7.409257 -61.262825 -5.513326
v 8.152601 -60.030346 -5.526608
v 6.642105 -60.224144 -5.434617
v 5.305165 -60.120129 -5.149741
v 4.462097 -59.334751 -4.676544
v 3.553170 -59.923130 -4.072602
v 2.699342 -59.509377 -3.011372
v 2.637299 -58.312275 -2.814538
v 4.850689 -58.359943 -4.840065
v 6.009401 -58.216080 -5.304850
v 7.168246 -59.005054 -5.444726
v 5.351333 -78.548073 -7.326901
v 10.857855 -6.534154 -5.143775
v 8.701143 -6.872159 -6.475068
v 2.574347 -7.358404 -7.749284
v 1.227948 -41.819302 -2.372800
v 11.833711 -7.865386 -4.298212
v 7.658118 -54.442970 -5.688220
v 9.147649 -55.446484 -5.710937
v 14.766007 -57.832626 -1.926409
v 15.144696 -58.062828 -0.631400
v 14.624111 -56.880379 -2.302900
v 10.710394 -38.876633 -6.883437
v 12.622724 -38.731037 -6.696535
v 11.699259 -39.483646 -6.615201
v 11.789330 -40.593563 -6.317907
v 12.629206 -41.964947 -5.755446
v 10.580535 -41.161846 -6.336850
v 11.192991 -42.175751 -6.050402
v 9.355291 -40.671818 -6.558157
v 13.356982 -43.163376 -5.165926
v 14.933040 -43.328629 -4.408743
v 15.680786 -42.287605 -3.965990
v 11.824532 -21.263346 -9.498514
v 14.074095 -20.283245 -7.555099
v 13.706315 -18.624454 -7.444166
v 17.324110 -15.283608 2.222570
v 16.811987 -14.192989 1.906171
v 16.571716 -13.981390 0.352627
v 0.159651 -40.759365 -0.010529
v 0.376773 -41.488842 -0.773226
v 0.360816 -37.689861 -0.791693
v 5.886637 -33.400925 -10.503204
v 6.830168 -32.298149 -11.076038
v 9.921579 -27.790558 -11.171211
v 11.581430 -29.072409 -10.388927
v 10.485653 -30.374760 -10.678869
v 1.851544 -56.987114 -0.851178
v 2.244708 -56.908646 -2.035539
v 15.425452 -17.906048 -5.548595
v 16.926250 -24.887800 -4.836725
v 15.718672 -25.298723 -6.647973
v 17.738527 -26.047014 -3.657021
v 16.805819 -32.018879 -5.948121
v 16.652359 -30.330782 -6.274291
v 15.170936 -29.819807 -7.812509
v 14.011451 -30.860447 -8.856623
v 14.892163 -28.355640 -7.989046
v 5.187470 -32.293530 -11.010813
v 5.690366 -31.215832 -11.444620
v 5.973976 -29.930143 -11.805726
v 7.743079 -29.606331 -11.606571
v 8.886748 -30.612858 -11.201205
v 4.514162 -33.088341 -10.485058
v 13.755698 -6.029402 -0.875163
v 18.363869 -39.263485 5.907496
v 0.907005 -11.781354 -7.901712
v 17.398336 -20.119188 6.244201
v 14.762494 -63.404049 -1.709895
v 13.886577 -63.104755 -2.979475
v 12.913548 -62.936726 -4.247662
v 14.957868 -63.921738 -0.354177
v 14.372744 -64.020187 -2.400211
v 14.163098 -64.787506 -2.796233
v 13.977464 -65.433243 -3.420522
v 13.314835 -64.623528 -4.057713
v 14.738803 -65.068871 -1.781436
v 14.479422 -66.207062 -2.825429
v 13.540848 -70.251053 -6.141383
v 13.295954 -71.333878 -6.704994
v 12.594886 -72.354332 -7.492925
v 12.136825 -70.132545 -6.825534
v 11.313430 -69.173492 -6.780833
v 11.947711 -68.428436 -6.249852
v 10.758709 -70.262199 -7.227423
v 14.326362 -72.054993 -5.977777
v 13.688514 -72.387131 -6.845572
v 13.647837 -73.316750 -7.109462
v 14.500585 -74.094833 -6.355412
v 9.713715 -16.764009 -8.783727
v 10.816681 -17.511536 -8.795362
v 10.880138 -18.580103 -9.120825
v 11.863531 -19.196592 -8.865189
v 12.947347 -19.264404 -8.216249
v 15.162669 -46.276264 -3.492688
v 14.547365 -45.542618 -4.272962
v 15.686119 -45.363224 -3.164842
v 16.074127 -44.276173 -2.973111
v 16.538525 -45.386223 -2.188324
v 15.778417 -43.416706 -3.515991
v 15.795109 -12.868240 4.878998
v 14.441737 -8.450254 0.474795
v 14.694784 -8.794633 1.501454
v 14.355700 -9.125177 -0.341440
v 14.564158 -10.074540 -0.482543
v 10.297523 -42.886978 -6.000502
v 8.956841 -42.927254 -6.168648
v 8.322499 -41.994640 -6.304811
v 15.623461 -27.504436 -7.090931
v 16.671413 -27.623428 -5.869107
v 17.584602 -27.440462 -4.436487
v 15.702281 -26.418396 -6.798345
v 11.007778 -72.005493 -7.810172
v 10.367366 -71.114525 -7.585085
v 14.653500 -60.536053 3.209752
v 16.652264 -50.214211 2.153797
v 5.034381 -11.186135 -7.349994
v 3.836254 -77.012985 -4.408151
v 15.461239 -53.726532 -1.835847
v 15.532528 -52.406837 -2.009649
v 12.526138 -60.453281 -4.437322
v 11.621685 -59.910801 -5.055390
v 11.418159 -58.841629 -5.097445
v 11.763364 -57.801552 -5.033259
v 13.161121 -61.102924 -3.754700
v 14.991446 -70.558037 -1.467753
v 3.471110 -70.039017 -2.472776
v 3.816293 -70.700684 -3.160127
v 14.339359 -47.867085 -4.136485
v 14.079713 -49.000824 -4.198295
v 14.972408 -49.661659 -3.154452
v 15.831697 -49.057064 -2.153867
v 16.300421 -49.697113 -0.812679
v 16.718817 -49.068554 0.375371
v 12.955099 -49.064880 -4.872300
v 11.509013 -48.185310 -5.595845
v 16.159807 -50.757961 -0.792013
v 0.771290 -39.573887 -2.110102
v 1.459761 -39.445038 -3.401047
v 1.148838 -40.518578 -2.624307
v 7.544181 -58.096931 -5.510796
v 15.411099 -41.355469 -4.562498
v 14.237844 -40.920460 -5.272642
v 14.380707 -39.653015 -5.599072
v 10.865984 -20.554377 -9.744476
v 16.026314 -18.845768 -5.051431
v 15.940639 -20.043724 -5.455647
v 16.396681 -21.295000 -5.050989
v 15.098593 -20.343153 -6.576842
v 14.584862 -21.280294 -7.300549
v 14.542419 -22.674591 -7.589492
v 15.579394 -23.481573 -6.610948
v 12.588729 -30.196823 -9.740345
v 3.992342 -11.030378 -7.474618
v 2.935300 -11.138817 -7.620693
v 15.367593 -77.893333 -1.137908
v 19.199017 -27.425034 2.670011
v 1.805335 -54.061760 -0.946631
v 1.867430 -53.009102 -1.087846
v 15.654146 -55.676884 1.970221
v 4.033128 -36.318447 -7.007491
v 6.222774 -46.431412 -5.683989
v 4.953669 -46.981319 -5.071933
v 3.633452 -46.931103 -4.336538
v 2.585520 -47.417175 -3.142841
v 5.546983 -47.998844 -5.297059
v 6.824820 -48.692463 -5.729819
v 4.858847 -48.982048 -4.896668
v 4.694908 -50.112419 -4.817066
v 8.168552 -48.085384 -5.936452
v 9.388309 -48.875866 -6.018543
v 7.500254 -49.788204 -5.826079
v 3.560606 -48.922230 -4.129249
v 8.033995 -50.866539 -5.887984
v 3.826081 -45.876747 -4.482470
v 2.950630 -45.163509 -4.017910
v 2.074155 -45.420055 -2.796772
v 1.607065 -46.438339 -1.988881
v 4.380056 -44.936962 -4.892389
v 2.405040 -44.262951 -3.579338
v 2.912199 -43.246464 -4.180642
v 0.995325 -46.285221 -0.579552
v 0.761350 -45.257584 -0.233662
v 1.623796 -44.540142 -2.405925
v 1.013648 -43.784050 -1.589281
v 1.238784 -42.839352 -2.172711
v 1.892703 -42.341606 -3.427996
v 0.731804 -42.333420 -1.331533
v 1.794400 -41.284649 -3.542432
v 5.708924 -50.651203 -5.280220
v 6.820075 -50.523514 -5.717309
v 0.639927 -46.116039 0.693861
v 8.550968 -47.106339 -6.027545
v 3.215523 -48.046558 -3.829642
v 10.150485 -66.845451 -6.101543
v 4.482759 -20.969166 -11.143464
v 15.291743 -72.373413 -2.698789
v 18.896324 -25.511631 3.187815
v 3.922908 -63.932316 -4.514893
v 5.013257 -63.595226 -5.106009
v 1.782383 -61.438171 -1.274469
v 1.809141 -60.546982 -1.132118
v 1.686158 -59.719097 0.026956
v 1.684680 -58.739811 -0.436072
v 1.629565 -57.814034 -0.066780
v 14.028496 -44.192020 -4.737707
v 11.736772 -67.615273 -6.039533
v 13.060376 -68.662849 -5.809185
v 1.167759 -47.266983 -0.692206
v 1.338697 -48.740063 -0.464981
v 13.829022 -9.608572 7.287963
v 9.469598 -76.532143 -9.021497
v 8.927715 -75.336723 -8.705906
v 9.008808 -74.071159 -8.405390
v 10.478859 -75.768341 -8.947162
v 19.212906 -36.255245 -0.100518
v 3.016515 -53.175785 -3.150289
v 2.417235 -52.639317 -2.269264
v 15.077455 -61.101994 0.333047
v 14.934958 -60.803291 -0.899030
v 15.181659 -60.568565 1.085675
v 14.932122 -59.865116 -1.318896
v 15.216729 -59.655548 1.014251
v 15.576626 -75.172852 -3.630525
v 15.727571 -76.121132 -2.880411
v 6.719228 -18.686644 -10.192447
v 7.978635 -18.392179 -9.873816
v 14.068832 -12.911297 -3.913396
v 13.218014 -12.371474 -4.483797
v 12.193399 -12.821698 -5.602106
v 11.093971 -12.182515 -5.996127
v 12.486475 -13.933056 -6.064126
v 13.195847 -14.891603 -6.139926
v 13.804478 -14.286364 -5.277357
v 13.678587 -15.777686 -6.246940
v 14.670865 -16.140331 -5.638260
v 8.345820 -62.056236 -5.572145
v 9.798319 -62.208607 -5.643461
v 10.625199 -61.402493 -5.464688
v 9.868415 -60.479877 -5.550969
v 9.253883 -59.665813 -5.521093
v 14.680729 -8.375077 2.451792
v 13.452502 -7.512131 7.238858
v 10.020866 -8.196959 -5.780515
v 10.777051 -8.735215 -5.212847
v 10.595815 -9.881397 -5.378591
v 11.409391 -10.547460 -4.945688
v 12.096169 -9.919795 -4.242341
v 12.238267 -8.890850 -3.920126
v 7.164566 -66.733391 -5.427581
v 8.067928 -65.957138 -5.660997
v 7.238625 -64.982697 -5.592601
v 18.291933 -20.383219 0.521130
v 8.390347 -32.307968 -10.839458
v 9.648246 -33.240253 -10.396430
v 10.056313 -34.256496 -9.764419
v 11.315252 -34.648800 -9.106106
v 12.415621 -35.169426 -8.264956
v 13.771541 -35.128437 -7.536149
v 14.845120 -35.681694 -6.656871
v 15.888780 -35.186363 -6.207575
v 15.968162 -34.246086 -6.535306
v 15.177585 -33.629326 -7.354082
v 15.519336 -32.637375 -7.330368
v 10.275729 -35.087963 -9.084701
v 8.811802 -34.131580 -9.980204
v 7.923160 -34.693512 -9.692225
v 8.097469 -35.561378 -8.801898
v 7.118165 -34.002670 -10.196913
v 13.780807 -65.973885 -3.901485
v 14.201513 -49.990089 -4.072728
v 15.480073 -39.256344 -5.155645
v 16.401892 -39.498917 -4.204469
v 17.167273 -38.671547 -3.647731
v 16.457666 -40.528908 -3.738652
v 17.891083 -39.083031 -2.651090
v 18.480961 -37.957558 -2.172424
v 18.545080 -36.641052 -2.569400
v 17.624256 -35.888264 -3.992201
v 18.035563 -40.016628 -1.996227
v 18.391989 -40.204182 -0.609331
v 17.877789 -34.489212 -3.930541
v 18.825735 -33.402279 -2.861339
v 16.830360 -36.745987 -4.721628
v 16.572920 -35.850948 -5.378712
v 18.329105 -32.145027 -3.739520
v 16.134483 -37.473747 -5.281813
v 15.019497 -37.334045 -6.002641
v 13.847462 -37.292374 -6.625999
v 12.491752 -37.270248 -7.243125
v 11.305714 -36.656918 -7.778220
v 15.374031 -38.205864 -5.498479
v 18.655293 -31.152010 -3.085902
v 18.391729 -30.007027 -3.539337
v 18.886782 -30.416759 -2.255635
v 19.225729 -29.919022 -1.187815
v 19.330809 -28.881752 -0.264712
v 18.894848 -28.339590 -1.665133
v 19.007898 -32.325478 -2.334138
v 19.316269 -32.399109 -0.817106
v 19.554993 -33.014523 0.547341
v 19.516544 -34.014790 0.531319
v 19.290318 -27.611988 1.409570
v 0.564235 -43.287529 -0.732956
v 0.313640 -43.446846 0.515765
v 0.105849 -42.629669 1.192279
v 19.170938 -35.163631 -0.815068
v 19.018108 -34.339535 -1.911551
v 10.226073 -12.777025 -6.681336
v 9.516170 -13.540714 -7.342318
v 3.844362 -74.029030 -2.625324
v 3.807183 -73.213737 -2.843474
v 19.654419 -32.428810 2.887235
v 19.697571 -31.389328 2.323334
v 19.577358 -31.003939 1.007487
v 19.420246 -31.089193 -0.337812
v 19.536375 -33.447853 3.309164
v 3.205074 -67.810631 0.763227
v 12.112761 -65.447815 -5.422662
v 12.107512 -64.575981 -5.316125
v 11.108056 -63.929680 -5.640075
v 9.694091 -63.964314 -5.807550
v 10.987830 -65.574577 -5.913594
v 5.702332 -26.761713 -12.165717
v 1.533280 -56.298351 1.198348
v 16.646851 -14.541042 -0.815098
v 10.382858 -68.547325 -6.705732
v 9.489200 -67.898041 -6.498915
v 14.161469 -6.043169 4.426750
v 3.769568 -79.358505 -2.936414
v -0.122276 -40.673222 2.190156
v 14.779711 -72.009766 -0.043015
v 0.904480 -49.591557 2.429293
v 7.664253 -8.498452 -6.647902
v 10.772986 -46.967594 -5.766769
v 11.166353 -46.074543 -5.701390
v 12.031178 -45.384220 -5.564685
v 12.187258 -44.457718 -5.542873
v 4.671760 -77.069397 -6.380894
v 4.287339 -66.401077 -4.399403
v 12.433443 -58.695549 -4.541380
v 18.984251 -25.821339 1.996772
v 6.762905 -8.174786 -6.905446
v 18.368858 -41.777668 4.093503
v 14.231107 -59.195114 -2.483094
v 11.991661 -74.440323 -8.378220
v 11.489482 -73.521576 -8.200812
v 11.748256 -75.298279 -8.649943
v 10.680474 -15.368330 -7.838716
v 6.438597 -43.861706 -5.808815
v 17.055017 -28.531908 -5.577954
v 17.358299 -29.690546 -5.233933
v 15.727287 -51.377586 -1.903949
v 15.004383 -51.695553 -2.885147
v 15.181438 -50.799938 -2.782545
v 16.220676 -24.211540 -5.725208
v 8.611408 -65.267700 -5.833177
v 9.709943 -64.916245 -5.916468
v 18.904032 -36.302349 -1.384677
v 10.342872 -36.193947 -8.204954
v 10.213407 -37.103752 -7.619310
v 9.463184 -35.671169 -8.711476
v 14.238881 -8.613121 5.789354
v 14.277173 -7.648835 5.082455
v 14.170117 -68.510193 1.384462
v 15.788292 -78.001816 -2.654525
v 1.149597 -32.240154 -10.562776
v 15.828782 -52.670883 4.830027
v 0.794286 -47.937595 4.110275
v 0.951139 -15.339598 -9.180115
v 4.051275 -75.561691 -1.237213
v 18.761457 -30.584528 6.085891
v 18.160257 -25.776005 6.213388
v 5.032053 -7.073111 -7.371352
v 0.939360 -34.298794 -8.600092
v 0.482847 -39.270569 3.934741
v 0.463433 -38.619587 3.179045
v 16.694645 -47.913437 5.636631
v 17.202869 -45.487034 5.919830
v 18.726686 -35.540825 6.151067
v 3.776008 -78.231750 -3.359364
v 0.764486 -47.957397 1.531581
v 0.971696 -48.090885 0.329979
v 1.716908 -8.513679 -7.815441
v 0.890150 -8.597331 -7.362846
v 0.841969 -7.485807 -6.893149
v 3.005006 -33.303314 -10.112468
v 2.968257 -34.082081 -9.298453
v 3.263696 -34.916573 -8.373039
v 1.768145 -36.531319 -5.308602
v 2.144920 -35.992329 -6.376111
v 2.204755 -35.034943 -7.844492
v 2.556215 -16.825352 -9.713896
v 2.973567 -30.601686 -11.471112
v 2.913269 -31.611206 -11.072065
v 3.921206 -32.273785 -10.904508
v 0.287867 -41.844296 2.317958
v 14.809086 -67.598206 -0.462808
v 14.697808 -66.800980 0.591197
v 14.944407 -66.481651 -1.426414
v 3.813168 -76.758163 -2.953118
v 4.082233 -75.921654 -4.785052
v 3.822226 -75.397774 -3.967764
v 4.511168 -75.680534 -5.916642
v 4.919137 -74.739059 -6.154099
v 5.712460 -74.529892 -7.031622
v 18.848883 -27.262018 4.568647
v 17.241520 -46.960594 4.261086
v 17.152283 -47.570282 3.507475
v 17.446865 -46.103283 4.357571
v 17.690767 -45.284889 3.694521
v 18.187572 -43.211628 3.039096
v 18.435640 -42.519871 1.549207
v 18.087524 -43.319557 0.684779
v 17.564054 -43.778488 -0.561762
v 17.412533 -43.009697 -1.574841
v 17.074976 -42.323666 -2.503182
v 17.951349 -43.722878 4.511514
v 1.653214 -57.942402 1.551152
v 2.029128 -64.210541 0.397099
v 1.926795 -63.732662 -0.973148
v 16.175289 -52.470810 2.636556
v 15.780517 -54.077511 3.080263
v 16.141016 -53.098614 1.200703
v 15.992090 -54.056198 1.206991
v 16.068254 -52.604874 0.119745
v 15.835457 -52.984543 -0.957335
v 16.520693 -51.126797 1.534418
v 16.303940 -51.611725 0.518490
v 15.542539 -76.627106 -5.183080
v 14.862201 -76.142670 -6.351166
v 2.965590 -37.490116 -5.364715
v 14.711735 -69.359985 -0.273279
v 15.009118 -68.117783 -1.826392
v 14.627865 -67.484978 -2.743111
v 15.028477 -68.913292 -1.921066
v 4.250009 -74.411926 -4.882072
v 4.224564 -73.653481 -4.615425
v 4.650606 -73.038094 -5.396407
v 5.544959 -72.963867 -6.373372
v 6.563557 -72.861465 -7.137280
v 16.717518 -49.292297 3.927906
v 16.799709 -49.391655 2.728683
v 1.261452 -52.388203 2.307232
v 1.329288 -52.008297 1.121765
v 1.406461 -54.184891 1.527191
v 18.950891 -39.189045 3.154065
v 19.051081 -39.358646 1.944149
v 18.905386 -40.217030 1.351242
v 18.701101 -41.184616 1.774504
v 1.812794 -60.680542 1.004453
v 3.117362 -29.308685 -11.779929
v 4.154380 -28.868889 -11.922478
v 2.348300 -14.381256 -8.718425
v 3.156217 -15.008930 -8.926379
v 19.017227 -28.820923 4.550328
v 19.386356 -28.524658 2.836869
v 19.542114 -29.377291 2.222678
v 2.244723 -65.726456 -0.620083
v 2.167873 -64.866287 -1.483485
v 17.241491 -47.820248 1.487491
v 17.425234 -46.950909 1.393876
v 16.954065 -48.272842 0.647684
v 16.775156 -47.832443 -0.312216
v 17.466223 -46.615078 2.395092
v 17.529528 -45.616917 0.596238
v 17.329498 -45.151611 -0.362117
v 3.125949 -27.470161 -11.986768
v 3.186574 -26.536213 -12.024055
v 18.613348 -24.836864 4.711789
v 18.935492 -37.211098 4.639258
v 19.041729 -36.256577 4.622675
v 19.270889 -35.510723 3.900294
v 14.751264 -70.252197 -0.428119
v 4.962311 -8.979293 -7.203657
v 19.682409 -34.844910 1.719672
v 19.419430 -36.245026 2.613159
v 19.262823 -37.262604 2.767539
v 19.592094 -35.724468 1.596743
v 19.277431 -37.553871 0.821753
v 18.986902 -38.319752 0.210369
v 3.551855 -57.804035 -3.935029
v 2.888090 -68.302101 -0.956869
v 5.787133 -9.875661 -7.048037
v 6.646551 -9.762484 -6.857120
v 7.181865 -10.480652 -6.854829
v 7.257827 -11.530421 -7.145910
v 8.165443 -12.103382 -7.113716
v 6.991640 -12.387220 -7.510185
v 6.315765 -13.104949 -7.873495
v 5.455462 -12.679790 -7.808808
v 4.291917 -13.169956 -8.102725
v 4.455823 -14.076655 -8.444341
v 5.423159 -14.591209 -8.575326
v 8.796388 -9.053206 -6.282055
v 8.924942 -10.110548 -6.245402
v 9.305989 -11.008327 -6.341052
v 9.784721 -10.249162 -5.851667
v 1.639468 -51.669048 -0.611496
v 1.789051 -50.786850 -1.201580
v 1.516826 -49.861488 -0.737615
v 1.143154 -49.766006 0.483473
v 3.066753 -51.245789 -3.244786
v 15.080252 -59.321007 -0.378211
v 14.549212 -9.536178 5.166531
v 15.216240 -11.068363 3.980523
v 15.574039 -11.947992 3.909118
v 15.855000 -12.302234 2.862961
v 15.715351 -11.850865 1.907045
v 16.440535 -13.504768 2.887403
v 3.027923 -9.262547 -7.500156
v 3.400921 -55.293961 -3.595966
v 2.680637 -55.065289 -2.625148
v 4.288864 -52.899239 -4.445420
v 4.891414 -53.720642 -4.860471
v 6.314609 -52.352360 -5.482337
v 7.545886 -52.074406 -5.789173
v 8.498340 -52.866405 -5.864271
v 9.890081 -52.650764 -5.855900
v 10.372110 -53.522579 -5.719510
v 10.416267 -54.452183 -5.641516
v 10.711857 -55.475746 -5.489232
v 12.040729 -55.740150 -5.077858
v 10.016470 -51.744240 -5.870081
v 9.226271 -51.009235 -6.032841
v 6.096692 -53.383533 -5.339401
v 4.651623 -56.501328 -4.606756
v 5.603155 -56.905144 -5.161567
v 4.327320 -55.700089 -4.419189
v 5.040756 -55.172802 -4.919758
v 6.201586 -55.345337 -5.369728
v 6.599416 -56.502003 -5.359244
v 11.775506 -52.008198 -5.468028
v 12.247767 -51.008774 -5.298371
v 12.532147 -52.840816 -5.003630
v 13.655514 -52.779724 -4.242743
v 14.041323 -51.841930 -4.071633
v 13.395701 -50.974197 -4.549579
v 11.399574 -50.429283 -5.578318
v 10.202384 -50.390446 -5.855832
v 12.076810 -53.794926 -5.260397
v 12.728074 -54.654003 -4.690228
v 13.732471 -54.536823 -3.954448
v 14.244987 -53.714062 -3.574360
v 7.103299 -73.860046 -7.744959
v 9.072562 -72.615005 -8.019273
v 9.836960 -71.993820 -7.962070
v 9.178285 -57.933182 -5.563138
v 9.864755 -57.193554 -5.589261
v 9.322908 -56.358231 -5.626447
v 9.827149 -58.797405 -5.519141
v 18.382864 -28.500141 -3.203278
v 15.315743 -57.706421 2.015375
v 15.537340 -56.898201 1.056334
v 15.386345 -57.061440 -0.000369
v 15.371533 -56.126503 -0.965550
v 15.068717 -55.478916 -2.007585
v 0.425236 -45.907494 2.391024
v 14.492608 -7.065855 2.134107
v 2.453387 -39.207138 -4.363274
v 17.969198 -44.642864 1.576440
v 18.137783 -41.556164 -0.426170
v 17.333920 -40.785728 -2.701132
v 15.610804 -55.507801 -0.007068
v 15.729198 -54.410851 -0.296004
v 14.991631 -63.391243 0.381053
v 14.999820 -62.139515 -0.529809
v 14.841728 -62.276321 -1.523096
v 14.513223 -60.854198 -1.948694
v 13.711206 -61.813175 -3.065924
v 12.254690 -61.721554 -4.780399
v 11.418829 -63.058754 -5.407132
v 13.616512 -57.723099 -3.539742
v 12.946827 -57.259167 -4.167093
v 14.205506 -57.469555 -2.781248
v 13.073484 -56.462425 -4.175926
v 13.849681 -56.198452 -3.558871
v 17.927956 -19.077843 4.237357
v 18.198059 -19.720276 3.412584
v 18.368767 -19.498058 2.137613
v 18.184853 -18.535879 1.802032
v 18.028542 -18.290693 0.469815
v 18.118330 -19.419020 -0.510537
v 17.727238 -19.665379 -1.864914
v 17.255085 -18.751850 -2.906900
v 17.673552 -20.779240 -2.353414
v 17.345922 -20.010044 -3.018134
v 17.233843 -20.961678 -3.609653
v 17.043993 -17.712933 -2.793878
v 16.552244 -17.017719 -3.563645
v 17.926008 -18.011522 3.213877
v 17.653645 -16.939856 3.280091
v 7.921994 -72.273308 -7.695818
v 7.714700 -71.513969 -7.360888
v 8.557007 -70.956520 -7.384013
v 6.725899 -70.548233 -6.428963
v 7.494717 -70.073921 -6.734700
v 6.766995 -71.315948 -6.731633
v 5.857916 -70.313858 -5.753391
v 5.764028 -69.574997 -5.479875
v 4.388507 -70.360764 -4.197951
v 9.164431 -69.730064 -7.099842
v 8.832051 -69.010307 -6.757487
v 8.053639 -67.669899 -5.950032
v 4.264186 -39.202465 -5.761898
v 3.999511 -38.362614 -5.779966
v 3.197488 -38.287582 -5.159688
v 4.841754 -37.544521 -6.449427
v 5.810777 -36.065601 -7.955858
v 6.174534 -35.400890 -8.828786
v 5.279480 -34.626495 -9.424047
v 4.145930 -34.623199 -9.035276
v 4.800029 -35.984558 -7.675045
v 3.798497 -35.587231 -7.732500
v 5.329803 -39.169353 -6.123737
v 5.923522 -38.362816 -6.461534
v 5.728102 -39.910622 -6.139811
v 6.784296 -39.921654 -6.441895
v 5.090444 -40.642300 -5.842242
v 8.022185 -39.630299 -6.834371
v 3.988853 -42.149647 -4.984386
v 4.433324 -43.806763 -5.072233
v 7.012096 -38.519924 -6.785589
v 6.599319 -36.846306 -7.452970
v 8.133268 -36.444031 -8.093610
v 9.105187 -37.169563 -7.597367
v 3.577026 -41.395424 -4.844448
v 2.659259 -41.362804 -4.232374
v 17.731878 -17.675888 -0.858917
v 16.936968 -16.237410 -1.980931
v 5.573776 -45.086815 -5.569210
v 7.641280 -44.794163 -5.963806
v 8.697089 -44.253448 -6.152147
v 9.784212 -44.696789 -6.015341
v 13.167438 -46.035381 -4.927895
v 13.220125 -47.070671 -4.838840
v 12.303319 -47.535553 -5.316339
v 8.640375 -45.920383 -6.060790
v 9.576715 -45.499390 -6.015700
v 14.073612 -75.377251 -7.370693
v 13.885302 -74.487411 -7.255228
v 15.170940 -75.087914 -5.471603
v 15.014301 -73.545464 -5.276857
v 15.293239 -72.751160 -3.747196
v 15.048469 -72.341629 -4.836739
v 15.404106 -73.514336 -3.449470
v 15.410949 -73.977638 -4.251711
v 14.915757 -71.264038 -4.688135
v 14.444362 -70.470627 -5.111206
v 14.228150 -69.197395 -4.775136
v 14.528023 -68.685356 -4.167292
v 13.450671 -67.808182 -4.999282
v 13.666820 -66.757111 -4.290400
v 13.147793 -67.051765 -4.924770
v 12.320814 -66.733131 -5.471241
v 2.603208 -18.436504 -10.339614
v 6.292860 -15.649563 -8.920900
v 9.286245 -19.060860 -9.891662
v 7.580734 -14.110164 -8.086590
v 8.401334 -13.328526 -7.553895
v 8.541262 -15.111648 -8.344572
v 5.950059 -20.627720 -10.992323
v 7.120123 -19.961489 -10.633918
v 9.476321 -23.651758 -11.123763
v 12.066350 -23.383410 -9.737735
v 12.755522 -22.609365 -9.120127
v 12.322264 -24.404329 -9.716004
v 13.575253 -24.748116 -8.821134
v 14.635996 -25.352455 -7.850123
v 13.793211 -25.958830 -8.770920
v 7.520197 -24.144644 -11.716498
v 6.744636 -24.947241 -11.958900
v 8.251077 -25.915981 -11.710393
v 9.287457 -25.385113 -11.423483
v 6.720011 -21.651331 -11.311047
v 11.782318 -26.160711 -10.267182
v 10.550917 -26.142120 -10.876260
v 3.345756 -24.587610 -11.926973
v 4.517206 -26.154673 -12.080071
v 11.206805 -14.322175 -7.018962
v 11.983889 -15.826737 -7.420681
v 12.124600 -17.060375 -7.942829
v 13.318813 -17.366049 -7.323959
v 2.819437 -21.918800 -11.427968
v 4.072922 -21.881384 -11.421673
v 0.246528 -44.803371 2.374204
v 0.360439 -44.439396 0.889029
v 4.345976 -67.786079 -4.190341
v 6.085928 -68.182343 -5.275171
v 4.491096 -65.191238 -4.744969
v 5.596381 -65.289360 -5.175147
v 6.140093 -64.588066 -5.325596
v 18.646900 -26.790300 -1.691583
v 18.897867 -26.494452 -0.376543
v 12.724029 -10.934757 -4.009291
v 13.281285 -10.626058 -3.132784
v 14.031886 -11.104177 -2.489757
v 7.633317 -63.764362 -5.539918
v 6.960603 -63.076286 -5.477270
v 5.772128 -62.924503 -5.309546
v 11.240955 -32.374420 -10.068883
v 12.882434 -32.939007 -9.255929
v 11.095799 -31.338223 -10.342504
v 13.631360 -31.977707 -8.939009
v 14.758825 -31.935995 -8.199178
v 16.279207 -46.986393 -2.018020
v 16.758135 -46.205387 -1.462038
v 2.648868 -49.631218 -2.917179
v 7.583818 -68.331146 -6.045739
v 4.292409 -15.848331 -9.183667
v 6.952041 -41.373600 -6.181966
v 16.085562 -15.281594 -3.122258
v 15.681779 -14.454506 -3.097899
v 15.852333 -15.960358 -3.921328
v 15.913349 -14.015433 -2.000350
v 14.811419 -14.761614 -4.526467
v 15.031556 -15.584005 -4.795575
v 14.804435 -11.795103 -1.638061
v 14.891702 -65.211617 -0.594769
v 14.066185 -7.989388 -0.811656
v 13.624362 -8.388104 -1.797545
v 18.796396 -24.133083 1.310813
v 18.761473 -24.230806 2.517876
v 18.552795 -24.884785 -0.765526
v 18.182173 -24.713827 -2.087309
v 17.758833 -25.077139 -3.264336
v 18.434443 -23.455671 -0.311336
v 18.307922 -22.620481 -0.738736
v 17.715887 -22.996336 -2.696546
v 17.241716 -23.322290 -3.918014
v 18.515089 -21.288662 2.626029
v 18.463732 -21.084377 1.365869
v 18.066969 -20.744225 4.800778
v 16.980061 -33.832531 -5.352605
v 2.425492 -63.616920 -2.686249
v 3.339588 -61.143257 -3.979616
v 3.863099 -61.873753 -4.445329
v 4.881283 -61.500702 -5.040613
v 2.254207 -60.478016 -2.396656
v 6.548936 -61.563244 -5.475632
v 5.722180 -61.901619 -5.282854
v 8.206525 -60.801296 -5.536211
v 4.345935 -60.238739 -4.711528
v 2.121702 -58.803661 -1.856726
v 8.732860 -54.656628 -5.762462
v 11.833499 -41.460678 -6.129122
v 12.042255 -42.757324 -5.821366
v 13.500793 -42.322742 -5.305929
v 12.801313 -21.038759 -8.747647
v 14.336202 -19.361235 -7.123493
v 14.601720 -18.443367 -6.563300
v 16.198833 -13.345867 -0.103989
v 6.924345 -33.153515 -10.710150
v 10.456243 -28.688000 -10.884811
v 11.388064 -28.063181 -10.498419
v 12.535450 -28.481712 -9.771717
v 2.261291 -57.729321 -2.173225
v 15.944039 -17.456890 -4.617900
v 16.514097 -25.557281 -5.667614
v 17.231535 -31.142687 -5.528647
v 16.394199 -31.208313 -6.573761
v 16.043018 -29.542921 -6.923610
v 14.934753 -30.700733 -8.048438
v 14.199716 -29.902933 -8.680168
v 13.901971 -28.090771 -8.839482
v 7.455303 -28.545044 -11.826884
v 6.815931 -27.527260 -12.025979
v 12.952442 -63.641960 -4.355447
v 13.340560 -62.594097 -3.643101
v 12.566175 -71.627716 -7.237951
v 14.095238 -9.927712 -1.361133
v 7.934414 -43.198479 -6.075348
v 15.158282 -53.052994 -2.409860
v 14.862148 -53.795784 -2.700620
v 15.168834 -54.526299 -2.066684
v 11.380651 -57.028561 -5.165978
v 16.846159 -49.493023 1.413151
v 11.896468 -49.068859 -5.498637
v 0.834207 -41.218914 -1.836455
v 13.269182 -41.238178 -5.647467
v 13.325910 -39.413273 -6.147765
v 16.808178 -22.250095 -4.542403
v 16.123463 -22.402506 -5.641625
v 15.749610 -20.937141 -5.946993
v 13.944749 -23.341757 -8.325363
v 15.361589 -24.397001 -6.946095
v 11.508960 -29.996893 -10.330547
v 3.416385 -36.822529 -6.208419
v 10.389618 -48.431736 -5.819695
v 8.165096 -49.016823 -5.927433
v 2.235275 -46.666862 -2.831789
v 9.136518 -66.448425 -6.068472
v 4.383182 -62.955929 -4.834715
v 1.723812 -59.480450 0.996600
v 11.162130 -66.997681 -6.063084
v 1.804868 -48.741096 -1.817254
v 7.748548 -75.500099 -8.541984
v 10.252670 -73.893784 -8.487525
v 9.600351 -74.706108 -8.675181
v 14.773973 -13.313797 -3.360742
v 14.020581 -12.120143 -3.327159
v 12.504381 -12.161759 -4.964218
v 9.202238 -62.816753 -5.694677
v 10.906764 -60.395332 -5.317330
v 11.109580 -11.323956 -5.539753
v 6.674638 -67.271111 -5.258878
v 8.322720 -31.401350 -11.120033
v 18.304806 -35.780365 -3.080834
v 18.157845 -33.647823 -3.744863
v 16.888842 -37.727810 -4.292160
v 17.621346 -32.128006 -4.877965
v 13.096337 -37.913239 -6.736641
v 12.276281 -36.085026 -7.760378
v 19.759329 -33.021812 1.865947
v 19.492882 -31.938492 0.102933
v 9.443858 -67.243362 -6.235448
v 13.059194 -43.992676 -5.198192
v 11.666913 -72.708160 -7.937753
v 17.696964 -42.017925 -1.491364
v 1.812448 -62.850262 -0.793430
v 14.735200 -66.914154 -2.352371
v 1.237377 -51.121082 1.004843
v 18.720959 -39.866249 3.991307
v 1.834552 -61.580654 0.834173
v 4.835364 -28.005575 -12.031616
v 2.253426 -13.476259 -8.355995
v 18.500586 -23.945665 4.746719
v 4.954391 -12.030673 -7.617272
v 2.894791 -52.089211 -3.013721
v 2.334019 -50.841507 -2.381588
v 3.760090 -50.877239 -4.083005
v 15.925728 -12.488498 1.160532
v 8.235530 -53.711319 -5.792015
v 14.033011 -55.322411 -3.526420
v 16.738876 -19.092665 -4.050134
v 5.929082 -34.221539 -10.031442
v 14.474328 -68.037918 -3.774779
v 12.948236 -18.141022 -7.846377
v 12.308789 -33.733883 -9.202201
v 13.640118 -33.450268 -8.498126
v 14.122465 -34.189064 -7.842544
v 1.959762 -63.249866 -1.833240
vt 0.000000 0.000000
vt 1.244257 0.000000
vt 2.488514 0.000000
vt 3.732770 0.000000
vt 4.977027 0.000000
vt 6.221284 0.000000
vt 7.465541 0.000000
vt 8.709798 0.000000
vt 8.580234 1.240094
vt 8.452646 2.480392
vt 8.327120 3.720902
vt 8.203746 4.961626
vt 8.082623 6.202573
vt 7.963855 7.443748
vt 7.847557 8.685155
vt 7.733852 9.926804
vt 7.622875 11.168699
vt 7.514770 12.410847
vt 7.409698 13.653255
vt 7.307833 14.895931
vt 7.209366 16.138880
vt 7.114509 17.382111
vt 7.023497 18.625628
vt 6.936589 19.869438
vt 6.854078 21.113548
vt 6.776290 22.357962
vt 6.703596 23.602684
vt 6.636413 24.847719
vt 6.575224 26.093060
vt 6.520582 27.338707
vt 6.473130 28.584646
vt 6.433625 29.830862
vt 6.402962 31.077326
vt 6.382219 32.323994
vt 6.372706 33.570778
vt 6.376048 34.817631
vt 6.394293 36.064331
vt 6.430093 37.310650
vt 6.486970 38.556175
vt 6.569777 39.800240
vt 6.685512 41.041653
vt 6.844877 42.278183
vt 7.065653 43.505131
vt 7.381102 44.710876
vt 7.865455 45.857449
vt 8.709798 46.750671
vt 7.543845 47.199474
vt 6.420538 47.746223
vt 5.351138 48.392010
vt 4.346451 49.134453
vt 3.415612 49.967621
vt 2.565053 50.882637
vt 1.797984 51.868752
vt 1.114496 52.914597
vt 0.512120 54.009228
vt -0.013397 55.142822
vt -0.467338 56.306973
vt -0.855408 57.494743
vt -1.183314 58.700539
vt -1.456504 59.919918
vt -1.680026 61.149395
vt -1.858469 62.386230
vt -1.995962 63.628296
vt -2.096187 64.873932
vt -2.162422 66.121849
vt -2.197575 67.371025
vt -2.204228 68.620689
vt -2.184679 69.870216
vt -2.140969 71.119141
vt -2.074923 72.367081
vt -1.988171 73.613762
vt -1.882176 74.858948
vt -1.758251 76.102486
vt -1.617583 77.344238
vt -1.461243 78.584122
vt -1.290202 79.822060
vt -2.540202 79.822060
vt -3.790202 79.822060
vt -5.040202 79.822060
vt -6.290202 79.822060
vt -7.540202 79.822060
vt -8.790202 79.822060
vt -10.040202 79.822060
vt -11.290202 79.822060
vt -12.540202 79.822060
vt -13.790202 79.822060
vt -15.040202 79.822060
vt -16.290203 79.822060
vt -16.852531 78.710716
vt -17.219034 77.518852
vt -17.452801 76.293495
vt -17.593002 75.053741
vt -17.664064 73.808014
vt -17.681921 72.560341
vt -17.657465 71.312759
vt -17.598457 70.066315
vt -17.510632 68.821564
vt -17.398333 67.578766
vt -17.264952 66.338058
vt -17.113182 65.099457
vt -16.945198 63.862953
vt -16.762793 62.628490
vt -16.567455 61.396004
vt -16.360441 60.165428
vt -16.142820 58.936680
vt -15.915511 57.709690
vt -15.679308 56.484379
vt -15.434904 55.260677
vt -15.182912 54.038513
vt -14.923869 52.817825
vt -14.658255 51.598549
vt -14.386497 50.380630
vt -14.108980 49.164009
vt -13.826051 47.948635
vt -13.538023 46.734459
vt -13.245180 45.521435
vt -12.947783 44.309517
vt -12.646069 43.098671
vt -12.340255 41.888851
vt -12.030540 40.680023
vt -11.717113 39.472153
vt -11.400140 38.265209
vt -11.079781 37.059162
vt -10.756184 35.853977
vt -10.429483 34.649628
vt -10.099809 33.446091
vt -9.767278 32.243343
vt -9.432003 31.041353
vt -9.094088 29.840105
vt -8.753630 28.639574
vt -8.410723 27.439741
vt -8.065452 26.240585
vt -7.717900 25.042089
vt -7.368144 23.844234
vt -7.016257 22.647003
vt -6.662308 21.450380
vt -6.306362 20.254351
vt -5.948483 19.058897
vt -5.588728 17.864008
vt -5.227154 16.669666
vt -4.863814 15.475863
vt -4.498759 14.282580
vt -4.132037 13.089810
vt -3.763696 11.897539
vt -3.393778 10.705756
vt -3.022326 9.514450
vt -2.649381 8.323611
vt -2.274981 7.133229
vt -1.899164 5.943294
vt -1.521963 4.753795
vt -1.143415 3.564725
vt -0.763551 2.376076
vt -0.382402 1.187836
vt -2.703331 42.455730
vt -1.772824 33.825512
vt -6.098718 49.658226
vt 0.637077 19.096903
vt 1.792602 12.968859
vt -0.641855 26.458200
vt -9.793938 67.768745
vt -11.921665 74.105331
vt -8.634498 58.477829
vt -6.915202 74.827888
vt 3.258789 5.620988
vt -7.308465 41.260750
vt 1.471271 39.514820
vt 1.851789 44.707623
vt -5.882967 36.529434
vt -4.540884 54.047985
vt -9.772541 53.301453
vt -1.516502 48.499115
vt 1.848572 30.341681
vt -4.231389 29.283094
vt -12.330873 63.914063
vt -6.869538 63.863014
vt -9.840569 48.252823
vt 2.637258 22.740715
vt -2.437733 22.056658
vt -6.123930 69.306931
vt -13.456098 69.733116
vt 2.328292 35.500355
vt -1.224871 15.936625
vt 3.408432 16.474108
vt 4.140490 10.231602
vt -4.118428 25.443092
vt 2.981042 26.559416
vt -12.242154 57.782383
vt -4.906441 58.506702
vt -5.990974 32.648926
vt -9.246417 44.588795
vt 0.885049 8.781194
vt -2.030732 51.896839
vt -13.165202 76.862610
vt -14.750703 73.142357
vt -9.415202 76.738350
vt -8.373692 38.423542
vt 3.651715 42.061184
vt -4.415202 77.082626
vt 5.599155 2.803530
vt -0.926121 12.124993
vt 2.054100 47.509941
vt 4.470140 45.724766
vt -14.334919 66.068489
vt -13.619545 61.259216
vt 4.120682 20.307474
vt -3.091372 19.267508
vt -4.984880 66.667503
vt -4.895749 71.890656
vt 3.582610 32.926060
vt -4.553083 61.366177
vt 1.868649 2.565150
vt 3.791755 38.055191
vt -7.798151 34.723488
vt -11.909578 51.572590
vt 4.699062 14.056570
vt 5.311133 7.821386
vt -12.773005 55.172462
vt -4.396235 74.445854
vt 5.738749 5.347413
vt 0.700494 6.113111
vt -9.783797 41.899750
vt -3.030555 56.126793
vt 4.034681 29.131081
vt -6.915202 77.382889
vt 0.365378 49.962975
vt -5.941712 27.501354
vt -6.624915 29.891796
vt -4.417596 64.060303
vt -14.634548 63.573669
vt 4.472248 24.106609
vt -4.683877 22.686239
vt -15.282682 75.420280
vt -11.332596 46.625019
vt -11.904734 49.036518
vt -15.285257 68.396172
vt -15.455475 70.792381
vt 5.034389 17.854956
vt 4.404621 35.469967
vt -3.163286 16.645620
vt -2.434795 14.264393
vt 5.633787 11.621366
vt -14.097336 58.681072
vt -15.137049 77.530914
vt -4.109525 69.275414
vt -1.003908 9.492757
vt -1.452249 53.787186
vt -7.845353 32.131680
vt -3.061353 58.920074
vt -11.073289 44.133583
vt 5.177495 43.211548
vt 4.844573 40.587177
vt -5.883098 24.927835
vt 4.818850 26.640036
vt -10.665202 78.090195
vt -9.936630 39.294659
vt -9.298239 36.891476
vt 3.848264 47.409294
vt 6.843412 1.608849
vt 4.354899 1.608849
vt -4.589569 20.117006
vt 4.777847 31.673792
vt -3.105059 78.161598
vt 6.163510 45.900822
vt 5.214543 21.635700
vt -13.274917 52.538475
vt 5.707983 15.394565
vt 6.268326 9.166567
vt 0.483658 3.429676
vt -14.072390 56.169060
vt -3.515670 73.093697
vt -0.662053 6.988326
vt 0.205658 51.574383
vt 1.891351 49.403561
vt -3.299535 75.628143
vt 6.578695 6.684932
vt 6.821497 4.197684
vt -5.665202 78.362251
vt -8.165202 78.362251
vt -3.590978 65.420311
vt -3.384885 62.845905
vt -7.200369 28.434572
vt -13.165202 78.408325
vt -16.278435 73.164223
vt -15.829182 65.885391
vt -15.108295 61.008770
vt 3.678004 3.559118
vt -12.387533 47.648628
vt -12.950877 50.068138
vt -16.224886 69.537758
vt -2.319360 11.692546
vt 5.674047 19.156281
vt 5.113383 36.724796
vt -1.468617 55.245964
vt 5.953348 44.440273
vt 5.077268 34.197678
vt -3.458194 15.253396
vt -4.183804 17.637432
vt 6.192925 12.924704
vt -3.445845 70.539581
vt -3.486437 67.989014
vt 5.223523 46.972343
vt -8.117562 71.838387
vt -2.812454 60.308460
vt -2.244592 57.764450
vt 5.516585 41.820839
vt 5.281810 39.261181
vt 3.047772 48.620098
vt -10.327529 61.301445
vt -8.080001 30.773523
vt -8.749105 33.172184
vt -11.631322 53.413860
vt -10.581742 55.345139
vt -7.405841 55.420597
vt -0.262320 52.869995
vt -2.918507 54.500214
vt 1.866385 1.207133
vt -11.316809 42.791115
vt -11.918270 45.204601
vt 5.289402 27.915689
vt 5.399494 25.411118
vt 2.015693 4.342373
vt -16.173172 76.684357
vt -6.040489 23.584127
vt -6.738808 25.975657
vt -10.095909 37.966076
vt -10.728181 40.373371
vt -9.450128 35.561783
vt -11.308730 76.241310
vt -9.886148 74.677155
vt -10.349605 72.418106
vt 5.599155 1.165282
vt -5.368054 21.184578
vt -3.912719 21.428200
vt 5.241575 30.425148
vt 3.769005 30.588690
vt 5.572123 22.912119
vt 4.116061 22.631727
vt -4.237987 59.847515
vt -6.545338 60.160797
vt -3.730180 57.580925
vt -5.552945 56.475128
vt 3.949174 25.477495
vt 2.015712 24.721497
vt 0.017812 23.006672
vt -13.932016 53.666138
vt 6.009597 16.672573
vt 6.534800 10.445560
vt 0.512763 2.130226
vt -0.246218 4.505146
vt -3.084361 74.334183
vt -2.832884 76.853065
vt -2.896896 61.605122
vt -1.761250 56.541504
vt 3.838882 39.520473
vt -10.503284 45.452122
vt -8.833934 46.535870
vt -5.550792 44.823116
vt -7.735904 48.333202
vt -8.481936 50.928947
vt -5.524443 47.274704
vt -2.950474 46.021103
vt 3.876379 27.712299
vt 1.924775 28.303825
vt -0.685647 29.226564
vt -4.716883 24.110163
vt -2.733152 24.020325
vt -9.334382 40.566357
vt -8.145300 36.086258
vt 7.021024 5.472570
vt -14.682522 57.311951
vt -1.377900 8.069449
vt 6.781111 7.959097
vt 7.266403 2.986963
vt -6.915202 78.690773
vt -4.415202 78.690773
vt -9.415202 78.690773
vt -14.415202 78.700729
vt -11.915202 78.700729
vt -3.304819 66.714783
vt -5.361475 26.227142
vt -3.768646 27.375046
vt -3.150052 64.162285
vt -15.166065 59.743317
vt -15.577194 62.184673
vt -2.157260 10.437742
vt -2.896261 12.818559
vt 5.793795 20.418438
vt 5.267521 32.938915
vt -3.225517 71.802261
vt 5.343652 37.984325
vt -9.752163 70.131622
vt 4.729870 16.299997
vt 3.911339 15.189313
vt 1.784521 15.097636
vt 3.134910 13.809108
vt 3.367944 11.944530
vt 1.525523 10.834565
vt 0.636635 48.341919
vt 0.346852 46.224731
vt -0.549046 43.831036
vt -15.942575 64.628822
vt -16.243235 67.075417
vt -13.450043 51.228863
vt -4.720766 18.776934
vt 6.264859 14.184922
vt -7.877956 29.536446
vt 3.110642 1.084512
vt -10.024352 43.249989
vt -8.211530 42.876411
vt -6.211306 42.934212
vt -4.721132 40.760830
vt -1.789615 39.319378
vt -7.196025 27.140202
vt -11.137742 41.552856
vt -9.220850 34.333778
vt -12.607230 71.890564
vt 5.361563 29.173143
vt -0.680260 5.675262
vt 1.340377 50.721394
vt -4.859869 70.475639
vt -6.494936 71.142143
vt -6.399072 73.019905
vt -7.934244 70.026688
vt -7.712101 67.948914
vt -8.561336 65.643967
vt -4.910436 68.093384
vt -6.281822 67.450096
vt -6.488142 65.642212
vt -6.795960 31.251028
vt -5.127253 30.770639
vt -2.549680 31.309429
vt -0.025961 14.026360
vt -1.071346 50.634190
vt -3.250125 49.974514
vt -7.412783 33.420135
vt -5.860965 34.587616
vt -3.559981 35.584721
vt -0.825399 36.575367
vt -4.018957 33.490387
vt -3.915066 38.039982
vt -3.346965 52.901047
vt -5.455327 51.901199
vt -13.406734 57.258724
vt -12.340078 56.443352
vt -10.769299 57.001575
vt -10.618615 59.065361
vt -9.017036 56.361145
vt 1.431281 17.160530
vt 3.014513 18.530151
vt -15.830098 63.397011
vt -5.844621 22.342903
vt -1.600248 17.914679
vt -1.196216 19.858208
vt 0.377444 21.059708
vt 2.171669 20.298468
vt -7.431292 45.221497
vt 3.478140 43.878445
vt 1.909730 42.811718
vt 3.734110 36.676270
vt 1.897455 37.443714
vt 3.286872 21.467947
vt -0.509170 41.393684
vt -9.177854 63.364281
vt -0.106847 31.933161
vt 5.659290 24.170662
vt -16.458872 68.290123
vt -16.631109 70.736725
vt -16.096972 71.898491
vt -14.839931 71.888443
vt -14.174422 70.793823
vt -14.813642 69.633827
vt -13.724103 72.439171
vt -13.445931 73.946259
vt -12.822820 75.357964
vt 3.711040 34.289322
vt 2.026089 33.760380
vt 0.378176 34.942822
vt 2.106995 32.042221
vt 4.864403 12.723041
vt 5.365951 10.021831
vt 4.550294 8.941245
vt 2.708702 9.066628
vt 3.527325 7.427845
vt -0.146403 8.107307
vt 1.031554 7.430635
vt 2.094325 6.463233
vt -15.633659 78.756432
vt -2.467351 28.700775
vt -4.368030 43.349590
vt -10.877936 65.719994
vt -12.178418 67.719231
vt -2.818118 44.239025
vt -12.453727 59.709816
vt 2.656730 38.825096
vt -6.891168 35.680130
vt -7.152307 37.013191
vt -5.849877 38.523464
vt 3.314092 2.340210
vt -7.462883 57.173180
vt -1.467774 45.235271
vt -1.552930 46.866287
vt -3.021061 47.715862
vt -2.434204 26.135803
vt -1.285782 24.894651
vt 0.381450 25.122395
vt 1.104932 26.736483
vt -12.451427 46.354919
vt -13.025636 48.775581
vt 4.353230 18.997648
vt -11.759496 77.434639
vt -2.908417 17.928799
vt 2.202817 41.095135
vt 1.976320 21.601212
vt 1.314615 22.746447
vt 0.881097 23.947407
vt 2.874505 46.092758
vt -8.547767 41.573914
vt -8.018763 73.535194
vt -13.015122 70.805336
vt -11.566517 69.582771
vt -11.676806 70.921593
vt 6.146698 17.936365
vt -8.212287 61.474354
vt -11.105463 47.914524
vt -2.709409 20.649160
vt -1.487791 21.143330
vt -1.168941 22.425640
vt -1.042034 23.668915
vt -2.033592 23.142014
vt -3.176322 22.949596
vt -12.776846 53.583984
vt -10.294892 50.166420
vt -3.425361 51.433586
vt -4.699943 50.540447
vt -4.556710 48.767334
vt -8.901128 54.709404
vt -7.613357 52.938728
vt 4.661941 44.396393
vt 0.166899 38.167011
vt 2.279781 7.734442
vt -7.084249 58.691601
vt -8.037241 59.874603
vt -9.375149 59.620609
vt -8.412666 74.988861
vt -7.535263 76.105392
vt -5.909226 76.105392
vt -6.417687 62.037277
vt -0.891158 10.806692
vt 0.282315 10.044189
vt 0.309369 11.498147
vt 0.176297 12.766841
vt -7.360374 66.657471
vt -8.672321 66.993774
vt -9.701662 66.229675
vt -9.754503 64.739441
vt -10.778347 63.501625
vt -11.979276 62.109280
vt -3.736641 23.808588
vt -0.155104 39.783707
vt 5.492991 35.454037
vt -11.685606 50.304977
vt 0.740369 1.017677
vt 0.889543 4.490536
vt 1.581153 5.393418
vt 3.573438 40.778168
vt -10.081497 46.629986
vt -13.875254 59.973259
vt 0.387846 28.109667
vt 0.709496 29.493155
vt -0.213741 30.540834
vt -1.589691 30.293030
vt -2.926564 29.991909
vt -3.821879 30.960684
vt -4.657800 32.124249
vt -1.013780 27.836845
vt -1.303619 31.524778
vt -2.123443 32.555798
vt -3.382134 32.290180
vt -0.911399 32.904369
vt 0.564421 33.308094
vt -0.551802 34.104015
vt -1.456530 35.254677
vt -2.340585 36.488297
vt -1.657275 37.824467
vt 0.886498 31.156631
vt -2.863899 33.443535
vt -2.686147 34.685059
vt 0.953984 32.266571
vt -4.199033 16.330385
vt -3.469661 13.946220
vt -15.160666 58.484081
vt -4.755303 62.726814
vt -5.618895 63.655025
vt -5.383902 64.941528
vt 3.246508 24.424152
vt -1.648850 13.216983
vt -1.208584 14.365926
vt -11.457222 72.063629
vt -11.208420 73.193901
vt -12.359990 73.027527
vt -10.110453 73.546112
vt -9.075393 72.737312
vt -9.426964 71.437889
vt -9.062596 73.926071
vt -10.874152 74.285332
vt -11.563407 75.158455
vt -10.559514 75.493729
vt -9.507768 75.675102
vt -8.573692 76.129433
vt -8.030910 77.135193
vt -6.200654 57.664848
vt 0.802099 40.838135
vt 0.621485 42.237110
vt 0.791034 43.588387
vt 0.330433 44.866375
vt -10.575217 71.281418
vt -0.538236 42.612209
vt -1.669761 43.211636
vt -1.580582 41.977737
vt -2.773157 40.734116
vt -1.551540 40.756268
vt 6.700975 11.714244
vt -14.040515 75.872154
vt -14.327832 74.728722
vt -15.453629 74.179276
vt -16.390823 74.940651
vt 4.479752 11.634912
vt -12.487162 69.961411
vt -12.721764 68.786758
vt -13.779213 67.576500
vt -12.866096 66.383621
vt -13.335141 64.989189
vt -13.828135 68.686348
vt -12.054315 65.178993
vt -11.075323 64.599716
vt -3.747522 34.528362
vt -4.784636 35.257313
vt -4.492732 36.619541
vt -14.585961 64.833237
vt -4.858350 34.176006
vt -5.679892 33.601768
vt -3.050079 69.258842
vt -2.016643 9.175591
vt -4.153722 46.819836
vt -4.235963 45.390266
vt -5.298696 46.046341
vt -6.672439 46.428802
vt -6.697076 47.664177
vt -5.776832 48.474838
vt -7.778905 47.125401
vt -8.768082 47.765285
vt -8.818230 49.078365
vt -7.544184 49.770271
vt -6.912497 51.240330
vt -6.787555 48.835388
vt 2.536101 39.981377
vt -3.255535 39.349506
vt -4.645798 39.228855
vt -5.869045 39.936543
vt -7.141048 39.212620
vt -5.963007 41.278835
vt -4.890514 42.102394
vt -3.735910 41.566696
vt -8.338598 39.726036
vt 2.909898 29.679085
vt 3.049977 28.538282
vt 2.666585 27.561005
vt -11.697587 55.515305
vt -11.285102 54.476543
vt -10.197765 54.315128
vt -1.890343 15.144291
vt -2.254545 16.125807
vt -1.581256 16.893639
vt -0.110833 17.431684
vt 0.419232 15.925541
vt -0.356160 15.105533
vt 0.713225 14.842633
vt 1.054035 13.791183
vt -5.248886 37.516201
vt -6.284278 37.581352
vt -7.252513 38.113445
vt -7.908266 46.118095
vt -8.744475 45.499691
vt -0.507045 54.225365
vt 4.593832 6.345956
vt 4.447889 5.022975
vt 5.368081 4.091981
vt 1.979744 23.622303
vt -10.365930 60.169456
vt -11.594348 60.777771
vt -0.887104 51.911999
vt -1.470246 52.759007
vt -2.373862 53.289070
vt -0.138319 24.207644
vt -4.624399 75.757294
vt -13.340401 62.780750
vt -5.962926 28.788143
vt -4.847712 28.162958
vt -5.554626 29.783411
vt -5.444884 59.612175
vt -5.553968 60.771351
vt -5.943590 58.685402
vt -9.003596 77.714561
vt -16.179762 77.821762
vt 1.065573 12.218790
vt 2.189921 11.856361
vt 2.869596 10.689095
vt -8.576607 64.424889
vt -7.973733 63.382404
vt -7.525265 65.021355
vt -8.562456 62.487072
vt -9.731784 62.321213
vt -7.460404 62.403641
vt -10.863369 62.298382
vt -9.268155 61.366463
vt -14.956964 76.458145
vt -14.169755 77.141792
vt 1.951454 29.325174
vt -8.825442 31.858297
vt 6.172229 43.032555
vt -4.825680 73.203377
vt -5.720734 74.208199
vt 2.832228 15.507740
vt 2.302291 16.478687
vt 2.859329 17.434662
vt 3.986131 17.441576
vt 1.988044 18.116821
vt 2.147548 19.201946
vt 3.190986 19.653208
vt 2.588140 14.587962
vt -0.204792 21.958857
vt -9.876321 51.707710
vt -0.546004 18.627703
vt -8.682203 52.208076
vt -8.659125 53.321434
vt -7.746278 54.195679
vt -6.161739 53.727737
vt -5.578897 55.039734
vt -4.231291 55.411114
vt -6.770186 54.584164
vt 5.844146 40.493992
vt -8.909250 68.934914
vt -10.149094 68.956833
vt -10.992688 68.057526
vt -11.295313 66.871086
vt -13.156510 58.259048
vt -0.495493 47.659515
vt -4.313767 52.216873
vt -5.156363 53.042004
vt 1.672208 32.882729
vt 2.625043 33.008701
vt -2.753379 38.275753
vt -3.148565 37.243095
vt 0.503998 47.281651
vt 1.394918 46.609043
vt 1.187442 45.553593
vt -2.083903 59.139065
vt -12.041434 43.892345
vt 6.642392 46.774723
vt -13.601938 71.521439
vt -7.417597 40.220921
vt -4.077617 56.518394
vt -4.840476 57.355911
vt -6.821111 24.653950
vt 5.795550 26.682880
vt -10.665202 79.068901
vt -10.859891 39.052185
vt -10.220201 36.643925
vt 4.417395 48.179451
vt 6.843412 0.684138
vt 7.652804 1.146494
vt 4.354899 0.684138
vt -5.474657 19.852041
vt 5.705531 31.689228
vt -2.199499 78.047409
vt -2.552002 78.899765
vt 7.005966 45.544937
vt 6.135797 21.693287
vt -14.155556 52.346630
vt 6.607832 15.465852
vt 7.156101 9.247865
vt -0.357803 3.160766
vt -14.940820 55.995613
vt -14.296163 55.028675
vt 4.464856 2.739615
vt 5.373349 45.269123
vt 4.361421 46.641682
vt 4.635934 42.342808
vt 2.100969 48.467773
vt 2.964383 47.694954
vt -12.233143 52.563148
vt -11.085889 52.389774
vt -2.007035 54.510441
vt -2.422644 55.379501
vt 1.484641 3.491616
vt 2.576334 3.401292
vt 3.114142 4.518027
vt -9.140971 37.841568
vt -8.239564 37.204296
vt -10.494388 76.994301
vt 6.008337 1.984406
vt -4.722542 21.797165
vt 4.444414 29.958778
vt 3.605953 31.751804
vt 2.735271 31.036762
vt 4.750295 23.259010
vt -4.026878 58.905235
vt -3.740192 60.742821
vt -2.913954 57.078266
vt 3.908057 26.414820
vt 4.652191 24.960503
vt 2.841362 25.460310
vt 1.771960 25.824652
vt -3.563724 77.383621
vt -3.717190 76.462906
vt -3.794638 61.968399
vt 4.448331 38.767471
vt -10.204532 44.540493
vt 4.504231 28.360468
vt -5.195702 23.386719
vt -4.951354 25.016247
vt -10.111188 41.046970
vt -8.568167 35.252934
vt 6.382815 3.349375
vt -4.872048 77.886696
vt -5.797050 77.243141
vt -4.160377 67.242897
vt -4.131554 66.218674
vt -6.148143 26.638134
vt -4.333410 26.479656
vt -3.416107 26.129330
vt -2.918515 25.125381
vt 4.931274 20.754448
vt 4.258986 21.456701
vt 4.937066 19.785448
vt 4.421081 33.454742
vt -4.036719 72.298317
vt -4.090044 71.301781
vt 4.543050 37.479877
vt 5.216691 17.011957
vt 4.843337 14.997168
vt 3.857105 14.311331
vt 4.014878 13.314084
vt 2.818246 12.822680
vt 0.962051 49.229595
vt 0.019066 49.071800
vt -12.572246 50.918663
vt -12.769889 51.804424
vt -3.759034 18.533859
vt 5.525058 13.594989
vt -9.015703 43.559319
vt -7.888810 44.071377
vt -6.655339 44.246761
vt -7.221381 43.250065
vt -6.981867 42.243015
vt -5.113738 69.482269
vt -5.531602 71.166573
vt -5.894439 72.126419
vt -6.970778 72.107765
vt -5.991323 70.288849
vt -6.930124 69.915718
vt -7.537489 69.018349
vt -7.523758 70.983345
vt -8.558840 70.861092
vt -5.424253 67.405327
vt -5.811144 68.230125
vt -6.791204 68.289490
vt -5.894931 66.625305
vt -5.403210 65.855103
vt -4.589668 65.415306
vt -6.872246 32.225685
vt -6.064715 30.652668
vt -5.712700 31.639156
vt -0.153700 50.725143
vt -1.980737 49.709850
vt -2.816555 48.877544
vt -2.416992 50.793941
vt -0.921389 49.577145
vt -3.661618 48.427467
vt -4.419415 47.780300
vt -6.854936 34.293724
vt -3.605124 53.827194
vt -13.159877 56.013432
vt -11.677482 57.067993
vt -11.147931 58.066612
vt -9.835761 57.933281
vt -11.676978 58.986633
vt -8.883526 57.429924
vt -10.053078 56.243835
vt -1.970012 19.005308
vt -2.125312 19.923670
vt -0.061331 20.003094
vt 1.056300 20.142231
vt -0.567230 20.832588
vt 2.986727 42.914589
vt 2.419258 43.811108
vt 2.527437 42.033875
vt 1.543859 41.848503
vt 3.369367 35.684029
vt 2.689154 36.497231
vt 1.547594 36.346714
vt 0.777716 37.196537
vt 0.418935 36.097870
vt -0.462353 35.550724
vt 1.316449 35.350254
vt 2.925390 37.499191
vt -0.174469 37.274693
vt -15.522104 72.626778
vt -16.800018 72.443573
vt -12.730558 74.473869
vt -12.334559 76.260345
vt 2.707387 34.538280
vt 5.451148 8.734901
vt 3.654211 9.366911
vt 1.681781 9.659254
vt 4.340721 7.980471
vt 0.259217 6.924349
vt 3.061089 6.573754
vt -3.530606 28.442913
vt -5.419311 43.717201
vt -3.316083 43.311630
vt 1.659119 38.474075
vt -5.926383 35.557907
vt 2.503041 1.885082
vt -7.984882 56.278973
vt -6.691787 56.321056
vt -2.456282 45.161854
vt -1.998663 46.025284
vt -0.756823 46.090118
vt -2.520322 46.887867
vt -2.486275 27.417830
vt -1.630399 26.810522
vt -0.518340 25.492962
vt -1.420876 25.859280
vt 0.306779 26.125051
vt 0.174478 27.124420
vt -12.660463 77.635468
vt 1.014685 21.809370
vt 2.992517 44.935493
vt -7.037867 73.815208
vt -3.048304 21.444542
vt -3.675655 20.475531
vt -1.824030 24.150513
vt -3.845680 22.334667
vt -10.716652 49.055553
vt -9.770623 49.331875
vt -9.257415 50.236225
vt -2.885954 52.140594
vt -3.823489 50.645710
vt -4.163442 49.774815
vt -5.128249 49.669533
vt 1.846133 8.609205
vt -7.787079 58.060440
vt -7.916193 58.996765
vt -7.205298 59.569439
vt -7.431827 60.750301
vt -6.722244 76.500008
vt -0.077625 9.107972
vt -9.942116 63.852287
vt -11.716873 63.097038
vt 0.565081 39.086731
vt -0.765058 38.821804
vt -10.315306 47.493999
vt -13.046741 60.476913
vt -12.639600 61.375877
vt 1.223815 27.672390
vt 1.097301 28.673859
vt -1.676617 29.302931
vt -4.378798 30.207855
vt 1.090484 34.196003
vt -1.559028 36.114803
vt -2.289058 35.591640
vt -5.401259 61.935467
vt -6.367366 63.018513
vt -6.326174 64.677017
vt 3.429699 23.405890
vt -0.665814 13.277611
vt -13.210348 73.123566
vt -0.050677 40.650593
vt 0.709536 39.960480
vt 1.604070 40.412827
vt -0.623161 44.785206
vt -1.455590 44.240585
vt -10.782308 70.263695
vt -2.412310 41.581703
vt -1.082837 39.940441
vt -16.619234 75.854599
vt -16.719439 74.028091
vt -14.978698 67.166016
vt -12.945045 67.269112
vt -13.700263 66.691017
vt -13.514603 65.825653
vt -4.881921 33.061493
vt -4.583431 44.388142
vt -6.406850 45.419724
vt -7.615261 50.671562
vt -7.804121 51.623463
vt -6.751468 50.322815
vt -5.749322 50.654255
vt -6.552202 52.382816
vt -2.511637 39.866673
vt -3.753291 40.299248
vt -5.781355 42.152393
vt -9.024902 39.092808
vt -12.238393 54.376926
vt -2.434694 17.167805
vt 0.788939 18.028131
vt 0.577865 16.827715
vt -0.303267 16.517614
vt 1.300364 16.235641
vt -4.794235 38.318615
vt -9.632776 45.804852
vt 5.613002 6.358878
vt 4.438560 4.093501
vt -13.439384 63.885212
vt -14.444912 62.430607
vt 3.726105 11.074448
vt -8.842227 60.464153
vt -13.924795 77.979149
vt -5.467300 75.191338
vt 3.847392 18.295645
vt 3.057553 20.570162
vt -10.860205 51.147423
vt -7.050871 53.633713
vt -5.408775 54.178699
vt -3.344277 55.288033
vt -5.049132 55.748089
vt -8.855388 69.868057
vt -8.833891 67.959084
vt -11.766648 68.636909
vt -11.929197 66.139145
vt -10.331940 66.964188
vt -13.280643 59.214787
vt -3.610061 36.477367
vt -6.554389 40.563004
vt -13.479495 54.517006
vt -10.209908 52.529682
vt -10.704231 53.319633
vt -5.008541 27.193602
vt -7.706880 72.665749
vt -11.281107 59.865849
vt -6.414071 55.438305
vt -1.870403 28.050358
vt 3.924766 44.967987
vt -0.774049 37.932091
vt -14.435691 61.560631
vt 0.000000 0.000000
vt 1.247320 0.000000
vt 2.494640 0.000000
vt 3.741960 0.000000
vt 4.989279 0.000000
vt 6.236599 0.000000
vt 7.483919 0.000000
vt 8.731239 0.000000
vt 9.978559 0.000000
vt 11.225879 0.000000
vt 12.473199 0.000000
vt 13.720518 0.000000
vt 14.967838 0.000000
vt 16.215158 0.000000
vt 17.462479 0.000000
vt 18.709797 0.000000
vt 19.092199 1.187836
vt 19.473349 2.376076
vt 19.853212 3.564725
vt 20.231762 4.753795
vt 20.608961 5.943294
vt 20.984779 7.133229
vt 21.359179 8.323611
vt 21.732124 9.514450
vt 22.103577 10.705756
vt 22.473494 11.897539
vt 22.841835 13.089810
vt 23.208557 14.282580
vt 23.573612 15.475863
vt 23.936951 16.669666
vt 24.298525 17.864008
vt 24.658279 19.058897
vt 25.016159 20.254351
vt 25.372105 21.450380
vt 25.726055 22.647003
vt 26.077942 23.844234
vt 26.427698 25.042089
vt 26.775249 26.240585
vt 27.120520 27.439741
vt 27.463427 28.639574
vt 27.803885 29.840105
vt 28.141800 31.041353
vt 28.477076 32.243343
vt 28.809607 33.446091
vt 29.139282 34.649628
vt 29.465981 35.853977
vt 29.789579 37.059162
vt 30.109938 38.265209
vt 30.426910 39.472153
vt 30.740339 40.680023
vt 31.050053 41.888851
vt 31.355865 43.098671
vt 31.657581 44.309517
vt 31.954979 45.521435
vt 32.247822 46.734459
vt 32.535851 47.948635
vt 32.818779 49.164009
vt 33.096294 50.380630
vt 33.368053 51.598549
vt 33.633667 52.817825
vt 33.892708 54.038513
vt 34.144703 55.260677
vt 34.389107 56.484379
vt 34.625309 57.709690
vt 34.852619 58.936680
vt 35.070240 60.165428
vt 35.277252 61.396004
vt 35.472591 62.628490
vt 35.654995 63.862953
vt 35.822979 65.099457
vt 35.974751 66.338058
vt 36.108131 67.578766
vt 36.220428 68.821564
vt 36.308254 70.066315
vt 36.367260 71.312759
vt 36.391720 72.560341
vt 36.373863 73.808014
vt 36.302799 75.053741
vt 36.162598 76.293495
vt 35.928833 77.518852
vt 35.562328 78.710716
vt 35.000000 79.822060
vt 33.750000 79.822060
vt 32.500000 79.822060
vt 31.250000 79.822060
vt 30.000000 79.822060
vt 28.750000 79.822060
vt 27.500000 79.822060
vt 26.250000 79.822060
vt 25.000000 79.822060
vt 23.750000 79.822060
vt 22.500000 79.822060
vt 21.250000 79.822060
vt 20.000000 79.822060
vt 18.750000 79.822060
vt 17.500000 79.822060
vt 16.250000 79.822060
vt 15.000000 79.822060
vt 13.750000 79.822060
vt 12.500000 79.822060
vt 11.250000 79.822060
vt 10.000000 79.822060
vt 10.233714 78.609314
vt 10.452385 77.393761
vt 10.654983 76.175438
vt 10.840369 74.954376
vt 11.007279 73.730652
vt 11.154307 72.504379
vt 11.279882 71.275726
vt 11.382250 70.044930
vt 11.459439 68.812302
vt 11.509235 67.578262
vt 11.529141 66.343391
vt 11.516341 65.108429
vt 11.467652 63.874371
vt 11.379485 62.642509
vt 11.247796 61.414555
vt 11.068059 60.192726
vt 10.835251 58.979908
vt 10.543878 57.779842
vt 10.188072 56.597309
vt 9.761799 55.438358
vt 9.259199 54.310455
vt 8.675138 53.222565
vt 8.005905 52.184952
vt 7.250036 51.208706
vt 6.409002 50.304840
vt 5.487553 49.483128
vt 4.493480 48.750931
vt 3.436782 48.112366
vt 2.328509 47.568108
vt 1.179595 47.115768
vt 0.000000 46.750671
vt 0.844343 45.857449
vt 1.328695 44.710876
vt 1.644144 43.505131
vt 1.864921 42.278183
vt 2.024286 41.041653
vt 2.140020 39.800240
vt 2.222828 38.556175
vt 2.279705 37.310650
vt 2.315505 36.064331
vt 2.333750 34.817631
vt 2.337091 33.570778
vt 2.327579 32.323994
vt 2.306835 31.077326
vt 2.276173 29.830862
vt 2.236668 28.584646
vt 2.189216 27.338707
vt 2.134574 26.093060
vt 2.073384 24.847719
vt 2.006202 23.602684
vt 1.933507 22.357962
vt 1.855719 21.113548
vt 1.773208 19.869438
vt 1.686301 18.625628
vt 1.595289 17.382111
vt 1.500432 16.138880
vt 1.401965 14.895931
vt 1.300100 13.653255
vt 1.195027 12.410847
vt 1.086923 11.168699
vt 0.975945 9.926804
vt 0.862241 8.685155
vt 0.745943 7.443748
vt 0.627175 6.202573
vt 0.506052 4.961626
vt 0.382678 3.720902
vt 0.257152 2.480392
vt 0.129564 1.240094
vt 9.408407 8.528564
vt 13.299245 21.022858
vt 15.427963 34.229290
vt 10.004712 42.698711
vt 20.564430 49.948715
vt 23.509869 64.017242
vt 19.375000 71.737885
vt 28.125000 71.598557
vt 21.783733 39.831295
vt 26.068777 56.288757
vt 14.344178 5.669729
vt 15.083578 13.537995
vt 8.017651 14.997209
vt 7.579956 21.380367
vt 18.649242 18.922367
vt 8.926424 35.537598
vt 19.348402 27.744656
vt 12.242549 48.123936
vt 26.514568 48.735756
vt 17.744469 56.666962
vt 17.485092 64.254944
vt 29.188828 61.787525
vt 23.213085 34.346050
vt 8.597252 27.718529
vt 5.612939 5.069818
vt 15.699626 74.993904
vt 31.619085 75.151878
vt 23.125000 74.934372
vt 31.061703 67.493752
vt 26.170538 41.221233
vt 21.078646 23.371002
vt 14.096811 52.830719
vt 5.347117 10.162095
vt 7.392746 45.855629
vt 6.235028 40.808109
vt 15.632595 69.692360
vt 30.067226 55.464333
vt 10.602219 4.035390
vt 17.089024 9.012594
vt 19.167990 14.872107
vt 23.296810 29.181459
vt 15.335329 60.189125
vt 6.643164 31.628679
vt 5.378577 17.730303
vt 29.558128 50.547737
vt 28.418400 45.746841
vt 32.123806 63.754017
vt 31.313831 58.957718
vt 5.772274 25.290150
vt 19.375000 76.049515
vt 28.125000 76.221703
vt 32.663395 70.863480
vt 26.010687 37.427773
vt 4.724329 13.998075
vt 5.596097 35.488857
vt 13.591729 56.217999
vt 15.591498 2.937767
vt 21.646412 19.314102
vt 9.109331 48.635437
vt 14.456781 64.374428
vt 25.498270 32.426479
vt 23.420929 25.270033
vt 4.436864 44.879906
vt 10.810655 51.110588
vt 3.121961 2.817110
vt 4.703238 21.560188
vt 3.639760 7.798800
vt 14.073909 72.182037
vt 8.107579 2.740584
vt 17.734797 6.200161
vt 19.228432 10.948669
vt 5.123677 29.116861
vt 13.128537 77.212776
vt 21.875000 77.258331
vt 29.898951 47.932911
vt 30.999758 52.753044
vt 28.715061 43.122643
vt 25.625000 77.208160
vt 4.845459 38.051876
vt 14.098284 67.002403
vt 16.875000 77.305367
vt 33.125000 77.285995
vt 33.590214 67.221931
vt 22.841486 21.552526
vt 11.768983 53.868015
vt 32.673359 61.201344
vt 33.873829 73.148270
vt 13.096858 2.461861
vt 21.402699 16.788784
vt 26.612442 34.694866
vt 3.006473 5.343956
vt 5.612939 2.434714
vt 13.272531 74.662865
vt 30.625000 77.422989
vt 27.942389 39.479553
vt 3.435505 11.590079
vt 13.200820 59.154575
vt 13.586254 61.784813
vt 4.638988 32.929787
vt 4.186450 41.948849
vt 24.818190 27.453362
vt 25.501583 29.844473
vt 32.152531 56.294819
vt 20.592854 13.131579
vt 13.481627 69.557663
vt 19.173883 8.356862
vt 3.574396 16.605873
vt 3.757439 19.105854
vt 17.669956 3.607419
vt 34.204166 75.444214
vt 6.163734 47.524204
vt 10.602219 1.969502
vt 4.160154 26.628225
vt 4.036638 24.117451
vt 34.292953 69.583031
vt 33.860775 64.736366
vt 19.375000 77.987556
vt 27.869429 36.928696
vt 9.015543 50.622482
vt 28.125000 78.076126
vt 31.312260 50.147614
vt 30.166531 45.317860
vt 33.081341 58.630272
vt 16.838818 1.667479
vt 24.298552 23.716900
vt 2.980457 14.141025
vt 11.924664 56.719589
vt 3.594696 46.390285
vt 1.801680 1.694798
vt 2.543083 9.157262
vt 3.935573 30.413651
vt 3.900975 35.464050
vt 11.875000 78.291161
vt 14.375000 78.294548
vt 24.375000 78.290947
vt 3.721955 39.280750
vt 13.060715 65.709969
vt 10.328369 53.035717
vt 32.293232 53.740108
vt 29.434917 41.658573
vt 33.904537 62.245289
vt 2.900049 44.477840
vt 23.435104 20.076372
vt 34.925133 71.965057
vt 14.344178 1.467917
vt 22.715054 17.691486
vt 21.989603 15.307970
vt 27.235567 33.233932
vt 1.902520 4.196270
vt 2.145327 6.683571
vt 6.860259 1.456986
vt 4.365620 1.456986
vt 12.513359 73.289276
vt 12.173033 75.781311
vt 31.875000 78.378288
vt 12.576097 60.595020
vt 12.849279 63.156399
vt 24.076851 45.082226
vt 6.867428 48.863270
vt 25.285992 26.022814
vt 25.975183 28.415991
vt 26.654573 30.811563
vt 3.230005 21.652281
vt 19.143436 5.753469
vt 20.639103 10.508820
vt 27.902620 53.203815
vt 12.815530 68.249001
vt 12.656914 70.770599
vt 23.695059 52.790165
vt 34.499577 77.731636
vt 2.943536 17.908522
vt 2.284182 45.790096
vt 11.849539 1.280982
vt 9.354898 1.280982
vt 3.509508 27.912296
vt 3.398778 25.406771
vt 4.617358 47.352345
vt 35.087994 74.359550
vt 34.905712 68.313889
vt 7.860111 47.487171
vt 10.328590 45.897350
vt 15.012013 43.807415
vt 34.665726 65.869858
vt 18.125000 78.585411
vt 20.625000 78.585411
vt 28.762672 37.977505
vt 28.117109 35.573395
vt 11.131429 55.592464
vt 11.880115 58.090813
vt 9.378047 52.034580
vt 7.720099 49.928101
vt 31.219315 47.619694
vt 26.875000 78.613487
vt 29.375000 78.613487
vt 18.120293 2.154842
vt 14.797978 76.548180
vt 23.950508 76.537987
vt 25.685192 74.630722
vt 23.922647 70.714836
vt 2.956422 43.107925
vt 11.315946 31.520540
vt 13.975222 26.745949
vt 32.075821 51.247608
vt 30.355644 43.990917
vt 33.798573 59.757004
vt 33.346943 57.320698
vt 24.414471 22.384298
vt 3.502381 31.680939
vt 4.979540 31.478189
vt 3.256058 40.530388
vt 4.772140 40.383953
vt 10.569330 54.402584
vt 2.420181 12.932881
vt 2.624491 15.424457
vt 2.202006 10.443148
vt 3.637756 10.135798
vt 3.506520 34.197342
vt 3.470570 36.721184
vt 12.642079 64.446022
vt 23.112936 22.942425
vt 6.252101 43.248596
vt 13.125000 78.674713
vt 15.625000 78.674713
vt 23.125000 78.673813
vt 29.482363 40.361855
vt 28.116301 40.961102
vt 11.671593 76.970497
vt 30.690163 51.394455
vt 29.368488 52.410210
vt 27.826324 51.312290
vt 25.863552 52.338764
vt 24.285725 50.193352
vt 29.046091 44.481228
vt 27.007080 44.258427
vt 26.201530 46.435570
vt 32.000343 57.729305
vt 30.043694 57.441845
vt 29.109169 59.514935
vt 25.515488 60.778591
vt 20.876793 60.146301
vt 28.182281 56.430798
vt 26.983547 58.472408
vt 24.232428 58.341469
vt 5.893275 39.252010
vt 9.345619 39.309380
vt 6.945807 37.275581
vt 13.156219 40.327118
vt 7.612646 39.689980
vt 8.129408 41.734394
vt 17.480158 40.256397
vt 19.559856 44.335152
vt 23.270243 55.632950
vt 20.048605 53.698383
vt 32.908421 54.878521
vt 31.439468 54.936905
vt 34.450710 63.410191
vt 23.397295 18.786951
vt 15.591498 1.131411
vt 22.674633 16.401665
vt 21.945389 14.018186
vt 20.637709 14.708664
vt 1.693782 5.472082
vt 1.446599 2.986639
vt 1.931893 7.958797
vt 5.612939 1.128927
vt 3.118300 1.128927
vt 33.125000 78.694336
vt 12.642316 66.978935
vt 12.328043 72.003601
vt 5.545752 46.041759
vt 29.235476 77.215508
vt 29.803623 75.463333
vt 30.306540 72.947960
vt 28.091295 73.910133
vt 32.419582 59.843166
vt 30.821762 60.844521
vt 12.018479 74.491814
vt 32.126789 65.775551
vt 28.982546 65.015701
vt 27.707373 68.196869
vt 25.188175 24.754023
vt 27.241552 31.940218
vt 2.921078 20.418100
vt 3.077351 22.915642
vt 19.743759 6.870866
vt 18.990110 4.494291
vt 21.233946 11.628982
vt 20.491861 9.249055
vt 3.361306 29.172729
vt 27.019281 77.226570
vt 26.339071 75.935417
vt 3.768141 13.041751
vt 5.595392 12.170950
vt 7.985307 10.855811
vt 11.770648 11.571797
vt 3.936641 15.097307
vt 5.948288 15.706976
vt 7.642842 17.275984
vt 12.011246 16.824280
vt 3.354220 37.983780
vt 23.936020 47.647812
vt 21.566563 46.231087
vt 18.551607 47.412251
vt 17.020626 50.694046
vt 20.049137 16.105844
vt 17.830181 16.759113
vt 15.538747 18.863392
vt 17.022882 22.643518
vt 20.019556 17.847298
vt 35.240276 70.741493
vt 33.964275 71.065208
vt 13.096858 1.095944
vt 8.107579 1.095944
vt 27.926390 34.334946
vt 31.623352 48.801674
vt 31.049212 46.381958
vt 25.625000 78.732956
vt 30.625000 78.732956
vt 30.154581 42.758766
vt 24.155994 21.161322
vt 16.875000 78.737694
vt 21.875000 78.737648
vt 19.260864 36.287144
vt 2.204185 11.697241
vt 11.994490 59.386139
vt 12.367010 61.915565
vt 3.401423 32.939228
vt 27.417837 38.218082
vt 26.189667 39.468586
vt 24.041992 40.321575
vt 22.340130 42.714489
vt 23.412180 37.776535
vt 26.836115 36.039574
vt 24.792912 35.688473
vt 30.303217 54.029488
vt 28.792933 54.517921
vt 27.015100 54.763763
vt 24.996140 54.567028
vt 33.141911 72.072998
vt 32.181038 73.513786
vt 31.565811 71.997124
vt 30.471733 69.839699
vt 30.110489 71.379021
vt 15.818747 62.475460
vt 18.110922 60.796535
vt 20.073620 62.937531
vt 20.618776 67.210426
vt 6.089222 27.312191
vt 5.895805 23.236567
vt 8.950009 24.450796
vt 18.240845 77.221931
vt 17.453638 75.556564
vt 17.281679 73.077339
vt 20.508455 77.223396
vt 21.238342 75.417740
vt 21.603905 72.920944
vt 19.690374 73.915939
vt 8.250232 43.805035
vt 9.765495 16.454903
vt 10.398854 19.615763
vt 11.285391 14.225778
vt 30.335154 49.212849
vt 28.592918 49.092304
vt 29.712513 46.592617
vt 28.319895 47.469444
vt 19.086390 32.013664
vt 28.986656 70.303230
vt 27.119600 69.995506
vt 25.065180 68.328796
vt 25.868093 71.897240
vt 29.293400 68.675270
vt 28.976013 66.859238
vt 26.655935 65.929237
vt 26.952604 63.265308
vt 2.980273 41.793396
vt 5.709274 19.763102
vt 12.465568 55.496231
vt 13.879459 54.529606
vt 16.682091 54.024822
vt 15.533465 55.680191
vt 15.106819 57.913990
vt 13.051176 57.442524
vt 4.762813 34.500900
vt 6.696588 33.715267
vt 9.003568 32.612225
vt 11.135008 34.132137
vt 11.510113 37.159634
vt 4.734264 36.451591
vt 7.100458 29.013859
vt 9.324596 30.071459
vt 11.447907 28.126211
vt 14.072484 29.927977
vt 21.477993 70.466980
vt 19.332117 69.291527
vt 17.891813 66.962753
vt 8.291069 5.437616
vt 6.619420 7.675434
vt 25.967438 27.122461
vt 26.652119 29.518192
vt 16.956854 14.722233
vt 14.684028 16.243755
vt 17.184328 12.288671
vt 14.828254 10.717788
vt 12.565350 8.516494
vt 7.581884 26.042360
vt 23.926189 72.900665
vt 17.079376 58.864914
vt 19.365627 58.357121
vt 21.797377 57.835999
vt 20.050093 56.078033
vt 11.574334 25.353765
vt 14.059353 23.834545
vt 11.042923 22.633163
vt 16.393082 25.358900
vt 16.452139 28.262739
vt 32.441212 68.903564
vt 33.240700 63.267021
vt 32.214642 62.438080
vt 30.514889 62.981853
vt 30.679888 64.700340
vt 33.298244 56.065990
vt 21.711313 12.786041
vt 14.185579 68.375511
vt 16.001196 67.570755
vt 17.453588 68.843582
vt 17.331289 70.958984
vt 14.025100 70.814034
vt 15.653893 71.440788
vt 15.517400 73.204361
vt 11.771121 2.613001
vt 12.655442 4.479930
vt 11.150785 6.465635
vt 9.434160 2.611472
vt 8.903734 4.041176
vt 7.260736 4.152956
vt 9.757098 5.248194
vt 9.218771 6.849690
vt 13.308869 32.970680
vt 13.276958 35.437653
vt 15.826084 37.456665
vt 15.392152 31.876341
vt 27.037598 74.769135
vt 26.503376 73.312607
vt 6.592499 13.767509
vt 8.565060 12.922109
vt 4.838065 27.778606
vt 5.920847 36.646694
vt 7.235693 35.653446
vt 5.935709 37.772156
vt 6.941045 38.541519
vt 8.466232 37.914280
vt 10.072371 37.876572
vt 11.355160 39.427948
vt 11.495562 41.400089
vt 12.364512 43.902744
vt 13.767499 46.055637
vt 15.062933 48.607079
vt 16.361200 46.022831
vt 12.993143 38.400391
vt 14.838007 39.214508
vt 15.142869 41.502708
vt 17.326353 42.782749
vt 19.760818 41.663101
vt 10.212584 36.357670
vt 11.567904 35.615486
vt 13.196831 42.211571
vt 16.472099 65.791550
vt 20.261580 8.014760
vt 18.755220 3.260595
vt 34.375000 78.866562
vt 33.392590 65.921410
vt 18.786026 24.483187
vt 20.844530 25.807459
vt 12.359075 69.487366
vt 11.683918 52.352333
vt 13.148139 50.394676
vt 9.361644 47.107281
vt 10.630558 48.101700
vt 11.416528 49.564487
vt 8.862929 45.717377
vt 9.772040 44.371784
vt 11.453753 46.866074
vt 11.783150 45.345688
vt 29.218636 39.140667
vt 25.028568 75.776009
vt 24.389206 74.648567
vt 25.022135 73.545631
vt 24.420977 42.392757
vt 28.944107 63.392567
vt 17.199102 33.025585
vt 17.378586 35.194565
vt 17.277870 30.906588
vt 19.152353 29.875168
vt 21.473768 31.017038
vt 19.244593 34.147507
vt 21.181015 35.202660
vt 21.185513 37.452744
vt 19.159777 38.625854
vt 21.037012 28.974316
vt 21.075306 33.092216
vt 22.933603 32.373192
vt 22.329285 27.306492
vt 9.832944 11.451890
vt 10.907519 9.803347
vt 16.127863 4.833375
vt 15.918646 6.707383
vt 14.220092 7.571334
vt 35.313145 75.569626
vt 34.640621 76.550636
vt 33.648914 68.489586
vt 5.857026 44.634583
vt 22.886738 68.752235
vt 23.566338 66.433174
vt 21.682978 65.268570
vt 19.452026 65.308472
vt 12.862178 6.527874
vt 33.594471 76.324020
vt 32.284874 76.280441
vt 32.974903 75.243515
vt 33.753883 74.337265
vt 31.042582 76.252647
vt 2.465792 16.690458
vt 2.648226 19.183357
vt 13.947165 60.333958
vt 14.750010 61.303989
vt 15.991436 61.244675
vt 17.269138 62.051453
vt 16.646715 60.105679
vt 18.778845 62.154354
vt 20.099018 61.433670
vt 22.396885 61.943314
vt 14.577321 62.534775
vt 19.416588 60.142738
vt 18.784647 63.606636
vt 15.245681 63.502342
vt 15.717966 64.722443
vt 15.071853 65.978737
vt 16.485598 63.520950
vt 18.264765 59.473129
vt 18.142710 58.251766
vt 18.846521 57.232468
vt 18.795719 55.974888
vt 17.541351 55.213978
vt 18.351931 53.723244
vt 19.170322 51.667248
vt 19.516476 54.888542
vt 21.111263 54.887543
vt 21.850283 53.157753
vt 22.405497 51.131260
vt 20.100895 57.335613
vt 21.222055 56.660507
vt 20.672812 58.522644
vt 21.857372 59.198467
vt 22.218267 60.552975
vt 23.840506 61.051208
vt 24.964956 62.678001
vt 23.320568 59.533947
vt 17.250803 52.400032
vt 15.557008 51.760044
vt 22.544655 56.741722
vt 23.996597 56.900082
vt 17.099630 57.671440
vt 16.467972 56.556717
vt 22.581591 49.130672
vt 25.341688 64.547424
vt 23.055552 57.892910
vt 25.279257 57.430206
vt 25.587328 58.841022
vt 26.600132 59.848690
vt 27.095549 61.524071
vt 16.159174 58.252388
vt 15.324959 59.041122
vt 14.239848 58.666454
vt 14.092207 57.620663
vt 14.903042 56.717426
vt 22.061745 55.633904
vt 22.664967 54.335285
vt 17.536383 63.137592
vt 27.823544 59.447968
vt 28.517973 58.000622
vt 28.404066 60.677341
vt 29.622562 60.621410
vt 30.310917 59.629677
vt 29.804667 58.581276
vt 24.690914 28.782953
vt 21.946638 22.448748
vt 19.721741 21.224342
vt 21.329073 20.937279
vt 20.676558 22.122982
vt 19.123667 22.816376
vt 18.170372 21.549900
vt 16.306734 20.743279
vt 15.149455 22.264492
vt 12.770305 46.916729
vt 14.125668 47.478371
vt 13.561058 48.900715
vt 15.561695 47.239410
vt 16.986814 48.533901
vt 18.741014 49.328819
vt 14.551420 49.978489
vt 15.963439 49.724049
vt 14.195932 51.353718
vt 12.890324 51.728252
vt 12.802232 53.036053
vt 20.133852 48.223526
vt 19.970051 46.594410
vt 18.505575 45.693436
vt 17.992662 44.207020
vt 18.868460 42.929306
vt 20.389902 43.053997
vt 21.270800 44.534187
vt 18.219696 41.569279
vt 19.075092 40.222710
vt 16.498186 44.038177
vt 21.186047 41.856201
vt 22.592142 41.170574
vt 20.631647 40.591900
vt 20.507433 39.150917
vt 15.934776 42.765644
vt 16.646553 41.473503
vt 16.000690 40.137123
vt 16.858244 38.735348
vt 17.611420 37.071457
vt 12.014493 50.867222
vt 16.871477 47.229168
vt 20.313837 19.896187
vt 15.064380 46.041588
vt 14.403923 44.939369
vt 13.687181 43.825020
vt 15.646784 44.943626
vt 13.090449 44.963261
vt 14.335386 42.746784
vt 5.520005 48.398167
vt 3.063963 26.676311
vt 2.941180 24.176561
vt 34.973278 67.073456
vt 5.920166 30.350542
vt 7.323524 30.400269
vt 8.040287 31.599865
vt 7.712574 32.876160
vt 8.628315 34.066032
vt 9.306194 31.359797
vt 10.246320 32.249737
vt 11.432558 32.840687
vt 9.948770 33.541187
vt 10.038511 34.847118
vt 10.367817 30.730659
vt 11.909664 29.843893
vt 10.553626 29.281530
vt 10.019447 27.944275
vt 9.571931 26.170841
vt 10.893483 26.780537
vt 12.436246 26.931961
vt 13.389139 28.356363
vt 13.052475 25.570957
vt 12.513807 24.098473
vt 14.598021 25.307028
vt 13.052892 22.598043
vt 15.530278 24.131218
vt 15.460824 26.534710
vt 17.001833 26.799040
vt 14.911129 27.998411
vt 15.466174 29.386683
vt 12.427394 32.087585
vt 13.877007 31.522106
vt 12.314034 33.723782
vt 13.461815 34.206352
vt 14.435972 34.982128
vt 15.850072 35.815460
vt 14.411984 36.623333
vt 14.453773 33.456272
vt 15.569632 33.050385
vt 16.942654 24.055639
vt 17.837023 25.597271
vt 19.326620 25.904913
vt 17.894100 27.969202
vt 17.435808 29.406389
vt 12.316829 30.931519
vt 12.984243 30.061638
vt 12.624704 29.075563
vt 16.373568 32.328419
vt 16.395166 33.747551
vt 17.435942 34.097904
vt 18.361979 33.331059
vt 16.334381 34.837326
vt 18.324594 34.694210
vt 18.295198 35.783108
vt 19.257866 35.217285
vt 20.215338 34.670433
vt 20.236992 35.773323
vt 21.216570 36.327637
vt 22.596100 35.720989
vt 22.300449 36.920536
vt 20.205935 36.898430
vt 19.175703 37.455002
vt 22.216755 38.179165
vt 23.217714 39.175106
vt 24.767292 38.677765
vt 20.203663 38.045155
vt 20.157413 33.615467
vt 20.119339 32.481960
vt 20.114620 31.118999
vt 21.133228 34.147186
vt 22.239056 33.557396
vt 22.102072 34.632141
vt 21.087791 32.018772
vt 22.081646 31.826485
vt 23.339884 30.802893
vt 12.958645 36.878475
vt 11.115521 24.031183
vt 9.868843 23.395027
vt 9.487115 21.521164
vt 8.256381 22.919420
vt 7.240581 24.302296
vt 10.286427 25.059677
vt 8.644541 19.947155
vt 9.224322 18.207226
vt 10.871719 18.027487
vt 12.932920 18.838387
vt 18.017452 23.408363
vt 23.473991 77.581253
vt 8.098215 7.826409
vt 7.199674 9.309725
vt 7.478950 6.574233
vt 6.095644 6.380558
vt 4.419782 6.253473
vt 5.167287 7.509449
vt 5.755094 8.802019
vt 6.937787 5.402533
vt 4.507513 9.169015
vt 7.056154 44.227093
vt 7.961733 44.888977
vt 17.494293 46.254627
vt 17.143358 45.084759
vt 19.058401 20.132566
vt 17.576357 19.959370
vt 17.103405 18.396545
vt 15.921087 17.289389
vt 14.456818 17.767143
vt 13.412520 16.832750
vt 13.242976 14.799798
vt 16.071066 15.857372
vt 15.061818 14.917162
vt 12.030708 21.631321
vt 12.078602 20.104601
vt 10.767675 21.373894
vt 35.376892 69.506554
vt 4.399266 43.406891
vt 15.272816 77.587593
vt 15.201192 53.835358
vt 9.815755 40.976707
vt 14.071380 9.232079
vt 13.156697 10.633695
vt 13.436177 12.539624
vt 15.536848 8.526274
vt 21.317402 61.375351
vt 21.329861 62.661499
vt 20.973690 64.037193
vt 22.487801 63.230129
vt 23.625864 62.503101
vt 22.416363 64.380028
vt 23.305496 65.230644
vt 24.558277 65.588455
vt 24.861589 66.949402
vt 26.326506 67.437912
vt 23.833168 67.805916
vt 22.444517 67.363533
vt 21.434113 68.450050
vt 22.512529 66.032204
vt 21.419792 66.386871
vt 20.298790 66.097878
vt 19.263342 66.997978
vt 18.548639 68.107262
vt 20.507345 65.025314
vt 19.824667 64.099022
vt 26.363255 68.828278
vt 25.491169 70.222046
vt 24.534599 55.749931
vt 15.876799 57.325012
vt 8.210764 29.546366
vt 9.215602 28.858776
vt 19.322607 33.076115
vt 15.966395 9.875476
vt 17.448168 10.641571
vt 16.140892 11.301349
vt 14.988718 12.124922
vt 19.790770 68.136803
vt 20.463913 69.072624
vt 20.129988 70.381416
vt 20.729147 71.603233
vt 18.791124 70.524567
vt 22.062656 71.667191
vt 20.158047 72.736359
vt 18.897125 72.918938
vt 18.227137 74.266075
vt 18.134157 71.923019
vt 22.697851 70.615257
vt 22.199444 69.623642
vt 23.385145 69.743851
vt 22.762632 72.634125
vt 22.451653 73.861778
vt 21.200256 74.137001
vt 23.564110 71.808334
vt 24.726477 71.583923
vt 16.902573 74.349205
vt 16.044987 12.763736
vt 17.021038 13.500820
vt 18.775608 13.120109
vt 18.084633 14.169103
vt 18.017584 15.458677
vt 16.062735 14.062856
vt 18.885180 16.247425
vt 18.834167 17.485691
vt 10.602219 0.886008
vt 24.045675 26.408979
vt 23.562258 27.574457
vt 22.895382 26.299129
vt 22.067863 25.227783
vt 21.799742 26.346169
vt 20.850889 27.495548
vt 22.778057 24.170918
vt 21.018888 24.594736
vt 19.932961 23.928383
vt 18.463484 26.835133
vt 20.722300 30.109657
vt 21.967270 29.843470
vt 8.396796 30.595636
vt 18.411495 9.575105
vt 23.542934 73.924355
vt 20.003582 25.031317
vt 25.400915 31.135347
vt 24.226881 31.873108
vt 24.335077 33.361740
vt 24.460167 30.412621
vt 25.623266 33.772903
vt 24.680803 34.502121
vt 25.605240 35.013237
vt 4.397168 22.845919
vt 26.464651 57.406349
vt 27.112892 56.547821
vt 27.537851 57.542683
vt 27.553440 55.628963
vt 24.560965 59.537571
vt 22.601915 45.176403
vt 23.258444 43.861717
vt 22.970146 46.573418
vt 21.945524 47.725880
vt 24.680614 43.792728
vt 25.979303 42.827812
vt 25.612835 45.015301
vt 24.266567 46.379299
vt 25.208035 47.301949
vt 24.934357 48.807453
vt 25.782423 50.049103
vt 27.228474 49.994480
vt 27.287498 42.168858
vt 26.546122 51.098564
vt 25.139791 51.218140
vt 23.816963 51.452312
vt 26.332939 47.589081
vt 27.288288 46.896004
vt 27.173903 45.653244
vt 27.355652 48.014812
vt 15.144403 30.623045
vt 16.278475 30.258141
vt 16.254040 31.296585
vt 14.233738 19.069330
vt 15.073097 20.150438
vt 13.418933 19.879835
vt 14.160921 20.535307
vt 14.221601 21.647772
vt 14.162648 22.742804
vt 15.184915 21.204805
vt 15.023792 23.262337
vt 16.104319 23.214539
vt 20.331509 74.803772
vt 19.213694 74.935577
vt 18.463099 75.612915
vt 25.079580 72.533836
vt 24.720684 52.282856
vt 25.239866 53.378941
vt 26.583485 53.477497
vt 24.200584 53.784782
vt 23.962111 54.822983
vt 4.151546 17.689465
vt 5.857602 34.422905
vt 5.661441 33.339153
vt 6.488068 32.676628
vt 5.532290 32.331062
vt 6.828362 34.722679
vt 7.882166 34.816017
vt 11.009976 5.220384
vt 12.034179 5.735157
vt 28.155966 75.065224
vt 29.181753 74.428436
vt 30.541208 74.315826
vt 29.098381 73.197578
vt 28.028332 72.753181
vt 27.041718 72.089218
vt 26.613293 71.024979
vt 11.084243 44.225510
vt 11.417062 42.845146
vt 12.717694 15.867152
vt 11.361219 15.605226
vt 10.008372 14.987783
vt 9.972151 13.476025
vt 11.205968 12.839903
vt 12.425483 13.465227
vt 13.765162 15.719716
vt 16.071333 52.916386
vt 21.299337 48.864861
vt 29.532061 72.248016
vt 34.901638 64.594963
vt 4.233383 20.331848
vt 27.517002 66.907562
vt 27.907070 65.696152
vt 27.060385 64.625793
vt 11.608449 4.351797
vt 13.559123 13.688478
vt 14.177781 14.465101
vt 13.812953 73.467590
vt 14.529328 74.511292
vt 14.024776 75.613998
vt 4.577619 25.187531
vt 5.211729 24.195168
vt 6.228853 24.197622
vt 17.963152 1.024985
vt 31.121164 56.910717
vt 14.532596 59.577274
vt 12.841786 54.142776
vt 18.600988 66.068718
vt 18.374029 64.958199
vt 17.566280 65.701729
vt 24.100664 68.888512
vt 25.005461 69.336777
vt 22.765854 28.268330
vt 21.715181 28.165224
vt 27.913546 63.873692
vt 27.989103 62.691254
vt 30.226944 56.455132
vt 29.200663 56.774906
vt 31.077471 55.891098
vt 28.997051 55.698498
vt 7.996848 48.832684
vt 9.031827 36.790901
vt 7.972135 36.961441
vt 7.170085 19.963926
vt 6.617216 18.572098
vt 6.285159 20.987516
vt 6.622994 22.204229
vt 7.894969 18.870262
vt 6.991089 23.235807
vt 5.549646 22.220440
vt 5.258125 42.536980
vt 6.374643 42.027435
vt 7.396613 42.746716
vt 5.170999 41.425285
vt 7.158361 41.320042
vt 8.006247 40.678005
vt 25.635538 65.583839
vt 8.006540 28.548405
vt 7.352573 27.457733
vt 10.888263 16.640247
vt 8.905421 14.121649
vt 7.771826 13.795241
vt 7.212524 12.490231
vt 6.624727 11.212406
vt 19.375000 79.011276
vt 4.479434 10.994057
vt 5.476836 11.165833
vt 4.734971 16.086781
vt 5.073612 15.040675
vt 6.051312 14.664473
vt 6.958399 15.280457
vt 7.751362 16.123621
vt 6.690451 16.605005
vt 8.841112 15.786561
vt 8.725325 16.920135
vt 5.644878 16.713415
vt 6.708639 17.590591
vt 27.060644 40.334038
vt 32.998104 64.234909
vt 32.137264 64.764763
vt 12.531822 3.395580
vt 14.146696 3.734991
vt 10.985618 8.192656
vt 32.778378 74.286667
vt 20.597601 52.255535
vt 24.676834 37.344372
vt 23.675983 36.482033
vt 23.652258 35.369022
vt 10.031150 20.610651
vt 13.996898 11.525309
vt 22.094021 74.833946
vt 22.491856 76.091972
vt 28.386827 50.263489
vt 28.851858 36.664906
vt 18.501795 7.246847
vt 17.108677 7.463338
vt 18.011194 8.302369
vt 17.757971 4.902399
vt 31.390951 70.729668
vt 31.574644 69.620247
vt 30.813995 68.678612
vt 31.702942 68.246132
vt 32.297188 67.090225
vt 31.650717 61.525475
vt 30.641254 61.909302
vt 31.753328 60.555519
vt 30.032469 65.941200
vt 32.056690 77.324821
vt 11.987798 34.688103
vt 14.191863 32.481293
vt 12.706470 17.724075
vt 11.887472 18.470678
vt 13.572227 18.128302
vt 18.274755 69.562813
vt 28.883368 75.663353
vt 16.914610 5.536426
vt 24.432564 25.450443
vt 14.543391 69.844101
vt 15.199965 70.571976
vt 16.283644 70.558777
vt 16.687399 69.577568
vt 16.055304 68.672974
vt 15.177816 68.163612
vt 16.555868 55.526581
vt 15.911378 54.716228
vt 14.873160 54.865265
vt 17.872324 17.757824
vt 16.951241 17.296446
vt 8.235901 51.226131
vt 6.843950 2.720667
vt 5.955601 3.752266
vt 4.294895 4.023694
vt 4.381985 2.720595
vt 26.246462 31.740772
vt 4.226347 28.635511
vt 14.598517 37.923275
vt 18.761446 28.764921
vt 19.910511 28.747005
vt 21.246389 38.461517
vt 25.502960 55.446270
vt 26.015383 54.565197
vt 17.112732 15.992002
vt 21.811083 24.020094
vt 15.093389 52.658806
vt 28.125000 79.060959
vt 32.247353 49.934315
vt 31.098370 45.089191
vt 34.023682 58.455696
vt 16.838818 0.717111
vt 16.768259 2.845723
vt 16.647127 3.903686
vt 25.212015 23.448418
vt 2.047279 14.217520
vt 11.033175 56.987827
vt 3.186671 47.221149
vt 0.877958 1.789820
vt 1.256770 0.934972
vt 1.612423 9.242487
vt 2.995412 30.436777
vt 2.989552 35.450710
vt 11.875000 79.184189
vt 10.989939 78.117912
vt 14.375000 79.186165
vt 24.375000 79.184067
vt 2.826108 39.221119
vt 12.167771 65.719223
vt 9.539086 53.459461
vt 30.290140 41.439457
vt 3.494352 45.344353
vt 21.499130 18.053898
vt 2.164645 44.933350
vt 2.012129 46.686440
vt 35.075809 73.157600
vt 7.021143 47.928059
vt 6.997941 46.865223
vt 9.831803 51.165516
vt 10.112517 49.858566
vt 10.369558 51.999279
vt 8.722859 49.612930
vt 14.135056 77.312027
vt 16.081678 76.254204
vt 24.614897 77.304977
vt 32.409740 52.474216
vt 34.077915 60.991508
vt 4.310610 32.087002
vt 4.067723 41.012363
vt 3.027484 10.792130
vt 13.530376 63.927284
vt 23.538366 22.137880
vt 28.577583 40.155972
vt 31.448193 51.936283
vt 30.471474 50.506725
vt 30.262989 52.206367
vt 30.001656 53.124138
vt 28.961437 53.408947
vt 29.630636 51.496010
vt 28.696045 51.722698
vt 27.087526 52.289394
vt 29.483332 43.655071
vt 29.253218 45.372417
vt 28.066977 44.000175
vt 27.319553 43.236759
vt 32.166916 58.628437
vt 30.967302 57.958015
vt 5.640721 40.123055
vt 4.966730 39.455502
vt 6.567266 39.919567
vt 32.193790 55.406975
vt 22.643427 19.454321
vt 22.436647 20.532290
vt 15.942188 2.034589
vt 19.808622 13.943065
vt 21.050934 13.907731
vt 2.244758 2.511304
vt 2.744658 7.439355
vt 3.233286 6.436351
vt 3.563349 1.972058
vt 33.656235 77.990166
vt 13.252389 71.589783
vt 5.444361 46.954056
vt 4.671173 46.406345
vt 29.849466 77.860184
vt 28.295137 77.148918
vt 33.147186 60.410011
vt 19.994009 11.988017
vt 18.877897 12.008505
vt 18.265348 11.218020
vt 26.313730 77.854134
vt 27.195061 76.309212
vt 3.139838 12.421774
vt 4.836079 12.930153
vt 5.811023 13.145925
vt 4.370258 12.015064
vt 4.127214 37.418354
vt 4.078782 38.478958
vt 19.953167 15.242856
vt 20.773563 15.588453
vt 20.455273 16.983721
vt 33.436905 70.170731
vt 8.622974 1.918264
vt 7.669690 1.918264
vt 25.191441 77.970558
vt 26.984140 37.342411
vt 27.068350 39.103207
vt 26.274315 38.432907
vt 25.290632 40.335201
vt 25.055677 41.448460
vt 25.735373 36.324570
vt 31.276014 53.732063
vt 29.673916 54.662815
vt 27.843412 54.202579
vt 34.047115 72.243584
vt 32.953381 72.988068
vt 31.319466 72.980164
vt 30.660202 72.107048
vt 5.328426 26.395582
vt 6.453012 26.205297
vt 6.801727 25.235146
vt 19.203651 77.018539
vt 17.514126 76.546707
vt 21.211761 76.457344
vt 20.368382 75.915634
vt 8.800951 42.734055
vt 9.158199 41.768673
vt 9.424980 43.470802
vt 29.489344 48.786804
vt 28.764166 46.630733
vt 29.865944 70.509583
vt 29.098158 71.311653
vt 28.185148 69.348358
vt 27.983746 70.570343
vt 29.572927 69.570816
vt 28.678051 67.847069
vt 29.809126 67.649391
vt 4.931399 18.846348
vt 11.747709 54.840229
vt 13.377517 55.312778
vt 14.271968 55.579071
vt 12.776978 58.329056
vt 4.279788 33.748531
vt 6.080963 28.468403
vt 6.222965 29.428473
vt 33.024609 62.035065
vt 31.472900 63.047981
vt 17.108923 67.771812
vt 16.711939 66.806946
vt 14.705893 71.474617
vt 15.209713 72.293480
vt 16.370308 72.356018
vt 10.795147 3.002446
vt 9.751287 3.542375
vt 8.053041 3.667948
vt 8.967061 4.901578
vt 8.143046 4.556684
vt 9.098390 5.918000
vt 10.108402 6.252478
vt 10.215096 7.372635
vt 26.415520 74.171066
vt 27.218992 73.819565
vt 8.359752 38.956104
vt 7.573279 37.910919
vt 9.280576 38.375671
vt 10.376190 38.931393
vt 11.318953 38.286026
vt 10.426899 40.044727
vt 11.345107 40.419731
vt 12.228127 39.932739
vt 12.189444 37.854340
vt 12.122652 38.832077
vt 13.693186 39.311405
vt 14.354276 40.310692
vt 13.768104 41.256596
vt 10.612947 37.160553
vt 11.100844 36.371162
vt 10.668600 35.581829
vt 12.000148 36.404819
vt 12.596127 41.281853
vt 12.190964 42.202553
vt 11.229986 53.138039
vt 8.735236 47.788765
vt 9.723782 47.951981
vt 10.313848 47.199032
vt 10.040491 48.854649
vt 11.429627 48.614902
vt 12.278225 49.101494
vt 9.540333 46.258743
vt 8.447359 46.650913
vt 9.660932 45.276619
vt 8.893385 44.723129
vt 10.549371 44.990448
vt 11.205651 46.016449
vt 12.112020 46.212814
vt 23.925549 75.536552
vt 29.594404 62.670540
vt 29.917538 63.906372
vt 17.858305 31.989126
vt 18.509338 30.925598
vt 8.711458 11.766552
vt 9.268007 10.041443
vt 10.837659 10.932302
vt 11.868003 10.429422
vt 11.885794 9.352337
vt 12.974584 9.543376
vt 10.723948 11.943613
vt 15.449246 5.706295
vt 14.931645 4.632318
vt 14.823440 6.655853
vt 15.330960 7.533540
vt 5.229255 45.233734
vt 6.423828 45.497978
vt 13.130223 7.584346
vt 11.949432 7.506025
vt 13.231097 5.456225
vt 13.629003 4.563748
vt 30.014208 76.499817
vt 13.355423 60.957077
vt 17.104956 61.031536
vt 18.053642 61.667900
vt 18.838312 61.281914
vt 19.648666 62.178207
vt 13.664819 62.710812
vt 20.145620 60.583191
vt 16.693167 64.835083
vt 15.132098 67.010826
vt 14.048163 65.979942
vt 17.562355 60.062119
vt 19.161257 59.256489
vt 20.148380 59.452000
vt 17.589302 54.274307
vt 18.503531 54.736290
vt 17.355921 53.348751
vt 18.137434 52.781975
vt 18.080729 51.693539
vt 18.598576 50.563591
vt 19.190395 53.037102
vt 19.715590 50.684849
vt 20.818123 51.098717
vt 17.744341 49.839447
vt 19.205023 54.035248
vt 20.314093 55.245163
vt 21.033869 55.782322
vt 21.075962 53.849701
vt 22.635084 52.283466
vt 21.621593 51.886440
vt 22.916414 61.169926
vt 24.789103 61.597542
vt 25.955116 61.962303
vt 25.950705 62.998985
vt 16.576803 51.622448
vt 15.943780 50.778687
vt 23.107521 50.185013
vt 21.787596 50.068829
vt 24.586525 63.726936
vt 24.258743 64.652939
vt 22.721357 58.788795
vt 25.628302 59.812660
vt 26.472521 60.797363
vt 27.419933 60.441887
vt 16.233583 59.265800
vt 22.845558 53.339752
vt 27.854010 58.572323
vt 21.955843 21.563087
vt 19.755268 22.145292
vt 20.235762 22.953781
vt 17.067581 21.541605
vt 16.056267 21.764400
vt 13.190336 47.819317
vt 14.231804 48.343735
vt 16.009932 48.177650
vt 18.093287 48.425190
vt 19.108637 48.274445
vt 13.719900 49.748661
vt 13.692521 52.061760
vt 19.793453 49.224812
vt 19.641888 45.487125
vt 20.628199 45.797085
vt 20.366240 44.856636
vt 18.993904 46.540382
vt 18.734425 44.782764
vt 18.054241 43.310219
vt 18.812334 43.829845
vt 19.665890 42.543747
vt 21.458345 43.420357
vt 22.239820 44.124645
vt 19.019705 41.132504
vt 18.259445 39.378780
vt 18.036030 38.196865
vt 22.066545 41.877308
vt 21.646683 41.016247
vt 23.012003 42.031631
vt 23.592155 41.215847
vt 19.968180 39.923244
vt 17.456688 41.134346
vt 15.902825 41.905933
vt 15.885632 41.020580
vt 15.173094 42.363503
vt 16.706272 40.620380
vt 16.775417 39.762703
vt 16.018204 39.184639
vt 16.815769 37.713707
vt 16.564676 36.646683
vt 21.181337 20.065786
vt 20.468309 20.761108
vt 19.762003 18.929869
vt 20.774490 18.777296
vt 12.984331 43.157391
vt 5.839743 31.239592
vt 4.931034 30.481592
vt 11.302734 30.572416
vt 11.445161 29.047855
vt 9.415973 27.153378
vt 8.465821 26.652523
vt 8.590924 25.525932
vt 8.062681 24.751970
vt 11.624612 27.266357
vt 11.715942 26.335852
vt 12.344915 27.862467
vt 13.273855 27.402554
vt 13.157325 26.438438
vt 13.396523 24.610325
vt 12.384183 24.980661
vt 13.896757 25.857746
vt 13.206996 23.500469
vt 12.330914 23.185703
vt 15.503229 25.067253
vt 14.703926 24.433516
vt 16.122091 27.303720
vt 16.303616 26.245449
vt 14.785691 27.116234
vt 14.317086 28.887255
vt 15.614439 28.522312
vt 15.313854 35.108906
vt 14.967584 35.928448
vt 14.087534 35.797813
vt 17.204914 24.933739
vt 18.666231 25.342379
vt 17.081085 27.663872
vt 17.263462 28.559767
vt 16.591990 29.137312
vt 22.998589 40.202202
vt 22.310003 39.086418
vt 23.872770 38.553387
vt 24.209099 39.413391
vt 21.900713 32.715553
vt 10.046392 22.383045
vt 8.500828 21.893810
vt 8.953741 23.526331
vt 8.079123 23.827196
vt 9.138882 22.609499
vt 10.783035 25.851995
vt 9.830478 24.289352
vt 9.419173 19.238716
vt 9.978529 17.480421
vt 17.949793 22.467274
vt 8.995794 7.725024
vt 7.297149 8.354961
vt 8.254831 8.935092
vt 7.995515 9.877974
vt 7.084098 10.313009
vt 6.261448 9.709943
vt 8.312569 6.941183
vt 5.286743 5.934199
vt 4.503839 5.145010
vt 4.311505 7.168345
vt 3.525316 9.160017
vt 4.508533 8.208488
vt 18.864368 20.997860
vt 16.466133 19.581345
vt 17.741272 19.056484
vt 16.189192 18.187952
vt 15.041285 17.075676
vt 12.450712 20.880384
vt 11.530451 20.858599
vt 3.804451 44.159061
vt 3.782493 42.752365
vt 5.361243 43.743958
vt 14.297253 53.719711
vt 10.508552 41.772057
vt 14.016630 10.195614
vt 12.836810 11.654058
vt 12.237581 12.470262
vt 14.593462 8.441798
vt 13.645129 8.382894
vt 20.568636 62.193745
vt 25.470463 67.564255
vt 25.773626 66.655136
vt 21.512920 67.510269
vt 22.245613 68.191635
vt 26.850767 68.119720
vt 26.252512 69.728706
vt 25.137062 56.488079
vt 14.965006 9.712477
vt 16.224976 9.050172
vt 16.399065 8.107639
vt 16.886826 9.911252
vt 17.019705 11.417620
vt 14.357947 12.876987
vt 18.126434 73.375816
vt 20.513636 73.559837
vt 15.974355 74.061882
vt 17.829361 12.992638
vt 23.840544 28.445848
vt 19.966551 26.817337
vt 23.670465 24.386513
vt 22.876741 30.003908
vt 22.396072 30.816259
vt 19.445824 9.374722
vt 23.310934 33.325962
vt 24.152714 29.537918
vt 26.272373 33.033627
vt 24.608601 60.488525
vt 21.706102 45.332539
vt 23.312611 44.710041
vt 23.367411 45.568249
vt 22.152315 46.878021
vt 22.848482 47.496960
vt 21.249357 47.106941
vt 23.939400 43.206131
vt 25.093550 42.992085
vt 25.704046 43.813759
vt 24.827362 44.647530
vt 24.868126 45.583145
vt 23.777435 49.110725
vt 24.991444 49.678905
vt 25.742357 49.166023
vt 25.669828 48.239799
vt 26.415136 42.065022
vt 28.390652 42.037621
vt 26.520144 45.024052
vt 27.566116 49.022251
vt 7.668447 33.857361
vt 31.498142 74.194946
vt 10.646831 43.389740
vt 12.159575 14.869532
vt 10.417088 14.221677
vt 9.548401 12.488313
vt 5.208485 20.662893
vt 28.812378 65.936882
vt 26.227455 64.007271
vt 14.709073 73.620216
vt 14.976692 75.613190
vt 13.141534 76.169472
vt 28.083925 64.785538
vt 28.116808 61.667858
vt 8.110302 36.022331
vt 7.913691 20.516273
vt 8.786719 20.883568
vt 6.500052 19.424360
vt 5.805202 18.894651
vt 7.549014 22.312140
vt 8.286577 17.991257
vt 8.996784 40.307686
vt 7.454585 11.604778
vt 6.456624 12.063838
vt 9.135313 14.964227
vt 14.226457 2.599801
vt 15.016019 2.109856
vt 10.326357 8.967929
vt 22.762978 76.981659
vt 22.564781 77.908867
vt 16.853642 6.550162
vt 32.793671 67.963181
vt 31.186501 59.852089
vt 29.870071 65.067146
vt 31.066416 65.691338
vt 11.384990 19.357597
vt 17.485502 70.046333
vt 5.185277 4.255259
vt 5.118996 3.312387
vt 3.101437 4.147824
vt 13.636125 37.624466
vt 19.992783 29.621128
vt 22.286810 23.269613
vt 16.526577 75.431274
vt 16.017706 77.127426
vt 16.280077 78.017494
vt 14.317236 63.429054
vt 27.995527 52.300510
vt 27.852407 44.952030
vt 22.311338 18.557955
vt 19.685795 12.877996
vt 19.539394 16.894560
vt 33.249565 69.293167
vt 32.506870 69.910492
vt 25.281986 39.426590
vt 30.345865 66.850868
vt 16.568197 71.463104
vt 14.365511 41.882244
vt 12.322776 50.010708
vt 12.910926 45.830532
vt 18.193230 30.010069
vt 15.077008 3.713173
vt 19.726189 52.344177
vt 20.041113 51.518883
vt 16.873966 49.471928
vt 26.767593 62.373634
vt 14.990700 50.825600
vt 15.471091 38.370800
vt 17.883696 24.316212
vt 19.775854 10.222292
vt 21.019827 47.993137
vt 25.289709 46.392784
vt 23.167284 48.387699
vt 31.451326 66.593559
vt 0.000000 0.000000
vt 1.244257 0.000000
vt 2.488514 0.000000
vt 3.732770 0.000000
vt 4.977027 0.000000
vt 6.221284 0.000000
vt 7.465541 0.000000
vt 8.709798 0.000000
vt 9.092200 1.187836
vt 9.473349 2.376076
vt 9.853212 3.564725
vt 10.231761 4.753795
vt 10.608961 5.943294
vt 10.984779 7.133229
vt 11.359179 8.323611
vt 11.732124 9.514450
vt 12.103576 10.705756
vt 12.473494 11.897539
vt 12.841835 13.089810
vt 13.208556 14.282580
vt 13.573611 15.475863
vt 13.936952 16.669666
vt 14.298526 17.864008
vt 14.658280 19.058897
vt 15.016160 20.254351
vt 15.372106 21.450380
vt 15.726054 22.647003
vt 16.077942 23.844234
vt 16.427698 25.042089
vt 16.775249 26.240585
vt 17.120520 27.439741
vt 17.463427 28.639574
vt 17.803885 29.840105
vt 18.141800 31.041353
vt 18.477076 32.243343
vt 18.809607 33.446091
vt 19.139282 34.649628
vt 19.465981 35.853977
vt 19.789579 37.059162
vt 20.109938 38.265209
vt 20.426910 39.472153
vt 20.740339 40.680023
vt 21.050053 41.888851
vt 21.355865 43.098671
vt 21.657581 44.309517
vt 21.954979 45.521435
vt 22.247820 46.734459
vt 22.535849 47.948635
vt 22.818777 49.164009
vt 23.096294 50.380630
vt 23.368052 51.598549
vt 23.633667 52.817825
vt 23.892710 54.038513
vt 24.144703 55.260677
vt 24.389105 56.484379
vt 24.625309 57.709690
vt 24.852619 58.936680
vt 25.070240 60.165428
vt 25.277252 61.396004
vt 25.472589 62.628490
vt 25.654995 63.862953
vt 25.822979 65.099457
vt 25.974751 66.338058
vt 26.108131 67.578766
vt 26.220428 68.821564
vt 26.308256 70.066315
vt 26.367262 71.312759
vt 26.391718 72.560341
vt 26.373863 73.808014
vt 26.302799 75.053741
vt 26.162600 76.293495
vt 25.928833 77.518852
vt 25.562328 78.710716
vt 25.000000 79.822060
vt 23.750000 79.822060
vt 22.500000 79.822060
vt 21.250000 79.822060
vt 20.000000 79.822060
vt 18.750000 79.822060
vt 17.500000 79.822060
vt 16.250000 79.822060
vt 15.000000 79.822060
vt 13.750000 79.822060
vt 12.500000 79.822060
vt 11.250000 79.822060
vt 10.000000 79.822060
vt 10.171041 78.584122
vt 10.327380 77.344238
vt 10.468048 76.102486
vt 10.591973 74.858948
vt 10.697968 73.613762
vt 10.784721 72.367081
vt 10.850767 71.119141
vt 10.894477 69.870216
vt 10.914026 68.620689
vt 10.907372 67.371025
vt 10.872219 66.121849
vt 10.805984 64.873932
vt 10.705759 63.628296
vt 10.568267 62.386230
vt 10.389823 61.149395
vt 10.166302 59.919918
vt 9.893112 58.700539
vt 9.565206 57.494743
vt 9.177135 56.306973
vt 8.723195 55.142822
vt 8.197678 54.009228
vt 7.595301 52.914597
vt 6.911813 51.868752
vt 6.144745 50.882637
vt 5.294186 49.967621
vt 4.363347 49.134453
vt 3.358660 48.392010
vt 2.289259 47.746223
vt 1.165953 47.199474
vt 0.000000 46.750671
vt 0.844343 45.857449
vt 1.328695 44.710876
vt 1.644144 43.505131
vt 1.864921 42.278183
vt 2.024286 41.041653
vt 2.140020 39.800240
vt 2.222828 38.556175
vt 2.279705 37.310650
vt 2.315505 36.064331
vt 2.333750 34.817631
vt 2.337091 33.570778
vt 2.327579 32.323994
vt 2.306835 31.077326
vt 2.276173 29.830862
vt 2.236668 28.584646
vt 2.189216 27.338707
vt 2.134574 26.093060
vt 2.073384 24.847719
vt 2.006202 23.602684
vt 1.933507 22.357962
vt 1.855719 21.113548
vt 1.773208 19.869438
vt 1.686301 18.625628
vt 1.595289 17.382111
vt 1.500432 16.138880
vt 1.401965 14.895931
vt 1.300100 13.653255
vt 1.195027 12.410847
vt 1.086923 11.168699
vt 0.975945 9.926804
vt 0.862241 8.685155
vt 0.745943 7.443748
vt 0.627175 6.202573
vt 0.506052 4.961626
vt 0.382678 3.720902
vt 0.257152 2.480392
vt 0.129564 1.240094
vt 11.312984 41.281517
vt 14.808516 49.658226
vt 10.332315 32.886345
vt 6.806180 12.561951
vt 7.997149 18.809618
vt 17.159517 57.712868
vt 17.097416 73.432724
vt 18.339109 65.486504
vt 7.872928 27.746115
vt 5.307585 5.119354
vt 21.619085 75.151878
vt 6.676699 40.849285
vt 14.839869 37.742146
vt 16.043501 43.797951
vt 9.781858 46.648899
vt 18.781275 51.982731
vt 13.250682 54.047985
vt 21.665052 68.606712
vt 20.684826 61.535862
vt 10.688978 23.486261
vt 12.514079 28.116781
vt 6.308037 32.917049
vt 14.417570 32.727921
vt 6.222404 22.731964
vt 14.655008 61.165329
vt 15.337940 69.314819
vt 18.303886 47.044724
vt 5.073029 45.046341
vt 7.601336 8.851461
vt 9.658233 14.721379
vt 5.155359 16.485247
vt 20.687447 56.587433
vt 14.375000 76.077965
vt 14.562786 65.300247
vt 10.356510 50.363808
vt 22.154116 64.968224
vt 6.130273 36.797581
vt 4.339536 10.252134
vt 11.309706 19.415478
vt 18.125000 76.575325
vt 22.999067 72.002815
vt 17.489157 40.879066
vt 12.802027 57.261997
vt 5.196012 29.114569
vt 13.438207 25.264988
vt 13.770865 71.899406
vt 3.120443 2.817264
vt 7.724899 48.560963
vt 15.003547 29.985710
vt 16.338402 34.769932
vt 4.638955 20.304169
vt 4.933967 25.331339
vt 6.841149 2.565150
vt 18.901096 44.353355
vt 20.063576 49.164776
vt 9.391494 10.897826
vt 7.897602 6.148533
vt 3.969118 14.059981
vt 22.186876 58.795979
vt 21.220348 53.967789
vt 3.181111 6.584457
vt 23.125000 77.285995
vt 4.635710 39.341572
vt 4.393081 41.975479
vt 10.728044 53.524796
vt 11.334615 16.809505
vt 12.769329 21.574001
vt 17.534500 38.303741
vt 20.625000 77.422989
vt 23.944002 74.294296
vt 23.682819 67.211975
vt 23.009096 62.387207
vt 13.280458 67.983238
vt 23.942465 69.607765
vt 21.048382 51.476864
vt 14.771522 27.466799
vt 12.526269 60.125927
vt 12.904552 62.756256
vt 4.460173 31.665003
vt 4.479954 34.199951
vt 12.820826 74.421577
vt 4.050588 22.858803
vt 15.625000 77.793510
vt 13.125000 77.793510
vt 16.409908 32.172192
vt 5.054100 47.148708
vt 3.608646 17.859842
vt 20.251078 46.574642
vt 10.817750 13.062099
vt 9.436264 8.274339
vt 4.163279 36.741081
vt 2.972468 11.630378
vt 2.749735 9.138337
vt 11.108466 56.333244
vt 3.229056 44.563915
vt 22.529469 56.219536
vt 12.648668 65.401848
vt 8.760971 51.406536
vt 23.999863 64.717468
vt 19.172678 41.725765
vt 3.886755 27.897928
vt 14.306022 23.714705
vt 12.566083 70.553947
vt 24.746834 71.968559
vt 1.801033 1.694864
vt 4.354899 1.610395
vt 2.052664 4.181340
vt 12.950377 18.921507
vt 17.779865 35.664879
vt 18.125000 78.258850
vt 8.572382 4.627278
vt 2.984467 15.395939
vt 23.469662 59.815258
vt 3.569574 40.559616
vt 11.961959 15.316427
vt 24.591175 76.628685
vt 18.836584 39.244717
vt 21.875000 78.378288
vt 11.436002 58.995163
vt 11.896036 61.563377
vt 11.835811 76.886276
vt 2.343361 46.207764
vt 24.774645 68.325729
vt 15.957170 28.421139
vt 15.268092 26.028004
vt 5.762297 48.508072
vt 22.157696 52.500790
vt 21.616993 50.078102
vt 12.113950 73.085938
vt 3.158210 20.402374
vt 3.450471 25.404230
vt 3.685137 32.937061
vt 3.642858 30.420851
vt 7.308037 46.117733
vt 9.149759 43.566505
vt 14.375000 78.518936
vt 11.875000 78.518936
vt 3.044962 43.123856
vt 7.568634 50.566433
vt 9.044448 52.830193
vt 17.409830 33.185753
vt 16.740788 30.787312
vt 10.157301 55.254196
vt 11.740141 54.817692
vt 20.274246 44.011196
vt 10.724893 10.482070
vt 21.171289 47.631084
vt 3.584870 35.459423
vt 3.513350 37.991047
vt 12.010295 64.150185
vt 12.145185 66.711105
vt 5.779913 27.173435
vt 7.415435 25.307064
vt 9.624496 6.908533
vt 2.482026 12.927650
vt 2.265095 10.437510
vt 2.037156 7.948935
vt 3.459196 47.017185
vt 6.843412 1.207133
vt 8.134245 2.150367
vt 4.632167 8.142926
vt 23.320599 57.325775
vt 22.834648 54.893730
vt 12.117888 69.264442
vt 13.624454 69.463448
vt 6.606991 49.600121
vt 13.542374 64.157417
vt 15.700833 63.257141
vt 17.694342 60.953125
vt 9.991965 26.086216
vt 14.055473 21.191236
vt 24.711151 65.864296
vt 24.378590 63.420845
vt 12.425106 44.500847
vt 9.523403 54.083248
vt 1.484555 2.982798
vt 3.110642 1.165709
vt 1.731847 5.468366
vt 3.141919 5.136356
vt 13.005415 17.603582
vt 16.217569 36.572880
vt 14.146194 35.528534
vt 11.219275 37.661232
vt 10.866896 57.788242
vt 5.064365 35.563076
vt 7.083725 34.896923
vt 8.728710 36.911591
vt 13.628438 66.530060
vt 15.730125 67.156975
vt 18.480301 68.771378
vt 18.528563 54.784237
vt 3.090783 41.807640
vt 25.244244 73.167885
vt 25.194035 70.743683
vt 4.856333 3.358062
vt 18.511114 36.756397
vt 16.875000 78.665619
vt 19.375000 78.665619
vt 2.695763 16.672911
vt 11.667825 75.594109
vt 12.977660 76.080826
vt 16.066246 53.149967
vt 24.055895 60.968765
vt 22.594496 60.985752
vt 11.938931 14.020171
vt 19.488472 40.360268
vt 23.125000 78.694336
vt 11.948790 71.802971
vt 4.446314 43.676506
vt 6.793579 43.430885
vt 8.922324 49.911354
vt 10.158388 48.492554
vt 12.333226 47.088112
vt 12.172541 49.225418
vt 12.455187 51.694027
vt 10.196327 51.860779
vt 3.296729 39.252445
vt 9.301026 39.522240
vt 23.863670 70.952042
vt 22.111492 70.391403
vt 20.039543 72.582794
vt 20.137207 69.937088
vt 18.028969 71.173286
vt 12.013205 67.989990
vt 4.875928 12.151291
vt 12.490187 23.716272
vt 15.184714 24.755033
vt 2.837325 19.170145
vt 3.003020 21.666470
vt 3.150164 24.165285
vt 3.273319 26.667128
vt 3.371109 29.172419
vt 4.946042 37.942036
vt 6.457092 39.011269
vt 17.919861 34.336735
vt 16.581409 29.538246
vt 20.747013 45.175415
vt 20.145329 42.761105
vt 11.246953 11.624945
vt 10.504857 9.244985
vt 21.617807 48.802967
vt 9.382949 5.677517
vt 2.440420 14.185293
vt 5.599155 1.084512
vt 8.628881 3.300969
vt 7.332864 3.910118
vt 21.533371 55.292225
vt 20.046839 54.944351
vt 19.704393 53.339474
vt 19.142258 56.243450
vt 19.411053 58.678551
vt 17.486202 56.081272
vt 15.088153 56.449627
vt 14.510034 22.356031
vt 13.079113 20.262720
vt 23.062780 63.740139
vt 21.419775 63.127804
vt 19.068331 63.247768
vt 1.767238 6.719750
vt 12.720387 16.387739
vt 20.625000 78.737160
vt 8.802423 12.888555
vt 7.495087 14.615211
vt 8.480649 16.624493
vt 17.601740 42.752270
vt 15.909231 41.914009
vt 14.010269 42.996105
vt 13.778418 40.381943
vt 15.729483 39.916191
vt 8.364014 7.430689
vt 6.541845 7.367630
vt 21.969419 57.456066
vt 20.816158 58.330833
vt 21.032711 59.944912
vt 19.361847 60.413063
vt 23.366390 65.904358
vt 21.995703 66.928139
vt 20.006449 67.408142
vt 11.843011 18.215151
vt 9.965304 18.099522
vt 23.959105 72.998070
vt 22.377548 73.627846
vt 11.627669 25.308764
vt 11.804314 20.653788
vt 9.321466 20.927557
vt 11.340020 22.106792
vt 12.398800 30.862822
vt 9.604477 30.076115
vt 15.942294 27.129702
vt 11.318121 60.345573
vt 11.685738 62.891174
vt 5.546156 18.482468
vt 23.306881 75.727829
vt 25.183611 75.554977
vt 24.321117 77.990166
vt 14.568975 45.872242
vt 16.909977 54.550831
vt 15.131274 54.667618
vt 15.060495 58.824829
vt 17.669809 53.138668
vt 16.854624 51.242523
vt 22.225183 51.214283
vt 14.967750 73.964462
vt 17.159887 77.417084
vt 16.356710 75.522064
vt 19.090113 77.417084
vt 19.783968 75.647408
vt 3.902328 16.274574
vt 4.728703 15.191194
vt 5.628213 13.766562
vt 6.218918 15.417224
vt 6.797000 17.056458
vt 6.181314 10.757275
vt 10.524979 20.446848
vt 9.435535 19.466219
vt 13.125199 55.668789
vt 8.322983 33.269508
vt 7.655791 31.147942
vt 9.686776 34.961224
vt 12.005548 34.544785
vt 10.895817 14.687035
vt 10.310616 15.914613
vt 9.892654 22.267071
vt 8.762127 23.875141
vt 8.128099 22.227964
vt 6.701630 20.689131
vt 11.643825 74.321381
vt 19.855864 47.847885
vt 18.404339 48.751663
vt 16.307341 48.018642
vt 18.891838 50.332310
vt 3.317070 34.196835
vt 3.339841 7.976644
vt 4.551217 26.798489
vt 20.317846 64.634193
vt 18.223181 74.803917
vt 3.298034 31.684340
vt 12.860316 58.712852
vt 13.912626 59.707638
vt 14.002572 57.940361
vt 6.473816 47.273228
vt 5.974086 46.033558
vt 6.719169 44.837811
vt 8.293635 44.888851
vt 9.932985 45.011898
vt 10.929044 43.537254
vt 11.214680 45.955700
vt 16.114227 33.463905
vt 14.960271 34.334229
vt 13.465107 34.189678
vt 12.334049 32.717888
vt 15.487637 31.219872
vt 13.934465 31.117069
vt 13.405608 29.546526
vt 14.310717 62.961906
vt 25.312649 74.363937
vt 14.959948 51.576069
vt 24.315205 62.181915
vt 9.222851 9.582823
vt 7.867315 10.424980
vt 2.917145 22.924999
vt 5.812017 34.435696
vt 3.715700 12.652705
vt 18.872751 42.982079
vt 8.272354 20.110544
vt 16.571783 46.027321
vt 12.403668 42.890949
vt 13.466734 73.224861
vt 4.979333 30.433420
vt 6.525900 30.010286
vt 5.890987 31.542933
vt 8.074621 29.602053
vt 9.243303 28.536118
vt 10.958158 28.946285
vt 6.572864 28.505445
vt 11.084993 27.310204
vt 12.427964 26.600050
vt 3.508697 45.775112
vt 13.397386 22.883615
vt 10.017532 42.221565
vt 8.165028 41.978722
vt 13.285543 41.743019
vt 14.621596 41.457054
vt 12.492558 40.686085
vt 12.726996 38.806984
vt 11.188720 39.569241
vt 12.945147 36.955017
vt 14.613542 72.790382
vt 15.453319 71.152138
vt 15.871011 73.051491
vt 16.865549 72.015366
vt 16.745560 70.624855
vt 17.818312 69.890343
vt 16.823208 68.546333
vt 17.856300 67.152725
vt 18.968760 70.360207
vt 19.953606 71.254967
vt 21.427874 71.826241
vt 16.790787 65.940918
vt 17.132154 64.239059
vt 17.228485 62.564484
vt 18.958527 71.986061
vt 18.848833 73.462311
vt 20.273481 74.145264
vt 16.198017 61.393543
vt 16.517223 59.715961
vt 18.049835 59.436306
vt 12.321036 22.621445
vt 9.967564 40.790073
vt 8.611084 40.694088
vt 7.845375 39.454235
vt 7.566124 37.932461
vt 15.625000 78.904068
vt 13.125000 78.904068
vt 13.267353 61.307732
vt 4.230276 5.831481
vt 5.449204 6.504538
vt 6.580707 5.689023
vt 4.283390 7.012908
vt 5.365353 2.266247
vt 6.102762 3.597470
vt 17.478014 49.902855
vt 16.115484 50.083702
vt 4.399801 48.034119
vt 4.996103 32.863667
vt 17.358480 36.737885
vt 19.488890 45.516991
vt 17.990364 45.543671
vt 17.460491 44.194687
vt 13.898133 56.723671
vt 7.731856 47.302597
vt 8.925104 47.938396
vt 8.554201 46.340218
vt 17.454748 31.880751
vt 2.526495 17.939045
vt 4.160170 19.066675
vt 9.123603 27.160196
vt 8.646354 25.886272
vt 9.476821 24.925182
vt 7.588396 26.537054
vt 6.409819 26.075630
vt 6.168821 24.718128
vt 4.999709 23.913778
vt 7.328883 23.876434
vt 6.857242 27.347128
vt 20.994560 70.728256
vt 21.213610 69.630760
vt 20.354984 68.657974
vt 8.872766 38.248066
vt 10.186316 38.515629
vt 9.991447 37.228420
vt 11.121973 35.979271
vt 9.596581 36.127411
vt 8.309328 35.575115
vt 7.441474 36.581482
vt 4.958146 40.699402
vt 5.727681 41.803310
vt 6.934565 42.054829
vt 14.482607 67.502853
vt 14.852301 66.413551
vt 15.681677 65.603577
vt 15.399816 64.427979
vt 10.014302 12.039484
vt 14.403672 47.783272
vt 15.153917 57.638157
vt 16.182434 56.985165
vt 16.156870 55.651634
vt 16.132998 58.312248
vt 7.212679 19.655142
vt 5.952460 19.675566
vt 6.793833 18.479866
vt 11.629488 23.288769
vt 11.350529 24.298515
vt 10.562807 25.057749
vt 16.473515 64.992111
vt 6.032147 8.851733
vt 19.870956 57.524162
vt 18.517694 57.653835
vt 7.413434 15.901614
vt 8.544301 15.327602
vt 10.982656 47.303513
vt 6.500997 4.606853
vt 7.532175 5.074920
vt 15.348188 68.202126
vt 14.313859 68.597099
vt 11.834282 12.748052
vt 14.035720 26.407764
vt 13.564607 27.520216
vt 14.216629 28.590773
vt 14.247801 77.298454
vt 18.393394 40.251945
vt 17.262659 39.587017
vt 16.271723 38.706673
vt 15.096564 38.906143
vt 13.924428 38.554329
vt 14.686481 39.866436
vt 16.623894 37.630154
vt 22.141645 76.381516
vt 20.911787 76.178314
vt 14.551500 53.263611
vt 13.330549 52.709602
vt 12.088772 53.307072
vt 13.701437 51.504875
vt 12.895226 50.393158
vt 13.531573 49.191845
vt 11.622296 50.687431
vt 12.827138 48.199936
vt 11.689320 48.195297
vt 13.424422 47.268982
vt 13.101223 45.836819
vt 13.865109 44.611153
vt 15.147591 44.722321
vt 16.276409 44.920036
vt 15.590016 45.696175
vt 15.721387 46.927612
vt 14.289752 46.810753
vt 11.252304 52.440315
vt 14.937879 43.622719
vt 15.001596 42.528492
vt 14.380675 50.656910
vt 15.352563 50.686523
vt 17.068464 76.338112
vt 15.908624 76.631302
vt 17.365866 75.360306
vt 16.705584 74.469780
vt 15.691187 74.717445
vt 14.632715 75.010368
vt 15.351485 75.748787
vt 5.787284 44.083096
vt 5.762901 42.943062
vt 4.148324 24.579210
vt 13.822405 37.517330
vt 14.555157 36.615871
vt 15.363013 35.691448
vt 21.275642 46.327297
vt 20.911818 52.737690
vt 19.974760 51.998386
vt 20.041540 50.770000
vt 7.966300 1.021962
vt 11.965709 58.007751
vt 11.834164 57.018414
vt 12.114661 55.994427
vt 21.846983 61.968948
vt 3.126370 36.711296
vt 22.684155 53.644081
vt 18.888737 61.796623
vt 15.076211 60.032928
vt 4.310567 46.429092
vt 8.147349 34.421310
vt 7.192255 33.712513
vt 15.712274 37.373787
vt 4.310950 21.573696
vt 5.536558 21.213217
vt 5.113712 22.405264
vt 14.046060 19.893473
vt 8.318709 11.662901
vt 7.179230 11.377142
vt 11.021687 30.398258
vt 10.034171 31.464195
vt 11.351439 31.694153
vt 12.049144 29.625929
vt 9.195026 32.382442
vt 8.855186 31.229326
vt 8.096770 32.174953
vt 6.992806 32.040794
vt 17.920015 72.570511
vt 15.743043 49.007656
vt 16.852943 48.985435
vt 17.495565 47.985428
vt 16.875706 47.080902
vt 14.817782 48.675041
vt 11.201858 49.694641
vt 1.951416 11.719240
vt 1.729144 9.231798
vt 10.138310 56.650215
vt 24.958090 67.089462
vt 24.375000 79.011932
vt 10.254804 13.903488
vt 10.244249 17.023865
vt 9.245875 17.338959
vt 8.187358 17.705652
vt 8.964389 18.407900
vt 10.927696 17.775097
vt 15.198770 62.200813
vt 6.460527 21.710197
vt 7.468173 21.409132
vt 10.406169 7.969283
vt 11.636312 65.455574
vt 25.179886 69.499878
vt 4.393418 17.185390
vt 19.280071 69.394997
vt 21.215775 73.089149
vt 22.137041 72.594604
vt 21.445906 74.114944
vt 10.063272 27.771616
vt 5.662208 39.815014
vt 13.655024 36.333847
vt 12.506655 35.737698
vt 2.253455 44.308678
vt 7.916564 51.958382
vt 23.545282 68.438843
vt 22.753208 69.359917
vt 22.728880 67.726173
vt 23.107832 70.295898
vt 13.783127 70.676285
vt 14.530857 69.961662
vt 4.298801 29.624277
vt 9.780018 23.950573
vt 19.389753 68.253632
vt 18.932335 67.272339
vt 19.632742 66.048225
vt 21.043596 65.858803
vt 13.485704 39.438919
vt 19.894592 62.408825
vt 20.172510 63.508900
vt 23.505920 56.024513
vt 20.139977 41.477932
vt 3.195800 3.976212
vt 4.220648 4.605133
vt 3.907275 3.348026
vt 12.833898 72.341141
vt 16.822796 69.587029
vt 19.208206 46.522720
vt 5.406568 26.229595
vt 6.650669 35.869156
vt 11.086884 51.489906
vt 13.886599 74.224144
vt 13.605973 75.237587
vt 24.979319 64.584412
vt 2.933918 27.934217
vt 15.216273 23.447166
vt 11.604218 70.520287
vt 25.682327 71.950218
vt 0.877586 1.789858
vt 1.256252 0.934944
vt 4.354899 0.685027
vt 1.128870 4.273199
vt 13.831188 18.656315
vt 18.660313 35.426044
vt 18.125000 79.165398
vt 9.427654 4.354996
vt 2.091883 15.466650
vt 24.342058 59.660748
vt 23.718279 58.678867
vt 1.506023 46.408428
vt 1.737321 45.526230
vt 2.658697 45.317139
vt 11.037057 78.918488
vt 11.088614 77.948158
vt 12.231507 77.693581
vt 12.733558 76.946877
vt 11.055067 55.421574
vt 10.763273 54.495300
vt 5.011256 28.000607
vt 3.278246 10.075473
vt 3.929026 9.090858
vt 5.024423 9.356833
vt 5.887843 9.821638
vt 6.910697 10.014653
vt 12.940060 68.842422
vt 6.741197 48.623604
vt 7.612592 49.561035
vt 13.594415 65.137917
vt 12.774468 64.549065
vt 12.759220 63.646832
vt 2.261086 2.490761
vt 3.517962 1.989098
vt 2.572035 5.876361
vt 16.757317 35.703529
vt 4.356243 35.059830
vt 5.152667 36.564255
vt 12.949697 67.135780
vt 18.872917 37.974522
vt 12.527536 75.286331
vt 23.331615 61.529739
vt 22.358479 59.896862
vt 4.200153 44.617409
vt 3.593678 43.785507
vt 3.920894 42.955788
vt 4.841119 42.836803
vt 9.454088 50.725037
vt 8.427102 50.614208
vt 9.849594 49.471363
vt 9.353673 52.028568
vt 9.927463 52.710361
vt 4.071327 11.353213
vt 5.117752 11.024903
vt 13.398544 24.224752
vt 12.520661 24.779099
vt 14.437935 25.443163
vt 4.248683 38.521576
vt 5.477042 38.793953
vt 6.184841 37.920494
vt 16.993633 34.058674
vt 15.932506 30.255745
vt 15.666202 29.316698
vt 20.946899 49.440105
vt 20.721846 48.473343
vt 8.804296 6.430265
vt 8.512836 5.511148
vt 3.160254 13.579597
vt 3.240088 14.553500
vt 3.845265 15.197130
vt 7.698251 3.014165
vt 21.576675 56.244354
vt 20.665804 55.649448
vt 20.297285 54.051937
vt 19.350624 54.267616
vt 18.663879 53.474365
vt 19.237011 55.344944
vt 18.373455 55.708126
vt 18.262888 56.686630
vt 12.278851 19.662748
vt 23.055544 64.684990
vt 22.369429 63.090122
vt 21.929604 63.991089
vt 20.989185 63.975456
vt 7.692816 13.406669
vt 8.675525 14.064024
vt 6.709250 13.866195
vt 18.089222 41.782986
vt 16.995403 41.848728
vt 16.395296 40.932610
vt 16.519451 42.823341
vt 15.407492 40.853397
vt 8.468081 8.401644
vt 7.465650 7.031577
vt 21.046831 57.437351
vt 21.324804 59.084156
vt 20.311228 59.220142
vt 21.532162 60.887634
vt 20.321669 60.622944
vt 22.899948 66.709328
vt 22.240398 65.961555
vt 21.111511 67.625824
vt 20.708784 66.756485
vt 12.115163 17.321957
vt 23.297983 73.638565
vt 22.825508 74.685234
vt 23.680464 76.561134
vt 24.254572 75.742668
vt 25.027733 77.422806
vt 15.990482 54.150120
vt 16.871376 53.619560
vt 17.798458 54.118389
vt 17.661917 52.018757
vt 17.932642 50.929283
vt 16.642191 52.271370
vt 15.663071 52.257603
vt 19.855713 77.899162
vt 19.860332 76.698212
vt 4.863529 14.280032
vt 4.651432 13.214390
vt 5.763598 12.720692
vt 6.153361 11.777471
vt 6.113599 16.375914
vt 5.763169 17.411221
vt 11.057019 21.215679
vt 10.361747 19.039219
vt 12.692717 54.820045
vt 14.005194 54.921658
vt 14.738562 55.549641
vt 9.456112 33.751598
vt 10.705193 34.140217
vt 11.371685 33.259636
vt 11.235552 15.889548
vt 10.665609 22.631868
vt 9.019232 21.847973
vt 9.059844 22.883013
vt 18.861471 47.868336
vt 19.125254 49.394821
vt 4.219770 25.928520
vt 19.083118 64.490715
vt 18.170179 63.880016
vt 18.736008 75.720764
vt 12.238934 59.311981
vt 14.154140 58.834003
vt 7.493643 45.256912
vt 7.525546 44.272820
vt 7.958445 43.157314
vt 9.146893 44.502960
vt 10.006133 44.037357
vt 10.905181 44.594856
vt 9.073746 45.477501
vt 10.289250 45.870266
vt 15.465526 32.635715
vt 14.173025 34.672218
vt 13.379425 35.075932
vt 14.258706 33.785969
vt 13.419971 33.119083
vt 15.087979 33.447815
vt 13.216469 31.999670
vt 12.573969 33.704010
vt 14.670967 31.774057
vt 14.087765 30.191133
vt 8.262435 9.548952
vt 8.737366 10.313399
vt 19.456522 43.655941
vt 13.158373 43.685989
vt 11.880634 43.703007
vt 11.329191 42.444820
vt 5.655613 29.867304
vt 6.690799 30.976429
vt 7.418283 30.253910
vt 8.971849 29.412132
vt 8.697533 30.306864
vt 8.269387 28.641958
vt 9.997807 29.171516
vt 7.160760 29.276947
vt 11.542650 28.168640
vt 11.062881 26.229916
vt 13.591682 21.985029
vt 9.033722 42.539215
vt 13.228665 42.612030
vt 12.222760 41.839264
vt 14.066464 42.127487
vt 12.209846 39.696640
vt 11.677742 38.622822
vt 12.264283 37.753082
vt 11.886725 36.741501
vt 14.744078 71.822937
vt 15.870816 72.055931
vt 15.821261 70.206749
vt 17.604280 69.008415
vt 17.633736 68.067459
vt 16.793659 67.378616
vt 20.558245 71.882523
vt 22.276861 71.350464
vt 17.709785 66.207207
vt 16.674063 63.372650
vt 17.966032 73.867310
vt 19.308407 74.661598
vt 19.742237 73.426056
vt 20.617424 75.088181
vt 17.086609 61.650444
vt 17.966719 61.981865
vt 18.112951 62.926170
vt 16.233570 62.401150
vt 16.788225 60.636688
vt 17.144184 58.812473
vt 18.040112 58.481117
vt 18.996149 59.534737
vt 18.410814 60.320976
vt 10.474734 41.488987
vt 10.237572 39.838997
vt 7.669173 41.086792
vt 6.943009 39.885338
vt 7.299561 38.767883
vt 13.371100 60.419411
vt 14.037294 61.978230
vt 12.673633 61.928722
vt 5.506015 7.555784
vt 6.210719 1.885089
vt 5.346403 4.170956
vt 5.625857 33.534565
vt 18.246113 43.680962
vt 9.817445 47.601910
vt 8.675056 48.924522
vt 3.867931 19.891109
vt 8.376663 24.861851
vt 5.994541 23.719622
vt 7.267479 22.828690
vt 10.818341 36.840630
vt 14.522117 63.942429
vt 5.032767 19.440435
vt 6.816645 8.291583
vt 9.296707 16.014538
vt 13.186433 26.124226
vt 13.289549 28.626064
vt 17.973799 39.067230
vt 22.117563 77.394485
vt 11.496406 53.965900
vt 14.287359 52.306480
vt 12.172565 46.128174
vt 17.188629 45.080032
vt 15.365305 47.821712
vt 13.720337 50.061031
vt 14.995725 76.759529
vt 19.225916 51.183605
vt 22.072914 54.351578
vt 5.075233 45.949146
vt 9.121374 12.054400
vt 12.278986 31.787302
vt 17.573362 46.414040
vt 11.013266 48.804413
vt 9.794634 13.015344
vt 7.310893 17.769310
vt 7.671469 16.967712
vt 8.368911 21.068638
vt 4.596506 18.165672
vt 18.734388 66.346649
vt 21.212284 64.931473
vt 20.810268 62.443573
vt 5.932552 35.327236
vt 22.910059 58.181423
vt 7.761350 12.447057
vt 15.947920 51.385082
vt 10.139675 21.370199
vt 11.148806 35.006435
vt 11.701116 45.129452
vt 9.234113 41.522346
vt 0.000000 0.000000
vt 1.247320 0.000000
vt 2.494640 0.000000
vt 3.741960 0.000000
vt 4.989279 0.000000
vt 6.236599 0.000000
vt 7.483919 0.000000
vt 8.731239 0.000000
vt 9.978559 0.000000
vt 11.225879 0.000000
vt 12.473199 0.000000
vt 13.720518 0.000000
vt 14.967838 0.000000
vt 16.215158 0.000000
vt 17.462479 0.000000
vt 18.709797 0.000000
vt 18.580233 1.240094
vt 18.452646 2.480392
vt 18.327120 3.720902
vt 18.203747 4.961626
vt 18.082623 6.202573
vt 17.963856 7.443748
vt 17.847557 8.685155
vt 17.733852 9.926804
vt 17.622875 11.168699
vt 17.514771 12.410847
vt 17.409698 13.653255
vt 17.307833 14.895931
vt 17.209366 16.138880
vt 17.114510 17.382111
vt 17.023497 18.625628
vt 16.936590 19.869438
vt 16.854078 21.113548
vt 16.776291 22.357962
vt 16.703596 23.602684
vt 16.636414 24.847719
vt 16.575224 26.093060
vt 16.520582 27.338707
vt 16.473129 28.584646
vt 16.433624 29.830862
vt 16.402962 31.077326
vt 16.382219 32.323994
vt 16.372705 33.570778
vt 16.376047 34.817631
vt 16.394293 36.064331
vt 16.430094 37.310650
vt 16.486969 38.556175
vt 16.569778 39.800240
vt 16.685513 41.041653
vt 16.844877 42.278183
vt 17.065653 43.505131
vt 17.381102 44.710876
vt 17.865456 45.857449
vt 18.709797 46.750671
vt 17.530203 47.115768
vt 16.381289 47.568108
vt 15.273015 48.112366
vt 14.216318 48.750931
vt 13.222244 49.483128
vt 12.300797 50.304840
vt 11.459762 51.208706
vt 10.703893 52.184952
vt 10.034660 53.222565
vt 9.450598 54.310455
vt 8.947999 55.438358
vt 8.521725 56.597309
vt 8.165920 57.779842
vt 7.874547 58.979908
vt 7.641738 60.192726
vt 7.462002 61.414555
vt 7.330313 62.642509
vt 7.242145 63.874371
vt 7.193456 65.108429
vt 7.180656 66.343391
vt 7.200562 67.578262
vt 7.250359 68.812302
vt 7.327548 70.044930
vt 7.429915 71.275726
vt 7.555490 72.504379
vt 7.702518 73.730652
vt 7.869428 74.954376
vt 8.054814 76.175438
vt 8.257413 77.393761
vt 8.476084 78.609314
vt 8.709798 79.822060
vt 7.459798 79.822060
vt 6.209798 79.822060
vt 4.959798 79.822060
vt 3.709798 79.822060
vt 2.459798 79.822060
vt 1.209798 79.822060
vt -0.040202 79.822060
vt -1.290202 79.822060
vt -2.540202 79.822060
vt -3.790202 79.822060
vt -5.040202 79.822060
vt -6.290202 79.822060
vt -7.540202 79.822060
vt -8.790202 79.822060
vt -10.040202 79.822060
vt -11.290202 79.822060
vt -12.540202 79.822060
vt -13.790202 79.822060
vt -15.040202 79.822060
vt -16.290203 79.822060
vt -16.852531 78.710716
vt -17.219034 77.518852
vt -17.452801 76.293495
vt -17.593002 75.053741
vt -17.664064 73.808014
vt -17.681921 72.560341
vt -17.657465 71.312759
vt -17.598457 70.066315
vt -17.510632 68.821564
vt -17.398333 67.578766
vt -17.264952 66.338058
vt -17.113182 65.099457
vt -16.945198 63.862953
vt -16.762793 62.628490
vt -16.567455 61.396004
vt -16.360441 60.165428
vt -16.142820 58.936680
vt -15.915511 57.709690
vt -15.679308 56.484379
vt -15.434904 55.260677
vt -15.182912 54.038513
vt -14.923869 52.817825
vt -14.658255 51.598549
vt -14.386497 50.380630
vt -14.108980 49.164009
vt -13.826051 47.948635
vt -13.538023 46.734459
vt -13.245180 45.521435
vt -12.947783 44.309517
vt -12.646069 43.098671
vt -12.340255 41.888851
vt -12.030540 40.680023
vt -11.717113 39.472153
vt -11.400140 38.265209
vt -11.079781 37.059162
vt -10.756184 35.853977
vt -10.429483 34.649628
vt -10.099809 33.446091
vt -9.767278 32.243343
vt -9.432003 31.041353
vt -9.094088 29.840105
vt -8.753630 28.639574
vt -8.410723 27.439741
vt -8.065452 26.240585
vt -7.717900 25.042089
vt -7.368144 23.844234
vt -7.016257 22.647003
vt -6.662308 21.450380
vt -6.306362 20.254351
vt -5.948483 19.058897
vt -5.588728 17.864008
vt -5.227154 16.669666
vt -4.863814 15.475863
vt -4.498759 14.282580
vt -4.132037 13.089810
vt -3.763696 11.897539
vt -3.393778 10.705756
vt -3.022326 9.514450
vt -2.649381 8.323611
vt -2.274981 7.133229
vt -1.899164 5.943294
vt -1.521963 4.753795
vt -1.143415 3.564725
vt -0.763551 2.376076
vt -0.382402 1.187836
vt 2.983131 36.415859
vt -1.925021 50.130558
vt 7.337361 10.810579
vt 4.830913 24.219847
vt -5.044802 67.206848
vt 8.705086 42.698711
vt -3.748286 40.919865
vt -0.190614 58.060497
vt -8.143799 59.784012
vt -10.960607 73.088112
vt 1.834798 73.982292
vt 11.849539 6.201805
vt -3.105469 33.453793
vt 8.829092 31.574810
vt 3.689737 52.419315
vt -8.112327 52.419880
vt 4.183883 5.915498
vt 11.420481 15.054908
vt 2.355206 15.737096
vt -0.842514 22.531404
vt 10.700527 22.627605
vt -11.132725 66.460869
vt 0.989286 65.661667
vt -4.415202 73.591095
vt 10.814321 36.848286
vt -7.179971 46.367355
vt 8.383965 47.503498
vt -3.285986 28.266012
vt 11.751889 27.780964
vt 1.927077 10.410678
vt 2.920157 61.548515
vt 12.758853 42.176258
vt -7.676770 39.888149
vt 3.970065 57.396503
vt -12.181263 61.501167
vt -11.294044 56.723965
vt -8.165202 75.903877
vt 2.924106 69.701950
vt 13.458303 10.170640
vt 8.107579 4.198431
vt 12.870850 18.960415
vt -1.312293 17.208979
vt -13.549839 69.726501
vt -13.876170 76.246147
vt 14.344178 3.571272
vt -6.604401 35.050480
vt 12.636527 31.638163
vt -10.353602 49.397610
vt -0.535236 13.547976
vt -1.915202 76.236389
vt -9.088593 43.354355
vt 11.680464 46.349018
vt 4.593079 76.076408
vt -5.936569 31.376478
vt 6.933425 52.258320
vt -11.500207 52.925087
vt -3.898970 24.213558
vt 1.143842 6.253701
vt 3.118300 3.020848
vt 14.338547 14.027018
vt -3.214300 20.528717
vt 13.752302 22.805838
vt -14.192559 66.085938
vt 4.118931 65.694107
vt 13.467658 35.483681
vt 4.583754 72.187363
vt -14.555188 73.139557
vt 15.050779 6.538726
vt 14.339018 44.862614
vt 13.655042 39.369465
vt -13.266197 58.835045
vt 10.602219 2.794032
vt 1.834798 76.985779
vt 6.065779 55.036118
vt 9.022698 50.102524
vt -10.665202 77.115250
vt -5.665202 77.115250
vt -8.352616 37.145382
vt -10.840115 46.743912
vt -0.728099 10.883358
vt -6.117179 28.744144
vt 13.951536 29.128445
vt 4.879488 63.086182
vt 5.160710 60.451889
vt 5.612939 2.476092
vt 14.679250 16.571070
vt 14.117287 25.348116
vt -14.458630 63.599663
vt -0.156670 8.453551
vt -13.054262 55.114471
vt 4.888270 68.289597
vt -5.575734 26.312937
vt 15.541974 9.100050
vt 15.319075 11.593977
vt 14.695637 20.345606
vt -9.793293 40.615963
vt -14.366804 61.133507
vt -2.673730 15.493383
vt -3.398641 17.875132
vt -15.328768 68.392242
vt -15.499120 70.790314
vt 6.039597 57.898983
vt 8.107579 2.052894
vt 16.363842 2.895634
vt -7.958504 33.390766
vt 14.335297 32.931805
vt 1.027075 3.603339
vt 14.809730 41.911942
vt 13.096858 1.949003
vt -12.289649 50.218967
vt -3.165202 77.865814
vt -0.665202 77.865814
vt 11.440951 48.413128
vt 5.584798 77.870087
vt -8.165202 77.912811
vt -10.935001 44.168041
vt 5.916891 74.597443
vt -5.031963 22.583279
vt 13.752741 46.790207
vt -15.283580 77.575974
vt -15.675145 75.464661
vt -13.165202 78.018044
vt -2.293619 13.004740
vt 1.870980 1.703557
vt 7.653646 54.185658
vt 2.174037 44.675343
vt -7.654031 30.893351
vt 14.740209 36.735516
vt 5.708222 70.799271
vt 16.461067 5.417915
vt -13.202103 52.554337
vt -14.220710 57.400974
vt 3.084798 78.197334
vt 9.013830 51.829529
vt 16.179647 45.894005
vt -9.101318 35.656403
vt -9.746443 38.058903
vt -12.192418 47.694916
vt 5.715130 65.710655
vt -16.176502 73.162758
vt 15.007113 27.904940
vt 14.927199 30.417414
vt 5.925033 61.870766
vt 15.187605 24.145210
vt 15.912569 14.156045
vt -4.732183 20.074312
vt 4.365620 1.473670
vt 15.590785 17.895679
vt 15.591498 1.483658
vt -0.345323 5.781474
vt -15.754809 65.894501
vt -1.453248 9.352033
vt -6.848592 27.240238
vt -6.154973 24.848452
vt 16.294424 10.424081
vt 16.522417 7.934862
vt 10.867973 49.814835
vt 15.159038 39.269356
vt 15.447296 21.650249
vt 6.431490 59.331657
vt 7.044384 56.797596
vt 6.809987 77.008453
vt 12.913963 48.023685
vt 7.993415 18.549662
vt 10.602219 1.327412
vt -10.884148 41.617828
vt -14.942810 59.782856
vt -15.353165 62.220181
vt -3.776622 16.458948
vt 15.641404 43.128071
vt -16.241262 69.536598
vt 6.860259 1.310645
vt 17.217117 1.726584
vt 15.057178 34.197731
vt 12.795861 37.439312
vt 11.154085 39.326431
vt 6.786588 38.662868
vt -10.665202 78.540810
vt -5.665202 78.540810
vt -1.915202 78.544411
vt 0.584798 78.544411
vt 6.834798 78.545891
vt 6.374690 73.267906
vt 2.009370 30.678783
vt -5.362986 37.863358
vt -1.114626 37.573788
vt -11.872720 45.215778
vt 8.639604 53.174324
vt 9.740558 48.536018
vt 5.151624 49.116085
vt 10.122367 50.953957
vt -14.415202 78.618111
vt -2.431177 11.657839
vt -3.166924 14.039298
vt 0.582504 2.152596
vt 6.090060 69.503693
vt 4.606385 69.770470
vt -7.785893 29.562555
vt -8.460376 31.960127
vt 17.079361 4.223325
vt 7.636130 55.613708
vt 16.063688 44.411404
vt 14.074084 43.307468
vt 12.337495 44.403454
vt 9.985433 44.692871
vt 7.287330 45.017082
vt 4.963605 42.003365
vt -1.746800 14.352200
vt -0.073003 15.559053
vt 0.994237 17.651068
vt 4.423439 18.648613
vt -0.615732 19.812801
vt 2.412923 21.434206
vt 15.632085 4.231551
vt 14.354893 5.136575
vt 12.548231 4.366253
vt -13.383578 51.243694
vt -13.912366 53.670307
vt -14.420207 56.099594
vt -13.052862 56.555965
vt 4.334798 78.649055
vt 6.036693 66.979431
vt 6.061689 64.445786
vt 6.115766 15.256089
vt 6.434331 60.639244
vt -9.157549 34.351120
vt -9.809622 36.754169
vt -10.448773 39.160156
vt -9.005488 39.306034
vt -12.854927 48.815323
vt 15.310451 29.171522
vt 15.406171 26.665798
vt 13.888680 26.860926
vt 12.177772 25.828707
vt 8.289978 26.003172
vt 15.247322 31.681604
vt 16.027409 16.673931
vt 15.844753 19.168207
vt 14.376292 18.799671
vt 15.491059 40.526909
vt -6.506341 30.107700
vt -4.464560 29.953117
vt -1.456338 30.799377
vt 0.170659 27.696939
vt 0.382372 33.781219
vt -7.084266 32.162151
vt -5.415387 33.368912
vt -4.333324 35.395176
vt 3.910532 74.133507
vt -16.226133 76.694458
vt 15.338185 46.844551
vt 16.336100 12.936812
vt -4.689054 18.786482
vt -5.403805 21.173937
vt 3.118300 1.132736
vt 14.344178 1.135065
vt -0.263014 4.499798
vt -1.016649 6.876334
vt -6.811466 25.954588
vt -6.112987 23.562819
vt 15.324838 37.985184
vt 6.857367 75.732635
vt 9.988828 46.802372
vt -1.153433 12.207819
vt 0.818882 12.110678
vt 3.920021 12.921041
vt 1.165413 40.830173
vt 13.440266 6.464262
vt 12.316580 8.322964
vt 9.013373 7.938274
vt 10.426762 10.767315
vt 14.174642 8.034508
vt 6.177038 63.179050
vt -7.950045 34.952953
vt 13.947277 31.338179
vt 13.004293 30.231491
vt 10.752979 30.394308
vt 8.450313 28.799559
vt 5.486133 30.617599
vt 6.219220 34.373440
vt 5.648824 27.557396
vt 6.138311 68.239151
vt -9.290854 45.397160
vt -16.567701 71.958153
vt -15.927100 64.630928
vt -16.227674 67.077095
vt 16.911795 6.716807
vt 15.626567 22.915298
vt 5.571759 56.463150
vt 3.644575 54.996956
vt -0.082712 53.642437
vt -4.510663 55.744640
vt 11.849539 1.103229
vt 9.354898 1.103229
vt -11.424091 42.763996
vt 5.612939 1.100468
vt 15.270273 35.457298
vt 6.393639 72.002380
vt -12.133028 51.738422
vt -10.116090 51.424904
vt -8.248281 50.178516
vt -5.079396 51.111107
vt -12.569302 53.741093
vt -10.916306 54.798431
vt -7.906949 56.388603
vt 13.480812 17.543047
vt 11.146881 17.378574
vt 8.813209 15.925857
vt 13.057586 15.796393
vt 10.369664 19.955978
vt 7.772342 21.633940
vt -7.363622 36.193806
vt -5.829432 36.388840
vt -6.897176 37.668324
vt 1.691085 56.483791
vt -6.302724 39.123901
vt -5.961979 41.353851
vt -4.208641 44.434513
vt -4.598177 39.414085
vt -3.234775 37.777702
vt -1.990190 39.594143
vt -1.263857 42.385963
vt -3.956970 75.964241
vt -16.537169 74.368622
vt 4.974858 58.960167
vt 2.737081 59.293472
vt 0.457696 60.613480
vt -3.857688 60.350533
vt -14.952523 58.522640
vt -11.915202 78.724113
vt -9.415202 78.724113
vt -6.915202 78.724113
vt -4.415202 78.724113
vt 1.834798 78.724625
vt -12.332923 46.383526
vt -2.172005 10.433145
vt -7.541193 28.337166
vt 4.106013 77.326797
vt 3.111107 76.219193
vt -11.541304 48.836002
vt -10.439157 48.041851
vt -8.868923 48.623341
vt -6.549884 48.599285
vt -9.280868 46.973133
vt -4.731501 46.881042
vt -1.086201 46.380962
vt 15.519186 25.416998
vt 10.257046 26.432283
vt 9.662457 24.434792
vt 7.454034 23.886929
vt 15.443628 15.438995
vt 1.391534 14.006714
vt -10.155751 42.661232
vt -8.861039 41.835926
vt -7.200976 42.860973
vt 1.801178 75.484039
vt -0.294751 74.685867
vt -0.276609 71.166176
vt 0.302366 76.268837
vt -14.264397 54.864960
vt 1.598292 49.518616
vt -2.046006 35.482845
vt 9.375134 13.269999
vt -5.789736 75.087318
vt -7.589171 72.054749
vt 16.752037 9.210863
vt 16.529676 11.699335
vt 12.408305 33.700062
vt 10.733953 32.471157
vt 8.781993 34.147125
vt -3.107406 22.454607
vt -2.026018 23.998840
vt 0.624751 24.925743
vt -2.732805 26.109749
vt 2.886613 26.719177
vt 10.669082 4.701718
vt 14.676122 2.353168
vt -15.352752 74.066010
vt -13.794646 74.600822
vt -11.955610 75.516624
vt -12.757629 73.132538
vt -11.907834 71.139740
vt -11.348064 68.828835
vt -8.221774 67.919357
vt -7.464115 63.858574
vt -9.515190 70.496056
vt -13.662527 71.569069
vt 0.915695 63.117332
vt -2.525609 64.490097
vt -1.424144 62.251514
vt 15.883441 20.424383
vt 5.790092 76.331787
vt 12.575733 28.905218
vt 11.183651 29.061344
vt 10.290044 27.898474
vt 9.777463 29.343069
vt 8.657922 30.184698
vt 7.163897 31.074257
vt 5.877334 32.490707
vt 3.638679 33.869633
vt 6.737134 29.331804
vt 3.975890 31.910419
vt 7.571823 32.737297
vt 9.060829 27.192673
vt 7.362692 27.448620
vt 6.398291 25.809774
vt 2.169913 32.608208
vt 0.353033 31.787996
vt 0.245075 29.835514
vt 1.867429 28.708481
vt 3.728683 29.564659
vt -1.433739 28.855669
vt -1.285643 32.808945
vt -15.378915 72.237915
vt 7.686173 36.361641
vt 10.031981 6.417579
vt 8.050556 6.191856
vt 6.313601 8.288072
vt 6.182458 5.140889
vt 4.724648 10.401949
vt 4.592002 26.069664
vt 3.188445 24.948053
vt 3.339439 23.072224
vt 4.898103 21.109550
vt 1.371310 23.104420
vt 5.339054 36.770561
vt 3.755548 39.286816
vt -9.699066 53.391361
vt -7.988823 54.403164
vt -5.942221 53.280231
vt -2.996063 53.195976
vt -2.358361 74.151222
vt -2.779028 71.639427
vt -2.079358 68.486404
vt -5.236436 71.240936
vt -10.015499 75.270691
vt -8.507796 73.884941
vt -6.348489 55.329929
vt -5.907548 57.655460
vt -3.498721 57.950409
vt -1.772047 55.823254
vt -10.921214 40.323280
vt 5.097272 73.571640
vt -5.109119 24.239105
vt -4.477777 25.470568
vt -4.180023 26.995398
vt 14.035642 37.826717
vt -11.981738 77.382401
vt 13.697960 34.134026
vt -15.505637 60.941929
vt -16.482449 68.287994
vt -16.654766 70.735603
vt -4.083995 31.819530
vt 8.641203 45.904999
vt -10.589797 45.420490
vt -7.889656 38.566578
vt -5.403891 43.075500
vt -6.052176 44.850784
vt -3.632325 42.722527
vt -2.221255 44.150539
vt 0.000169 44.213795
vt -2.979484 45.940426
vt -2.470124 48.039989
vt -0.310652 48.434639
vt 1.722229 47.077492
vt 4.474368 46.351563
vt -3.845938 49.515076
vt -4.730693 28.332705
vt 2.823370 67.489899
vt 0.531649 68.702583
vt -3.766168 15.159179
vt -4.492031 17.544119
vt 9.068274 38.350040
vt 8.196190 40.466709
vt -3.722366 19.463493
vt -2.137951 19.361572
vt -1.739103 20.809273
vt -0.388410 21.200523
vt 1.101801 20.243933
vt 2.852289 19.632975
vt 2.806553 17.813931
vt 4.478844 16.557888
vt 6.390426 17.281513
vt 0.419401 22.219065
vt 0.077108 23.541500
vt -0.776665 24.679728
vt -0.320140 26.193714
vt 1.291114 26.408369
vt -1.303138 27.346397
vt -4.224120 21.139542
vt -14.868289 65.130089
vt -13.291457 64.732132
vt -12.826833 63.085560
vt -10.115836 63.266457
vt -11.548675 64.335068
vt -9.857503 65.107758
vt -12.646109 66.138474
vt -13.477921 67.836784
vt -15.079102 66.850525
vt 10.685238 7.956644
vt 9.834493 9.295628
vt 8.173544 9.373363
vt 11.360514 9.536513
vt 12.053286 11.031685
vt 10.984139 12.473813
vt 13.577776 11.942439
vt 8.881475 10.747099
vt 8.167701 12.196511
vt 6.038981 12.530167
vt 7.609579 14.040065
vt 7.279109 46.505753
vt 6.726908 48.227837
vt 6.825305 50.243328
vt 5.913835 45.753853
vt 4.400567 44.141640
vt 5.961044 44.193237
vt 7.338283 43.455555
vt 7.335021 41.837070
vt 6.487910 40.348953
vt 2.851523 42.590488
vt 5.063948 51.052387
vt 3.208893 50.561680
vt 1.270622 51.789574
vt 3.300032 48.655949
vt 5.672109 47.203896
vt 4.378440 47.754097
vt 3.164771 46.966541
vt 3.298299 45.549000
vt 8.566959 44.277241
vt 10.173703 41.189854
vt -9.461131 66.758774
vt -7.536976 65.946053
vt -5.479624 64.972855
vt -5.352304 62.421806
vt -9.791030 68.353088
vt 5.332824 39.274841
vt 4.553889 40.558681
vt 2.862796 40.733681
vt 1.921563 39.154057
vt -0.045428 39.275307
vt 0.834570 37.535645
vt -0.172386 35.901173
vt 4.534618 38.020706
vt 3.001745 37.950237
vt -10.712429 59.349644
vt -0.052376 3.258373
vt 6.921685 2.626581
vt 6.128426 3.759180
vt 4.561124 3.643758
vt 3.292300 4.600252
vt 2.653670 5.992986
vt 3.536012 8.269403
vt 2.136905 7.502491
vt 1.687853 4.901980
vt 2.241317 8.971687
vt 3.324476 9.962029
vt 3.064786 11.553733
vt 0.887356 9.429822
vt 0.618873 10.755904
vt 2.417766 12.909559
vt 3.158002 14.340398
vt 4.790351 14.302533
vt 4.907826 66.590393
vt 3.763103 66.802628
vt 2.552814 65.802765
vt 3.215663 64.015823
vt 3.849295 67.906593
vt 2.973573 68.591377
vt 1.772981 69.094292
vt 1.545640 70.919106
vt 1.507082 67.774170
vt -0.110762 67.051010
vt -0.853723 65.332581
vt -2.495130 66.509766
vt 0.836359 72.531303
vt -0.992005 72.885689
vt 2.636923 72.361328
vt 0.835005 69.903999
vt -0.717755 69.657059
vt 3.958113 68.948090
vt 1.878964 64.536400
vt 0.551377 64.401100
vt -0.520270 63.403404
vt -0.035033 62.092068
vt 1.372958 61.739876
vt -0.864759 60.994175
vt -2.441530 61.045780
vt -1.710896 59.255440
vt -3.237531 62.749535
vt 1.860837 60.408398
vt 1.156854 58.953331
vt 2.290640 62.809135
vt -0.508216 59.745419
vt 3.613469 62.682228
vt 4.282297 61.494362
vt 3.795760 60.193069
vt 2.212635 57.889172
vt -1.651456 70.749039
vt -3.252930 69.880119
vt -3.746349 68.273682
vt -5.596749 69.202225
vt 4.926232 64.814590
vt 14.098009 40.701729
vt 12.417368 40.520756
vt 15.196657 13.224177
vt 14.114596 12.927637
vt 12.620119 13.804571
vt 13.069389 12.858304
vt 11.979798 12.920774
vt 10.986582 13.800830
vt 9.911271 14.874978
vt 12.473250 11.993996
vt 10.208707 16.284889
vt 9.518822 17.825911
vt -9.650973 56.046474
vt -9.130442 58.009224
vt -6.233287 73.300354
vt 6.223413 19.139818
vt -12.132916 67.442688
vt 1.992504 53.737507
vt 12.752121 21.011366
vt 7.120805 58.161495
vt 8.107579 0.931715
vt -9.037580 33.092430
vt 15.451528 32.940319
vt -15.630562 78.751389
vt 15.053809 45.745090
vt 0.140759 6.832767
vt -4.493432 36.777248
vt -3.219771 36.224487
vt -2.069056 36.746017
vt -7.776766 44.515656
vt 10.647057 34.344635
vt 9.563240 35.674454
vt 9.639055 11.908609
vt 17.471806 3.007748
vt 3.714962 70.970680
vt -1.375256 15.601030
vt 14.223922 15.439538
vt 13.355889 14.686925
vt 12.997382 27.732256
vt 6.104164 42.805958
vt -8.684763 69.299927
vt -7.147192 69.047653
vt -6.648212 67.496559
vt -8.035532 70.637001
vt -6.500401 70.413132
vt -8.881663 71.682533
vt -10.373259 71.716606
vt -9.600979 72.858856
vt -10.105392 74.013702
vt -11.380646 74.334106
vt -12.586383 74.478897
vt -13.067608 75.481972
vt -12.791084 76.584404
vt -1.828771 57.540901
vt 14.049796 45.827602
vt 12.841720 45.981934
vt 13.341610 45.089512
vt 6.124434 41.565437
vt 12.529676 47.015129
vt 11.557113 47.380657
vt 10.541217 47.789131
vt -13.363184 49.974091
vt 12.165149 49.225227
vt 14.962514 10.305184
vt 14.322086 9.255373
vt 13.194896 9.056818
vt 12.416877 9.828869
vt 14.130683 21.539951
vt -2.526330 16.774405
vt -14.958282 69.623650
vt -14.342559 70.617775
vt -14.218721 68.729706
vt -14.516041 67.729279
vt -9.381295 77.407745
vt -6.949110 77.407745
vt -6.559830 76.152397
vt -7.186112 74.888626
vt 1.075016 8.182761
vt -10.924258 67.673599
vt 15.885201 41.773331
vt -13.687930 60.045841
vt -12.152428 59.901829
vt -11.867939 58.490005
vt -10.560267 57.938683
vt -11.011929 60.722321
vt -9.555656 60.321045
vt -8.154681 61.879799
vt -10.924176 62.121292
vt -9.539332 62.001644
vt -6.500060 60.840469
vt -13.234838 61.084339
vt -13.752039 62.231987
vt 11.866334 2.421099
vt 11.535651 3.629125
vt 12.857800 3.165630
vt 1.997792 34.294430
vt -3.324424 51.192757
vt -1.649326 51.946701
vt -0.246574 50.804764
vt 0.609665 5.199322
vt 12.418373 15.029691
vt 11.945492 16.073753
vt 12.718067 16.803263
vt 12.383886 17.910919
vt 11.433707 18.989521
vt 13.684609 16.568506
vt 11.645800 20.292000
vt 10.705802 21.270651
vt 9.299926 21.943674
vt 8.817280 20.402218
vt 11.831913 21.953516
vt 12.163363 23.796318
vt 7.317099 20.188631
vt 6.350610 21.287407
vt 5.443290 22.677202
vt 6.791922 22.566580
vt 7.956239 22.808901
vt 8.650648 23.788387
vt 9.702951 23.256319
vt 10.795316 23.883787
vt 10.736239 25.202402
vt 8.134982 24.841171
vt 7.033358 24.907207
vt 6.127692 23.936922
vt 13.096858 0.874719
vt -3.165202 78.943779
vt -0.665202 78.943779
vt 5.584798 78.946129
vt 10.969890 42.991264
vt -4.393103 77.416924
vt 5.205414 29.093004
vt 4.020574 27.930941
vt -1.881817 25.220901
vt -3.022106 24.980976
vt -1.646201 26.298275
vt 2.117519 45.908276
vt 0.496019 46.011505
vt 1.261657 45.251282
vt 1.163438 44.085037
vt 0.408163 42.580669
vt 2.170248 43.521606
vt 1.630540 42.411922
vt 3.212172 44.095058
vt -0.283353 41.242489
vt -1.709687 41.011559
vt -2.521940 42.034550
vt -1.784205 63.464626
vt -4.102665 64.119270
vt -4.015886 65.796669
vt -12.529225 68.582352
vt -12.177690 69.851120
vt -10.828242 70.098465
vt 13.322256 44.040001
vt 12.481273 43.277199
vt 14.300089 47.695961
vt 5.329173 52.693253
vt 4.315093 53.719490
vt 0.980507 57.546959
vt -0.030671 56.102085
vt 1.110119 55.030342
vt 12.340621 26.886812
vt 11.264075 26.818882
vt -6.046908 66.242584
vt -6.591543 59.175835
vt -4.905429 59.020348
vt -7.448499 57.876255
vt -4.258785 52.374435
vt -4.446108 54.043537
vt -3.026115 54.808743
vt -1.632690 54.028042
vt -3.154736 56.250084
vt 5.538819 53.914570
vt 4.856745 54.919613
vt 4.323758 56.103886
vt 2.988317 56.161449
vt 2.377829 55.050240
vt 6.314823 53.152710
vt -8.165202 78.969734
vt -11.964394 43.911541
vt 6.951581 74.456314
vt -15.777437 63.392864
vt -1.065874 18.538139
vt 0.261914 18.786051
vt 1.662809 18.886198
vt -2.190351 18.059189
vt -0.206904 17.679806
vt 0.369409 16.651590
vt 1.136931 15.704946
vt 1.719548 16.725958
vt -0.639190 16.424170
vt 0.636894 14.761778
vt 4.324461 9.227471
vt 4.927164 7.928009
vt 5.979387 6.725675
vt 5.638873 9.435022
vt 6.015311 10.706604
vt 5.116010 11.630212
vt 6.906318 9.408694
vt 3.993681 7.129259
vt 4.931027 6.654362
vt 5.217700 5.617286
vt 4.420640 4.795187
vt -0.751009 68.318565
vt -1.549073 67.342812
vt -1.433212 66.257515
vt -2.175289 65.494873
vt -3.156617 65.273560
vt -2.161177 37.816353
vt -1.418416 38.642033
vt -2.732951 38.768463
vt -3.147357 39.888180
vt -3.804837 38.688908
vt -2.722719 40.826374
vt -14.654719 71.559631
vt -9.821456 76.375740
vt -10.900531 75.995659
vt -9.123306 75.683586
vt -9.189524 74.656288
vt 2.364188 41.659092
vt 3.484896 41.665894
vt 4.023535 42.714115
vt -4.179507 56.927727
vt -5.329805 56.611816
vt -6.611045 56.584282
vt -4.608395 57.951168
vt 7.225614 7.276038
vt 7.512557 8.409228
vt -6.034658 22.286692
vt -6.687028 33.370159
vt 2.954731 74.963203
vt 15.338818 3.188039
vt -2.758246 29.812256
vt -2.803386 31.223888
vt 1.492272 22.019955
vt 2.348440 22.664431
vt 2.345080 23.961971
vt 1.904373 25.192587
vt 0.793118 21.242733
vt -0.291356 9.643961
vt 14.509537 12.073588
vt 14.178966 11.046695
vt -1.206977 36.129951
vt -0.934373 34.909008
vt -2.016519 34.176323
vt -3.165327 34.803989
vt -4.266016 34.078766
vt -5.386686 34.681393
vt 0.161574 34.856003
vt 1.456399 35.845673
vt -4.123549 32.953293
vt 12.011917 45.377228
vt 10.835449 45.518387
vt 11.137891 44.356586
vt 5.671392 24.958826
vt -2.129744 43.058178
vt -1.032911 43.577236
vt -1.130773 44.892635
vt -1.110544 64.294785
vt -6.619021 65.225388
vt -6.277513 64.069572
vt -6.658816 62.771839
vt -5.185859 63.909328
vt -4.462268 63.075291
vt -4.163080 61.734951
vt -5.142243 60.793060
vt -0.596865 54.883690
vt 3.994318 75.195412
vt 5.029964 75.135513
vt 0.746029 1.024140
vt -12.096497 55.834290
vt 11.857091 30.014984
vt 11.621809 31.126692
vt -5.699142 27.611023
vt 8.036777 48.966824
vt 5.776360 37.935844
vt 6.933212 37.393742
vt 8.166178 37.502533
vt 9.452233 37.037495
vt 6.458742 36.256886
vt 5.403609 35.434116
vt 7.166278 35.209953
vt 7.409477 33.980255
vt 4.243202 36.047844
vt 3.293798 35.138340
vt 4.911352 34.211670
vt 8.381765 35.354446
vt 4.549902 33.017841
vt 7.945863 38.640896
vt 8.756948 39.459759
vt 9.944465 39.194382
vt 10.672669 38.130070
vt 7.384925 39.638355
vt 9.327909 40.437332
vt 8.789392 41.505474
vt 11.910678 38.326935
vt 12.284502 39.396019
vt 10.452497 40.146919
vt 11.320067 40.937569
vt 10.937315 41.929005
vt 9.882959 42.492966
vt 11.796278 42.434292
vt 10.038609 43.588055
vt 6.538893 33.342979
vt 5.541873 33.433998
vt 12.983824 38.511948
vt 3.869911 37.110939
vt 8.712036 36.326332
vt 6.090888 13.892748
vt 3.932165 64.712410
vt 1.030338 7.215409
vt -12.797328 57.729412
vt 10.259031 18.765203
vt 9.101625 18.915989
vt 12.918674 22.094503
vt 12.810749 23.065125
vt 13.608764 24.123783
vt 13.022776 25.084946
vt 13.175014 26.109802
vt -0.906105 40.116070
vt 4.974518 12.698588
vt 4.102150 11.276777
vt 11.760803 37.292286
vt 11.916519 35.729523
vt -16.703001 75.580894
vt 9.360513 2.404568
vt 9.609836 3.783829
vt 9.327487 5.179790
vt 8.482294 3.125662
vt -7.983714 47.525841
vt 9.657658 30.767191
vt 10.494586 31.430452
vt -3.316261 21.500288
vt -2.258639 21.768839
vt -4.092995 22.170292
vt -2.065647 22.875841
vt -4.195619 23.210882
vt 2.213368 3.817157
vt 1.783888 2.802197
vt 1.976977 66.760368
vt 0.931120 66.891411
vt -6.410449 71.654648
vt -5.492062 72.388176
vt -4.113627 72.093216
vt -3.068011 72.978943
vt -4.050233 70.843956
vt -4.467132 69.687401
vt -5.361373 70.211823
vt -4.702151 68.676971
vt -5.631498 68.118591
vt 5.740991 20.245951
vt 4.527575 19.904772
vt 3.600311 20.849318
vt 4.039037 22.027565
vt 4.422589 23.041014
vt -11.744304 76.452652
vt -16.261021 77.876541
vt -2.097913 77.390404
vt -3.044923 76.700111
vt -2.861322 75.539413
vt -3.814672 74.705948
vt -4.736108 75.238937
vt -4.982732 76.285004
vt 8.677815 14.685261
vt 7.501648 15.441309
vt 7.731729 16.835857
vt -11.265378 63.220013
vt 3.151859 53.478500
vt 2.395844 52.428413
vt 2.304830 51.278347
vt 1.346522 50.641407
vt 0.460773 49.853168
vt -0.768613 49.678024
vt -1.716416 48.959816
vt -2.743823 49.380707
vt -2.869193 50.339577
vt -2.205169 51.102081
vt -2.693409 52.028603
vt 2.262970 50.257282
vt 3.249994 51.542091
vt 4.081095 51.016182
vt 4.156618 49.807114
vt 4.540616 51.900497
vt 1.766912 14.931192
vt -1.000096 33.840591
vt -2.159601 45.232201
vt -3.195253 44.861950
vt -4.105450 45.604874
vt -3.334023 43.775944
vt -5.027934 45.096481
vt -5.821074 46.145130
vt -5.911502 47.453568
vt -4.746684 48.352024
vt -5.332322 44.107647
vt -6.444355 43.750675
vt -5.270982 49.688404
vt -6.650174 50.598381
vt -3.686340 47.627399
vt -3.397965 48.602364
vt -6.211504 51.916950
vt -2.798121 47.007992
vt -1.742166 47.240501
vt -0.653867 47.390972
vt 0.577717 47.564228
vt 1.563462 48.293140
vt -2.067996 46.311768
vt -6.999859 52.780907
vt -6.905571 53.950962
vt -7.814557 53.396824
vt -8.757848 53.751736
vt -9.647505 54.666012
vt -8.687575 55.358658
vt -7.324245 51.554890
vt -8.455323 51.315880
vt -9.338408 50.567596
vt -9.067783 49.604134
vt -11.118211 55.758640
vt 12.139155 41.441113
vt 13.126709 41.237408
vt 13.783266 42.036148
vt -7.708969 48.653183
vt -7.085331 49.574486
vt -2.049530 72.497734
vt -1.191488 71.794121
vt 15.938312 7.076876
vt 15.456282 8.032855
vt -11.233946 50.877949
vt -11.061479 51.941265
vt -10.163165 52.462334
vt -9.135914 52.529602
vt -11.324209 49.847431
vt 16.459225 15.454079
vt 3.647615 15.550884
vt 3.279020 16.701710
vt 3.994166 17.591141
vt 5.227201 17.706465
vt 4.792907 15.452076
vt 3.846167 59.061005
vt 13.998297 27.864580
vt -9.917784 69.458641
vt 6.609310 11.610829
vt 7.136424 12.574410
vt -13.165202 79.028313
vt 16.838818 0.792099
vt 15.044056 44.035774
vt -1.403570 8.084446
vt 14.361542 34.963230
vt 0.389646 77.413322
vt 2.023019 37.194809
vt 1.656172 38.158062
vt 0.917938 38.888126
vt 0.762980 39.894665
vt 13.743976 2.707957
vt 11.042460 15.894393
vt 1.318235 24.146334
vt -11.849742 57.519650
vt 1.322152 77.855202
vt -9.868016 41.684418
vt -1.009846 23.607422
vt 7.020930 4.416190
vt 7.216080 5.489380
vt 7.401973 3.497502
vt -1.868478 69.618301
vt 5.551018 40.731560
vt -5.459302 55.669018
vt -5.523044 54.500774
vt -3.070967 32.323051
vt -2.023169 31.995977
vt -2.259368 32.951283
vt -5.850717 59.969952
vt 6.693724 16.209049
vt 5.601368 16.479244
vt -6.942726 47.629688
vt 2.346176 48.884129
vt 2.528728 47.828537
vt 3.021082 49.597652
vt -15.028149 76.436638
vt -14.137263 77.379494
vt -3.228157 12.716022
vt 1.870980 0.737620
vt 8.529355 54.575878
vt -8.570641 30.635506
vt 15.692328 36.708168
vt 6.656830 70.720367
vt 17.416561 5.511177
vt -14.113532 52.355785
vt -15.128089 57.226059
vt 3.084798 79.129906
vt 9.790842 52.330681
vt 17.015293 45.540997
vt 16.906162 46.448246
vt -9.968635 35.421127
vt -10.614941 37.828205
vt -13.060936 47.488884
vt 16.347160 1.987536
vt 13.599650 36.622227
vt 12.610870 36.453438
vt 6.439376 77.783356
vt 7.385038 77.759560
vt 7.641361 78.942009
vt 7.570625 53.118443
vt 7.993274 52.139244
vt 8.193218 50.961792
vt 10.621212 48.896004
vt 9.887184 49.585686
vt 9.232718 50.967129
vt 5.256495 69.126953
vt 6.653303 55.862289
vt 7.010222 54.891899
vt 6.478726 54.095795
vt 14.810377 42.803940
vt -1.469629 13.455035
vt -2.555303 14.642532
vt -0.682709 14.640532
vt 16.353054 3.758096
vt 14.757571 4.351130
vt 15.309510 5.130040
vt 13.802954 4.357665
vt 13.235824 5.344543
vt 12.252919 5.304597
vt -13.572303 55.835724
vt -8.966016 36.521091
vt -8.244909 35.965324
vt -9.196197 37.378361
vt -8.803291 38.258762
vt -8.687996 40.388840
vt -7.632570 41.248940
vt -6.749405 40.539139
vt -5.565816 40.183075
vt -4.867918 41.071640
vt -4.191833 41.853458
vt -9.777706 39.733475
vt 14.573799 26.190781
vt 14.986115 19.479650
vt 13.715617 19.742100
vt -6.751792 30.980249
vt -6.900224 29.257973
vt -5.457541 30.399038
vt -5.316748 29.384005
vt -4.611244 30.955032
vt -3.632536 30.586624
vt -6.033367 32.466183
vt -5.106274 31.999384
vt 3.530512 2.076792
vt 4.510817 2.554440
vt 9.381721 47.600029
vt -1.542455 11.352364
vt -0.147707 12.556553
vt 0.723270 13.174051
vt -0.015133 11.573306
vt 14.266196 6.054354
vt 14.222334 7.003019
vt 13.318469 7.478075
vt 12.248643 7.225926
vt 11.209728 7.040968
vt -8.315447 34.173817
vt -7.302767 34.174141
vt 14.452167 32.059299
vt 13.424433 32.365715
vt 13.985884 30.116186
vt -9.766120 44.318687
vt -8.760351 44.305149
vt -8.082046 43.538921
vt -8.149299 42.540024
vt 14.665775 23.265676
vt 6.213159 57.048298
vt 5.376994 57.320744
vt 5.452599 71.741692
vt 4.724786 71.038406
vt -13.270357 54.265854
vt -12.022220 54.706589
vt -11.400258 53.921604
vt 14.549705 17.636160
vt 13.574816 18.423433
vt -6.548244 35.911514
vt -6.626365 36.809055
vt -5.755091 35.496990
vt -5.003923 36.008629
vt -7.495435 37.046539
vt -6.188861 38.228226
vt -5.452943 38.776855
vt 5.808717 58.732071
vt 5.592499 59.579876
vt -14.042313 58.316929
vt -11.462940 46.051826
vt -11.686406 46.977478
vt -11.299753 47.787354
vt -1.314563 10.223717
vt 3.123607 77.208603
vt -9.783072 48.681026
vt -10.115231 47.230885
vt -9.967879 46.228542
vt -9.468275 47.845810
vt -8.371964 46.179356
vt -7.653681 45.498009
vt 9.408806 25.597536
vt 15.085443 14.580894
vt 2.246414 76.225319
vt 1.374200 76.244843
vt 0.819851 75.433517
vt 0.763176 74.313354
vt -0.092296 73.572327
vt 1.078390 73.433769
vt 1.766768 72.765465
vt 2.558589 73.331512
vt 3.669189 72.932930
vt 3.540046 71.948257
vt 2.694062 71.292450
vt -0.812742 76.684822
vt -1.001443 75.569336
vt -1.362256 74.556335
vt -1.950556 75.293732
vt 11.925328 32.603024
vt 11.341901 33.514717
vt 11.714337 34.532375
vt 12.759170 34.698074
vt 9.382235 32.871529
vt -3.026413 23.548641
vt -14.572172 75.386978
vt -13.654600 73.599380
vt -13.704052 72.584404
vt -12.799032 72.112900
vt -11.872083 72.585922
vt -12.948228 70.688026
vt 5.058997 77.017067
vt 9.391698 28.392954
vt 10.389347 28.746946
vt 8.106620 30.958178
vt 7.587866 30.005220
vt 6.159401 31.454391
vt 5.074593 31.715668
vt 4.348773 30.817488
vt 3.162778 31.022930
vt 2.824247 30.052618
vt 2.851357 29.020697
vt 2.675951 27.866980
vt 1.526420 27.571667
vt 2.976503 32.009823
vt 3.562438 32.827202
vt 6.467823 30.321253
vt 8.153780 26.935959
vt 7.251748 26.410727
vt 8.383585 27.854784
vt 7.580908 28.386221
vt 6.545740 28.132950
vt 6.329060 26.814600
vt 1.489294 31.693449
vt 1.006261 32.763432
vt 0.841371 30.781769
vt -0.307059 30.846031
vt -0.743249 31.853960
vt -0.136678 32.792030
vt 1.684765 33.410583
vt 2.700123 33.476654
vt 1.377240 29.734058
vt 0.722100 28.790989
vt -0.352578 28.931383
vt -0.958962 29.833176
vt 10.874828 5.754320
vt 8.982975 6.816418
vt 8.196576 7.399066
vt 4.230794 25.082676
vt 3.559605 25.922586
vt 3.948400 26.890427
vt 3.773457 24.051151
vt -7.456270 55.375610
vt -5.405076 25.398643
vt -4.708143 26.307037
vt -3.752157 26.120363
vt -3.078472 27.170158
vt -2.253901 27.893877
vt 14.367603 38.726936
vt -11.205939 77.828026
vt 9.718301 45.748055
vt -7.197241 39.132973
vt -6.233793 42.393242
vt -4.415953 43.411728
vt -4.029573 27.839378
vt -3.974125 29.040508
vt -2.970229 18.789618
vt -2.389338 20.209623
vt -1.487717 19.961222
vt -1.250422 21.649311
vt 0.149777 20.399883
vt 2.143085 20.414185
vt 3.367908 18.709913
vt -0.167066 25.321733
vt 0.584495 25.834896
vt -1.032592 25.619219
vt 0.425251 26.753191
vt -0.458997 27.070786
vt -14.190852 64.491379
vt -13.525330 63.805466
vt -12.550673 64.052322
vt -12.297450 65.071777
vt -11.256008 65.381393
vt -10.491317 64.257904
vt -9.399204 64.104683
vt -8.543672 65.101807
vt -8.979650 63.020542
vt -8.448483 63.849354
vt -7.947773 62.943848
vt -8.578123 66.165215
vt -7.872421 66.935120
vt -13.403109 65.634605
vt -13.442739 66.801155
vt 9.855313 7.400735
vt 9.844747 8.362384
vt 8.982923 8.883737
vt 10.525442 9.872581
vt 9.653067 10.215111
vt 10.680054 8.893109
vt 11.310171 10.467919
vt 11.150554 11.449957
vt 13.054040 11.087828
vt 8.089162 10.286125
vt 8.129916 11.277446
vt 8.314480 13.247208
vt 7.765522 45.764080
vt 8.154789 46.646671
vt 9.072353 46.718102
vt 7.391873 47.491486
vt 6.270977 49.260242
vt 5.741857 50.206421
vt 6.247477 51.284729
vt 7.250731 51.306320
vt 7.198956 49.384811
vt 8.015151 49.972137
vt 6.800820 45.758751
vt 6.352830 46.572208
vt 6.361579 44.986378
vt 5.431726 44.958248
vt 6.849647 44.242199
vt 4.363423 45.247883
vt 7.782627 42.645412
vt 7.310476 40.865875
vt 5.339682 46.403309
vt 5.693865 48.236748
vt 4.267730 48.717403
vt 3.492510 47.790421
vt 8.229484 43.452404
vt 9.135759 43.497383
vt -10.199466 66.062943
vt -9.138930 67.656731
vt 6.257463 39.438633
vt 4.547190 39.676395
vt 3.665272 40.229973
vt 2.780954 39.712215
vt -0.128558 38.140854
vt -0.150586 37.015160
vt 0.731421 36.538303
vt 3.748672 38.409840
vt 2.968563 38.840900
vt 5.373047 3.317564
vt 5.300009 4.309335
vt 3.654609 3.761050
vt 3.395282 5.490260
vt 1.982153 6.606306
vt 2.878147 6.913041
vt 1.833591 5.745965
vt 2.556771 5.105766
vt 2.662420 8.203453
vt 3.137410 9.079120
vt 2.787969 10.691533
vt 2.082701 11.393503
vt 3.172546 12.437454
vt 2.334041 13.859772
vt 3.164961 13.429900
vt 3.991114 13.841149
vt 5.245127 67.443993
vt 2.004579 70.049713
vt -0.020621 65.992218
vt 0.697632 71.508148
vt -0.172915 72.217896
vt -0.019534 70.271996
vt 2.778653 64.870125
vt 1.801947 65.389847
vt 0.556890 61.467926
vt -1.640638 61.402092
vt -2.408659 62.050140
vt -1.673510 60.397732
vt -2.755242 59.894867
vt -3.706852 59.153996
vt -2.683787 58.711121
vt 2.097848 61.250366
vt 2.799390 60.598541
vt 1.863955 59.509056
vt 1.009483 59.868561
vt 2.335625 63.732548
vt -0.829292 58.812504
vt 0.150147 58.997124
vt 5.178070 61.357841
vt 4.583690 59.766342
vt -2.638586 70.658119
vt -2.981467 68.917747
vt -2.814461 67.608978
vt -3.875407 67.107162
vt 5.269929 63.940460
vt 4.328614 63.854317
vt 14.442192 39.847519
vt 13.298998 40.227619
vt 11.802394 14.220669
vt 10.311586 13.138562
vt 10.227318 17.218155
vt 9.281885 16.832853
vt 8.508179 17.542250
vt -8.913073 56.901176
vt -9.962532 57.061337
vt -5.420415 74.047119
vt -6.389729 74.286446
vt -7.361769 73.626778
vt 6.915229 18.265335
vt 7.245335 19.199993
vt 8.215384 19.560419
vt 0.986385 53.002636
vt -0.204446 52.225899
vt 0.873514 54.027153
vt -1.062230 53.013115
vt -2.051970 52.863182
vt -3.641242 36.997097
vt -4.299540 37.787254
vt 9.671114 34.655804
vt 8.988740 12.488814
vt 3.751777 70.066879
vt 5.205709 43.414291
vt -7.982645 68.767471
vt -7.829978 69.697937
vt -7.323265 68.123787
vt -8.735767 70.150848
vt -6.412930 69.535774
vt -6.350803 68.645996
vt -8.475728 72.755394
vt -1.714499 16.419521
vt -8.460956 76.908340
vt -7.445737 76.565712
vt -11.562669 59.286095
vt -12.457698 59.105740
vt -9.882431 58.725468
vt -8.875894 59.029358
vt -7.882927 58.798504
vt -10.389191 60.139179
vt -10.145524 61.023476
vt -8.554072 60.829803
vt -7.526000 60.629753
vt -12.829847 62.160618
vt -11.881363 62.444801
vt -14.555971 62.683010
vt -4.173288 50.536732
vt 12.163705 19.539158
vt 10.165570 21.947039
vt 9.736227 21.050186
vt 8.634053 21.305878
vt 11.651480 22.937178
vt 7.166334 21.030470
vt 7.980198 20.741806
vt 5.555661 21.759497
vt 8.892519 22.786955
vt 11.761196 24.815414
vt 4.306093 28.824888
vt 1.112213 43.168976
vt 0.918009 41.762188
vt -0.388396 42.144531
vt -2.733317 63.559181
vt -4.520993 64.981857
vt -5.008485 65.848022
vt -10.333776 70.832466
vt 4.460536 52.849056
vt 0.755961 56.627838
vt -0.115837 57.080868
vt -0.989282 56.511772
vt 11.281871 25.918653
vt -6.894070 66.607513
vt -5.792455 58.621284
vt -4.930028 53.144165
vt -3.933715 53.255978
vt -3.998101 54.912315
vt -2.557762 54.010803
vt -2.060789 54.897823
vt -2.268933 56.666607
vt 2.963988 57.188515
vt 3.217225 58.213261
vt 1.878992 17.970667
vt 0.923794 19.375612
vt 5.754745 7.590672
vt -8.201365 74.889267
vt 4.322350 41.404785
vt -2.280361 30.534075
vt -1.857585 29.735069
vt -2.379203 28.941824
vt 2.180312 26.094334
vt -6.200891 34.188446
vt 1.171743 34.876232
vt 11.637053 43.602169
vt -0.154179 43.307709
vt -0.161665 45.225670
vt -7.072675 61.765610
vt -6.078114 61.741409
vt -5.836185 63.229023
vt -3.386360 61.180397
vt -4.714871 59.947979
vt 0.232393 55.239082
vt 8.793088 48.373413
vt 2.417341 35.601738
vt 4.306687 35.031296
vt 9.817940 37.856907
vt 6.792474 14.561843
vt 9.472196 19.757202
vt 14.393009 24.515823
vt 5.266376 13.544645
vt 10.740551 35.673286
vt 10.566204 3.750309
vt 8.305248 5.201613
vt 8.966073 4.380156
vt -7.186045 71.086830
vt -6.771963 72.525955
vt -4.692592 72.755951
vt 5.236260 19.213625
vt 3.096102 22.086819
vt -3.283848 73.910538
vt 9.390394 14.156938
vt 2.983803 54.372200
vt -5.666800 48.340622
vt -5.741147 50.475967
vt -3.748668 46.609707
vt -5.225409 52.104134
vt 0.055390 46.813198
vt 0.661230 48.825130
vt -10.337533 50.409103
vt -9.266790 51.658531
vt 6.899342 13.460149
vt -0.024022 40.363758
vt 6.874673 6.384556
vt -5.205698 42.059975
vt 13.661588 20.701412
vt 0.267672 13.945478
vt 13.262063 33.296139
vt -10.262600 43.560875
vt 14.729941 22.299961
vt 4.709468 58.026039
vt 5.568069 72.713585
vt -14.175076 59.244919
vt 3.027466 74.081612
vt 9.702235 31.968689
vt 10.270487 33.388412
vt 8.446924 33.210434
vt -11.298443 71.848206
vt 4.646381 29.890314
vt -0.693943 28.058577
vt -7.562098 64.863823
vt 5.527972 51.819252
vt 1.741291 12.264013
vt -3.366458 66.389832
vt 0.382107 51.497318
vt -0.819962 51.532951
vt -1.167010 50.669838
vt 12.878662 20.107096
vn -0.885496 -0.176797 0.429698
vn -0.845400 -0.156690 0.510635
vn -0.895864 -0.161594 0.413902
vn -0.877640 -0.161406 0.451327
vn -0.891704 -0.171690 0.418792
vn -0.758293 -0.149375 0.634570
vn -0.807262 -0.177538 0.562858
vn -0.849542 -0.236403 0.471584
vn -0.814416 -0.229706 0.532880
vn -0.887817 -0.215807 0.406459
vn -0.862218 -0.237193 0.447570
vn -0.867812 -0.228413 0.441283
vn -0.893231 -0.224314 0.389644
vn -0.858386 -0.205476 0.470057
vn -0.899170 -0.237314 0.367662
vn -0.908954 -0.206894 0.361937
vn -0.829114 -0.255718 0.497171
vn -0.887720 -0.218909 0.405009
vn -0.908349 -0.215950 0.358145
vn -0.897361 -0.068843 0.435894
vn -0.855761 -0.024459 0.516792
vn -0.895867 -0.045198 0.442018
vn -0.888040 0.030167 0.458775
vn -0.848380 0.035390 0.528204
vn -0.902683 0.030480 0.429225
vn -0.849284 0.005122 0.527911
vn -0.885201 0.008525 0.465130
vn -0.739373 0.116979 0.663056
vn -0.835822 0.076674 0.543620
vn -0.845833 0.068861 0.528985
vn -0.823355 -0.047309 0.565552
vn -0.787071 -0.046886 0.615078
vn -0.708369 -0.024134 0.705429
vn -0.889990 -0.112142 0.441974
vn -0.896068 -0.119235 0.427604
vn -0.878183 -0.098534 0.468066
vn -0.780582 -0.009514 0.624980
vn -0.821174 0.006082 0.570645
vn -0.888526 -0.071395 0.453238
vn -0.864145 -0.076191 0.497443
vn -0.891731 -0.138645 0.430805
vn -0.889974 -0.168743 0.423642
vn -0.876828 -0.130837 0.462661
vn -0.862436 -0.215904 0.457810
vn -0.908800 -0.204144 0.363879
vn -0.851215 -0.145396 0.504275
vn -0.852380 -0.119786 0.509018
vn -0.778267 -0.174410 0.603226
vn -0.652988 -0.221857 0.724145
vn -0.533539 -0.209475 0.819424
vn -0.748699 -0.268509 0.606096
vn -0.766662 -0.185118 0.614786
vn -0.809455 -0.165783 0.563292
vn -0.802198 -0.127726 0.583236
vn -0.760916 -0.001058 0.648850
vn -0.696560 -0.137395 0.704220
vn -0.549211 -0.328424 0.768443
vn -0.617140 -0.277852 0.736163
vn -0.820031 -0.082652 0.566319
vn -0.812878 -0.110568 0.571842
vn -0.650857 -0.282919 0.704516
vn -0.742963 -0.234087 0.627064
vn -0.851501 -0.117210 0.511084
vn -0.754564 0.034284 0.655330
vn -0.602054 -0.020475 0.798193
vn -0.640266 -0.027366 0.767666
vn -0.835439 -0.221960 0.502768
vn -0.664999 -0.242799 0.706275
vn -0.751957 -0.241521 0.613375
vn -0.835759 -0.210655 0.507082
vn -0.852136 -0.234810 0.467684
vn -0.903382 -0.197591 0.380604
vn -0.909573 -0.167141 0.380448
vn -0.884146 -0.188904 0.427319
vn -0.837424 -0.212700 0.503468
vn -0.798441 -0.231592 0.555748
vn -0.843216 -0.196198 0.500493
vn -0.800087 -0.176848 0.573224
vn -0.786652 -0.255412 0.562088
vn -0.858566 -0.229372 0.458533
vn -0.789792 -0.260640 0.555244
vn -0.845163 -0.242081 0.476546
vn -0.812234 -0.221700 0.539560
vn -0.872294 -0.196192 0.447897
vn -0.869987 -0.210144 0.446051
vn -0.907370 -0.197335 0.371130
vn -0.908089 -0.204267 0.365580
vn 0.667933 -0.216534 0.712024
vn 0.428078 -0.230485 0.873857
vn 0.623440 -0.210491 0.753005
vn -0.831826 0.180629 0.524823
vn -0.771190 0.125855 0.624041
vn -0.752595 0.150983 0.640940
vn -0.762700 0.194456 0.616827
vn -0.820874 0.232951 0.521439
vn -0.829289 0.198258 0.522469
vn -0.692853 0.111495 0.712407
vn -0.873725 0.135030 0.467302
vn -0.779924 0.129042 0.612426
vn -0.857785 0.122676 0.499155
vn -0.112866 -0.060609 0.991760
vn -0.040991 -0.016380 0.999025
vn -0.085051 0.026955 0.996012
vn -0.769410 0.073389 0.634526
vn -0.854439 0.109297 0.507925
vn -0.852842 0.114920 0.509367
vn -0.771960 0.106076 0.626758
vn -0.836455 0.156318 0.525269
vn -0.854054 0.127664 0.504275
vn -0.600373 -0.010705 0.799648
vn -0.539147 -0.058647 0.840167
vn -0.546265 -0.082742 0.833516
vn -0.770235 0.267109 0.579129
vn -0.818127 0.278161 0.503284
vn -0.799731 0.279912 0.531111
vn -0.842373 0.145785 0.518801
vn -0.789281 0.163319 0.591915
vn -0.764489 0.172855 0.621029
vn -0.771776 0.216211 0.598008
vn -0.803437 0.187479 0.565102
vn -0.844582 0.211905 0.491709
vn -0.747727 0.225404 0.624578
vn -0.813062 0.242074 0.529463
vn -0.722207 0.205947 0.660305
vn -0.746333 0.199813 0.634872
vn -0.778735 0.189776 0.597961
vn -0.747785 0.189316 0.636378
vn -0.810551 0.206684 0.547986
vn -0.819306 0.196580 0.538604
vn -0.756847 0.181435 0.627904
vn -0.728520 0.188740 0.658511
vn -0.767549 0.210966 0.605279
vn -0.570504 -0.008237 0.821253
vn -0.583876 -0.031256 0.811241
vn -0.543276 -0.095477 0.834108
vn -0.890812 0.171796 0.420642
vn -0.777011 0.150388 0.611259
vn -0.797210 0.160062 0.582096
vn -0.707190 0.183099 0.682904
vn -0.909562 0.108168 0.401244
vn -0.098620 -0.155756 0.982860
vn -0.052852 -0.174696 0.983203
vn -0.046813 -0.107765 0.993074
vn -0.849885 0.017395 0.526680
vn -0.050582 0.106805 0.992993
vn -0.083470 0.111223 0.990284
vn -0.105375 0.094591 0.989924
vn -0.833784 0.049404 0.549876
vn -0.904320 0.028485 0.425903
vn -0.606292 0.163944 0.778159
vn -0.544463 0.147669 0.825684
vn -0.626893 0.151527 0.764228
vn -0.630470 0.191898 0.752119
vn -0.598379 0.178817 0.781004
vn -0.678398 0.160958 0.716846
vn -0.674082 0.170165 0.718789
vn -0.679734 0.141996 0.719583
vn -0.579369 0.187912 0.793108
vn -0.543433 0.165749 0.822926
vn -0.689728 0.178541 0.701711
vn -0.672145 0.178253 0.718642
vn -0.286841 0.142965 0.947250
vn -0.400317 0.145889 0.904689
vn -0.342803 0.130744 0.930265
vn -0.172128 0.106220 0.979331
vn -0.205081 0.108307 0.972734
vn -0.453152 0.129651 0.881955
vn -0.603844 0.147573 0.783323
vn -0.157518 0.026046 0.987173
vn -0.203883 0.092848 0.974582
vn -0.804639 0.007981 0.593711
vn -0.600144 -0.029346 0.799353
vn -0.788552 0.029379 0.614266
vn -0.560316 -0.082002 0.824210
vn -0.597507 -0.073616 0.798477
vn -0.312669 -0.114168 0.942976
vn -0.662806 -0.050381 0.747094
vn -0.521411 -0.121790 0.844569
vn -0.807077 -0.089805 0.583577
vn -0.518984 -0.105982 0.848189
vn -0.151515 -0.189502 0.970120
vn 0.437474 -0.118598 0.891376
vn 0.364374 -0.189603 0.911747
vn 0.508414 -0.192279 0.839372
vn -0.818548 -0.033434 0.573464
vn -0.810250 -0.058171 0.583190
vn 0.164452 -0.043170 0.985440
vn 0.287755 -0.119736 0.950190
vn 0.587466 -0.119546 0.800370
vn 0.909186 -0.172356 0.379043
vn 0.948869 -0.137190 0.284301
vn 0.935239 -0.149402 0.320946
vn 0.641508 -0.270795 0.717731
vn 0.774732 -0.221741 0.592133
vn 0.725876 -0.240159 0.644536
vn 0.956747 -0.126123 0.262161
vn -0.597747 -0.024592 0.801307
vn -0.809360 -0.012140 0.587187
vn 0.940631 -0.229437 0.250146
vn 0.923496 -0.231425 0.305938
vn 0.905409 -0.228045 0.358091
vn 0.919232 -0.156213 0.361400
vn 0.921640 -0.165581 0.350946
vn 0.871049 -0.201577 0.447930
vn 0.914606 -0.165278 0.369026
vn 0.937380 -0.106809 0.331529
vn 0.801420 -0.272460 0.532440
vn 0.859879 -0.220887 0.460235
vn 0.832041 -0.281347 0.478070
vn 0.791160 -0.303503 0.530992
vn 0.784787 -0.249159 0.567476
vn 0.702258 -0.278884 0.655025
vn 0.858736 -0.213096 0.466008
vn 0.862803 -0.216190 0.456983
vn 0.821046 -0.256467 0.510008
vn 0.737564 -0.122461 0.664080
vn 0.919181 -0.073963 0.386829
vn 0.926503 -0.070893 0.369549
vn 0.813536 -0.110612 0.570897
vn 0.759910 -0.135655 0.635715
vn 0.820483 -0.213967 0.530118
vn 0.887968 -0.162831 0.430116
vn 0.794091 -0.234511 0.560736
vn 0.737967 -0.196326 0.645647
vn 0.902638 -0.061281 0.426016
vn 0.793531 0.011163 0.608427
vn 0.895128 -0.073369 0.439730
vn 0.746201 -0.120332 0.654755
vn 0.909510 -0.031060 0.414520
vn 0.795517 -0.149947 0.587084
vn 0.885513 -0.059667 0.460768
vn 0.775348 -0.302385 0.554435
vn 0.839459 -0.281497 0.464831
vn 0.859629 -0.201601 0.469463
vn -0.851204 -0.152812 0.502096
vn 0.727608 -0.339954 0.595834
vn 0.758323 -0.317933 0.569092
vn 0.734871 -0.359867 0.574857
vn 0.757459 -0.312990 0.572969
vn 0.840607 -0.192189 0.506402
vn 0.914424 -0.232144 0.331569
vn 0.888070 -0.232481 0.396592
vn 0.780581 -0.237819 0.578044
vn 0.767121 -0.318067 0.557099
vn 0.726124 -0.303518 0.616945
vn 0.671692 -0.234097 0.702871
vn 0.697903 -0.244010 0.673343
vn 0.768832 -0.326317 0.549922
vn 0.523520 -0.143897 0.839774
vn 0.290749 -0.153671 0.944378
vn -0.134712 -0.383127 0.913820
vn -0.201286 -0.321794 0.925166
vn -0.250273 -0.365300 0.896616
vn -0.058349 -0.248276 0.966931
vn -0.190566 -0.265184 0.945179
vn -0.041403 -0.277433 0.959852
vn -0.317551 -0.303101 0.898494
vn -0.002231 -0.074428 0.997224
vn 0.024420 -0.070527 0.997211
vn 0.027695 -0.150305 0.988252
vn -0.029122 -0.366390 0.930005
vn -0.019023 -0.420003 0.907323
vn -0.170638 -0.444677 0.879287
vn -0.048448 -0.461257 0.885943
vn -0.014977 -0.076299 0.996973
vn -0.044683 -0.176434 0.983298
vn -0.016219 -0.055366 0.998334
vn 0.184406 -0.254013 0.949459
vn 0.130171 -0.171115 0.976614
vn 0.188679 -0.086653 0.978208
vn -0.152423 -0.248959 0.956445
vn -0.145680 -0.225432 0.963306
vn -0.250260 -0.268792 0.930119
vn -0.036536 0.199652 0.979186
vn -0.078025 0.184755 0.979683
vn -0.044826 0.179410 0.982753
vn -0.105680 0.159616 0.981506
vn -0.044730 0.137607 0.989476
vn -0.025455 0.118938 0.992575
vn -0.078671 0.160981 0.983817
vn -0.019395 0.157240 0.987370
vn -0.006488 -0.112093 0.993676
vn -0.258681 0.116926 0.958860
vn -0.147938 0.031580 0.988492
vn -0.114052 0.112669 0.987065
vn -0.117475 0.110519 0.986907
vn -0.014281 0.091143 0.995735
vn -0.016472 -0.111347 0.993645
vn -0.041273 0.056423 0.997554
vn -0.171025 0.170579 0.970388
vn -0.052881 -0.214557 0.975279
vn 0.952673 -0.203840 0.225528
vn 0.924116 -0.228580 0.306204
vn 0.947825 -0.226771 0.224060
vn 0.967805 -0.134176 0.212957
vn 0.990926 -0.049577 0.124933
vn 0.967881 -0.164386 0.190218
vn 0.918031 -0.209916 0.336385
vn -0.008213 -0.078677 0.996866
vn -0.011081 -0.159513 0.987134
vn 0.998500 -0.016822 -0.052113
vn 0.984676 -0.155455 0.079033
vn 0.992874 -0.118704 0.010564
vn 0.850551 -0.078726 0.519966
vn 0.896436 -0.119634 0.426721
vn 0.860231 -0.312237 0.403125
vn 0.986521 -0.075834 0.145002
vn 0.894416 -0.159433 0.417854
vn -0.895794 -0.183920 0.404632
vn 0.957032 -0.175838 0.230589
vn 0.003268 -0.754753 0.656001
vn 0.242167 -0.771454 0.588400
vn -0.001415 -0.918825 0.394662
vn -0.004501 -0.112389 0.993654
vn 0.069815 -0.164391 0.983921
vn 0.049568 -0.333787 0.941345
vn 0.000681 -0.485181 0.874414
vn 0.135659 -0.580459 0.802910
vn 0.862675 -0.206716 0.461584
vn 0.776752 -0.218602 0.590652
vn -0.164402 -0.807627 0.566313
vn 0.996813 -0.032319 0.072936
vn 0.568475 -0.822515 0.017459
vn 0.248670 -0.962586 0.107661
vn 0.999865 0.013323 -0.009670
vn 0.058410 -0.901259 0.429325
vn 0.488690 -0.762863 0.423347
vn 0.982538 -0.057075 0.177092
vn 0.944385 -0.180845 0.274651
vn 0.925221 -0.158832 0.344584
vn 0.871761 -0.224789 0.435320
vn 0.864135 -0.160535 0.476969
vn -0.004821 -0.244080 0.969743
vn 0.903141 -0.226958 0.364453
vn 0.856563 -0.219907 0.466841
vn -0.099060 -0.152815 0.983278
vn -0.181838 -0.109802 0.977179
vn -0.273485 -0.133639 0.952547
vn 0.528015 -0.135205 0.838403
vn 0.687641 -0.143664 0.711696
vn 0.550118 -0.128001 0.825218
vn 0.880103 -0.230347 0.415162
vn 0.901282 -0.160238 0.402510
vn 0.794773 -0.287781 0.534339
vn 0.773274 -0.309115 0.553620
vn 0.837135 -0.311616 0.449556
vn 0.842572 -0.337296 0.419886
vn -0.641977 -0.215896 0.735700
vn 0.940765 -0.151647 0.303255
vn 0.933393 -0.179030 0.311009
vn 0.918170 -0.176495 0.354702
vn -0.040249 0.065591 0.997035
vn -0.845144 0.236965 0.479144
vn -0.800623 0.213094 0.559994
vn -0.496628 -0.157374 0.853577
vn -0.475768 -0.218131 0.852094
vn -0.444059 -0.225254 0.867221
vn -0.764467 0.157662 0.625087
vn -0.801066 0.067241 0.594787
vn -0.035863 -0.308384 0.950586
vn -0.173396 -0.292696 0.940353
vn -0.438105 0.136679 0.888472
vn -0.361594 0.122298 0.924280
vn -0.390070 0.125092 0.912249
vn -0.428540 0.114985 0.896176
vn 0.585682 -0.137751 0.798750
vn 0.933315 -0.167281 0.317710
vn 0.928440 -0.158491 0.335975
vn -0.894250 -0.204451 0.398142
vn -0.584541 -0.028508 0.810863
vn -0.683460 -0.053562 0.728020
vn -0.546992 -0.061603 0.834868
vn 0.360343 -0.196425 0.911905
vn 0.207897 -0.163054 0.964465
vn 0.225151 -0.183854 0.956820
vn 0.953304 -0.192189 0.232971
vn 0.790358 -0.191194 0.582048
vn 0.755772 -0.204864 0.621964
vn 0.732499 -0.201185 0.650361
vn 0.485778 -0.176506 0.856075
vn 0.370350 -0.148900 0.916881
vn -0.742853 -0.141178 0.654399
vn -0.832454 -0.164714 0.529046
vn -0.101761 -0.360708 0.927111
vn -0.284351 0.178571 0.941943
vn -0.161297 0.144364 0.976290
vn -0.209593 0.107453 0.971867
vn -0.210617 0.214255 0.953800
vn -0.306712 0.176165 0.935358
vn -0.680696 0.149109 0.717230
vn -0.559461 0.160129 0.813242
vn -0.537671 0.141410 0.831212
vn -0.232445 0.028926 0.972179
vn -0.309566 0.046695 0.949731
vn -0.328043 -0.008677 0.944623
vn 0.811889 -0.111897 0.572988
vn -0.410201 -0.291054 0.864305
vn -0.169961 -0.263723 0.949507
vn -0.186633 -0.266270 0.945658
vn 0.280619 -0.233326 0.931028
vn 0.333010 -0.249329 0.909362
vn 0.499205 -0.248307 0.830143
vn -0.492512 -0.227055 0.840166
vn -0.651147 -0.225128 0.724793
vn -0.548231 -0.261411 0.794422
vn -0.772427 0.082160 0.629767
vn -0.465520 -0.183865 0.865728
vn -0.493289 -0.130222 0.860063
vn -0.460133 -0.137812 0.877089
vn -0.354809 -0.162309 0.920743
vn -0.246440 -0.165466 0.954929
vn -0.276367 -0.122528 0.953210
vn -0.341924 -0.266012 0.901291
vn -0.287300 -0.277178 0.916859
vn -0.868060 -0.056566 0.493227
vn -0.567389 0.067692 0.820663
vn -0.671226 0.009323 0.741194
vn -0.653180 0.001725 0.757201
vn 0.882373 -0.207175 0.422488
vn 0.901751 -0.183030 0.391594
vn 0.380683 -0.195443 0.903816
vn 0.330087 -0.239416 0.913084
vn 0.102624 -0.237206 0.966023
vn -0.069577 -0.214339 0.974278
vn -0.415675 -0.212657 0.884303
vn -0.281137 -0.201418 0.938293
vn -0.452763 -0.263894 0.851684
vn -0.459504 -0.253764 0.851153
vn -0.593130 -0.274926 0.756711
vn -0.233038 0.123415 0.964605
vn -0.273861 0.122230 0.953971
vn -0.482852 0.129533 0.866069
vn -0.533993 0.136937 0.834326
vn -0.554155 0.122373 0.823369
vn -0.668875 0.214207 0.711844
vn -0.686412 0.201710 0.698678
vn -0.702686 0.203872 0.681666
vn 0.587166 -0.198056 0.784863
vn 0.625888 -0.224216 0.746988
vn 0.614543 -0.226340 0.755717
vn 0.695430 -0.214812 0.685735
vn 0.692878 -0.216043 0.687928
vn 0.804399 -0.218028 0.552636
vn -0.799719 -0.136777 0.584587
vn 0.127764 -0.528424 0.839312
vn 0.245138 -0.568116 0.785590
vn 0.426310 -0.484675 0.763774
vn 0.327974 -0.407733 0.852166
vn 0.262401 -0.394892 0.880458
vn 0.193840 -0.432041 0.880776
vn 0.848784 -0.300927 0.434752
vn -0.429274 -0.305249 0.850028
vn -0.408349 -0.446521 0.796160
vn 0.931413 -0.152593 0.330432
vn -0.788942 -0.231508 0.569187
vn -0.812289 -0.224968 0.538122
vn -0.577830 -0.263175 0.772561
vn -0.533793 -0.281699 0.797315
vn -0.439812 -0.265282 0.858016
vn 0.832084 -0.205629 0.515124
vn 0.899848 -0.169840 0.401781
vn 0.710727 -0.238437 0.661827
vn 0.644325 -0.236834 0.727156
vn -0.819292 0.025327 0.572818
vn -0.907496 0.030307 0.418967
vn -0.589518 0.020273 0.807501
vn -0.673300 0.072423 0.735814
vn -0.542854 0.010434 0.839762
vn -0.231873 0.008437 0.972709
vn -0.276317 -0.035875 0.960397
vn -0.274827 0.084785 0.957748
vn -0.050232 -0.032351 0.998214
vn -0.044120 0.018224 0.998860
vn -0.018922 -0.006907 0.999797
vn -0.627473 -0.247818 0.738149
vn -0.612099 -0.251455 0.749737
vn -0.692748 -0.216212 0.688006
vn -0.721388 -0.214057 0.658619
vn -0.658301 -0.216035 0.721089
vn -0.863188 -0.117611 0.490993
vn -0.849034 -0.092521 0.520174
vn -0.650801 -0.092187 0.753631
vn -0.409249 -0.091285 0.907845
vn 0.272587 -0.478910 0.834471
vn 0.306639 -0.331356 0.892287
vn 0.479277 -0.429402 0.765446
vn 0.028127 0.053876 0.998151
vn 0.041052 0.068575 0.996801
vn 0.054482 -0.005826 0.998498
vn 0.059501 -0.079610 0.995049
vn -0.762347 0.204511 0.614005
vn -0.724417 0.173379 0.667203
vn -0.720607 0.192410 0.666111
vn -0.749133 0.198395 0.632012
vn -0.648620 0.129231 0.750061
vn -0.663763 0.150505 0.732644
vn -0.618009 0.200940 0.760058
vn -0.649786 0.205845 0.731715
vn -0.645723 0.208004 0.734695
vn -0.893044 -0.228061 0.387894
vn -0.307133 -0.232010 0.922952
vn -0.574142 -0.196135 0.794916
vn 0.816296 -0.226378 0.531427
vn 0.841096 -0.216536 0.495651
vn 0.811294 -0.230380 0.537334
vn -0.513264 0.140595 0.846637
vn -0.197117 0.138857 0.970497
vn 0.131387 -0.156159 0.978955
vn 0.045196 -0.137393 0.989485
vn -0.660758 -0.230852 0.714217
vn 0.089124 -0.475798 0.875027
vn 0.286162 -0.465771 0.837358
vn 0.336462 -0.343579 0.876782
vn 0.286792 -0.121965 0.950197
vn 0.408499 -0.192151 0.892304
vn 0.993161 -0.021284 -0.114800
vn 0.997939 0.031776 -0.055752
vn -0.633429 0.077119 0.769948
vn -0.582417 -0.011293 0.812812
vn -0.617576 0.055327 0.784563
vn -0.670513 0.159399 0.724572
vn -0.698302 0.170820 0.695122
vn -0.697446 0.193497 0.690021
vn -0.766996 0.103886 0.633187
vn -0.416164 0.160146 0.895076
vn -0.531770 0.154414 0.832693
vn 0.569004 -0.264309 0.778701
vn 0.569443 -0.278086 0.773565
vn 0.696810 -0.325404 0.639193
vn 0.654247 -0.359277 0.665493
vn 0.458687 -0.400677 0.793136
vn -0.480707 -0.240628 0.843219
vn -0.468042 -0.246373 0.848667
vn -0.295572 -0.240224 0.924624
vn -0.401787 0.064295 0.913473
vn -0.452530 0.032370 0.891161
vn -0.340153 0.028584 0.939936
vn -0.310234 -0.286430 0.906484
vn -0.395016 -0.210928 0.894132
vn -0.379819 -0.281571 0.881167
vn -0.296613 0.127845 0.946402
vn 0.311713 -0.233530 0.921031
vn 0.419001 -0.203295 0.884935
vn 0.572562 -0.204067 0.794059
vn 0.785955 -0.234655 0.572024
vn 0.860331 -0.189956 0.473018
vn 0.791276 -0.208461 0.574827
vn -0.250181 -0.120966 0.960613
vn -0.365127 -0.076268 0.927828
vn 0.713703 -0.236857 0.659186
vn 0.738183 -0.238792 0.630923
vn 0.823359 -0.209514 0.527432
vn -0.731996 -0.244984 0.635740
vn -0.735962 -0.227342 0.637711
vn -0.641757 -0.235810 0.729754
vn -0.659295 0.037248 0.750961
vn 0.722711 -0.346047 0.598281
vn 0.722418 -0.377846 0.579089
vn 0.704311 -0.327121 0.630030
vn 0.665971 -0.316151 0.675671
vn 0.562720 -0.254761 0.786411
vn 0.436757 -0.217336 0.872931
vn -0.555861 0.141215 0.819193
vn -0.459709 0.168401 0.871957
vn -0.545495 0.168631 0.820975
vn -0.333609 0.133647 0.933190
vn -0.224545 0.147825 0.963186
vn -0.283332 0.160613 0.945477
vn 0.375724 -0.179174 0.909246
vn -0.006783 -0.236759 0.971545
vn 0.244744 -0.206198 0.947408
vn 0.112101 -0.193371 0.974701
vn -0.689593 -0.102118 0.716961
vn -0.687632 -0.104128 0.718554
vn -0.765546 -0.104011 0.634918
vn -0.776838 -0.108124 0.620348
vn -0.178706 -0.077660 0.980833
vn -0.168261 -0.184831 0.968259
vn -0.223549 -0.220896 0.949332
vn 0.718706 -0.234409 0.654610
vn -0.508463 0.158648 0.846343
vn -0.405093 0.145039 0.902698
vn 0.520489 -0.314029 0.794026
vn 0.322594 -0.569722 0.755877
vn -0.707910 -0.258740 0.657204
vn -0.529325 -0.293922 0.795880
vn -0.729344 -0.232268 0.643512
vn -0.603640 -0.255360 0.755255
vn -0.380974 -0.291243 0.877517
vn -0.362321 -0.304266 0.880991
vn -0.306736 -0.282975 0.908756
vn -0.579609 -0.042151 0.813804
vn -0.620537 0.042940 0.783001
vn 0.817719 -0.171089 0.549603
vn 0.700014 -0.194740 0.687064
vn 0.813452 -0.204815 0.544377
vn -0.661955 -0.270139 0.699172
vn -0.695671 0.172498 0.697342
vn -0.687336 0.184573 0.702497
vn -0.720861 0.183210 0.668426
vn -0.737014 0.184980 0.650071
vn -0.684432 -0.040312 0.727961
vn -0.646919 0.003970 0.762548
vn -0.700550 0.020870 0.713298
vn -0.637644 0.089334 0.765133
vn -0.649616 0.125463 0.749839
vn -0.669359 0.139170 0.729788
vn -0.691987 0.150185 0.706115
vn -0.669481 0.142312 0.729069
vn 0.751437 -0.322185 0.575795
vn 0.791048 -0.195679 0.579614
vn 0.879630 -0.190794 0.435717
vn -0.563718 -0.241722 0.789806
vn -0.670973 -0.233850 0.703640
vn -0.541957 -0.382594 0.748267
vn 0.627593 -0.472000 0.619147
vn -0.731528 0.137559 0.667791
vn -0.579209 0.125211 0.805506
vn -0.835301 0.160055 0.525980
vn -0.678710 0.190889 0.709165
vn -0.172104 -0.113638 0.978502
vn -0.216602 -0.042859 0.975319
vn -0.500595 -0.275618 0.820633
vn -0.223175 -0.346132 0.911255
vn -0.034749 -0.338475 0.940334
vn -0.037878 -0.063634 0.997254
vn -0.239648 -0.329610 0.913196
vn 0.699397 -0.147875 0.699269
vn 0.794499 -0.133303 0.592454
vn 0.788362 -0.225172 0.572523
vn -0.659370 -0.218984 0.719220
vn -0.774608 -0.275925 0.569076
vn 0.781052 -0.216988 0.585555
vn -0.662399 0.195958 0.723068
vn -0.648031 0.181279 0.739726
vn -0.668279 -0.181177 0.721511
vn -0.620872 -0.184036 0.762003
vn -0.679643 -0.150310 0.717978
vn 0.682668 -0.441942 0.581937
vn 0.585445 -0.441578 0.679899
vn 0.669049 -0.109056 0.735173
vn 0.336125 -0.167556 0.926793
vn 0.459114 -0.194485 0.866828
vn -0.037768 -0.123605 0.991613
vn -0.454635 -0.231488 0.860070
vn -0.655249 -0.283719 0.700109
vn -0.466171 -0.250127 0.848600
vn 0.779804 -0.213622 0.588448
vn 0.876702 -0.179115 0.446443
vn -0.095150 0.103278 0.990091
vn -0.616732 0.114205 0.778845
vn -0.627661 0.089067 0.773375
vn -0.246385 -0.171353 0.953904
vn -0.702350 0.169082 0.691459
vn -0.155585 0.125564 0.979810
vn -0.151234 0.101011 0.983324
vn -0.380860 -0.103120 0.918865
vn -0.394174 0.052971 0.917508
vn -0.314306 -0.204127 0.927116
vn 0.197401 -0.439393 0.876337
vn -0.212850 0.119906 0.969700
vn -0.302495 0.125189 0.944894
vn 0.609912 -0.168264 0.774399
vn 0.495576 -0.142362 0.856818
vn 0.607213 -0.146690 0.780880
vn -0.316815 0.118640 0.941038
vn -0.228207 0.106173 0.967806
vn -0.227055 -0.249317 0.941428
vn -0.185383 -0.186033 0.964896
vn -0.264143 -0.299499 0.916804
vn -0.278487 -0.320462 0.905400
vn -0.742617 0.184665 0.643753
vn -0.707686 0.182462 0.682560
vn -0.699860 0.160354 0.696048
vn -0.701926 0.077134 0.708061
vn -0.681951 0.054439 0.729369
vn 0.127535 -0.123316 0.984138
vn 0.209456 -0.150650 0.966143
vn -0.028929 -0.158158 0.986990
vn -0.767755 -0.011083 0.640648
vn 0.833751 -0.229242 0.502302
vn -0.083005 -0.157483 0.984027
vn -0.388097 -0.381111 0.839127
vn -0.368786 -0.343644 0.863658
vn -0.760894 -0.207662 0.614750
vn -0.770013 -0.260126 0.582593
vn -0.447095 0.134412 0.884330
vn -0.579562 0.158634 0.799339
vn -0.589173 0.135295 0.796599
vn -0.304050 -0.337120 0.891013
vn -0.128186 -0.227985 0.965190
vn -0.339093 -0.094547 0.935990
vn -0.372712 -0.171647 0.911934
vn -0.369543 -0.053684 0.927662
vn -0.525718 -0.140335 0.839003
vn -0.818069 -0.227929 0.528025
vn -0.435720 0.166642 0.884522
vn -0.781967 0.091121 0.616624
vn -0.456023 0.132038 0.880119
vn -0.381579 0.164658 0.909552
vn -0.100677 -0.049900 0.993667
vn -0.089527 -0.083339 0.992492
vn -0.321960 0.143535 0.935810
vn -0.420938 0.158924 0.893059
vn 0.001018 -0.027781 0.999614
vn 0.025399 -0.018820 0.999500
vn -0.015374 0.048518 0.998704
vn -0.255571 -0.096091 0.962003
vn 0.828455 -0.227711 0.511674
vn 0.768650 -0.233957 0.595350
vn -0.037225 -0.117064 0.992426
vn -0.000457 -0.122603 0.992456
vn -0.846254 0.171415 0.504451
vn -0.794645 -0.186539 0.577705
vn -0.659744 0.209034 0.721833
vn -0.671014 0.202437 0.713273
vn -0.642661 0.196883 0.740421
vn -0.623908 0.184453 0.759418
vn -0.627303 0.165109 0.761072
vn -0.576997 0.176664 0.797411
vn -0.538963 0.150366 0.828800
vn -0.497474 0.156089 0.853320
vn -0.657667 0.170801 0.733690
vn -0.635084 0.134933 0.760566
vn -0.604861 0.118380 0.787483
vn -0.574479 0.094754 0.813016
vn -0.604464 -0.245523 0.757854
vn 0.701427 -0.205788 0.682387
vn 0.833559 -0.233425 0.500691
vn -0.358697 -0.297541 0.884763
vn -0.407785 -0.273609 0.871120
vn -0.402876 -0.279850 0.871421
vn -0.437822 -0.255719 0.861928
vn -0.315293 -0.192188 0.929330
vn -0.177304 -0.344907 0.921739
vn -0.082700 0.151272 0.985027
vn -0.102920 0.048248 0.993519
vn -0.133573 -0.047583 0.989896
vn 0.653916 -0.226969 0.721719
vn 0.664307 -0.235378 0.709432
vn -0.327558 -0.276612 0.903433
vn -0.051826 -0.231183 0.971529
vn -0.064389 -0.292512 0.954091
vn 0.063634 -0.275167 0.959288
vn -0.688453 0.132308 0.713111
vn 0.749012 -0.331754 0.573515
vn 0.752559 -0.329477 0.570175
vn 0.603120 -0.235658 0.762044
vn -0.292575 -0.109693 0.949930
vn -0.752305 -0.088229 0.652880
vn -0.684170 -0.079027 0.725028
vn -0.682636 -0.028654 0.730197
vn -0.518189 -0.031143 0.854699
vn 0.121930 -0.018031 0.992375
vn 0.085815 -0.046273 0.995236
vn 0.164508 -0.045811 0.985311
vn -0.354703 -0.033879 0.934365
vn -0.329845 -0.041150 0.943138
vn -0.456899 0.059211 0.887546
vn -0.397513 0.060189 0.915620
vn 0.068126 0.031252 0.997187
vn -0.640374 0.035370 0.767249
vn -0.562484 0.113468 0.818986
vn -0.045144 -0.014722 0.998872
vn -0.248481 -0.028027 0.968231
vn -0.266504 -0.031051 0.963334
vn -0.165702 -0.120208 0.978822
vn 0.078843 -0.103469 0.991503
vn -0.086046 -0.076826 0.993325
vn 0.375362 -0.133290 0.917244
vn 0.491447 -0.151906 0.857557
vn 0.438127 -0.135052 0.888710
vn 0.327761 -0.301620 0.895320
vn 0.406524 -0.274859 0.871316
vn 0.211334 -0.294745 0.931914
vn 0.088291 -0.274661 0.957479
vn 0.147136 -0.282851 0.947811
vn -0.015774 -0.265930 0.963863
vn -0.108934 -0.292280 0.950108
vn -0.183179 -0.301119 0.935827
vn -0.314128 -0.313614 0.896086
vn -0.395274 -0.329097 0.857586
vn -0.451171 -0.220711 0.864715
vn -0.293516 -0.217616 0.930855
vn -0.624714 -0.232818 0.745337
vn 0.026879 -0.180399 0.983226
vn -0.690242 -0.120272 0.713513
vn -0.683166 0.196784 0.703249
vn -0.668424 0.197981 0.716947
vn -0.484582 -0.263867 0.833999
vn -0.386351 -0.259511 0.885091
vn 0.088948 -0.321855 0.942602
vn -0.710314 0.067780 0.700614
vn -0.665307 0.135787 0.734118
vn -0.641605 0.125798 0.756649
vn -0.536675 0.042039 0.842741
vn -0.467849 -0.053466 0.882190
vn 0.726900 -0.367722 0.579997
vn 0.606696 -0.449288 0.655789
vn 0.723705 -0.318194 0.612376
vn 0.474456 -0.363052 0.801925
vn -0.191275 -0.453886 0.870288
vn -0.161499 -0.534937 0.829313
vn 0.518978 -0.489976 0.700418
vn 0.395172 -0.568128 0.721852
vn 0.043567 -0.541051 0.839860
vn -0.162745 -0.207937 0.964508
vn -0.008867 -0.200835 0.979585
vn 0.046370 -0.327092 0.943854
vn 0.237561 -0.040368 0.970534
vn 0.236356 -0.079723 0.968390
vn 0.097761 -0.091555 0.990990
vn 0.142346 -0.151067 0.978221
vn -0.621824 0.014615 0.783020
vn -0.680463 0.131095 0.720960
vn -0.849367 0.025302 0.527195
vn -0.569944 -0.072713 0.818460
vn -0.558810 -0.137467 0.817823
vn -0.354704 -0.112122 0.928231
vn -0.303141 -0.066249 0.950640
vn -0.677976 -0.160296 0.717394
vn -0.512541 -0.152287 0.845051
vn -0.636555 -0.140854 0.758259
vn -0.297796 -0.106307 0.948692
vn -0.440313 -0.175355 0.880554
vn -0.368814 -0.176220 0.912646
vn -0.303339 -0.219405 0.927279
vn -0.576034 -0.238243 0.781937
vn -0.367759 -0.221605 0.903130
vn -0.245016 -0.219654 0.944309
vn -0.062181 -0.226955 0.971918
vn 0.206723 -0.216818 0.954073
vn 0.081904 -0.241388 0.966966
vn 0.104891 -0.288232 0.951798
vn -0.240726 0.034101 0.969994
vn -0.518881 0.113712 0.847250
vn -0.473720 0.069058 0.877964
vn -0.310720 0.089714 0.946258
vn -0.472432 0.143822 0.869554
vn -0.396661 0.151988 0.905295
vn -0.539866 0.078710 0.838063
vn -0.518568 -0.107866 0.848206
vn -0.444185 -0.154878 0.882447
vn -0.503811 -0.157969 0.849247
vn -0.466338 -0.200022 0.861696
vn -0.379666 -0.121021 0.917174
vn -0.394036 -0.012555 0.919009
vn -0.308890 -0.029014 0.950655
vn -0.342213 -0.287020 0.894712
vn -0.665320 -0.238661 0.707382
vn -0.265941 -0.314139 0.911368
vn -0.425593 -0.286781 0.858270
vn -0.163933 -0.297505 0.940541
vn -0.116410 -0.299993 0.946812
vn -0.050473 -0.312137 0.948695
vn 0.304423 -0.269507 0.913615
vn 0.053372 -0.439910 0.896455
vn -0.228150 -0.418953 0.878878
vn 0.103992 -0.062363 0.992621
vn 0.047418 0.055409 0.997337
vn -0.609991 -0.243557 0.754049
vn -0.168837 -0.242467 0.955356
vn -0.459403 -0.257376 0.850122
vn 0.232526 -0.222160 0.946877
vn 0.134794 -0.237826 0.961909
vn -0.155073 -0.232313 0.960199
vn -0.059207 -0.242707 0.968291
vn 0.041677 -0.270687 0.961765
vn 0.642696 -0.200053 0.739541
vn 0.776344 -0.212898 0.593267
vn 0.685145 -0.239765 0.687815
vn 0.647931 -0.241317 0.722462
vn -0.543767 -0.297107 0.784886
vn -0.126222 -0.258331 0.957775
vn -0.143448 -0.186470 0.971932
vn 0.138866 -0.192251 0.971471
vn 0.095162 -0.165759 0.981564
vn -0.647987 -0.187947 0.738098
vn 0.005614 0.101537 0.994816
vn -0.016759 0.123602 0.992190
vn 0.009026 0.030073 0.999507
vn -0.117643 0.189445 0.974818
vn -0.298202 0.084027 0.950797
vn -0.471843 0.061109 0.879562
vn -0.324140 0.102763 0.940411
vn -0.382981 0.068507 0.921213
vn -0.307004 -0.003581 0.951702
vn -0.452164 -0.008846 0.891891
vn -0.517007 0.069566 0.853150
vn -0.474389 0.145444 0.868217
vn -0.192807 0.008544 0.981199
vn -0.057399 -0.442338 0.895010
vn -0.114540 -0.344942 0.931609
vn 0.753519 -0.307132 0.581274
vn 0.546283 -0.326533 0.771330
vn 0.731505 -0.333532 0.594690
vn -0.408629 -0.305735 0.859970
vn 0.291633 -0.349351 0.890452
vn 0.357197 -0.320439 0.877342
vn 0.124255 -0.257258 0.958321
vn 0.185897 -0.236222 0.953751
vn 0.346113 -0.250955 0.904006
vn 0.435949 -0.206448 0.875972
vn 0.755627 -0.334416 0.563199
vn 0.663126 -0.161093 0.730967
vn 0.518515 -0.203337 0.830540
vn 0.587575 -0.229719 0.775877
vn 0.495827 -0.214331 0.841557
vn 0.305735 -0.220823 0.926155
vn 0.508312 -0.181545 0.841820
vn 0.540835 -0.229274 0.809278
vn 0.420570 -0.178330 0.889562
vn -0.424660 -0.202207 0.882483
vn -0.430846 -0.236925 0.870769
vn 0.027669 -0.297314 0.954379
vn 0.639371 -0.225459 0.735101
vn 0.676368 -0.203149 0.707995
vn -0.674541 0.153543 0.722094
vn -0.668143 0.208955 0.714089
vn -0.689530 0.195814 0.697284
vn 0.324754 -0.257857 0.909970
vn 0.468318 -0.263540 0.843341
vn 0.295347 -0.220159 0.929677
vn 0.431415 -0.269531 0.860949
vn 0.261992 -0.241517 0.934361
vn 0.510405 -0.260600 0.819497
vn 0.527248 -0.269698 0.805775
vn 0.316793 -0.279747 0.906302
vn 0.300249 -0.205963 0.931359
vn 0.268733 -0.275148 0.923080
vn -0.102513 -0.109238 0.988715
vn -0.315493 -0.115041 0.941929
vn -0.345126 -0.127490 0.929857
vn 0.123257 -0.145401 0.981665
vn 0.189548 -0.145066 0.971096
vn 0.033471 -0.083412 0.995953
vn -0.589871 0.064522 0.804916
vn -0.564509 -0.060920 0.823176
vn -0.541965 -0.080404 0.836546
vn -0.658045 0.114403 0.744237
vn -0.597394 0.027403 0.801480
vn 0.205570 -0.147234 0.967503
vn -0.429345 -0.097407 0.897872
vn -0.497463 -0.076466 0.864109
vn 0.719461 -0.223723 0.657514
vn 0.573450 -0.265152 0.775145
vn -0.237870 -0.185517 0.953416
vn -0.192656 -0.214378 0.957562
vn -0.059306 -0.183018 0.981319
vn 0.243248 -0.174796 0.954084
vn -0.303761 -0.138816 0.942581
vn 0.381526 -0.108056 0.918021
vn 0.406863 -0.103063 0.907657
vn 0.351753 -0.076928 0.932927
vn 0.111901 -0.012592 0.993640
vn 0.124774 -0.025015 0.991870
vn 0.067824 0.018469 0.997526
vn -0.192144 -0.302302 0.933646
vn -0.056101 -0.317877 0.946471
vn -0.038909 -0.271369 0.961689
vn -0.143014 -0.169769 0.975052
vn 0.150817 -0.199789 0.968163
vn 0.547946 -0.207604 0.810343
vn 0.533268 -0.230313 0.813991
vn 0.478623 -0.289902 0.828780
vn 0.726076 -0.310837 0.613347
vn 0.572473 -0.257073 0.778581
vn 0.557252 -0.206088 0.804362
vn 0.581209 -0.182054 0.793128
vn 0.095771 -0.213396 0.972260
vn 0.588760 -0.153617 0.793577
vn -0.652632 0.136480 0.745282
vn -0.626464 0.109847 0.771671
vn -0.607087 0.041484 0.793552
vn -0.616800 0.103566 0.780277
vn -0.382278 -0.292763 0.876444
vn -0.386723 -0.254932 0.886259
vn -0.698427 -0.055981 0.713488
vn -0.004727 -0.179309 0.983782
vn -0.392970 -0.234671 0.889103
vn -0.656432 0.097770 0.748023
vn -0.793696 0.035229 0.607294
vn -0.577808 0.037403 0.815315
vn -0.738078 0.066694 0.671411
vn 0.032204 0.091858 0.995251
vn -0.096484 0.148151 0.984247
vn -0.222716 0.144011 0.964188
vn -0.280703 0.065793 0.957537
vn -0.240878 0.060553 0.968665
vn -0.071838 0.047416 0.996289
vn -0.065513 0.001889 0.997850
vn -0.250409 0.146631 0.956972
vn -0.553604 0.131408 0.822347
vn -0.277848 0.155211 0.948003
vn -0.258764 0.158244 0.952890
vn -0.012362 0.128676 0.991610
vn 0.545373 -0.245488 0.801439
vn 0.282101 -0.237435 0.929540
vn -0.345653 -0.193190 0.918260
vn -0.403518 -0.249923 0.880177
vn -0.395279 -0.189514 0.898798
vn -0.446765 0.152110 0.881626
vn -0.392276 0.146245 0.908147
vn -0.267576 0.144931 0.952574
vn -0.365090 -0.258607 0.894333
vn -0.326966 -0.310619 0.892529
vn 0.077690 -0.380565 0.921485
vn -0.158425 -0.467695 0.869577
vn -0.319312 -0.471836 0.821834
vn -0.539262 -0.021214 0.841871
vn -0.602501 0.006729 0.798090
vn -0.509397 -0.120985 0.851985
vn -0.556320 -0.040658 0.829973
vn 0.696139 -0.203602 0.688431
vn 0.259553 -0.174133 0.949900
vn -0.565514 0.089292 0.819891
vn 0.597585 -0.250933 0.761528
vn 0.438011 -0.288349 0.851470
vn 0.593509 -0.227669 0.771954
vn 0.265148 -0.222497 0.938185
vn 0.080321 -0.188806 0.978724
vn 0.275173 -0.235849 0.932017
vn 0.376512 -0.229584 0.897513
vn 0.203057 -0.198106 0.958917
vn 0.659345 -0.219381 0.719121
vn -0.300942 -0.209992 0.930235
vn 0.606421 -0.160837 0.778707
vn -0.258984 -0.165352 0.951623
vn -0.223006 -0.197451 0.954611
vn 0.434632 -0.236124 0.869103
vn -0.626840 0.065500 0.776390
vn -0.626303 0.096635 0.773567
vn -0.144725 -0.256686 0.955598
vn -0.039133 0.040421 0.998416
vn -0.114568 0.115798 0.986643
vn 0.567351 -0.317300 0.759890
vn -0.575454 0.115829 0.809590
vn -0.335642 -0.369272 0.866592
vn 0.260591 -0.439626 0.859547
vn -0.215603 -0.404013 0.888982
vn 0.343023 -0.172756 0.923304
vn -0.023628 0.155883 0.987493
vn -0.066869 0.089309 0.993757
vn -0.064123 0.050772 0.996650
vn -0.130732 0.074051 0.988648
vn 0.418214 -0.239796 0.876125
vn 0.965055 -0.034031 0.259828
vn 0.967546 -0.022655 0.251679
vn 0.935537 -0.039297 0.351035
vn 0.964525 0.018760 0.263324
vn 0.984470 -0.001247 0.175550
vn 0.999667 0.020107 0.016205
vn 0.994602 0.045977 -0.093017
vn 0.984328 -0.028827 0.173973
vn 0.972454 -0.014407 0.232647
vn 0.981282 0.029558 -0.190294
vn 0.906650 -0.067243 -0.416491
vn 0.985022 -0.161377 -0.060744
vn 0.977802 -0.117117 0.173742
vn 0.967117 -0.145013 0.208939
vn 0.943523 -0.259928 0.205433
vn 0.898740 -0.301930 0.317970
vn 0.974728 -0.177939 0.135067
vn 0.925196 -0.311670 0.216504
vn 0.905521 -0.288759 0.310888
vn 0.934856 -0.234524 0.266539
vn 0.958677 -0.115127 0.260163
vn 0.186510 0.161138 -0.969148
vn 0.205299 0.056541 -0.977065
vn 0.326764 0.108535 -0.938853
vn 0.913767 0.015848 -0.405930
vn 0.843952 0.038966 -0.535002
vn 0.979761 0.064144 -0.189617
vn 0.526614 0.058658 -0.848079
vn 0.326167 0.137060 -0.935323
vn 0.456364 0.101852 -0.883945
vn -0.297058 0.112860 -0.948166
vn -0.037681 0.094568 -0.994805
vn -0.149032 0.061267 -0.986933
vn 0.076199 0.098595 -0.992206
vn 0.646262 0.064733 -0.760365
vn -0.542495 0.102062 -0.833836
vn -0.278949 0.111575 -0.953802
vn -0.761827 0.054097 -0.645518
vn -0.662194 0.102228 -0.742326
vn -0.732588 0.137901 -0.666557
vn 0.199444 0.125843 -0.971795
vn 0.995941 -0.070482 0.055980
vn 0.998156 -0.052510 -0.030451
vn 0.978122 -0.088926 0.188066
vn 0.947969 -0.135889 0.287903
vn 0.974297 -0.112497 0.195165
vn 0.963248 -0.125164 0.237670
vn 0.968990 -0.146360 0.199092
vn 0.962217 -0.107544 0.250146
vn 0.979981 -0.113492 0.163574
vn 0.955411 -0.197342 0.219649
vn 0.996713 -0.076677 -0.026143
vn 0.987737 -0.150725 0.040715
vn 0.953785 -0.118076 0.276320
vn 0.997586 0.052331 -0.045651
vn 0.987727 0.074561 0.137241
vn 0.047865 -0.993359 -0.104625
vn 0.905885 -0.422768 -0.025298
vn 0.991187 -0.093423 0.093920
vn 0.999121 -0.000222 0.041909
vn 0.967564 -0.207464 0.144146
vn 0.969166 -0.204698 0.137171
vn 0.996368 0.024289 0.081611
vn 0.992501 -0.107126 -0.058862
vn 0.988546 -0.133106 0.071134
vn 0.745277 -0.591139 -0.308411
vn 0.005916 -0.938627 -0.344883
vn 0.054986 -0.919399 -0.389464
vn 0.995889 -0.017673 0.088840
vn 0.970075 -0.156072 0.185999
vn 0.989603 0.134344 0.051365
vn 0.130474 -0.967061 -0.218561
vn -0.488458 -0.857562 -0.161233
vn 0.894111 -0.430132 -0.124708
vn 0.997046 0.016614 0.074994
vn 0.046153 -0.923190 -0.381563
vn 0.257741 -0.859542 -0.441312
vn -0.010651 -0.892038 -0.451834
vn 0.012509 -0.839405 -0.543363
vn 0.135973 -0.854170 -0.501901
vn 0.129248 -0.788092 -0.601835
vn 0.213422 -0.782705 -0.584658
vn 0.190766 -0.746735 -0.637177
vn 0.463624 -0.796682 -0.387751
vn 0.181997 -0.617758 -0.765018
vn 0.106505 -0.514568 -0.850809
vn 0.171399 -0.681568 -0.711398
vn 0.076388 -0.354621 -0.931885
vn 0.097938 -0.282159 -0.954356
vn 0.074832 -0.219170 -0.972813
vn 0.044168 0.080912 -0.995742
vn 0.037330 0.040729 -0.998473
vn 0.049583 0.054293 -0.997293
vn -0.002370 -0.178521 -0.983933
vn 0.040436 -0.133693 -0.990197
vn 0.004997 -0.077843 -0.996953
vn 0.031133 -0.231621 -0.972308
vn 0.007860 0.085197 -0.996333
vn 0.007313 0.009003 -0.999933
vn -0.005868 0.355585 -0.934626
vn 0.005545 0.322498 -0.946554
vn -0.015353 0.344309 -0.938731
vn 0.020312 0.331769 -0.943142
vn 0.020401 0.292793 -0.955958
vn 0.015778 0.249388 -0.968275
vn 0.013484 0.269329 -0.962954
vn -0.257786 0.386655 -0.885463
vn -0.335165 0.352699 -0.873652
vn -0.246687 0.338691 -0.907984
vn 0.032071 -0.033950 -0.998909
vn 0.009746 0.094620 -0.995466
vn 0.022766 0.133083 -0.990843
vn -0.026224 0.050103 -0.998400
vn 0.081972 0.069858 -0.994183
vn 0.032706 0.341187 -0.939426
vn 0.027960 -0.080729 -0.996344
vn -0.085828 -0.104079 -0.990859
vn -0.084041 -0.182070 -0.979688
vn -0.008379 0.385574 -0.922639
vn 0.015205 0.386284 -0.922255
vn 0.019527 0.386424 -0.922114
vn -0.008192 0.381974 -0.924137
vn -0.051043 -0.047056 -0.997587
vn -0.102929 -0.091586 -0.990463
vn 0.261703 -0.036880 -0.964444
vn 0.369833 0.170901 -0.913245
vn 0.513543 0.213768 -0.831010
vn 0.021345 0.364557 -0.930936
vn 0.017777 0.270868 -0.962452
vn -0.009444 0.199475 -0.979857
vn 0.080927 0.110692 -0.990554
vn 0.014745 -0.180222 -0.983515
vn 0.026850 0.123731 -0.991953
vn 0.017698 -0.442831 -0.896431
vn 0.004175 -0.610465 -0.792032
vn -0.451538 0.130634 -0.882637
vn -0.945864 0.008194 0.324460
vn -0.987494 -0.023341 0.155920
vn -0.932519 -0.048581 0.357839
vn -0.992007 -0.003828 0.126126
vn -0.935650 0.048054 0.349643
vn -0.933638 0.021979 0.357542
vn -0.976290 0.096371 0.193830
vn -0.944552 0.043344 0.325490
vn -0.888189 -0.072277 0.453758
vn -0.909495 0.041055 0.413684
vn -0.886752 -0.142894 0.439604
vn -0.891781 -0.167976 0.420133
vn -0.581755 0.270571 -0.767041
vn -0.365451 0.314874 -0.875956
vn -0.538881 0.255470 -0.802709
vn -0.962921 -0.149579 0.224522
vn -0.911459 -0.126145 0.391573
vn -0.925265 -0.151070 0.347942
vn -0.953670 -0.151056 0.260183
vn -0.957750 -0.166542 0.234475
vn -0.994727 0.086926 0.054420
vn -0.976420 0.097123 -0.192801
vn -0.970424 0.149676 -0.189406
vn -0.982917 -0.080403 0.165556
vn -0.955516 -0.121898 0.268572
vn -0.989383 -0.088114 0.115573
vn -0.949427 -0.198340 0.243414
vn -0.960203 -0.183988 0.210138
vn -0.972718 -0.182757 0.142900
vn -0.953845 -0.210880 0.213797
vn -0.942980 -0.209340 0.258778
vn -0.938163 -0.246083 0.243502
vn -0.950583 -0.218176 0.220889
vn 0.964932 -0.158954 0.208903
vn -0.950534 -0.183745 0.250444
vn -0.964574 -0.228180 0.132405
vn -0.921166 -0.227690 0.315613
vn -0.947680 -0.211582 0.239031
vn -0.937778 -0.179800 0.297059
vn -0.949705 -0.119413 0.289485
vn -0.945122 -0.133255 0.298308
vn -0.911618 -0.155080 0.380660
vn -0.971949 -0.230521 -0.046630
vn -0.943634 -0.227709 -0.240214
vn -0.974777 -0.214313 -0.062284
vn -0.953217 -0.063656 0.295508
vn -0.952936 -0.027277 0.301941
vn -0.956043 -0.063509 0.286265
vn -0.929863 -0.095279 0.355354
vn -0.940866 -0.157137 0.300131
vn -0.936516 0.033281 0.349043
vn 0.005826 -0.170042 -0.985420
vn -0.098053 -0.201562 -0.974556
vn -0.120385 -0.162617 -0.979318
vn -0.138801 -0.209128 -0.967987
vn -0.159428 -0.177250 -0.971167
vn -0.213908 -0.170623 -0.961837
vn -0.946405 0.041927 0.320250
vn -0.972385 0.006398 0.233293
vn -0.963305 0.019116 0.267726
vn -0.947681 0.104643 0.301580
vn -0.943638 0.070195 0.323451
vn -0.968315 0.084964 0.234833
vn -0.955464 0.026037 0.293958
vn -0.988675 -0.113226 0.098496
vn -0.972973 -0.086428 0.214136
vn -0.991584 -0.127455 -0.022719
vn -0.951572 0.080621 0.296668
vn -0.361690 -0.106174 -0.926233
vn -0.384138 -0.119216 -0.915546
vn -0.246248 -0.148099 -0.957825
vn -0.494037 -0.058422 -0.867476
vn -0.326378 -0.120015 -0.937589
vn -0.788716 0.114223 -0.604053
vn -0.806634 0.122045 -0.578314
vn -0.733812 0.080814 -0.674528
vn -0.861248 0.121307 -0.493494
vn -0.848147 0.115440 -0.517030
vn -0.884462 0.128363 -0.448609
vn -0.605999 0.034655 -0.794710
vn -0.520657 -0.047079 -0.852467
vn -0.977480 0.127751 0.167963
vn -0.987311 0.142814 0.069440
vn -0.964343 0.154170 0.215113
vn -0.964946 0.124040 -0.231286
vn -0.983174 0.119058 -0.138541
vn -0.945418 0.114699 -0.305007
vn -0.945308 0.183023 0.269992
vn -0.973019 0.172086 0.153688
vn -0.969202 0.171867 0.176378
vn -0.988237 0.152452 -0.012076
vn -0.985214 0.157529 0.067364
vn -0.981337 0.160548 -0.105841
vn -0.919698 0.115920 -0.375124
vn -0.954459 0.163034 -0.249857
vn -0.923541 0.132600 -0.359847
vn -0.926536 0.106370 0.360854
vn -0.922511 0.124766 0.365249
vn -0.923150 0.110959 0.368080
vn -0.941023 -0.176554 0.288626
vn -0.965623 -0.166324 0.199772
vn -0.975060 0.109449 0.193079
vn -0.954568 0.122347 0.271718
vn 0.012359 0.209725 -0.977682
vn 0.021174 0.233563 -0.972111
vn -0.870625 0.261233 0.416856
vn -0.875059 0.223749 0.429194
vn -0.701198 0.085308 -0.707844
vn -0.630954 0.027835 -0.775321
vn -0.853144 0.272955 0.444569
vn -0.905536 0.138684 0.400964
vn -0.870987 0.291225 0.395690
vn -0.846955 0.328263 0.418223
vn -0.931266 0.190225 0.310738
vn -0.900824 0.297145 0.316579
vn -0.916058 0.252972 0.311195
vn -0.870960 0.203545 0.447211
vn -0.880578 0.201119 0.429108
vn -0.911312 0.155684 0.381146
vn -0.887611 0.346281 0.303705
vn -0.879792 0.318020 0.353311
vn -0.878887 0.154488 0.451322
vn -0.896295 0.155163 0.415427
vn -0.930353 0.148691 0.335163
vn -0.886675 0.172946 0.428833
vn -0.920330 0.248427 0.302119
vn -0.884044 0.242891 0.399337
vn -0.892057 0.192834 0.408717
vn -0.951125 0.115262 0.286488
vn -0.927104 0.138023 0.348465
vn -0.627197 0.177889 -0.758274
vn -0.491902 0.108008 -0.863925
vn -0.866748 0.012485 -0.498590
vn -0.961927 0.044887 -0.269596
vn -0.908507 0.041717 -0.415782
vn -0.937207 -0.013611 0.348507
vn -0.941874 -0.154303 0.298436
vn 0.998745 -0.038056 0.032562
vn -0.953010 -0.228438 0.198969
vn -0.487180 -0.028823 -0.872826
vn -0.302910 -0.017809 -0.952853
vn -0.360255 -0.016136 -0.932714
vn 0.282337 -0.748854 -0.599587
vn 0.374794 -0.656341 -0.654787
vn 0.272327 -0.711107 -0.648201
vn 0.087961 -0.682826 -0.725266
vn 0.092512 -0.071416 -0.993147
vn 0.215132 -0.110798 -0.970279
vn 0.176885 -0.054018 -0.982748
vn -0.882991 0.181022 0.433080
vn -0.886222 0.206306 0.414787
vn -0.915258 0.182277 0.359274
vn -0.951555 0.134397 0.276550
vn 0.000844 0.374054 -0.927406
vn 0.017810 0.353865 -0.935127
vn -0.994969 0.096400 -0.027289
vn -0.991460 0.080271 0.102783
vn -0.991346 0.110851 -0.070317
vn -0.895914 0.099977 -0.432831
vn -0.723184 0.439731 -0.532581
vn -0.663231 0.426810 -0.614783
vn -0.683584 0.446411 -0.577434
vn 0.337025 -0.551412 -0.763125
vn 0.376252 -0.321405 -0.868984
vn 0.282912 -0.492394 -0.823110
vn -0.056832 0.206413 -0.976813
vn -0.092557 0.154054 -0.983718
vn -0.176088 0.198725 -0.964107
vn -0.979860 -0.054051 -0.192232
vn -0.959425 -0.022495 -0.281066
vn -0.937633 -0.052617 -0.343622
vn -0.987137 0.045384 -0.153303
vn -0.957515 0.073736 -0.278799
vn -0.992310 0.021240 -0.121940
vn -0.888843 -0.093493 0.448573
vn 0.974083 -0.175801 0.142323
vn 0.975845 -0.218370 -0.006474
vn 0.338027 -0.006376 -0.941115
vn 0.180732 0.032266 -0.983003
vn 0.199556 -0.019569 -0.979691
vn 0.304953 0.015950 -0.952234
vn 0.908300 -0.190880 0.372232
vn -0.382657 -0.048662 -0.922608
vn -0.606675 -0.069112 -0.791940
vn -0.473811 -0.033081 -0.880005
vn -0.916663 -0.142945 0.373224
vn -0.878528 -0.202542 0.432627
vn -0.795834 0.110721 -0.595306
vn -0.834942 0.064147 -0.546587
vn -0.765323 0.028455 -0.643017
vn 0.154929 -0.060592 -0.986066
vn 0.298878 -0.088317 -0.950196
vn 0.946604 -0.102632 -0.305626
vn 0.956254 -0.104486 -0.273242
vn 0.876256 -0.110807 -0.468932
vn 0.628163 -0.036254 -0.777237
vn 0.454203 -0.056865 -0.889082
vn 0.487576 -0.028117 -0.872628
vn -0.960223 0.030185 -0.277598
vn -0.992529 -0.022626 -0.119891
vn -0.994383 -0.019425 -0.104041
vn 0.280072 -0.231963 -0.931533
vn 0.265660 -0.192544 -0.944644
vn 0.235526 -0.247160 -0.939915
vn -0.422310 -0.089447 -0.902028
vn -0.362708 -0.146761 -0.920274
vn -0.401594 -0.160687 -0.901611
vn -0.970446 -0.025374 0.239980
vn -0.914706 -0.214737 -0.342347
vn -0.934337 -0.217627 -0.282228
vn -0.930096 -0.204236 -0.305301
vn -0.647969 -0.024009 -0.761288
vn -0.714513 0.027586 -0.699078
vn -0.695786 0.037124 -0.717289
vn -0.779736 0.105888 -0.617090
vn -0.769026 0.094314 -0.632221
vn -0.831593 0.118777 -0.542536
vn 0.008315 0.156975 -0.987568
vn -0.429907 0.279829 -0.858415
vn -0.379700 0.254367 -0.889452
vn -0.507881 0.206622 -0.836280
vn -0.840929 0.087974 -0.533947
vn -0.888093 0.078070 -0.452986
vn -0.828624 0.109501 -0.548992
vn -0.989905 0.141112 0.013244
vn -0.981359 0.148398 0.122118
vn -0.986533 0.128712 0.100921
vn -0.633314 -0.069647 -0.770754
vn -0.501005 -0.040574 -0.864493
vn -0.669868 -0.084630 -0.737642
vn -0.732046 -0.089521 -0.675347
vn -0.610546 -0.080215 -0.787908
vn -0.682666 -0.085680 -0.725690
vn 0.788481 0.000004 -0.615059
vn 0.840274 0.026679 -0.541505
vn 0.908668 -0.006039 -0.417477
vn 0.813833 -0.094095 -0.573431
vn 0.896504 -0.099281 -0.431769
vn 0.905679 -0.125168 -0.405067
vn 0.658236 0.104201 -0.745565
vn 0.532582 0.173619 -0.828380
vn 0.484427 0.229777 -0.844117
vn 0.657458 0.210559 -0.723473
vn -0.010922 0.314126 -0.949319
vn -0.044390 0.192912 -0.980212
vn -0.515604 0.053819 -0.855135
vn -0.567926 0.149405 -0.809406
vn -0.629319 -0.038886 -0.776174
vn -0.913019 0.405906 0.040447
vn -0.906732 0.395246 0.147029
vn -0.925762 0.367204 0.090150
vn -0.536934 0.326917 -0.777707
vn -0.460271 0.286633 -0.840234
vn -0.919990 0.073892 -0.384913
vn -0.869573 0.056132 -0.490603
vn -0.904966 0.381513 -0.188373
vn -0.891037 0.338259 -0.302712
vn -0.939311 0.319276 -0.125528
vn -0.977821 0.142635 0.153364
vn -0.989988 0.079018 0.116960
vn -0.991867 0.103124 0.074603
vn -0.958037 -0.157204 -0.239690
vn -0.969050 -0.171367 -0.177694
vn -0.985725 -0.167285 -0.019013
vn -0.016811 -0.026057 -0.999519
vn -0.012930 -0.071030 -0.997390
vn 0.112841 -0.052454 -0.992228
vn -0.999346 -0.004361 0.035908
vn -0.999044 0.043364 -0.005556
vn -0.989081 0.032750 -0.143685
vn 0.274835 -0.343699 -0.897963
vn 0.177668 -0.385943 -0.905253
vn 0.214047 -0.491318 -0.844269
vn -0.002743 -0.300540 -0.953765
vn 0.594971 0.262434 -0.759696
vn 0.537003 0.295900 -0.789982
vn 0.667347 0.226218 -0.709559
vn 0.950739 -0.219666 -0.218727
vn 0.884847 -0.247097 -0.394955
vn 0.956613 -0.262882 -0.125640
vn 0.456994 -0.665283 -0.590386
vn 0.581926 -0.508922 -0.634319
vn 0.535930 -0.506802 -0.675226
vn 0.971905 -0.148792 -0.182378
vn 0.943257 -0.163143 -0.289223
vn 0.962363 -0.147053 -0.228544
vn -0.017510 0.381525 -0.924192
vn -0.118395 0.387745 -0.914132
vn -0.201923 0.375529 -0.904547
vn -0.124665 0.392251 -0.911372
vn -0.951471 0.142109 0.272960
vn -0.991868 0.040469 0.120662
vn -0.998587 0.037880 0.037269
vn -0.560094 0.248732 -0.790207
vn -0.671570 0.263747 -0.692410
vn -0.797220 0.212614 -0.565009
vn 0.126175 0.198043 -0.972039
vn 0.284338 0.177171 -0.942211
vn 0.227369 0.163984 -0.959902
vn -0.915183 0.016752 0.402690
vn -0.769792 0.255092 -0.585105
vn -0.874699 0.160286 -0.457395
vn -0.706841 0.314716 -0.633506
vn -0.900997 0.146586 -0.408311
vn -0.934563 0.035563 -0.354017
vn -0.851138 0.104742 -0.514387
vn -0.935806 0.205895 -0.286138
vn -0.833157 0.282721 -0.475310
vn -0.947138 0.183786 -0.262969
vn -0.815841 -0.105353 -0.568599
vn -0.749347 -0.096460 -0.655114
vn -0.858008 -0.138190 -0.494698
vn -0.333861 0.109793 -0.936206
vn -0.379810 0.041585 -0.924129
vn -0.448749 0.076206 -0.890403
vn 0.035606 0.132833 -0.990499
vn 0.024523 0.136601 -0.990323
vn 0.008748 0.186003 -0.982510
vn 0.949287 -0.081493 -0.303668
vn 0.918707 -0.058191 -0.390630
vn 0.872814 -0.043115 -0.486144
vn 0.976171 -0.163076 -0.143168
vn 0.991102 -0.126117 -0.042550
vn 0.982045 -0.108563 -0.154277
vn 0.802557 -0.237046 -0.547460
vn 0.599076 -0.168334 -0.782797
vn 0.720513 -0.215125 -0.659228
vn 0.988953 -0.110802 0.098466
vn 0.995748 -0.038912 0.083492
vn -0.995552 0.090621 0.025755
vn -0.995385 0.056804 -0.077340
vn -0.996525 0.051806 -0.065232
vn -0.980027 -0.116986 -0.160814
vn -0.981234 -0.136522 -0.136168
vn -0.992669 -0.102939 0.063347
vn -0.966485 0.075678 -0.245316
vn -0.983314 0.131367 -0.125842
vn -0.950864 0.188582 -0.245551
vn -0.978296 0.160889 -0.130580
vn -0.987906 0.147987 0.046277
vn -0.992047 0.101510 -0.074415
vn -0.968275 0.100229 0.228904
vn -0.970681 0.140900 0.194746
vn -0.991352 0.112319 0.067872
vn 0.893582 0.041220 -0.447003
vn 0.979736 0.015263 -0.199713
vn 0.914510 0.030439 -0.403416
vn -0.205694 0.284540 -0.936337
vn -0.179012 0.328230 -0.927481
vn -0.862767 0.069944 -0.500740
vn -0.801703 0.056462 -0.595050
vn -0.990772 0.129569 0.039793
vn -0.984771 0.130637 -0.114719
vn -0.957463 0.188749 -0.218262
vn -0.974706 0.213040 -0.067543
vn -0.860088 -0.218148 -0.461151
vn -0.928344 -0.205250 -0.309920
vn -0.924663 -0.202834 -0.322269
vn -0.975527 -0.181483 -0.124139
vn -0.974082 -0.225160 0.021619
vn -0.964507 -0.220563 -0.145185
vn 0.947239 -0.248411 0.202561
vn 0.969763 -0.237873 0.054561
vn 0.894932 -0.076029 -0.439678
vn 0.927985 -0.174819 -0.329062
vn 0.977789 -0.165747 -0.128286
vn 0.983449 -0.176868 0.039317
vn 0.968625 -0.179769 0.171604
vn 0.994532 -0.075529 -0.072123
vn 0.082532 -0.277558 -0.957157
vn 0.077510 -0.185686 -0.979547
vn 0.062842 -0.067892 -0.995712
vn 0.055136 -0.094044 -0.994040
vn 0.069064 -0.117102 -0.990716
vn -0.993730 0.111800 0.000759
vn -0.945065 -0.085361 0.315540
vn -0.931691 0.022235 0.362570
vn -0.991568 -0.069633 -0.109289
vn -0.997006 -0.035623 -0.068627
vn 0.638812 -0.294613 -0.710720
vn 0.027037 0.185196 -0.982330
vn -0.238677 0.294400 -0.925398
vn -0.157847 0.338337 -0.927692
vn -0.188768 0.286180 -0.939398
vn -0.796965 -0.097201 -0.596154
vn -0.851408 -0.142385 -0.504807
vn -0.782552 -0.109863 -0.612816
vn -0.975389 -0.165955 0.145170
vn -0.975519 -0.173325 0.135353
vn -0.969718 -0.143918 -0.197321
vn -0.875007 -0.130116 -0.466297
vn -0.969755 -0.103922 -0.220853
vn 0.999626 -0.010090 0.025405
vn 0.953691 -0.110551 -0.279736
vn 0.858697 -0.337126 -0.385986
vn 0.159178 -0.721740 -0.673613
vn 0.186030 -0.667801 -0.720718
vn 0.222364 -0.728688 -0.647741
vn 0.761838 0.007438 -0.647725
vn 0.676999 0.180259 -0.713568
vn 0.789660 0.173334 -0.588551
vn 0.924655 -0.188570 0.330838
vn 0.985907 0.020857 -0.165989
vn 0.997764 -0.034488 -0.057255
vn 0.458270 0.214514 -0.862539
vn -0.080716 0.387224 -0.918446
vn -0.097240 0.384639 -0.917931
vn -0.129180 0.392830 -0.910493
vn -0.032454 0.313695 -0.948969
vn -0.009900 0.155924 -0.987719
vn 0.781470 0.147679 -0.606215
vn 0.773250 0.167412 -0.611603
vn 0.590664 0.230800 -0.773206
vn -0.946290 0.138677 -0.292067
vn -0.960940 0.161422 -0.224805
vn -0.813596 0.163716 -0.557905
vn -0.995152 0.077985 0.059928
vn -0.987444 0.152026 -0.042918
vn -0.975969 0.087699 -0.199484
vn -0.916380 -0.020022 0.399809
vn -0.947818 0.143207 -0.284838
vn -0.878513 0.184452 -0.440673
vn -0.962809 0.056436 -0.264223
vn 0.979007 -0.032991 -0.201142
vn 0.975237 -0.010268 -0.220925
vn -0.141118 -0.122994 -0.982323
vn -0.575632 -0.039002 -0.816778
vn -0.462554 -0.071043 -0.883740
vn -0.531565 -0.058589 -0.844989
vn -0.987968 -0.064854 0.140401
vn -0.974058 -0.094576 0.205587
vn -0.973222 -0.103836 0.205076
vn -0.976249 0.057948 -0.208760
vn -0.990630 -0.008715 -0.136295
vn -0.976990 -0.154599 0.146937
vn -0.976270 -0.134106 0.170037
vn -0.980846 -0.159729 0.111478
vn -0.971970 -0.189993 0.138483
vn -0.973464 -0.193641 0.121952
vn -0.836940 0.112990 -0.535504
vn -0.769694 0.085814 -0.632620
vn -0.810543 0.023941 -0.585189
vn -0.825601 0.108965 -0.553632
vn 0.972041 -0.153462 -0.177725
vn 0.982281 -0.170092 -0.078696
vn 0.980099 -0.192061 -0.050194
vn 0.993603 -0.104559 -0.042674
vn 0.997674 0.062415 0.027419
vn -0.098107 0.367417 -0.924868
vn -0.170121 0.368144 -0.914073
vn -0.027768 0.368809 -0.929090
vn -0.238256 -0.106363 -0.965361
vn -0.158711 -0.082608 -0.983863
vn -0.201124 -0.037115 -0.978862
vn -0.944166 0.146176 0.295269
vn -0.975808 0.181050 0.122556
vn -0.979032 0.162118 0.123347
vn -0.958029 0.184333 0.219549
vn 0.006288 -0.750323 -0.661041
vn 0.126280 -0.395146 -0.909897
vn 0.118085 -0.396454 -0.910428
vn -0.988856 0.142485 0.043140
vn -0.980411 0.106959 0.165391
vn -0.947418 0.263622 0.181392
vn -0.924417 0.332234 0.187279
vn -0.821166 0.150296 -0.550543
vn -0.783183 0.110313 -0.611928
vn -0.937064 0.030592 -0.347815
vn -0.977782 -0.020935 0.208575
vn -0.942560 -0.045272 0.330956
vn -0.972795 -0.231069 0.016621
vn -0.969760 -0.222494 0.100305
vn -0.976925 -0.210773 -0.034544
vn 0.866434 0.093984 -0.490366
vn 0.987337 0.004826 -0.158563
vn 0.958214 0.043790 -0.282680
vn 0.474034 0.137499 -0.869705
vn -0.067391 0.217537 -0.973723
vn -0.111687 0.178242 -0.977628
vn -0.097921 0.098103 -0.990347
vn -0.991436 0.113891 -0.063899
vn -0.971018 -0.217584 0.098898
vn -0.974035 -0.193898 0.116875
vn -0.973262 -0.208290 0.096833
vn 0.926780 -0.133796 -0.350965
vn 0.966716 -0.204269 -0.154063
vn -0.050268 -0.158614 -0.986060
vn -0.048501 -0.083745 -0.995306
vn 0.951139 -0.098465 -0.292641
vn 0.985264 -0.124046 -0.117760
vn 0.996980 -0.054219 -0.055602
vn 0.997966 -0.047220 -0.042817
vn 0.998314 -0.006559 0.057667
vn -0.985539 -0.167552 -0.025292
vn -0.986103 -0.135727 -0.095810
vn -0.973258 -0.153124 -0.171239
vn -0.988551 -0.150579 0.009660
vn -0.984709 -0.151399 -0.086180
vn -0.965661 0.116321 0.232311
vn -0.977341 0.102738 0.185068
vn -0.825437 0.204108 -0.526302
vn -0.978802 -0.010165 0.204558
vn -0.028718 0.384331 -0.922749
vn -0.032371 0.367251 -0.929558
vn -0.016186 0.377726 -0.925776
vn -0.986072 0.122827 -0.112140
vn -0.988617 0.122810 -0.086920
vn 0.956303 -0.282400 0.075736
vn 0.950826 -0.302458 -0.066700
vn 0.928734 -0.249520 -0.274214
vn 0.820737 -0.034147 -0.570284
vn 0.924412 -0.079054 -0.373112
vn -0.901622 0.140809 -0.408964
vn 0.484267 -0.718559 -0.499158
vn 0.717970 -0.413154 -0.560199
vn 0.136752 0.106291 -0.984886
vn 0.995380 -0.030220 -0.091130
vn 0.957662 0.011706 -0.287658
vn 0.988661 -0.083715 0.124662
vn 0.994792 -0.060127 0.082306
vn -0.885061 0.380889 0.267565
vn -0.933204 0.303519 0.192369
vn -0.970133 -0.221131 0.099716
vn 0.229289 -0.747858 -0.623005
vn -0.979422 0.138189 -0.147092
vn -0.983359 0.176231 -0.044130
vn -0.975543 -0.132996 0.175006
vn -0.993204 -0.114720 0.019642
vn -0.982509 -0.106281 -0.152907
vn -0.995159 -0.089529 -0.040532
vn 0.066827 -0.151926 -0.986130
vn 0.995767 0.084507 -0.036139
vn 0.963978 0.022370 -0.265040
vn 0.995821 0.006393 0.091103
vn 0.743877 0.217137 -0.632059
vn 0.815377 0.082091 -0.573080
vn 0.876743 0.118696 -0.466083
vn 0.987390 -0.081766 -0.135558
vn 0.994348 -0.100487 -0.034263
vn 0.975168 -0.097887 -0.198658
vn 0.379381 0.276668 -0.882907
vn -0.733986 0.001892 -0.679162
vn -0.741599 0.050618 -0.668931
vn -0.680881 -0.033137 -0.731644
vn 0.980273 -0.176466 -0.089024
vn 0.966948 -0.155610 -0.201981
vn -0.002763 0.295756 -0.955260
vn -0.000975 0.264056 -0.964507
vn -0.029196 0.314804 -0.948708
vn 0.187671 -0.683305 -0.705602
vn -0.958327 0.091972 0.270463
vn -0.977875 -0.199503 0.062927
vn -0.965517 0.076445 0.248863
vn -0.986879 -0.064660 0.147946
vn -0.947176 -0.131312 0.292599
vn -0.935625 -0.163927 0.312624
vn -0.902436 0.310725 0.298429
vn -0.950345 0.092048 -0.297273
vn -0.878695 0.108176 -0.464965
vn -0.990003 -0.077121 0.118096
vn -0.982277 -0.117178 0.146292
vn -0.991572 -0.083562 -0.099007
vn -0.971928 -0.209737 0.106610
vn -0.972840 -0.196515 0.122326
vn 0.991198 0.029827 -0.128982
vn 0.907495 0.107532 -0.406065
vn 0.986788 0.084777 -0.138068
vn 0.999923 0.010030 -0.007264
vn 0.995419 -0.092935 0.022436
vn 0.311264 0.095232 -0.945540
vn -0.070295 0.015057 -0.997413
vn -0.067897 0.119848 -0.990468
vn 0.219827 0.073873 -0.972738
vn -0.947842 0.161599 0.274740
vn -0.972825 0.173648 0.153159
vn 0.055744 -0.027955 -0.998054
vn 0.031366 0.182107 -0.982778
vn 0.023643 0.231837 -0.972467
vn 0.015215 0.274438 -0.961485
vn -0.807242 -0.164539 -0.566822
vn -0.827226 -0.160237 -0.538537
vn -0.905624 -0.141901 -0.399636
vn -0.725848 -0.217463 -0.652575
vn -0.520227 -0.252458 -0.815861
vn -0.630928 -0.240126 -0.737746
vn 0.704970 -0.510737 -0.492102
vn 0.341881 -0.773225 -0.534080
vn 0.227783 -0.816667 -0.530255
vn -0.986280 -0.132172 0.098910
vn -0.977433 -0.124754 0.170476
vn -0.970960 -0.148954 0.187217
vn -0.979820 -0.175153 0.096301
vn -0.984394 0.063814 0.163999
vn -0.974260 0.061183 0.216966
vn -0.974448 0.042669 0.220523
vn -0.977772 0.012782 0.209281
vn -0.891116 0.116482 -0.438570
vn -0.854903 0.025804 -0.518145
vn -0.922447 0.063675 -0.380837
vn -0.998190 0.010976 0.059139
vn -0.993119 0.026378 -0.114102
vn -0.988722 -0.026602 -0.147382
vn -0.737164 0.085202 -0.670321
vn -0.835703 -0.119090 -0.536114
vn -0.861761 -0.043895 -0.505412
vn 0.962052 0.270749 0.033919
vn 0.996035 -0.077387 0.043872
vn 0.993345 -0.097163 0.061852
vn 0.996761 0.064913 -0.047467
vn -0.936204 0.192538 0.294025
vn 0.861783 -0.124439 -0.491777
vn 0.739360 -0.177752 -0.649424
vn 0.735025 -0.077531 -0.673593
vn 0.685456 -0.116719 -0.718698
vn 0.456236 -0.201431 -0.866761
vn 0.461939 -0.121151 -0.878598
vn 0.329885 -0.217228 -0.918688
vn 0.594180 -0.100376 -0.798044
vn 0.483359 -0.093018 -0.870466
vn 0.652967 -0.116122 -0.748432
vn -0.106578 -0.229527 -0.967449
vn -0.111521 -0.218564 -0.969429
vn -0.136974 -0.229691 -0.963577
vn -0.963553 0.216515 0.157119
vn -0.935103 0.220693 0.277269
vn -0.678520 0.033008 -0.733840
vn -0.987176 0.152141 0.048333
vn -0.105274 -0.010191 -0.994391
vn -0.132544 0.032205 -0.990654
vn -0.713829 -0.010806 -0.700236
vn -0.571371 0.418249 -0.706118
vn -0.639296 0.375523 -0.671032
vn -0.936090 0.327247 -0.129018
vn -0.916781 0.318728 -0.240677
vn -0.452440 0.369919 -0.811454
vn -0.361634 0.393253 -0.845324
vn -0.468157 0.403800 -0.785986
vn -0.699189 0.348300 -0.624358
vn -0.695975 0.300166 -0.652318
vn -0.745439 0.325757 -0.581552
vn 0.642350 -0.033829 -0.765664
vn 0.712628 -0.097294 -0.694763
vn 0.684325 -0.075709 -0.725237
vn 0.663450 0.000498 -0.748221
vn 0.468768 -0.001166 -0.883320
vn 0.585805 -0.016894 -0.810276
vn -0.373870 0.117449 -0.920015
vn -0.209842 0.127510 -0.969385
vn -0.516214 0.128791 -0.846721
vn -0.980411 0.150862 0.126631
vn -0.985722 0.163698 0.039445
vn -0.967941 -0.117886 0.221795
vn 0.995071 -0.067286 -0.072838
vn 0.961790 -0.089378 -0.258790
vn 0.988475 -0.108306 -0.105767
vn 0.987291 -0.158545 0.010935
vn 0.997207 -0.019218 0.072167
vn 0.145856 -0.474573 -0.868048
vn 0.979870 -0.053461 -0.192348
vn 0.985312 -0.169053 -0.024123
vn -0.983656 -0.089279 -0.156363
vn -0.991321 -0.090462 -0.095389
vn 0.930584 -0.035251 -0.364377
vn -0.975670 -0.174202 0.133124
vn -0.978617 -0.193815 0.068880
vn -0.970977 -0.229540 -0.067192
vn -0.974198 0.008039 0.225550
vn -0.957219 0.011523 -0.289136
vn -0.982825 -0.034850 -0.181220
vn -0.903097 0.023497 -0.428793
vn -0.827589 -0.012970 -0.561185
vn -0.788194 -0.086531 -0.609314
vn -0.788738 -0.036294 -0.613657
vn -0.742603 -0.004821 -0.669715
vn -0.740695 -0.089046 -0.665914
vn -0.762732 -0.192065 -0.617537
vn -0.975460 -0.117049 0.186488
vn -0.989166 -0.144572 0.025480
vn -0.976228 -0.075270 -0.203259
vn -0.782384 -0.236404 -0.576185
vn -0.911121 -0.186905 -0.367320
vn -0.819814 -0.252020 -0.514189
vn -0.847703 -0.141734 -0.511186
vn -0.918237 -0.212697 -0.334066
vn -0.984241 0.075235 -0.160026
vn -0.970114 0.171199 -0.171956
vn -0.975118 0.140234 -0.171698
vn -0.872952 0.169130 -0.457548
vn -0.924747 0.112375 -0.363614
vn -0.918781 0.177739 -0.352492
vn -0.934873 0.169441 -0.311934
vn -0.934280 0.118312 -0.336339
vn -0.889681 0.136487 -0.435706
vn -0.636448 0.158762 -0.754804
vn -0.591514 0.219553 -0.775827
vn -0.913078 0.116068 -0.390918
vn -0.927496 0.142183 -0.345738
vn -0.877259 0.140436 -0.459015
vn -0.338356 0.191302 -0.921368
vn -0.304587 0.253152 -0.918227
vn -0.214985 0.231567 -0.948767
vn -0.858672 0.125661 -0.496883
vn -0.917044 0.125417 -0.378550
vn -0.881667 0.129102 -0.453868
vn -0.969740 0.117251 -0.214141
vn -0.957660 0.119761 -0.261811
vn -0.838787 0.101824 -0.534853
vn -0.889618 0.099924 -0.445641
vn -0.878757 0.076452 -0.471106
vn -0.842941 0.124321 -0.523445
vn -0.655125 0.108701 -0.747660
vn -0.596258 0.104701 -0.795936
vn -0.667842 0.086449 -0.739266
vn -0.485285 0.133595 -0.864090
vn -0.416406 0.146551 -0.897290
vn -0.518646 0.097777 -0.849380
vn 0.961495 -0.195506 -0.193143
vn 0.846919 -0.139495 -0.513097
vn 0.904283 -0.147654 -0.400587
vn 0.826437 -0.146370 -0.543670
vn 0.937456 -0.151291 -0.313508
vn 0.912528 -0.100977 -0.396353
vn 0.766163 -0.109143 -0.633311
vn 0.688017 -0.119853 -0.715729
vn 0.609826 -0.105477 -0.785485
vn 0.942610 -0.143007 -0.301721
vn 0.938188 -0.171907 -0.300418
vn 0.815266 -0.124971 -0.565441
vn 0.492855 -0.069349 -0.867344
vn 0.583598 -0.068282 -0.809167
vn 0.420878 -0.039493 -0.906257
vn -0.461171 -0.107368 -0.880791
vn -0.347079 -0.050624 -0.936468
vn -0.357927 -0.062218 -0.931674
vn 0.839040 -0.097455 -0.535271
vn 0.742541 -0.119211 -0.659106
vn 0.771070 -0.156265 -0.617278
vn 0.579315 -0.142917 -0.802476
vn 0.673445 -0.169416 -0.719562
vn 0.787757 -0.115699 -0.605023
vn 0.384146 -0.067793 -0.920780
vn 0.368356 -0.114106 -0.922656
vn -0.706282 -0.207971 -0.676694
vn -0.725445 -0.209614 -0.655585
vn -0.607886 -0.208809 -0.766077
vn -0.394962 -0.237947 -0.887348
vn -0.212566 -0.203387 -0.955745
vn -0.235115 -0.236363 -0.942790
vn -0.742072 -0.214571 -0.635050
vn -0.589827 0.043407 -0.806362
vn -0.495518 0.021599 -0.868329
vn -0.551623 0.022020 -0.833803
vn -0.652966 0.059683 -0.755032
vn -0.626717 0.056397 -0.777203
vn 0.074782 -0.276850 -0.957999
vn 0.002366 -0.228882 -0.973451
vn -0.737664 0.078768 -0.670557
vn -0.958876 0.128849 0.252894
vn -0.989088 0.145620 0.022333
vn -0.995063 -0.071995 -0.068309
vn -0.956552 0.116360 -0.267338
vn -0.958421 0.091394 -0.270327
vn -0.967449 0.102147 -0.231533
vn -0.942061 0.097301 -0.321021
vn -0.931096 0.362286 -0.042535
vn -0.939101 0.329164 0.098693
vn -0.921103 0.383734 0.065706
vn -0.893113 0.089297 -0.440881
vn -0.825858 0.253833 -0.503514
vn -0.955826 0.069330 -0.285639
vn -0.971057 0.118369 -0.207452
vn -0.965586 0.224179 -0.131863
vn -0.931345 0.251480 -0.263351
vn -0.933139 0.208179 -0.293110
vn -0.897038 0.409691 -0.165760
vn -0.903364 0.423982 -0.064593
vn -0.892675 0.434635 -0.119261
vn -0.978831 0.119304 -0.166304
vn -0.933755 0.096219 -0.344738
vn -0.843952 0.410704 -0.345062
vn -0.868136 0.432062 -0.244259
vn -0.821862 0.445712 -0.354801
vn -0.771909 0.384096 -0.506584
vn -0.967454 0.086489 0.237806
vn -0.986402 0.111606 0.120647
vn -0.969084 -0.100243 0.225449
vn -0.984664 0.040413 0.169718
vn 0.982332 -0.185406 -0.025482
vn 0.616766 0.295642 -0.729518
vn 0.414567 0.310439 -0.855431
vn 0.560311 0.300200 -0.771966
vn 0.749722 -0.011938 -0.661645
vn 0.063317 0.307519 -0.949433
vn 0.275711 0.343170 -0.897897
vn -0.005873 0.331468 -0.943448
vn 0.543332 0.183913 -0.819126
vn 0.578561 -0.031572 -0.815028
vn -0.396818 0.330621 -0.856286
vn -0.367303 0.335137 -0.867624
vn -0.209741 0.340151 -0.916682
vn -0.301743 0.172329 -0.937685
vn -0.120347 0.117789 -0.985719
vn 0.008110 0.114557 -0.993384
vn 0.893951 -0.209057 -0.396417
vn 0.775603 -0.139834 -0.615537
vn 0.490119 -0.158802 -0.857068
vn 0.345510 -0.116631 -0.931139
vn 0.298089 -0.122892 -0.946594
vn 0.511308 0.000762 -0.859397
vn 0.810820 -0.057015 -0.582512
vn 0.636037 -0.031442 -0.771018
vn 0.042923 0.121019 -0.991722
vn 0.130972 0.078659 -0.988261
vn 0.981621 -0.190580 -0.010014
vn -0.778484 -0.106086 -0.618635
vn -0.730244 -0.096399 -0.676351
vn -0.649843 -0.181814 -0.738003
vn -0.592364 -0.234662 -0.770739
vn -0.455210 -0.246188 -0.855673
vn -0.484679 -0.258822 -0.835523
vn -0.668496 -0.216035 -0.711647
vn -0.768362 -0.205487 -0.606131
vn -0.493556 -0.317998 -0.809493
vn -0.390249 -0.400545 -0.829017
vn -0.423623 -0.320051 -0.847414
vn -0.173770 -0.477133 -0.861480
vn -0.126279 -0.389038 -0.912526
vn -0.229501 -0.417286 -0.879319
vn -0.269489 -0.283343 -0.920376
vn -0.327266 -0.284706 -0.901021
vn -0.431084 -0.263301 -0.863041
vn -0.397925 -0.237973 -0.886016
vn -0.483852 -0.170484 -0.858384
vn 0.033114 -0.622180 -0.782174
vn -0.968921 -0.019408 -0.246608
vn -0.844638 0.013751 -0.535161
vn 0.085104 0.005918 -0.996354
vn 0.052319 0.013551 -0.998539
vn 0.028257 0.026202 -0.999257
vn -0.720734 0.177693 -0.670051
vn -0.616441 0.189671 -0.764216
vn -0.737368 0.221962 -0.637982
vn -0.537938 -0.055818 -0.841134
vn -0.426802 -0.023824 -0.904031
vn -0.311496 -0.033755 -0.949648
vn 0.100961 -0.030060 -0.994436
vn -0.886468 0.037829 -0.461242
vn -0.149221 -0.138941 -0.978994
vn -0.062122 -0.032314 -0.997545
vn -0.097159 -0.030041 -0.994815
vn -0.224942 -0.012765 -0.974289
vn -0.736703 -0.127200 -0.664146
vn -0.766699 -0.091546 -0.635446
vn 0.990243 -0.137714 -0.021314
vn 0.990549 -0.134080 0.028906
vn -0.969650 -0.223388 0.099377
vn -0.969505 -0.206649 -0.131743
vn -0.786284 -0.198685 -0.585049
vn -0.786930 -0.191349 -0.586623
vn -0.752229 -0.191280 -0.630526
vn -0.653266 -0.242493 -0.717245
vn -0.407335 -0.262613 -0.874707
vn -0.547247 -0.058360 -0.834934
vn -0.932455 -0.172298 -0.317555
vn -0.950485 -0.205556 -0.233079
vn -0.890348 -0.225147 -0.395715
vn -0.947852 -0.171833 -0.268422
vn -0.993951 0.102629 -0.039086
vn -0.950186 0.154735 -0.270564
vn -0.933575 0.144801 -0.327827
vn -0.983824 0.102286 -0.147063
vn -0.796472 0.105858 -0.595338
vn -0.776177 0.046279 -0.628814
vn -0.803982 0.022970 -0.594209
vn -0.975022 0.217247 0.046209
vn -0.955327 0.293587 0.034009
vn -0.928629 0.367998 -0.047170
vn -0.909014 0.401141 -0.113047
vn -0.897561 0.388146 -0.209111
vn -0.860836 0.456997 -0.223864
vn 0.010978 0.214602 -0.976640
vn -0.192421 -0.046909 -0.980191
vn -0.067200 0.012674 -0.997659
vn -0.409584 0.168179 -0.896636
vn -0.563380 0.164278 -0.809701
vn -0.534967 0.148136 -0.831785
vn -0.638872 0.233210 -0.733114
vn -0.509840 0.274738 -0.815219
vn -0.623909 0.323233 -0.711518
vn -0.291112 0.378586 -0.878593
vn -0.405684 0.374557 -0.833744
vn -0.353091 0.364786 -0.861544
vn 0.932767 -0.020811 -0.359880
vn 0.986865 0.039886 -0.156548
vn 0.916516 0.003377 -0.399983
vn 0.746697 0.074250 -0.661007
vn 0.809066 0.094883 -0.580008
vn 0.659495 0.040547 -0.750615
vn 0.437603 0.038733 -0.898334
vn 0.357715 0.062638 -0.931728
vn 0.216309 0.013163 -0.976236
vn 0.299150 -0.048276 -0.952984
vn 0.407756 -0.019841 -0.912875
vn -0.158320 0.110962 -0.981133
vn -0.322626 -0.081138 -0.943043
vn -0.121761 0.330050 -0.936078
vn -0.124757 0.284928 -0.950396
vn -0.236908 0.087212 -0.967610
vn -0.053501 0.354951 -0.933353
vn -0.051427 0.381277 -0.923029
vn -0.418767 -0.021584 -0.907837
vn -0.399040 0.328394 -0.856110
vn -0.391914 0.190988 -0.899959
vn -0.304576 0.310057 -0.900610
vn -0.303539 0.410672 -0.859775
vn -0.542050 0.380460 -0.749287
vn -0.291982 0.210984 -0.932862
vn 0.655903 -0.106590 -0.747282
vn 0.594201 -0.160435 -0.788153
vn 0.895690 -0.098767 -0.433573
vn 0.950302 -0.054316 -0.306554
vn 0.437597 0.281118 -0.854097
vn 0.360435 0.093028 -0.928134
vn 0.448207 0.049810 -0.892541
vn 0.148608 0.075959 -0.985975
vn 0.031926 -0.043681 -0.998535
vn 0.030678 -0.016129 -0.999399
vn -0.022761 -0.034837 -0.999134
vn 0.280318 -0.016231 -0.959770
vn -0.124623 0.232931 -0.964475
vn 0.099597 0.346639 -0.932696
vn -0.995763 -0.048515 -0.078122
vn -0.979349 -0.062369 -0.192318
vn -0.973273 -0.087267 -0.212424
vn -0.965295 -0.110002 -0.236866
vn 0.072071 -0.035544 -0.996766
vn 0.108544 -0.025103 -0.993775
vn -0.787011 -0.120028 -0.605151
vn -0.679523 -0.075658 -0.729742
vn -0.655950 -0.126977 -0.744047
vn -0.841412 0.431230 -0.325677
vn -0.799146 0.421182 -0.428919
vn -0.762735 0.451563 -0.462954
vn -0.736248 0.436970 -0.516717
vn -0.672028 0.411197 -0.615869
vn -0.510348 0.422414 -0.749074
vn -0.567352 0.411731 -0.713154
vn -0.605718 0.423642 -0.673523
vn -0.874453 0.264859 -0.406425
vn -0.898654 0.232350 -0.372069
vn -0.861041 0.388072 -0.328647
vn -0.727807 0.178492 -0.662146
vn -0.846184 0.358854 -0.393949
vn -0.828049 0.331902 -0.451859
vn -0.986359 0.160449 -0.036779
vn -0.981952 0.189055 -0.005369
vn -0.971202 0.190786 -0.142716
vn -0.630552 0.293791 -0.718395
vn -0.712861 0.243911 -0.657523
vn -0.688857 0.157071 -0.707676
vn -0.728208 0.114464 -0.675730
vn -0.712648 0.171513 -0.680233
vn -0.803185 0.167083 -0.571819
vn -0.830877 0.074950 -0.551385
vn 0.858765 -0.069932 -0.507575
vn 0.959947 -0.072668 -0.270593
vn 0.148760 -0.519261 -0.841570
vn 0.012221 -0.348411 -0.937262
vn 0.024266 -0.486010 -0.873616
vn -0.102854 -0.432275 -0.895857
vn -0.084420 -0.203474 -0.975434
vn -0.146333 -0.289016 -0.946074
vn -0.159797 -0.199287 -0.966825
vn -0.309115 -0.302110 -0.901764
vn -0.318505 -0.232416 -0.918987
vn -0.172296 -0.337020 -0.925598
vn -0.580321 -0.070048 -0.811370
vn -0.521215 -0.035894 -0.852670
vn -0.500099 -0.085917 -0.861696
vn -0.242563 -0.126362 -0.961871
vn -0.242877 -0.221235 -0.944493
vn -0.340371 -0.098977 -0.935068
vn -0.039453 0.084929 -0.995606
vn -0.181159 0.066068 -0.981232
vn -0.275360 -0.049008 -0.960091
vn -0.226151 -0.110152 -0.967844
vn -0.354902 -0.067125 -0.932491
vn 0.892530 -0.090841 -0.441744
vn 0.958312 -0.062560 -0.278790
vn 0.751134 -0.043265 -0.658731
vn 0.793478 -0.079285 -0.603413
vn 0.539147 -0.079772 -0.838425
vn 0.492953 -0.040084 -0.869132
vn 0.263598 -0.058638 -0.962849
vn 0.122509 -0.021652 -0.992231
vn 0.355858 -0.015782 -0.934407
vn 0.730807 -0.010188 -0.682508
vn 0.562982 -0.027496 -0.826012
vn 0.218852 -0.061782 -0.973800
vn -0.183893 -0.049199 -0.981714
vn 0.220047 -0.047048 -0.974354
vn 0.306207 -0.052682 -0.950506
vn 0.129242 -0.050186 -0.990342
vn -0.241006 0.386063 -0.890433
vn -0.169081 0.365535 -0.915312
vn -0.313912 0.298407 -0.901339
vn -0.369776 0.334615 -0.866775
vn -0.233544 0.360609 -0.903005
vn -0.074546 0.389075 -0.918185
vn -0.048734 0.375366 -0.925595
vn -0.063644 0.374276 -0.925131
vn 0.151425 0.218893 -0.963928
vn -0.022807 0.231080 -0.972668
vn 0.140153 0.252201 -0.957471
vn 0.385049 0.333910 -0.860373
vn 0.596885 0.249832 -0.762438
vn 0.317833 0.258191 -0.912315
vn 0.877665 0.177916 -0.445028
vn -0.660173 0.108998 -0.743163
vn -0.643429 0.113649 -0.757023
vn -0.780622 0.114362 -0.614452
vn -0.777763 0.280829 -0.562334
vn -0.805571 0.177231 -0.565371
vn -0.497843 0.167177 -0.851002
vn -0.344310 0.084567 -0.935040
vn -0.669380 0.322355 -0.669341
vn -0.996988 0.075986 0.015530
vn -0.990551 -0.044555 0.129703
vn -0.315519 0.346128 -0.883540
vn -0.112173 0.346518 -0.931312
vn 0.162429 0.374192 -0.913015
vn -0.051977 0.267349 -0.962197
vn -0.220396 0.237852 -0.945966
vn -0.236100 0.266031 -0.934604
vn 0.929981 0.051954 -0.363918
vn 0.870447 0.027922 -0.491470
vn 0.714972 0.070515 -0.695588
vn 0.614232 0.003599 -0.789118
vn 0.782825 0.031037 -0.621468
vn -0.786371 0.382602 -0.485013
vn -0.730810 0.339881 -0.591944
vn -0.703182 0.412963 -0.578789
vn -0.379230 -0.001425 -0.925302
vn -0.452464 0.053258 -0.890191
vn -0.460417 -0.017608 -0.887528
vn -0.457240 -0.033472 -0.888714
vn -0.537436 0.002593 -0.843300
vn -0.650402 0.066467 -0.756677
vn -0.600952 0.078249 -0.795446
vn -0.716440 0.064280 -0.694681
vn -0.569736 -0.032198 -0.821197
vn 0.280378 0.007198 -0.959863
vn 0.101086 0.007468 -0.994850
vn 0.102388 -0.031498 -0.994246
vn -0.302868 0.028616 -0.952603
vn -0.470828 0.018453 -0.882032
vn -0.243693 0.025972 -0.969505
vn -0.238555 -0.036510 -0.970443
vn 0.031733 0.002865 -0.999492
vn -0.893514 -0.044578 -0.446817
vn -0.967221 -0.045960 -0.249741
vn -0.849343 -0.033823 -0.526757
vn 0.027206 -0.066868 -0.997391
vn 0.097604 -0.045200 -0.994198
vn -0.077809 -0.069295 -0.994557
vn -0.470393 -0.109564 -0.875629
vn -0.249621 -0.099923 -0.963174
vn -0.486637 -0.169161 -0.857070
vn -0.626874 -0.094510 -0.773367
vn -0.915791 0.379481 0.131612
vn -0.947757 0.269969 0.169924
vn -0.987821 0.124916 -0.092768
vn -0.959117 0.263415 -0.103480
vn -0.964238 0.256804 0.065551
vn -0.041121 0.359276 -0.932325
vn -0.044521 0.384887 -0.921889
vn -0.026368 0.291233 -0.956289
vn -0.270608 0.353477 -0.895447
vn -0.205511 0.389619 -0.897754
vn -0.169025 0.393905 -0.903476
vn -0.095764 0.356315 -0.929446
vn -0.064585 0.332164 -0.941008
vn -0.058484 0.384853 -0.921123
vn -0.063192 0.376600 -0.924218
vn -0.100351 0.373726 -0.922095
vn -0.082731 0.300980 -0.950035
vn -0.278691 0.165217 -0.946063
vn -0.399686 0.216088 -0.890818
vn -0.158114 0.318040 -0.934800
vn -0.247530 0.307199 -0.918889
vn 0.308564 0.213342 -0.926970
vn 0.306726 0.215738 -0.927025
vn -0.056705 0.216780 -0.974572
vn -0.180125 0.234314 -0.955328
vn -0.023720 0.302086 -0.952986
vn 0.126896 0.279405 -0.951751
vn 0.194455 0.314340 -0.929181
vn 0.212282 -0.028255 -0.976800
vn 0.386425 -0.015049 -0.922198
vn 0.455718 -0.063480 -0.887858
vn 0.608861 -0.077979 -0.789435
vn -0.093817 -0.019621 -0.995396
vn 0.084554 -0.009187 -0.996377
vn 0.037181 0.016648 -0.999170
vn -0.129368 -0.097419 -0.986800
vn 0.073980 -0.083726 -0.993739
vn -0.902149 0.270452 -0.336129
vn -0.850097 0.303488 -0.430383
vn 0.362582 0.379319 -0.851265
vn 0.433983 0.331315 -0.837788
vn 0.291268 0.347664 -0.891231
vn 0.299727 -0.069668 -0.951478
vn 0.773412 -0.123564 -0.621744
vn 0.878618 -0.153726 -0.452105
vn 0.864794 -0.137886 -0.482824
vn 0.898832 -0.137424 -0.416192
vn 0.718673 -0.082397 -0.690449
vn 0.785096 -0.089451 -0.612881
vn 0.472010 -0.091403 -0.876842
vn 0.487193 -0.066489 -0.870759
vn 0.383441 -0.027943 -0.923143
vn 0.253521 -0.180086 -0.950419
vn 0.540943 -0.082124 -0.837040
vn 0.742561 -0.101344 -0.662067
vn 0.157317 -0.225667 -0.961419
vn 0.352932 -0.214072 -0.910831
vn -0.065350 -0.257376 -0.964099
vn 0.057380 -0.276783 -0.959218
vn 0.009340 -0.383980 -0.923294
vn -0.071927 -0.520520 -0.850814
vn 0.067699 -0.569858 -0.818950
vn -0.357739 -0.335607 -0.871430
vn -0.224080 -0.405883 -0.886029
vn -0.278125 -0.479062 -0.832554
vn -0.094597 -0.301363 -0.948805
vn 0.294424 -0.022647 -0.955406
vn 0.084481 -0.044790 -0.995418
vn -0.218494 -0.050515 -0.974530
vn -0.207439 -0.071805 -0.975609
vn -0.116905 -0.037888 -0.992420
vn 0.221427 -0.227956 -0.948159
vn 0.033597 -0.217208 -0.975547
vn -0.175155 -0.149660 -0.973100
vn -0.168330 -0.058359 -0.984002
vn -0.267534 -0.104630 -0.957851
vn -0.135988 -0.167563 -0.976437
vn -0.322801 -0.226955 -0.918853
vn -0.402197 -0.226887 -0.886995
vn -0.449776 -0.207169 -0.868782
vn -0.392791 -0.175911 -0.902647
vn -0.649614 -0.245550 -0.719519
vn 0.416184 -0.100350 -0.903726
vn 0.183524 -0.211103 -0.960080
vn -0.005466 0.239771 -0.970814
vn -0.846876 -0.080036 -0.525734
vn -0.965338 -0.076220 -0.249627
vn -0.941988 -0.119386 -0.313698
vn -0.781614 -0.092333 -0.616891
vn -0.789845 -0.130564 -0.599248
vn -0.669254 -0.108011 -0.735142
vn -0.976358 -0.147272 -0.158226
vn 0.223356 -0.717897 -0.659346
vn 0.246929 -0.642437 -0.725466
vn -0.086418 -0.592019 -0.801278
vn -0.106931 -0.546095 -0.830871
vn -0.013891 -0.611955 -0.790771
vn 0.853217 -0.064698 -0.517528
vn 0.438098 -0.472551 -0.764700
vn 0.545376 -0.303166 -0.781444
vn 0.426390 -0.200538 -0.882030
vn 0.807277 -0.118930 -0.578066
vn 0.751655 -0.093176 -0.652942
vn 0.592908 -0.151875 -0.790818
vn 0.820998 -0.128665 -0.556245
vn 0.511885 -0.192436 -0.837223
vn 0.513340 -0.210270 -0.832027
vn -0.657975 0.123012 -0.742925
vn -0.642896 0.327728 -0.692300
vn -0.937989 -0.193400 -0.287703
vn -0.854259 -0.182108 -0.486906
vn -0.784908 -0.197260 -0.587375
vn -0.259910 -0.032390 -0.965089
vn -0.337183 -0.058518 -0.939619
vn -0.217425 -0.002517 -0.976074
vn -0.515107 -0.031917 -0.856532
vn -0.573509 -0.041553 -0.818145
vn -0.455942 -0.014051 -0.889899
vn -0.041660 -0.078109 -0.996074
vn -0.580058 -0.073716 -0.811233
vn -0.492083 -0.084264 -0.866461
vn -0.275405 -0.090187 -0.957088
vn -0.832880 -0.118087 -0.540709
vn -0.967805 -0.136057 -0.211760
vn -0.931342 -0.126754 -0.341372
vn -0.696506 -0.087581 -0.712186
vn -0.724865 -0.075408 -0.684752
vn -0.740446 -0.099688 -0.664682
vn -0.806098 -0.086361 -0.585446
vn -0.886118 -0.119159 -0.447880
vn -0.830775 -0.131558 -0.540838
vn -0.737997 -0.202761 -0.643621
vn -0.694400 -0.209860 -0.688308
vn -0.712367 -0.170733 -0.680723
vn -0.584769 -0.151973 -0.796837
vn -0.618951 -0.152483 -0.770486
vn -0.908893 -0.117565 -0.400115
vn -0.937610 -0.122074 -0.325555
vn -0.877251 -0.125643 -0.463297
vn -0.960261 -0.135097 -0.244229
vn -0.965777 -0.147512 -0.213341
vn 0.043094 0.359467 -0.932162
vn -0.984184 0.117436 -0.132632
vn -0.996575 0.048728 -0.066814
vn -0.869301 0.248059 -0.427531
vn -0.939791 0.162837 -0.300463
vn -0.967666 0.152679 -0.200779
vn -0.892454 0.164289 -0.420161
vn -0.313024 0.289902 -0.904418
vn -0.916779 0.321646 0.236772
vn -0.928639 0.339105 0.150458
vn -0.547449 0.334704 -0.766990
vn -0.497340 0.372866 -0.783342
vn -0.445649 0.339721 -0.828243
vn -0.566436 0.264233 -0.780597
vn -0.457515 0.297908 -0.837813
vn -0.438574 0.210084 -0.873795
vn -0.106510 0.234626 -0.966233
vn -0.747060 0.140743 -0.649687
vn -0.404832 0.272840 -0.872737
vn -0.957000 0.224002 0.184320
vn 0.057514 0.028681 -0.997933
vn -0.181300 0.057600 -0.981740
vn -0.198902 0.135158 -0.970655
vn -0.264245 0.213463 -0.940536
vn -0.249478 0.047165 -0.967231
vn -0.255151 0.020381 -0.966686
vn -0.791161 0.089745 -0.604988
vn -0.751647 0.084136 -0.654177
vn -0.551450 0.040399 -0.833229
vn -0.116686 0.313613 -0.942354
vn -0.077908 0.340817 -0.936896
vn -0.609655 -0.125095 -0.782734
vn -0.545396 -0.159368 -0.822888
vn -0.556765 -0.259231 -0.789184
vn -0.463706 -0.274688 -0.842332
vn -0.388918 -0.402420 -0.828735
vn -0.640612 -0.036389 -0.767002
vn -0.625595 0.010991 -0.780071
vn -0.802618 -0.117003 -0.584906
vn -0.674439 -0.037668 -0.737369
vn -0.802688 -0.130682 -0.581906
vn -0.722264 0.088903 -0.685879
vn -0.744133 0.081538 -0.663037
vn -0.791008 0.096551 -0.604139
vn -0.793610 0.072060 -0.604144
vn -0.724644 0.084950 -0.683867
vn -0.795572 0.094151 -0.598500
vn -0.892416 0.102851 -0.439334
vn -0.826265 0.137758 -0.546177
vn 0.066816 -0.662121 -0.746412
vn 0.134714 -0.677871 -0.722733
vn 0.196725 -0.613555 -0.764755
vn -0.824068 0.114869 -0.554722
vn -0.180373 -0.072646 -0.980912
vn -0.152200 -0.174438 -0.972834
vn -0.732402 -0.166338 -0.660242
vn -0.511807 -0.263017 -0.817848
vn -0.570123 -0.254920 -0.781009
vn -0.488552 -0.284951 -0.824694
vn -0.913903 0.078393 -0.398291
vn -0.957722 0.162521 -0.237395
vn -0.983811 0.168342 -0.061450
vn -0.931274 0.102176 -0.349699
vn -0.908571 0.079671 -0.410062
vn -0.988217 -0.152777 -0.009248
vn -0.983751 -0.179291 -0.009391
vn -0.992351 -0.022692 -0.121349
vn -0.902503 -0.028805 -0.429719
vn -0.773859 -0.003855 -0.633346
vn -0.806173 -0.011633 -0.591565
vn -0.956321 -0.025705 -0.291188
vn -0.998930 -0.044347 0.013156
vn -0.797288 -0.056690 -0.600931
vn -0.775436 -0.103641 -0.622863
vn -0.729167 -0.074988 -0.680214
vn -0.747150 -0.007070 -0.664618
vn -0.703727 0.017698 -0.710250
vn -0.418236 0.026440 -0.907954
vn -0.668735 0.105676 -0.735952
vn -0.769076 0.119829 -0.627824
vn -0.059208 0.021953 -0.998004
vn -0.083549 0.042161 -0.995611
vn -0.115354 0.085907 -0.989603
vn 0.308695 -0.219239 -0.925550
vn 0.152511 -0.581068 -0.799438
vn -0.265349 -0.502709 -0.822723
vn -0.208103 -0.532304 -0.820576
vn -0.519628 -0.334260 -0.786293
vn -0.085395 -0.468279 -0.879444
vn 0.086506 -0.574479 -0.813935
vn -0.458856 -0.277252 -0.844146
vn -0.367403 -0.308786 -0.877306
vn -0.284084 -0.366884 -0.885828
vn -0.481633 -0.248225 -0.840484
vn -0.159176 -0.308736 -0.937734
vn -0.133666 -0.272650 -0.952783
vn -0.437548 -0.232305 -0.868669
vn -0.723775 -0.229834 -0.650636
vn -0.395874 -0.095585 -0.913317
vn -0.465344 -0.114325 -0.877715
vn -0.808796 -0.199190 -0.553328
vn -0.876754 -0.195453 -0.439432
vn -0.470903 -0.071174 -0.879309
vn -0.580788 -0.120686 -0.805059
vn -0.714209 -0.178595 -0.676764
vn 0.022585 -0.201866 -0.979153
vn -0.123607 -0.165552 -0.978424
vn -0.056873 -0.050514 -0.997103
vn -0.073791 -0.107048 -0.991512
vn -0.042684 -0.041519 -0.998226
vn -0.208758 -0.014809 -0.977855
vn -0.207719 -0.014394 -0.978083
vn 0.163183 -0.111303 -0.980297
vn 0.181940 -0.099869 -0.978225
vn 0.013329 -0.158199 -0.987317
vn 0.975417 -0.043093 -0.216114
vn 0.839628 -0.026809 -0.542499
vn 0.833039 -0.052563 -0.550711
vn 0.730198 -0.031281 -0.682519
vn 0.351976 -0.056959 -0.934274
vn 0.216479 -0.055380 -0.974715
vn 0.287625 -0.036210 -0.957059
vn 0.195256 -0.045659 -0.979689
vn 0.407156 0.000832 -0.913358
vn 0.250106 0.014307 -0.968113
vn 0.486434 0.031281 -0.873157
vn 0.426098 0.015833 -0.904538
vn 0.235881 -0.015502 -0.971658
vn 0.178641 -0.072210 -0.981261
vn 0.090556 -0.075169 -0.993051
vn -0.074165 -0.145673 -0.986549
vn 0.132481 -0.017636 -0.991029
vn -0.068562 -0.009002 -0.997606
vn -0.101750 -0.046610 -0.993718
vn -0.197919 -0.007979 -0.980186
vn -0.362609 -0.083503 -0.928193
vn -0.613584 -0.118959 -0.780617
vn -0.292482 -0.057479 -0.954542
vn -0.179802 -0.089780 -0.979597
vn -0.232627 -0.051577 -0.971197
vn -0.248110 -0.074102 -0.965894
vn 0.066906 -0.037659 -0.997048
vn -0.037227 -0.006843 -0.999283
vn -0.331933 -0.024168 -0.942993
vn 0.408165 -0.055898 -0.911196
vn 0.156272 -0.023509 -0.987434
vn -0.067387 -0.031418 -0.997232
vn -0.643338 -0.009662 -0.765521
vn -0.578534 0.018720 -0.815443
vn -0.824367 -0.121668 -0.552825
vn -0.739138 -0.149351 -0.656787
vn -0.480246 -0.081012 -0.873385
vn -0.153624 -0.005742 -0.988113
vn -0.609550 -0.063054 -0.790236
vn -0.950532 -0.168125 -0.261196
vn -0.941365 -0.243555 -0.233481
vn -0.784818 -0.113566 -0.609232
vn -0.902965 -0.113783 -0.414377
vn -0.976153 -0.134491 -0.170404
vn -0.976458 -0.142538 -0.161906
vn 0.503364 0.038650 -0.863210
vn 0.647422 0.057269 -0.759977
vn 0.573694 0.064839 -0.816499
vn 0.541365 0.028136 -0.840317
vn 0.804091 0.038905 -0.593232
vn 0.212078 -0.017944 -0.977088
vn 0.780650 0.022952 -0.624547
vn 0.651017 0.084895 -0.754301
vn 0.960867 0.017899 -0.276430
vn 0.881410 0.050979 -0.469593
vn 0.805957 0.044908 -0.590269
vn 0.666219 0.012211 -0.745656
vn 0.590083 -0.129004 -0.796969
vn 0.221148 0.022397 -0.974983
vn 0.243090 -0.047516 -0.968839
vn 0.198825 0.005335 -0.980021
vn 0.300216 0.003821 -0.953864
vn 0.067723 0.115707 -0.990972
vn -0.469253 0.137053 -0.872363
vn 0.060980 0.098961 -0.993221
vn -0.063155 0.123401 -0.990345
vn 0.451820 0.359952 -0.816268
vn 0.462827 0.325632 -0.824473
vn 0.687171 0.209350 -0.695678
vn 0.790849 0.224603 -0.569308
vn 0.903813 0.142459 -0.403519
vn 0.892497 0.125388 -0.433275
vn 0.973209 0.056146 -0.222961
vn 0.918921 0.148363 -0.365476
vn -0.581168 -0.007879 -0.813745
vn -0.826350 0.080290 -0.557404
vn -0.163248 0.375860 -0.912184
vn -0.206373 0.123288 -0.970675
vn -0.358239 0.174430 -0.917191
vn -0.467688 0.115057 -0.876373
vn -0.634848 0.237732 -0.735155
vn 0.082015 0.026798 -0.996271
vn 0.028217 0.079310 -0.996451
vn 0.126711 0.008020 -0.991907
vn 0.114113 0.006678 -0.993445
vn 0.431521 -0.004871 -0.902090
vn -0.123447 -0.049317 -0.991125
vn -0.773810 0.247756 -0.582954
vn -0.642264 0.296000 -0.707023
vn -0.569191 0.317693 -0.758349
vn -0.508278 0.376050 -0.774751
vn -0.506596 0.352273 -0.786933
vn -0.980420 0.147430 -0.130545
vn -0.763158 0.121601 -0.634668
vn -0.794614 0.207906 -0.570407
vn -0.621567 0.378324 -0.685949
vn -0.775225 0.261388 -0.575068
vn -0.799155 0.298372 -0.521848
vn -0.840753 0.231937 -0.489224
vn -0.555966 0.358785 -0.749783
vn -0.456251 0.408191 -0.790705
vn -0.361872 0.359912 -0.859949
vn -0.806793 0.422719 -0.412788
vn -0.826983 0.061251 -0.558881
vn -0.997006 0.072150 0.027805
vn -0.986828 0.150861 -0.058403
vn -0.402111 0.412783 -0.817262
vn -0.126128 0.379980 -0.916355
vn -0.189808 0.130282 -0.973139
vn -0.991095 0.090728 -0.097461
vn -0.982459 -0.012062 -0.186088
vn -0.942144 -0.178590 -0.283673
vn -0.860304 -0.109355 -0.497914
vn -0.982158 -0.184702 0.035361
vn -0.961042 -0.197096 -0.193780
vn -0.765796 -0.184300 -0.616109
vn -0.907463 -0.224961 -0.354829
vn -0.785915 -0.170822 -0.594271
vn -0.936475 -0.157179 -0.313544
vn -0.960010 -0.136840 -0.244244
vn -0.971005 -0.183411 -0.153329
vn -0.960558 -0.159695 -0.227653
vn -0.949161 -0.191680 -0.249705
vn -0.914687 -0.172394 -0.365552
vn -0.946695 -0.111696 -0.302146
vn -0.932617 -0.138354 -0.333294
vn -0.950052 -0.174655 -0.258645
vn -0.335407 -0.016717 -0.941925
vn 0.988753 -0.123397 -0.084508
vn -0.574712 0.185523 -0.797049
vn 0.486235 -0.100889 -0.867984
vn 0.344800 0.279826 -0.895997
vn -0.353416 0.340559 -0.871273
vn -0.524125 -0.309958 -0.793233
vn 0.984833 -0.099804 -0.141928
vn -0.044231 0.320356 -0.946264
vn 0.781089 -0.110081 -0.614640
vn 0.483276 -0.023869 -0.875143
vn 0.404354 -0.110780 -0.907869
vn 0.640059 0.143244 -0.754855
vn 0.767700 0.030396 -0.640088
vn 0.777917 0.061707 -0.625329
vn 0.189450 0.323089 -0.927212
vn -0.960063 0.262527 0.096741
vn -0.598664 -0.229040 -0.767556
vn -0.679740 -0.140002 -0.719967
vn -0.948496 0.316546 -0.012416
vn -0.061621 0.387708 -0.919720
vn 0.058897 -0.023838 -0.997980
vn 0.281495 -0.033076 -0.958993
vn -0.834851 -0.081432 0.544420
vn -0.653749 -0.174167 0.736395
vn -0.666542 -0.157703 0.728595
vn -0.785883 -0.098469 0.610485
vn -0.872835 -0.054455 0.484969
vn -0.876615 -0.075004 0.475310
vn -0.637454 -0.153616 0.755020
vn -0.710045 -0.109842 0.695537
vn -0.557332 -0.151922 0.816273
vn -0.875529 -0.087915 0.475100
vn -0.889488 -0.066152 0.452146
vn -0.812677 -0.124646 0.569228
vn -0.753965 -0.123083 0.645281
vn -0.797940 -0.196145 0.569928
vn -0.743641 -0.204593 0.636507
vn -0.670858 -0.206547 0.712242
vn -0.884398 -0.106926 0.454321
vn -0.779065 -0.150185 0.608689
vn -0.900569 -0.145378 0.409684
vn -0.443674 -0.271772 0.853987
vn -0.642976 -0.231307 0.730122
vn -0.476111 -0.245558 0.844405
vn -0.743663 -0.221689 0.630729
vn -0.892061 -0.170301 0.418599
vn -0.752529 -0.320035 0.575567
vn -0.828278 -0.289689 0.479622
vn -0.833050 -0.296799 0.466837
vn -0.885098 -0.221007 0.409582
vn -0.784484 -0.287913 0.549264
vn -0.768398 -0.315339 0.556890
vn -0.733160 -0.298395 0.611096
vn -0.766302 -0.301751 0.567210
vn -0.821606 -0.238113 0.517944
vn -0.794602 -0.290041 0.533370
vn -0.722274 -0.253804 0.643353
vn -0.843225 -0.217335 0.491667
vn -0.754032 -0.285410 0.591588
vn -0.847258 -0.263576 0.461175
vn -0.342325 -0.204344 0.917092
vn -0.228375 -0.176053 0.957523
vn -0.437904 -0.148242 0.886715
vn -0.017961 -0.153572 0.987974
vn -0.081012 -0.130701 0.988106
vn 0.230990 -0.233252 0.944583
vn 0.428042 -0.135344 0.893567
vn 0.646192 -0.160263 0.746158
vn -0.390195 -0.163758 0.906053
vn 0.862120 -0.079919 0.500362
vn 0.860188 -0.068813 0.505314
vn 0.692372 -0.088672 0.716072
vn 0.885920 0.031873 0.462742
vn 0.709935 -0.034805 0.703407
vn 0.875813 0.009281 0.482561
vn 0.853425 -0.027029 0.520515
vn 0.659495 -0.062722 0.749088
vn -0.850844 -0.246580 0.463964
vn -0.881414 -0.218357 0.418843
vn -0.866946 -0.203148 0.455122
vn -0.869124 -0.202250 0.451351
vn -0.807103 -0.205059 0.553657
vn -0.865912 -0.192538 0.461654
vn -0.308332 -0.240879 0.920276
vn -0.333371 -0.251352 0.908673
vn -0.103330 -0.276150 0.955544
vn -0.899401 -0.185510 0.395809
vn -0.863029 -0.238136 0.445502
vn -0.924531 -0.134765 0.356483
vn -0.823201 -0.174321 0.540326
vn -0.907784 -0.151594 0.391085
vn -0.879200 -0.195303 0.434585
vn -0.932194 -0.117738 0.342275
vn -0.905056 -0.161656 0.393372
vn -0.924921 -0.152149 0.348385
vn -0.944793 -0.115126 0.306777
vn -0.947400 -0.112374 0.299675
vn -0.847817 -0.249368 0.467997
vn -0.830234 -0.256149 0.495074
vn 0.860204 0.032159 0.508935
vn 0.847827 0.048598 0.528041
vn 0.665965 0.022455 0.745645
vn -0.488759 -0.146785 0.859982
vn -0.971272 -0.110558 0.210733
vn -0.962674 -0.142199 0.230301
vn -0.918299 -0.173177 0.356000
vn -0.984192 -0.062083 0.165864
vn -0.930959 -0.183308 0.315773
vn -0.988766 -0.117002 0.093024
vn -0.951181 -0.143595 0.273194
vn -0.942034 -0.171734 0.288234
vn -0.944435 -0.141953 0.296467
vn -0.905709 -0.162036 0.391708
vn -0.942133 -0.221022 0.252060
vn -0.931814 -0.215435 0.292080
vn -0.115899 -0.596026 0.794557
vn -0.074237 -0.344683 0.935779
vn -0.919045 -0.202741 0.338012
vn -0.946429 -0.184331 0.265131
vn -0.847336 -0.203552 0.490498
vn -0.901213 -0.220514 0.373081
vn -0.998916 -0.044604 -0.013342
vn -0.949606 -0.244677 0.195911
vn -0.986856 -0.152613 0.053149
vn -0.918289 -0.393074 -0.047296
vn -0.975609 -0.211479 -0.058845
vn -0.999732 0.011054 0.020323
vn -0.999667 -0.001188 -0.025781
vn -0.967369 -0.187883 0.169989
vn -0.995982 -0.086344 0.023766
vn -0.881051 -0.315591 0.352351
vn -0.987378 -0.033321 0.154834
vn -0.948677 -0.110718 0.296231
vn -0.527094 -0.726191 0.441382
vn -0.928323 -0.136076 0.345976
vn -0.089223 -0.252526 0.963468
vn -0.049573 -0.135125 0.989588
vn -0.027274 -0.161674 0.986467
vn 0.101707 -0.210963 0.972189
vn 0.126726 -0.126129 0.983886
vn 0.199145 -0.268909 0.942353
vn -0.830967 -0.177217 0.527340
vn -0.003158 -0.075591 0.997134
vn 0.104016 -0.431470 0.896111
vn 0.144464 -0.384197 0.911879
vn 0.265012 -0.346332 0.899902
vn 0.112451 -0.331416 0.936759
vn 0.234305 -0.379364 0.895089
vn -0.019437 -0.076487 0.996881
vn 0.015598 0.117861 0.992908
vn 0.052121 0.101954 0.993423
vn 0.004799 0.063018 0.998001
vn 0.138147 0.003426 0.990406
vn 0.143994 0.106215 0.983862
vn 0.168292 0.076671 0.982751
vn 0.043510 0.077172 0.996068
vn 0.160280 -0.294601 0.942083
vn 0.106180 0.097326 0.989572
vn 0.109032 0.186250 0.976434
vn -0.002666 0.199076 0.979981
vn 0.039410 0.159089 0.986477
vn 0.083181 -0.294663 0.951974
vn 0.245763 -0.318193 0.915617
vn 0.037979 -0.417823 0.907734
vn 0.026562 -0.199911 0.979454
vn 0.120683 -0.345356 0.930680
vn 0.664457 -0.008657 0.747276
vn 0.840195 0.063576 0.538545
vn 0.847386 -0.013102 0.530816
vn 0.849264 -0.037145 0.526661
vn 0.683222 -0.191379 0.704685
vn 0.655103 -0.021000 0.755248
vn 0.686357 -0.111537 0.718661
vn 0.560341 -0.139573 0.816417
vn -0.873866 -0.223342 0.431830
vn -0.786060 -0.236223 0.571235
vn 0.846617 -0.201624 0.492532
vn 0.812465 -0.250037 0.526671
vn 0.809225 -0.195585 0.553988
vn 0.540916 -0.195965 0.817929
vn 0.585922 -0.299716 0.752905
vn 0.819868 -0.162419 0.549033
vn 0.842560 -0.144398 0.518886
vn 0.842462 -0.171524 0.510722
vn 0.809344 -0.117741 0.575413
vn 0.856346 -0.078346 0.510425
vn 0.848471 -0.099231 0.519856
vn -0.802983 -0.258563 0.536994
vn -0.848166 -0.229086 0.477633
vn 0.729300 -0.255867 0.634550
vn 0.789214 -0.248105 0.561770
vn 0.762704 -0.283866 0.581122
vn 0.913169 -0.192075 0.359485
vn 0.861344 -0.242895 0.446194
vn 0.837574 -0.236438 0.492511
vn 0.913233 -0.181702 0.364678
vn 0.833148 -0.229230 0.503307
vn 0.825518 -0.223000 0.518451
vn 0.899820 -0.192635 0.391429
vn 0.917075 -0.185562 0.352904
vn 0.915389 -0.210909 0.342900
vn 0.865203 -0.252335 0.433302
vn 0.901715 -0.221016 0.371567
vn 0.891098 -0.234484 0.388537
vn -0.164020 -0.282936 0.945010
vn -0.204456 -0.280271 0.937894
vn 0.029040 -0.275735 0.960795
vn 0.799145 -0.262158 0.540963
vn 0.874201 -0.233492 0.425740
vn 0.882415 -0.215977 0.417969
vn 0.900479 -0.245446 0.359018
vn 0.873161 -0.231288 0.429063
vn 0.896851 -0.228566 0.378704
vn 0.881948 -0.220313 0.416690
vn 0.805628 -0.245887 0.538984
vn 0.723007 -0.240808 0.647512
vn 0.870937 -0.213211 0.442731
vn 0.834743 -0.263207 0.483659
vn 0.893492 -0.231552 0.384780
vn 0.897520 -0.172807 0.405705
vn 0.876669 -0.170057 0.450036
vn 0.900834 -0.182696 0.393853
vn 0.895055 -0.141853 0.422793
vn 0.893823 -0.150478 0.422417
vn 0.892997 -0.175094 0.414606
vn 0.869685 -0.209042 0.447157
vn 0.766678 -0.201039 0.609745
vn 0.826720 -0.230081 0.513416
vn 0.891657 -0.120155 0.436476
vn 0.883192 -0.107016 0.456640
vn 0.800579 -0.072384 0.594839
vn 0.874707 -0.102434 0.473704
vn 0.876894 -0.094375 0.471329
vn 0.893576 -0.101849 0.437205
vn 0.870493 -0.080196 0.485604
vn 0.896996 -0.110290 0.428058
vn 0.882767 -0.101412 0.458735
vn 0.879151 -0.043559 0.474548
vn 0.853027 -0.012325 0.521721
vn 0.856402 -0.048295 0.514045
vn 0.880957 -0.011566 0.473056
vn 0.884687 0.009354 0.466091
vn 0.842892 -0.006378 0.538045
vn 0.792098 0.084913 0.604459
vn 0.899223 0.094364 0.427192
vn 0.769159 0.154305 0.620149
vn 0.884081 0.013000 0.467153
vn 0.853712 0.014019 0.520558
vn 0.768766 -0.042722 0.638101
vn 0.841760 -0.055830 0.536958
vn 0.887366 -0.168843 0.429038
vn 0.795296 -0.149455 0.587509
vn 0.912715 -0.207497 0.351990
vn 0.881310 -0.237754 0.408371
vn 0.894960 0.017262 0.445813
vn 0.019543 0.118129 0.992806
vn 0.601534 0.156658 0.783335
vn 0.613084 0.138127 0.777849
vn 0.514198 0.132242 0.847416
vn 0.871260 0.148357 0.467863
vn 0.069112 -0.154553 0.985564
vn 0.195041 0.091189 0.976547
vn 0.095632 0.077734 0.992377
vn 0.175817 0.027407 0.984041
vn -0.000978 0.089445 0.995991
vn 0.049161 0.030253 0.998333
vn 0.694503 -0.024248 0.719081
vn 0.672765 0.003920 0.739846
vn 0.636583 0.015766 0.771047
vn 0.842365 0.070589 0.534264
vn 0.883369 0.043234 0.466679
vn 0.823505 0.047484 0.565318
vn 0.232370 0.117973 0.965446
vn 0.408379 0.122891 0.904502
vn 0.279514 0.122825 0.952253
vn 0.407531 0.131239 0.903711
vn 0.348201 0.144071 0.926283
vn 0.244078 0.127101 0.961390
vn 0.493809 0.176932 0.851380
vn 0.563365 0.176348 0.807169
vn 0.515259 0.137651 0.845908
vn 0.573614 0.150839 0.805118
vn 0.637474 0.125794 0.760133
vn 0.680236 0.166457 0.713842
vn 0.671608 0.148466 0.725879
vn 0.662179 0.168307 0.730199
vn 0.670599 0.132614 0.729870
vn 0.669307 0.152014 0.727269
vn 0.648681 0.150340 0.746064
vn 0.464935 0.147713 0.872936
vn 0.746107 0.180732 0.640827
vn 0.749111 0.143421 0.646733
vn 0.618944 0.166039 0.767684
vn 0.756561 0.045821 0.652316
vn 0.845284 0.095614 0.525692
vn 0.746763 0.085998 0.659507
vn 0.762337 0.136470 0.632629
vn 0.834116 0.160546 0.527708
vn 0.832579 0.187093 0.521353
vn 0.747840 0.066143 0.660576
vn 0.709542 0.111496 0.695787
vn 0.748933 0.137269 0.648273
vn 0.731017 0.111257 0.673229
vn 0.754981 0.145857 0.639320
vn 0.807118 0.283344 0.517955
vn 0.764108 0.243355 0.597425
vn 0.761757 0.233380 0.604368
vn 0.750171 0.208178 0.627619
vn 0.805236 0.260799 0.532521
vn 0.809631 0.229475 0.540222
vn 0.798781 0.264982 0.540124
vn 0.809930 0.300693 0.503585
vn 0.832070 0.287896 0.474104
vn 0.701014 0.170571 0.692448
vn 0.759864 0.165469 0.628671
vn 0.830317 0.168746 0.531130
vn 0.738914 0.167715 0.652593
vn 0.740411 0.178206 0.648101
vn 0.565427 -0.088099 0.820080
vn 0.559273 -0.082611 0.824857
vn 0.532704 -0.134972 0.835469
vn 0.786352 0.213354 0.579768
vn 0.836188 0.173299 0.520344
vn 0.752819 0.184775 0.631762
vn 0.779137 0.159074 0.606334
vn 0.826653 0.172186 0.535720
vn 0.841768 0.152780 0.517769
vn 0.777922 0.254391 0.574563
vn 0.838428 0.251605 0.483460
vn 0.790934 0.214750 0.572980
vn 0.734934 0.134449 0.664677
vn 0.708856 0.162618 0.686351
vn -0.996018 -0.005475 0.088982
vn 0.646788 -0.175763 0.742141
vn 0.700346 -0.154601 0.696861
vn 0.478483 -0.142566 0.866446
vn 0.899978 -0.238733 0.364756
vn -0.447388 -0.206592 0.870152
vn -0.548317 -0.222606 0.806098
vn -0.560817 -0.239086 0.792668
vn 0.811635 -0.101022 0.575363
vn 0.860526 -0.022344 0.508916
vn 0.813358 -0.117544 0.569765
vn 0.861231 -0.250014 0.442465
vn 0.856129 0.171735 0.487391
vn 0.116652 0.131732 0.984398
vn 0.749256 0.234810 0.619258
vn 0.761734 0.177098 0.623215
vn 0.034312 -0.202631 0.978654
vn -0.899921 -0.179435 0.397424
vn 0.669149 0.022879 0.742776
vn 0.450275 0.099024 0.887382
vn 0.515384 0.085985 0.852635
vn 0.521429 0.112132 0.845895
vn -0.650462 -0.128670 0.748561
vn -0.546237 -0.100254 0.831610
vn -0.561638 -0.117747 0.818962
vn 0.498259 -0.224443 0.837475
vn 0.274645 -0.205563 0.939316
vn 0.264960 -0.219362 0.938976
vn 0.550866 -0.291526 0.782023
vn 0.661511 -0.282727 0.694600
vn 0.548746 -0.334245 0.766263
vn -0.281082 -0.082179 0.956159
vn -0.185628 -0.043276 0.981667
vn -0.349743 -0.085485 0.932937
vn -0.430434 -0.117308 0.894967
vn -0.392134 -0.098746 0.914593
vn 0.810233 -0.004717 0.586089
vn 0.238299 0.174539 0.955379
vn 0.268263 0.156669 0.950521
vn 0.173620 0.183621 0.967543
vn 0.398135 0.180188 0.899456
vn 0.564161 0.119597 0.816957
vn 0.319223 0.150162 0.935707
vn 0.303547 -0.245019 0.920774
vn 0.250522 -0.204687 0.946225
vn 0.314493 -0.182492 0.931553
vn 0.577205 0.048397 0.815164
vn 0.590589 0.027597 0.806500
vn 0.608891 0.091675 0.787939
vn 0.446886 -0.250102 0.858919
vn 0.464605 -0.218121 0.858234
vn 0.432348 -0.270974 0.860028
vn 0.368471 -0.109166 0.923208
vn 0.413548 -0.213222 0.885164
vn 0.376967 -0.270914 0.885721
vn 0.492068 -0.289381 0.821053
vn 0.310217 -0.369860 0.875768
vn 0.344814 -0.351847 0.870234
vn 0.838339 -0.237813 0.490544
vn 0.755426 -0.222761 0.616206
vn -0.129370 -0.297016 0.946068
vn 0.011409 -0.297429 0.954676
vn 0.077457 -0.299877 0.950828
vn -0.948449 -0.148470 0.280003
vn -0.201356 -0.211327 0.956450
vn -0.145314 -0.221005 0.964386
vn -0.267142 -0.216380 0.939050
vn 0.683228 -0.240206 0.689566
vn 0.656359 -0.249219 0.712098
vn -0.400813 -0.212327 0.891216
vn -0.333743 -0.267248 0.903988
vn -0.192911 -0.218816 0.956507
vn -0.410595 -0.258300 0.874467
vn -0.451436 -0.231657 0.861708
vn 0.500824 -0.167450 0.849197
vn 0.501497 -0.185292 0.845084
vn 0.468879 -0.186522 0.863344
vn 0.318529 -0.315899 0.893726
vn 0.326086 -0.285357 0.901243
vn 0.266335 -0.283626 0.921207
vn 0.037606 -0.057424 0.997641
vn 0.497974 0.050580 0.865716
vn 0.552896 0.051834 0.831636
vn 0.470426 0.009005 0.882393
vn -0.171936 -0.105538 0.979439
vn -0.104145 -0.080569 0.991293
vn -0.137636 -0.073166 0.987777
vn -0.317516 -0.572043 0.756274
vn -0.544269 -0.394859 0.740174
vn -0.443907 -0.273727 0.853241
vn -0.678450 -0.247958 0.691536
vn -0.565313 -0.264366 0.781366
vn -0.316287 -0.405486 0.857638
vn -0.437246 -0.464532 0.770082
vn -0.168724 -0.451471 0.876188
vn -0.748388 -0.234198 0.620537
vn -0.160543 -0.551439 0.818621
vn 0.064592 -0.525498 0.848339
vn 0.029476 -0.515832 0.856182
vn 0.558534 0.184732 0.808650
vn 0.583600 0.112758 0.804175
vn 0.710165 0.115431 0.694508
vn 0.093833 0.034707 0.994983
vn 0.006876 0.194183 0.980941
vn 0.090536 -0.227165 0.969639
vn 0.163173 -0.231124 0.959144
vn 0.273487 -0.099287 0.956738
vn 0.360372 -0.026892 0.932421
vn 0.253851 -0.019659 0.967044
vn -0.081104 -0.069516 0.994279
vn -0.079052 -0.116661 0.990021
vn -0.148834 -0.152412 0.977046
vn -0.053810 0.064253 0.996482
vn -0.070236 0.021378 0.997301
vn -0.082474 0.030734 0.996119
vn 0.601974 0.025180 0.798119
vn 0.564525 -0.059375 0.823278
vn 0.601828 0.003027 0.798620
vn 0.604560 0.070956 0.793393
vn 0.627455 0.006622 0.778624
vn -0.721140 -0.208950 0.660528
vn -0.695779 -0.212948 0.685963
vn -0.805449 -0.231933 0.545398
vn -0.807005 -0.215645 0.549764
vn -0.857684 -0.206283 0.470984
vn -0.896947 -0.216860 0.385303
vn -0.362475 -0.572347 0.735548
vn -0.264504 -0.434143 0.861138
vn 0.798024 -0.278641 0.534338
vn 0.582304 -0.258574 0.770754
vn 0.599690 -0.266185 0.754664
vn 0.466719 -0.255229 0.846777
vn 0.566142 0.193013 0.801392
vn 0.596557 0.218097 0.772369
vn 0.595684 0.207734 0.775891
vn 0.689646 0.231279 0.686220
vn 0.664843 0.210369 0.716749
vn 0.652238 0.241035 0.718671
vn 0.603232 0.181495 0.776641
vn 0.599837 0.128634 0.789715
vn 0.633238 0.156714 0.757925
vn 0.698039 0.179152 0.693287
vn 0.717213 0.152019 0.680070
vn 0.731987 -0.123050 0.670115
vn 0.713067 -0.120283 0.690701
vn 0.713640 -0.140839 0.686208
vn 0.250175 0.071374 0.965566
vn 0.291872 -0.077650 0.953300
vn 0.210720 0.043628 0.976573
vn 0.294934 -0.303230 0.906127
vn -0.492559 -0.243810 0.835429
vn -0.382301 -0.255685 0.887959
vn -0.353082 -0.253885 0.900486
vn -0.804420 -0.182453 0.565349
vn -0.843576 -0.182174 0.505165
vn 0.261189 -0.231973 0.937000
vn 0.439524 -0.295059 0.848386
vn 0.193124 -0.292867 0.936446
vn 0.713404 -0.284043 0.640605
vn 0.816447 -0.226848 0.530994
vn 0.806311 -0.241807 0.539807
vn 0.180072 0.120473 0.976248
vn 0.275553 0.099769 0.956094
vn 0.258146 0.151704 0.954121
vn 0.294824 0.164464 0.941292
vn 0.368926 0.167381 0.914263
vn 0.256529 0.165430 0.952274
vn -0.652666 -0.153889 0.741853
vn -0.512808 -0.158202 0.843801
vn -0.324003 -0.735494 0.595039
vn -0.201389 -0.296544 0.933544
vn -0.269295 -0.425069 0.864174
vn -0.321923 -0.223203 0.920079
vn 0.700263 -0.267879 0.661719
vn 0.655349 -0.261853 0.708485
vn 0.502183 -0.271369 0.821080
vn 0.513213 -0.284766 0.809642
vn 0.898845 -0.233732 0.370739
vn 0.895219 -0.232753 0.380013
vn 0.677295 -0.235564 0.696980
vn 0.522955 -0.239350 0.818065
vn 0.664976 -0.246502 0.705013
vn -0.817159 -0.290640 0.497776
vn -0.574396 -0.232689 0.784809
vn -0.568448 -0.255334 0.782095
vn -0.600632 -0.216468 0.769664
vn -0.834257 -0.208818 0.510305
vn -0.747865 -0.217254 0.627294
vn -0.742305 -0.226761 0.630526
vn 0.670446 -0.056295 0.739820
vn -0.345901 -0.161704 0.924232
vn -0.249220 -0.167950 0.953772
vn -0.228621 -0.149050 0.962038
vn 0.760255 -0.112275 0.639849
vn 0.704461 -0.057691 0.707395
vn 0.782830 -0.099661 0.614203
vn 0.836481 -0.129519 0.532470
vn 0.320171 0.073984 0.944466
vn 0.533520 0.073329 0.842603
vn 0.722735 -0.187057 0.665330
vn -0.030249 -0.405476 0.913605
vn 0.167957 -0.406883 0.897907
vn 0.208987 -0.419687 0.883282
vn 0.312261 -0.105754 0.944092
vn 0.451653 -0.023307 0.891889
vn 0.104775 -0.098580 0.989598
vn 0.574760 -0.096246 0.812643
vn 0.281884 -0.079179 0.956176
vn -0.399674 -0.455725 0.795347
vn -0.436452 -0.511875 0.739928
vn -0.236008 -0.516329 0.823228
vn 0.853752 0.137257 0.502263
vn 0.452741 0.027412 0.891221
vn 0.437468 -0.118610 0.891377
vn 0.377149 -0.044509 0.925082
vn 0.666003 0.164000 0.727697
vn 0.746602 0.079559 0.660497
vn -0.171750 -0.165873 0.971076
vn 0.022234 -0.149601 0.988497
vn -0.000015 -0.178147 0.984004
vn 0.719979 0.216335 0.659416
vn 0.732498 0.227582 0.641602
vn 0.696557 0.167335 0.697716
vn -0.842123 -0.213217 0.495346
vn -0.785172 -0.209436 0.582787
vn -0.836728 -0.198631 0.510325
vn -0.451195 -0.119315 0.884413
vn -0.532655 -0.154479 0.832115
vn -0.020825 0.010145 0.999732
vn 0.001050 0.027379 0.999625
vn -0.004809 -0.029317 0.999559
vn 0.628503 -0.221423 0.745625
vn 0.461277 -0.279864 0.841961
vn 0.785665 -0.188758 0.589153
vn 0.703114 -0.161076 0.692593
vn 0.735935 -0.243906 0.631593
vn 0.660502 0.168970 0.731564
vn 0.645687 0.198112 0.737455
vn 0.656337 0.185395 0.731335
vn 0.728616 0.237433 0.642453
vn 0.706248 0.231084 0.669189
vn 0.703570 0.096466 0.704048
vn 0.668903 0.100605 0.736510
vn 0.673289 0.025244 0.738948
vn 0.684485 0.064069 0.726207
vn 0.609264 -0.032111 0.792317
vn 0.159337 -0.116661 0.980307
vn 0.181678 -0.068044 0.981001
vn 0.692192 0.191925 0.695726
vn 0.657522 0.152843 0.737769
vn 0.671445 0.158563 0.723892
vn 0.649166 0.081137 0.756307
vn 0.645132 0.018147 0.763855
vn 0.502973 -0.276171 0.818992
vn 0.552828 -0.293680 0.779829
vn 0.246925 -0.315429 0.916260
vn 0.131516 -0.213446 0.968062
vn -0.779434 -0.169729 0.603055
vn -0.837825 -0.227387 0.496332
vn 0.191236 0.176433 0.965557
vn -0.612287 -0.209207 0.762455
vn -0.738260 -0.193399 0.646196
vn 0.411795 0.159773 0.897160
vn 0.133994 0.063454 0.988949
vn 0.817510 -0.223354 0.530839
vn -0.658373 -0.139004 0.739745
vn -0.773698 -0.306407 0.554532
vn -0.750257 -0.336711 0.568981
vn -0.765378 -0.318483 0.559255
vn 0.318310 -0.416780 0.851453
vn 0.444470 -0.382598 0.809978
vn 0.495370 -0.384773 0.778819
vn 0.630531 -0.018230 0.775950
vn -0.808239 -0.203201 0.552683
vn -0.484422 -0.346328 0.803363
vn -0.368070 -0.325297 0.871037
vn -0.571191 -0.231459 0.787508
vn 0.056956 -0.187314 0.980648
vn -0.900135 -0.097604 0.424536
vn -0.846992 -0.203828 0.490978
vn 0.848026 0.136669 0.512028
vn 0.803918 0.073400 0.590193
vn 0.214347 -0.151076 0.965003
vn -0.036987 -0.079272 0.996167
vn 0.824504 0.197172 0.530393
vn 0.709284 -0.098375 0.698025
vn -0.780149 -0.232835 0.580652
vn 0.784964 -0.235856 0.572891
vn 0.760294 -0.252868 0.598340
vn 0.720284 0.215782 0.659264
vn 0.720424 0.205992 0.662236
vn -0.568705 -0.135291 0.811339
vn -0.344376 -0.165106 0.924200
vn -0.486051 -0.175869 0.856052
vn 0.744525 -0.225658 0.628300
vn 0.896169 -0.223215 0.383478
vn 0.691782 -0.188751 0.697001
vn 0.687156 -0.213133 0.694544
vn 0.629560 0.172057 0.757662
vn 0.024033 -0.109132 0.993737
vn 0.275567 -0.085741 0.957451
vn 0.334018 -0.075384 0.939547
vn -0.738001 -0.358866 0.571463
vn -0.742548 -0.343206 0.575181
vn 0.847609 0.072712 0.525616
vn 0.751760 -0.163859 0.638755
vn 0.708070 -0.241542 0.663547
vn 0.572266 -0.333368 0.749251
vn 0.711246 0.184979 0.678168
vn 0.840704 0.205160 0.501125
vn 0.646143 0.222662 0.730014
vn 0.656350 0.189651 0.730231
vn 0.287988 -0.316467 0.903832
vn 0.272260 -0.310104 0.910884
vn 0.107326 0.155189 0.982038
vn -0.987590 -0.069887 -0.140646
vn 0.769936 -0.320136 0.552007
vn 0.672272 -0.284865 0.683303
vn 0.674669 -0.275133 0.684926
vn -0.652281 -0.391841 0.648838
vn -0.162205 -0.423109 0.891442
vn 0.735122 -0.002355 0.677931
vn 0.844010 -0.022184 0.535869
vn 0.159544 0.157199 0.974594
vn -0.694407 -0.236345 0.679662
vn -0.639538 -0.163656 0.751138
vn -0.711615 -0.174538 0.680545
vn -0.404594 -0.172073 0.898162
vn -0.277924 -0.170966 0.945267
vn -0.446383 -0.154426 0.881416
vn -0.877487 -0.136614 0.459731
vn -0.842081 -0.157444 0.515860
vn -0.775089 -0.163820 0.610246
vn -0.132644 -0.241796 0.961218
vn -0.041985 -0.045810 0.998068
vn -0.016682 -0.040441 0.999043
vn 0.016765 -0.082268 0.996469
vn 0.048425 -0.099625 0.993846
vn 0.017111 -0.021271 0.999627
vn 0.026431 0.051244 0.998336
vn 0.063633 0.052757 0.996578
vn 0.060038 -0.034184 0.997611
vn 0.711640 -0.110523 0.693796
vn 0.239820 -0.223566 0.944725
vn -0.515590 -0.266777 0.814247
vn -0.603703 -0.246835 0.758034
vn 0.349828 -0.294638 0.889274
vn -0.074031 -0.222496 0.972119
vn 0.128847 -0.225478 0.965691
vn -0.235128 -0.250967 0.939005
vn -0.024592 -0.251932 0.967432
vn 0.580533 -0.054245 0.812428
vn 0.600483 -0.056224 0.797658
vn -0.632924 -0.301143 0.713246
vn -0.738827 -0.313565 0.596499
vn -0.340823 -0.228536 0.911927
vn -0.067418 -0.159509 0.984892
vn -0.384465 -0.196313 0.902025
vn -0.545869 -0.183235 0.817589
vn -0.369358 -0.180542 0.911581
vn -0.222760 -0.184830 0.957192
vn -0.135261 -0.265197 0.954660
vn 0.138589 0.005913 0.990332
vn 0.330583 0.097399 0.938738
vn 0.265813 0.069011 0.961551
vn 0.195373 -0.278403 0.940384
vn 0.371287 -0.271108 0.888058
vn 0.381023 -0.293907 0.876607
vn 0.415264 -0.271049 0.868383
vn 0.379672 -0.308803 0.872061
vn 0.387856 -0.101444 0.916120
vn 0.381400 -0.198052 0.902945
vn 0.453878 -0.163819 0.875876
vn 0.354230 -0.277730 0.892965
vn 0.351454 -0.326138 0.877561
vn 0.286131 0.139450 0.947989
vn 0.370013 0.226766 0.900926
vn 0.411021 0.197964 0.889872
vn 0.480043 -0.226539 0.847490
vn 0.429924 -0.240392 0.870274
vn 0.303065 -0.191538 0.933523
vn -0.289048 -0.255610 0.922559
vn 0.686731 -0.248331 0.683178
vn 0.732004 -0.009880 0.681229
vn 0.399248 -0.125896 0.908158
vn 0.561043 -0.136007 0.816537
vn 0.335018 -0.092070 0.937702
vn 0.266909 -0.054754 0.962165
vn 0.089135 -0.068669 0.993650
vn 0.294989 -0.048106 0.954289
vn -0.479834 -0.217410 0.849995
vn 0.735070 -0.176474 0.654621
vn 0.789989 -0.210081 0.576006
vn 0.011177 -0.194878 0.980764
vn 0.248700 -0.193391 0.949077
vn 0.085194 -0.153709 0.984437
vn 0.534989 -0.282674 0.796167
vn -0.401576 -0.199099 0.893922
vn -0.246940 -0.218198 0.944145
vn -0.482245 -0.207093 0.851207
vn -0.611829 -0.193833 0.766873
vn -0.618965 -0.219629 0.754086
vn 0.176459 -0.349989 0.919984
vn -0.643496 -0.185910 0.742529
vn -0.790913 -0.181654 0.584345
vn -0.477585 -0.214203 0.852074
vn -0.626935 -0.210073 0.750215
vn -0.424095 -0.241341 0.872868
vn -0.290850 -0.222992 0.930420
vn -0.286716 -0.232969 0.929258
vn -0.089304 -0.219155 0.971595
vn 0.194294 -0.225435 0.954688
vn 0.309030 -0.161806 0.937187
vn 0.510623 -0.060093 0.857702
vn 0.441787 -0.071538 0.894263
vn 0.493118 -0.120321 0.861602
vn 0.662447 0.140175 0.735877
vn 0.624243 0.079669 0.777157
vn 0.637409 0.086577 0.765646
vn 0.506899 -0.012277 0.861918
vn 0.302461 0.187270 0.934584
vn 0.531708 0.165545 0.830591
vn 0.437980 0.266061 0.858711
vn 0.065484 0.122635 0.990289
vn 0.069864 0.167598 0.983377
vn 0.129650 0.119864 0.984288
vn -0.900377 -0.164008 0.403017
vn 0.012026 -0.112321 0.993599
vn 0.148188 0.187579 0.971007
vn 0.070854 0.224399 0.971918
vn 0.205938 0.154062 0.966362
vn 0.247198 0.216307 0.944513
vn 0.001171 0.077400 0.997000
vn -0.036403 0.095838 0.994731
vn -0.021868 0.135802 0.990495
vn 0.571274 -0.058629 0.818663
vn 0.518127 -0.108422 0.848404
vn 0.482518 -0.052790 0.874294
vn 0.539139 -0.044885 0.841020
vn 0.683045 -0.242838 0.688824
vn -0.744894 -0.204961 0.634920
vn -0.801655 -0.174409 0.571779
vn -0.716569 -0.179430 0.674043
vn -0.674878 -0.218373 0.704878
vn -0.624103 -0.173773 0.761773
vn -0.331003 -0.100097 0.938306
vn -0.164363 -0.021467 0.986166
vn -0.111878 0.009306 0.993678
vn 0.239287 -0.075323 0.968023
vn -0.112875 -0.031602 0.993107
vn -0.026469 0.022099 0.999405
vn 0.185317 0.010903 0.982618
vn 0.009171 0.031328 0.999467
vn 0.006528 0.077517 0.996970
vn 0.215535 0.092566 0.972099
vn 0.032053 0.122032 0.992009
vn -0.021175 0.071563 0.997211
vn -0.032631 0.056631 0.997862
vn -0.045122 -0.010299 0.998928
vn -0.147275 -0.138592 0.979338
vn -0.200861 -0.187562 0.961496
vn -0.757756 -0.196836 0.622142
vn 0.703809 0.205926 0.679888
vn 0.672541 0.176423 0.718724
vn 0.637695 0.213493 0.740112
vn 0.633431 0.145749 0.759949
vn 0.635249 0.136448 0.760159
vn 0.571396 0.109964 0.813274
vn 0.670556 0.209256 0.711735
vn 0.572002 0.144880 0.807356
vn 0.453798 0.174874 0.873777
vn 0.447924 0.169275 0.877901
vn 0.377344 0.162674 0.911673
vn 0.479311 -0.262155 0.837577
vn 0.518234 -0.273626 0.810285
vn 0.509000 -0.238376 0.827101
vn 0.575526 -0.261411 0.774877
vn -0.751303 -0.314371 0.580271
vn -0.797372 -0.201301 0.568925
vn -0.691500 -0.229178 0.685058
vn -0.666672 -0.203202 0.717118
vn -0.589481 -0.202630 0.781954
vn -0.449088 -0.206298 0.869345
vn -0.486959 -0.183971 0.853830
vn 0.839934 -0.080285 0.536716
vn 0.718117 -0.110686 0.687063
vn 0.833982 0.026782 0.551141
vn -0.720318 -0.296454 0.627102
vn 0.031659 -0.142910 0.989229
vn -0.102975 -0.152127 0.982982
vn 0.606862 0.196268 0.770194
vn 0.511237 0.232444 0.827409
vn 0.454907 0.114677 0.883124
vn 0.601342 0.128408 0.788606
vn 0.502117 0.178944 0.846084
vn 0.511579 0.170876 0.842074
vn 0.252673 0.186896 0.949329
vn 0.205332 0.179314 0.962125
vn 0.485346 0.158120 0.859906
vn 0.507312 0.120198 0.853339
vn 0.245496 -0.094377 0.964793
vn 0.118326 0.196061 0.973427
vn 0.665725 0.077536 0.742158
vn 0.617795 -0.008786 0.786290
vn 0.574477 -0.083990 0.814200
vn 0.507527 -0.157920 0.847040
vn 0.439021 -0.231500 0.868141
vn 0.420634 -0.175608 0.890072
vn 0.786750 -0.176794 0.591412
vn -0.091511 -0.464281 0.880947
vn 0.247340 -0.441104 0.862699
vn 0.151779 -0.439919 0.885118
vn 0.329888 -0.334310 0.882843
vn -0.668005 -0.372450 0.644244
vn -0.675267 -0.414061 0.610384
vn 0.539852 -0.272185 0.796539
vn 0.425881 -0.398721 0.812186
vn -0.360797 -0.323393 0.874781
vn -0.423349 -0.344314 0.837988
vn -0.155790 -0.337544 0.928328
vn 0.656487 -0.124572 0.743980
vn 0.341661 -0.076015 0.936744
vn 0.217304 -0.147518 0.964893
vn 0.317716 -0.130294 0.939191
vn 0.291326 -0.135673 0.946954
vn 0.137739 -0.075544 0.987583
vn -0.102106 -0.107102 0.988991
vn -0.032329 -0.115011 0.992838
vn 0.185674 -0.148501 0.971325
vn 0.267521 -0.168722 0.948665
vn 0.679185 -0.225638 0.698424
vn 0.524135 -0.185284 0.831235
vn 0.326061 -0.082635 0.941730
vn 0.035260 -0.097791 0.994582
vn 0.594950 0.143344 0.790878
vn 0.354519 0.097584 0.929943
vn 0.520828 0.039196 0.852761
vn 0.644796 0.043252 0.763130
vn 0.646567 0.128050 0.752034
vn 0.648061 0.046152 0.760189
vn 0.556864 -0.006356 0.830580
vn 0.517151 -0.228808 0.824744
vn 0.249923 -0.272629 0.929092
vn 0.136379 -0.345518 0.928449
vn 0.678581 0.242308 0.693408
vn 0.614369 0.227457 0.755522
vn 0.643547 0.237868 0.727507
vn 0.415709 -0.327317 0.848557
vn 0.221743 -0.345829 0.911720
vn 0.161655 -0.263077 0.951135
vn 0.132763 -0.253030 0.958306
vn 0.485448 -0.265636 0.832933
vn 0.462273 -0.231523 0.855979
vn 0.572982 -0.286365 0.767911
vn 0.390473 -0.264010 0.881947
vn 0.615457 -0.271827 0.739813
vn -0.459767 -0.233083 0.856906
vn -0.384851 -0.281039 0.879151
vn -0.135685 -0.321239 0.937227
vn 0.670386 0.231870 0.704854
vn 0.699176 -0.039578 0.713853
vn 0.569688 -0.010746 0.821791
vn 0.361864 -0.035918 0.931539
vn 0.371994 -0.033433 0.927633
vn 0.266142 0.169122 0.948982
vn 0.121853 0.010302 0.992495
vn 0.180738 -0.146304 0.972589
vn 0.020372 0.119109 0.992672
vn 0.330752 -0.301439 0.894280
vn 0.109905 0.156837 0.981490
vn 0.253536 0.107208 0.961367
vn 0.527379 0.007072 0.849601
vn 0.672386 -0.015615 0.740036
vn 0.512438 0.172618 0.841196
vn 0.540596 0.196858 0.817926
vn 0.426048 0.170430 0.888502
vn 0.339792 0.171187 0.924790
vn 0.509673 0.193837 0.838249
vn 0.583063 0.195388 0.788582
vn 0.633176 0.231025 0.738726
vn -0.626847 -0.417375 0.657922
vn -0.694672 -0.371347 0.616062
vn -0.574686 -0.478368 0.664003
vn -0.075708 -0.394234 0.915886
vn 0.105387 -0.413566 0.904355
vn -0.601818 -0.343065 0.721195
vn -0.307105 -0.242982 0.920134
vn 0.033554 -0.352101 0.935360
vn 0.211883 -0.249511 0.944907
vn 0.183889 -0.032152 0.982421
vn -0.625321 -0.197481 0.754967
vn -0.478436 -0.231642 0.847019
vn -0.297231 -0.230260 0.926625
vn -0.713649 -0.189794 0.674302
vn -0.659907 -0.186789 0.727758
vn -0.119438 -0.252992 0.960068
vn -0.120470 -0.259242 0.958270
vn 0.091685 -0.286795 0.953595
vn 0.177703 -0.253682 0.950824
vn 0.216248 -0.252673 0.943076
vn 0.239594 -0.223975 0.944685
vn 0.041036 -0.190136 0.980900
vn -0.095546 -0.207737 0.973507
vn -0.428425 -0.190291 0.883313
vn -0.143892 -0.217721 0.965346
vn -0.687488 -0.299501 0.661558
vn -0.622355 -0.331914 0.708878
vn -0.668445 -0.281908 0.688265
vn 0.733000 -0.040250 0.679037
vn 0.751301 -0.008815 0.659901
vn 0.322078 0.043677 0.945705
vn 0.327109 0.045152 0.943907
vn 0.214008 0.035139 0.976200
vn 0.336795 -0.009693 0.941528
vn 0.558082 -0.020027 0.829544
vn -0.710364 -0.237113 0.662692
vn 0.522964 -0.143179 0.840243
vn 0.513247 0.157863 0.843597
vn 0.330422 -0.319287 0.888188
vn -0.785996 -0.103480 0.609510
vn -0.425774 -0.141182 0.893747
vn -0.401863 -0.101480 0.910059
vn -0.295186 -0.108490 0.949260
vn -0.090910 -0.052729 0.994462
vn -0.162687 -0.127639 0.978387
vn -0.008995 -0.094596 0.995475
vn 0.657591 -0.259877 0.707134
vn 0.298368 -0.244306 0.922654
vn 0.642776 -0.274130 0.715326
vn 0.166281 -0.268104 0.948932
vn 0.154565 -0.269627 0.950479
vn 0.093754 -0.279734 0.955489
vn 0.296762 -0.322327 0.898909
vn 0.431695 -0.327270 0.840556
vn 0.626300 -0.269120 0.731657
vn 0.270111 -0.305378 0.913118
vn 0.316709 -0.330101 0.889230
vn 0.361347 -0.322087 0.875036
vn -0.214544 -0.337783 0.916446
vn -0.265659 -0.326483 0.907102
vn -0.734114 -0.189666 0.652000
vn -0.167932 -0.219802 0.960982
vn -0.496731 -0.300574 0.814195
vn 0.554194 -0.069369 0.829492
vn -0.039850 -0.140434 0.989288
vn -0.717507 -0.199290 0.667434
vn -0.678141 -0.206012 0.705467
vn -0.653795 -0.193005 0.731643
vn -0.488705 -0.256255 0.833967
vn -0.182071 -0.277976 0.943175
vn -0.387808 -0.264457 0.882988
vn 0.064008 -0.289704 0.954974
vn 0.083240 -0.307561 0.947881
vn 0.416505 -0.270590 0.867931
vn 0.599394 -0.240478 0.763477
vn -0.280244 -0.159402 0.946601
vn -0.160996 -0.163408 0.973334
vn -0.496802 -0.173268 0.850392
vn 0.345103 -0.174740 0.922155
vn 0.568418 -0.072454 0.819544
vn -0.198227 -0.180625 0.963369
vn 0.131338 -0.227754 0.964820
vn -0.204904 -0.193820 0.959400
vn 0.076950 -0.255385 0.963772
vn 0.214185 -0.235821 0.947899
vn 0.451342 0.130937 0.882692
vn 0.377240 0.123702 0.917817
vn 0.379337 0.065714 0.922922
vn 0.438826 0.045154 0.897437
vn 0.353790 0.015816 0.935191
vn 0.426695 -0.002061 0.904393
vn 0.574912 0.095055 0.812675
vn 0.605648 0.122757 0.786207
vn 0.646925 0.166417 0.744173
vn 0.425394 -0.265109 0.865308
vn 0.478721 -0.199443 0.855014
vn 0.619962 0.220335 0.753060
vn 0.400760 -0.298242 0.866281
vn 0.313881 0.024210 0.949154
vn 0.326396 -0.061754 0.943214
vn 0.346131 -0.214484 0.913340
vn -0.500152 -0.162643 0.850527
vn -0.538889 -0.206813 0.816595
vn -0.608527 -0.229304 0.759681
vn -0.693137 -0.215408 0.687866
vn -0.171692 -0.154821 0.972909
vn 0.172861 0.040682 0.984106
vn 0.698100 -0.035645 0.715112
vn 0.708769 -0.061978 0.702713
vn -0.306135 -0.091165 0.947613
vn -0.226015 -0.120906 0.966591
vn -0.764242 -0.314244 0.563191
vn -0.737848 -0.209742 0.641551
vn -0.032824 -0.247868 0.968238
vn -0.103763 -0.216870 0.970670
vn 0.304164 -0.227610 0.925029
vn 0.055362 0.021006 0.998245
vn -0.258201 -0.380127 0.888164
vn 0.464611 -0.214450 0.859155
vn -0.196763 -0.428884 0.881670
vn -0.075044 -0.020765 0.996964
vn 0.338291 0.143722 0.930002
vn 0.299169 -0.114736 0.947277
vn 0.422945 -0.007761 0.906122
vn 0.462666 -0.262410 0.846806
vn 0.664106 -0.013608 0.747515
vn 0.542340 -0.109332 0.833015
vn -0.597008 -0.228355 0.769049
vn 0.156379 -0.260944 0.952604
vn 0.153855 -0.274339 0.949245
vn 0.539317 -0.074604 0.838792
vn 0.593443 -0.012209 0.804783
vn 0.148700 -0.175048 0.973266
vn 0.971701 -0.222128 0.080345
vn 0.971599 -0.227316 0.065750
vn 0.968828 -0.234353 0.080321
vn 0.936881 -0.236750 0.257301
vn 0.971107 -0.231571 0.057666
vn 0.970187 -0.232534 0.068309
vn 0.766064 -0.173870 -0.618802
vn 0.707741 -0.147555 -0.690891
vn 0.725768 -0.162559 -0.668458
vn 0.972710 -0.220691 0.071628
vn 0.969669 -0.226721 0.091325
vn 0.962947 -0.184055 0.197120
vn 0.958435 -0.173449 0.226535
vn 0.976831 -0.161818 0.140057
vn 0.967935 -0.218750 0.123489
vn 0.953679 -0.220398 0.204746
vn 0.974865 -0.196051 0.105839
vn 0.963114 -0.127872 0.236770
vn 0.963431 -0.171232 0.206106
vn 0.940980 -0.122500 0.315515
vn 0.926776 -0.080794 0.366824
vn -0.055192 -0.368320 -0.928060
vn 0.924151 -0.198191 0.326598
vn 0.916697 -0.238742 0.320419
vn 0.930114 -0.240643 0.277451
vn 0.965988 -0.242603 0.089510
vn 0.961164 -0.201022 0.189087
vn 0.909879 -0.210305 0.357621
vn 0.942055 -0.179890 0.283145
vn 0.971827 -0.128282 0.197729
vn 0.976667 -0.124559 0.174946
vn 0.947555 -0.118640 0.296756
vn 0.948475 -0.220980 0.227073
vn 0.959856 -0.234341 0.154146
vn 0.946038 -0.158748 0.282508
vn 0.963248 -0.026457 0.267309
vn 0.968272 -0.006449 0.249817
vn 0.961573 0.072198 0.264887
vn 0.953799 0.057605 0.294871
vn 0.089997 0.332837 -0.938680
vn -0.250124 0.349770 -0.902828
vn -0.125758 0.291857 -0.948159
vn 0.965596 -0.049477 0.255296
vn 0.994101 -0.044477 0.098922
vn 0.998245 -0.041878 -0.041875
vn 0.989137 0.045227 -0.139868
vn 0.954325 0.109338 -0.278044
vn 0.879275 0.063174 -0.472106
vn 0.957356 0.076033 0.278728
vn 0.876937 -0.120523 0.465248
vn 0.869304 -0.159246 0.467922
vn 0.904275 -0.153328 0.398470
vn 0.910449 -0.098156 0.401806
vn 0.940573 -0.011421 0.339400
vn 0.979876 -0.016939 0.198887
vn 0.959321 -0.063483 0.275088
vn 0.954684 0.063510 0.290767
vn 0.948777 0.107669 0.297035
vn 0.898713 -0.072533 0.432497
vn 0.944794 -0.026572 0.326586
vn 0.987397 -0.116393 0.107241
vn 0.958994 -0.149536 0.240769
vn 0.984419 -0.112567 0.135084
vn 0.940451 -0.134365 0.312247
vn 0.887807 0.199820 0.414573
vn 0.894552 0.174062 0.411679
vn 0.919308 0.199938 0.338965
vn 0.852302 0.309179 0.421888
vn 0.865766 0.355505 0.352230
vn 0.843060 0.323263 0.429826
vn 0.916870 0.102004 0.385934
vn 0.946787 0.191191 0.258922
vn 0.930502 0.134593 0.340662
vn 0.970771 0.049810 0.234783
vn 0.960030 0.087164 0.265980
vn 0.914472 0.099854 0.392137
vn 0.924292 0.144619 0.353228
vn 0.958520 0.096894 0.268050
vn 0.950952 0.126001 0.282513
vn 0.956211 0.131201 0.261623
vn 0.973120 0.143839 0.179853
vn 0.963363 0.152559 0.220586
vn 0.945615 0.140200 0.293522
vn 0.885171 0.222268 0.408742
vn 0.879623 0.289626 0.377334
vn 0.894327 0.152019 0.420797
vn 0.923612 0.161207 0.347782
vn 0.870916 0.170791 0.460799
vn 0.867890 0.229565 0.440530
vn 0.853421 0.271750 0.444775
vn 0.885875 0.173683 0.430186
vn 0.887978 0.348419 0.300166
vn 0.951127 0.087155 0.296246
vn 0.910410 0.039296 -0.411838
vn 0.939724 0.076113 -0.333355
vn 0.967278 0.029148 -0.252039
vn 0.973806 0.091830 -0.208013
vn 0.966724 0.132156 -0.219042
vn 0.925522 0.127395 -0.356623
vn 0.936008 0.063368 0.346228
vn 0.950190 0.022029 0.310891
vn 0.960087 0.070911 0.270565
vn 0.939636 0.158585 0.303208
vn 0.898809 0.148640 0.412369
vn 0.954934 -0.036991 0.294503
vn 0.940013 0.017858 0.340671
vn 0.952149 0.130050 0.276584
vn 0.987665 0.093256 0.125779
vn 0.976273 0.127369 0.175123
vn 0.988153 0.071585 -0.135758
vn 0.995932 0.089852 0.006840
vn 0.988929 0.113005 -0.096174
vn 0.909799 0.038805 -0.413232
vn 0.961137 0.063134 -0.268757
vn 0.938551 0.095648 -0.331624
vn 0.658528 0.010237 -0.752487
vn 0.517753 -0.030333 -0.854993
vn 0.604591 0.021771 -0.796238
vn 0.736839 0.051700 -0.674089
vn 0.712434 0.038945 -0.700658
vn 0.786941 0.087060 -0.610856
vn 0.162147 -0.125031 -0.978813
vn 0.172714 -0.056375 -0.983357
vn 0.168479 -0.091237 -0.981474
vn 0.203898 -0.144016 -0.968341
vn 0.212623 -0.141573 -0.966824
vn 0.190477 -0.124046 -0.973823
vn 0.485796 -0.038594 -0.873220
vn 0.383788 -0.107516 -0.917141
vn 0.328373 -0.130627 -0.935472
vn 0.500086 -0.033189 -0.865340
vn 0.357128 -0.068364 -0.931550
vn 0.937667 -0.110551 0.329482
vn 0.468118 0.086046 -0.879467
vn 0.731637 0.061760 -0.678891
vn 0.617421 0.025965 -0.786204
vn -0.956112 -0.141670 0.256474
vn 0.073973 0.121115 -0.989878
vn 0.192629 0.144570 -0.970564
vn 0.353686 0.144709 -0.924103
vn -0.039745 0.112402 -0.992868
vn -0.150929 0.069779 -0.986079
vn 0.176882 0.097517 -0.979389
vn -0.075201 0.149799 -0.985852
vn 0.051403 0.157378 -0.986200
vn -0.981636 0.000856 -0.190760
vn -0.880470 0.026752 -0.473346
vn -0.939431 -0.028105 -0.341583
vn -0.995067 -0.047299 -0.087207
vn -0.624692 0.138004 -0.768579
vn -0.815432 0.044101 -0.577171
vn -0.728087 0.088611 -0.679733
vn -0.388589 0.113705 -0.914369
vn -0.289484 0.102770 -0.951650
vn -0.966863 -0.178426 0.182595
vn -0.975492 -0.151503 0.159570
vn -0.992583 -0.121107 0.010615
vn -0.958771 -0.154917 0.238242
vn -0.983224 -0.121157 0.136351
vn -0.962436 -0.173469 0.208870
vn -0.947105 0.084859 -0.309500
vn -0.844585 0.108675 -0.524278
vn -0.903298 0.068555 -0.423501
vn -0.968489 -0.090441 0.232053
vn -0.980033 -0.064672 0.188024
vn -0.966604 -0.137858 0.216036
vn -0.978477 -0.101791 0.179505
vn -0.998592 -0.048734 -0.020947
vn -0.992769 0.027293 -0.116898
vn -0.994978 -0.076449 0.064603
vn -0.998699 -0.048196 -0.016669
vn -0.944721 -0.036877 0.325794
vn -0.935749 -0.030143 -0.351375
vn -0.872651 -0.027263 -0.487582
vn -0.949005 -0.030548 -0.313778
vn -0.977780 -0.033804 0.206892
vn -0.997303 0.018217 -0.071102
vn -0.999031 -0.024599 0.036495
vn -0.975907 -0.039723 0.214542
vn -0.983494 -0.144549 0.108839
vn -0.994691 -0.051243 -0.089237
vn -0.965488 -0.180076 0.188163
vn -0.653038 0.170915 -0.737787
vn -0.796979 0.149170 -0.585298
vn -0.630302 0.174452 -0.756496
vn -0.941021 0.109719 0.320065
vn -0.987084 -0.073887 0.142145
vn -0.941743 -0.058755 0.331162
vn -0.959673 -0.093536 0.265101
vn -0.982302 -0.174769 0.067364
vn -0.972320 -0.162445 -0.167945
vn -0.972224 -0.227966 0.053026
vn -0.942615 -0.152511 0.297014
vn -0.671865 0.252881 -0.696167
vn -0.818665 0.127319 -0.559980
vn -0.821524 0.180381 -0.540889
vn -0.928895 -0.144884 0.340825
vn -0.920082 -0.169066 0.353363
vn -0.882119 -0.291091 0.370314
vn -0.938290 -0.257095 0.231332
vn -0.908978 -0.268012 0.319263
vn -0.954492 -0.242660 0.173380
vn -0.973457 -0.226859 -0.030289
vn -0.921997 -0.285891 0.261129
vn -0.924485 -0.221146 0.310519
vn -0.891217 -0.185712 0.413816
vn -0.979522 -0.109593 0.168898
vn 0.042845 0.353992 -0.934267
vn 0.038216 0.375359 -0.926091
vn 0.048596 0.312801 -0.948575
vn 0.049333 0.381982 -0.922852
vn 0.044742 0.384120 -0.922198
vn -0.013417 0.049679 -0.998675
vn -0.025915 0.147306 -0.988751
vn -0.025150 0.124377 -0.991916
vn -0.009895 0.191615 -0.981420
vn 0.006392 0.245413 -0.969398
vn -0.001010 0.188257 -0.982119
vn 0.023174 0.288572 -0.957178
vn 0.050812 0.210725 -0.976224
vn 0.173834 -0.200476 -0.964153
vn 0.225675 -0.163834 -0.960328
vn 0.019820 -0.022130 -0.999559
vn -0.507680 0.194400 -0.839327
vn -0.402171 0.130677 -0.906191
vn -0.010465 0.061497 -0.998052
vn 0.063861 0.034012 -0.997379
vn 0.052383 0.383478 -0.922063
vn 0.061270 0.382318 -0.921997
vn 0.073389 0.302498 -0.950321
vn 0.070426 0.201626 -0.976928
vn -0.344892 0.233989 -0.909010
vn 0.055106 -0.086983 -0.994685
vn 0.267470 -0.125636 -0.955340
vn -0.157606 0.192850 -0.968488
vn 0.273448 -0.204155 -0.939972
vn 0.348427 -0.127026 -0.928689
vn 0.355157 -0.141860 -0.923980
vn -0.997088 -0.061790 0.044705
vn -0.988708 -0.002718 0.149832
vn -0.997898 -0.055961 0.032692
vn -0.994489 -0.063558 0.083377
vn -0.145743 -0.846172 -0.512593
vn -0.196412 -0.799854 -0.567147
vn -0.267030 -0.764751 -0.586388
vn -0.999803 0.012531 -0.015382
vn -0.935179 -0.345954 -0.075868
vn -0.997950 -0.034469 0.053925
vn -0.998718 0.039621 0.031504
vn -0.961067 -0.243412 -0.130770
vn -0.979093 0.181304 0.092232
vn -0.378091 -0.182358 -0.907630
vn -0.573490 -0.148489 -0.805643
vn -0.425102 -0.196525 -0.883553
vn -0.023055 -0.123841 -0.992034
vn -0.045428 -0.232686 -0.971490
vn -0.387484 -0.847212 -0.363440
vn -0.779169 -0.531196 -0.332757
vn -0.989435 0.050483 -0.135904
vn -0.150818 -0.778686 -0.609018
vn -0.077908 -0.796899 -0.599068
vn -0.109336 -0.678302 -0.726603
vn -0.916656 -0.088468 -0.389764
vn -0.862435 -0.112798 -0.493439
vn -0.936113 -0.052424 -0.347769
vn -0.235433 -0.864545 -0.443996
vn -0.591353 -0.663427 -0.458440
vn 0.956125 -0.222646 0.190404
vn -0.042759 -0.059111 -0.997335
vn -0.023735 -0.031508 -0.999222
vn 0.841716 0.035142 -0.538776
vn -0.989467 -0.044149 0.137862
vn 0.931693 -0.111291 0.345779
vn 0.971411 0.034136 0.234937
vn 0.989481 -0.001294 0.144660
vn 0.999244 0.017444 0.034750
vn 0.800648 -0.098432 -0.590994
vn 0.806613 -0.070298 -0.586885
vn 0.900582 -0.109344 -0.420710
vn 0.817538 0.079453 -0.570367
vn 0.876325 0.088944 -0.473438
vn 0.866071 0.100104 -0.489796
vn -0.849810 -0.078057 -0.521277
vn -0.952761 -0.020582 -0.303024
vn -0.936367 -0.081341 -0.341468
vn -0.382570 -0.051856 -0.922470
vn -0.455311 -0.023983 -0.890009
vn -0.517931 -0.062858 -0.853110
vn -0.150470 -0.026631 -0.988256
vn -0.283017 -0.075468 -0.956141
vn -0.174785 -0.033739 -0.984028
vn 0.907783 -0.113109 -0.403901
vn 0.953094 0.000394 -0.302673
vn 0.979503 -0.047351 -0.195785
vn -0.010590 0.135443 -0.990728
vn 0.903092 0.222402 -0.367373
vn 0.851109 0.257839 -0.457309
vn 0.915269 0.275355 -0.294043
vn 0.981662 0.115875 0.151368
vn 0.564907 0.087445 -0.820508
vn 0.475703 0.078822 -0.876067
vn 0.463738 0.127882 -0.876695
vn 0.768976 0.182029 -0.612814
vn 0.828920 0.236158 -0.507071
vn 0.738122 0.352030 -0.575543
vn 0.104522 0.398823 -0.911052
vn 0.139052 0.399059 -0.906320
vn 0.176243 0.393936 -0.902083
vn 0.028571 0.262949 -0.964387
vn 0.099950 0.251778 -0.962610
vn -0.078909 0.230342 -0.969905
vn 0.934125 -0.237773 0.266223
vn 0.954433 -0.199835 0.221640
vn 0.674786 -0.079429 -0.733727
vn 0.776355 -0.095344 -0.623043
vn 0.630782 -0.101333 -0.769315
vn -0.824848 0.042137 -0.563782
vn -0.690110 0.050423 -0.721946
vn -0.829263 0.064312 -0.555146
vn -0.052572 -0.529156 -0.846895
vn -0.181898 -0.736180 -0.651883
vn -0.210444 -0.767665 -0.605313
vn 0.771268 0.046373 -0.634818
vn 0.833737 0.054683 -0.549447
vn 0.821051 -0.011413 -0.570740
vn 0.985849 0.134462 0.100107
vn 0.988322 0.140492 0.058997
vn 0.953898 0.052325 0.295535
vn -0.882633 -0.241227 0.403445
vn -0.773026 -0.167236 -0.611934
vn -0.759847 -0.223300 -0.610549
vn -0.564995 -0.136713 -0.813689
vn -0.388028 -0.156790 -0.908213
vn -0.245897 -0.103198 -0.963787
vn -0.325831 -0.083394 -0.941743
vn 0.664618 -0.017792 -0.746972
vn 0.748682 0.000468 -0.662929
vn 0.491485 0.024687 -0.870536
vn 0.934838 -0.128918 0.330844
vn -0.688923 -0.023477 -0.724454
vn -0.505968 -0.007549 -0.862519
vn -0.652091 0.008384 -0.758094
vn 0.386215 0.175387 -0.905581
vn 0.449438 0.089894 -0.888777
vn 0.720190 0.138078 -0.679897
vn -0.856344 -0.199742 -0.476212
vn -0.939643 -0.256042 -0.226964
vn -0.951754 -0.184884 -0.244912
vn 0.908461 0.160749 0.385822
vn 0.886276 0.408702 -0.217896
vn 0.850570 0.404617 -0.335880
vn 0.824473 0.452092 -0.340377
vn 0.858782 0.150462 -0.489749
vn 0.888552 0.158457 -0.430543
vn 0.914165 0.166267 -0.369672
vn 0.845681 0.097453 -0.524716
vn 0.078442 0.396463 -0.914693
vn 0.120321 0.391921 -0.912097
vn -0.988899 -0.145839 -0.028466
vn -0.802659 -0.123240 -0.583567
vn -0.862031 -0.115737 -0.493465
vn -0.893798 -0.134606 -0.427793
vn 0.945399 -0.171195 0.277333
vn 0.986964 -0.157648 0.032388
vn 0.977575 -0.153207 0.144482
vn 0.987422 -0.157428 -0.014651
vn -0.023972 -0.680218 -0.732617
vn -0.060446 -0.701320 -0.710280
vn 0.023181 -0.639126 -0.768753
vn 0.621361 -0.122539 -0.773883
vn 0.740954 -0.121806 -0.660417
vn 0.627011 -0.073997 -0.775488
vn -0.273312 0.030467 -0.961443
vn -0.130168 0.033921 -0.990912
vn -0.330734 0.022268 -0.943461
vn -0.997529 -0.037104 -0.059656
vn -0.985371 -0.029975 -0.167765
vn -0.946224 0.044104 -0.320493
vn 0.477220 0.319498 -0.818647
vn 0.734246 0.301984 -0.608021
vn 0.594519 0.339419 -0.728932
vn 0.969600 -0.073357 0.233441
vn 0.961004 -0.101566 0.257208
vn 0.999504 0.031323 -0.003231
vn 0.171037 0.031276 -0.984768
vn 0.240089 0.110594 -0.964431
vn 0.223982 0.039659 -0.973786
vn -0.050343 0.035550 -0.998099
vn 0.036446 -0.018452 -0.999165
vn -0.051999 -0.038974 -0.997886
vn -0.990976 -0.112674 0.072599
vn -0.994330 -0.030867 0.101763
vn -0.940269 -0.136397 -0.311915
vn 0.949305 -0.212606 -0.231558
vn 0.974424 -0.191194 -0.118078
vn 0.979918 -0.198186 -0.021969
vn 0.054432 -0.339088 -0.939179
vn 0.131095 -0.307169 -0.942582
vn 0.031945 -0.437424 -0.898688
vn 0.083646 -0.516297 -0.852315
vn 0.018581 -0.545202 -0.838099
vn 0.089267 -0.425766 -0.900419
vn 0.970670 0.076490 -0.227924
vn 0.984730 0.088142 -0.150129
vn 0.957228 0.055986 -0.283866
vn 0.963326 0.206176 0.171737
vn 0.961838 0.178812 0.207111
vn 0.961366 0.081493 0.262933
vn 0.951234 0.129291 -0.280067
vn 0.941487 0.166996 -0.292769
vn 0.972721 0.159152 -0.168777
vn 0.823647 0.118643 -0.554554
vn 0.361115 0.316942 -0.877008
vn 0.299296 0.374247 -0.877702
vn 0.241434 0.350517 -0.904902
vn 0.032657 0.325878 -0.944848
vn 0.042092 0.351021 -0.935421
vn 0.027396 0.320554 -0.946834
vn -0.959816 -0.183545 0.212283
vn -0.381535 0.369158 -0.847439
vn -0.392034 0.314407 -0.864556
vn -0.514365 0.299453 -0.803590
vn -0.532798 0.294540 -0.793330
vn -0.331910 0.290277 -0.897538
vn -0.317776 0.210218 -0.924569
vn 0.708530 0.148181 -0.689947
vn 0.686059 0.101197 -0.720473
vn 0.511941 0.211440 -0.832592
vn -0.702042 -0.132919 -0.699621
vn -0.865903 -0.146816 -0.478180
vn -0.793662 -0.043698 -0.606787
vn 0.861052 0.045823 -0.506448
vn 0.856198 0.119333 -0.502677
vn 0.814413 0.096949 -0.572130
vn 0.993229 -0.085930 0.078176
vn 0.998933 -0.038752 0.025132
vn 0.968559 -0.119153 0.218393
vn 0.905634 0.424034 -0.004766
vn 0.909984 0.382508 0.160055
vn 0.936635 0.345828 0.055841
vn 0.976312 0.194665 0.094446
vn 0.951387 0.197690 0.236183
vn 0.943114 0.284607 0.171860
vn 0.875868 0.188299 0.444296
vn 0.953913 0.219049 -0.205102
vn 0.966572 0.137186 -0.216608
vn 0.977393 0.172553 -0.122185
vn -0.991200 -0.017627 0.131193
vn 0.830211 -0.171107 -0.530539
vn 0.732693 -0.088632 -0.674764
vn -0.984666 -0.050801 -0.166889
vn 0.981610 -0.019294 -0.189919
vn 0.999387 0.034021 -0.008290
vn 0.996528 0.072830 -0.040349
vn 0.190797 0.201941 -0.960633
vn 0.195145 0.299553 -0.933909
vn 0.162246 0.207206 -0.964750
vn 0.096721 0.321863 -0.941833
vn 0.122243 0.316512 -0.940679
vn 0.097810 0.357053 -0.928949
vn 0.974194 -0.210004 -0.082729
vn 0.950848 -0.207893 -0.229497
vn 0.936115 -0.212659 -0.280115
vn -0.752306 -0.151062 -0.641261
vn -0.801953 -0.142853 -0.580056
vn -0.869635 -0.106707 -0.482025
vn -0.982275 0.138095 0.126749
vn -0.252230 0.365506 -0.895983
vn 0.982099 -0.188348 -0.002500
vn 0.986022 -0.163304 -0.033062
vn -0.108196 -0.681288 -0.723975
vn -0.220430 -0.698947 -0.680356
vn -0.141299 -0.724204 -0.674954
vn -0.626844 -0.497293 -0.599806
vn -0.795012 -0.256270 -0.549801
vn 0.985894 0.162278 -0.040965
vn 0.990389 0.138029 0.008786
vn 0.983800 0.156628 0.087210
vn 0.986148 0.125864 0.108027
vn 0.977905 0.123047 0.169001
vn 0.989373 -0.061048 -0.131961
vn 0.916738 -0.063218 -0.394456
vn 0.976343 -0.113035 -0.184330
vn 0.984150 -0.170980 -0.047051
vn 0.984106 -0.157050 0.082888
vn 0.987251 -0.134637 -0.084897
vn 0.976785 0.176686 -0.121135
vn 0.986809 0.143649 -0.074653
vn 0.905068 0.164876 -0.392005
vn 0.989237 0.078910 0.123222
vn 0.979006 0.121077 0.163977
vn 0.852149 0.080028 -0.517144
vn 0.920457 0.109372 -0.375230
vn 0.971977 0.132804 -0.193968
vn 0.997991 0.029575 0.056024
vn -0.542526 0.199044 -0.816117
vn -0.448415 0.257956 -0.855793
vn -0.426226 0.298120 -0.854082
vn -0.974785 -0.086337 -0.205767
vn 0.888726 -0.169053 0.426132
vn 0.925814 0.011303 -0.377811
vn 0.983619 -0.013701 -0.179737
vn -0.964390 -0.070377 0.254949
vn -0.931476 -0.154189 -0.329512
vn -0.987241 -0.146490 -0.062417
vn 0.942340 0.295335 0.157395
vn 0.957557 0.288050 -0.010556
vn 0.036048 0.321072 -0.946369
vn 0.013694 0.283013 -0.959018
vn 0.003815 0.246759 -0.969069
vn -0.002301 0.234989 -0.971995
vn -0.986960 -0.079029 -0.140232
vn -0.977941 -0.049441 -0.202945
vn -0.997013 -0.066689 -0.038964
vn 0.167380 0.353729 -0.920250
vn 0.119719 0.362744 -0.924167
vn 0.848312 0.331063 0.413237
vn 0.916103 0.377695 0.134543
vn 0.928616 0.364358 0.070113
vn 0.942285 0.314557 0.114687
vn -0.978842 0.055945 -0.196820
vn -0.978665 -0.029901 -0.203274
vn -0.994713 -0.052003 -0.088551
vn -0.995367 0.087331 -0.040212
vn -0.991486 0.014748 0.129374
vn -0.971897 -0.137090 -0.191369
vn -0.979254 -0.152496 -0.133439
vn -0.983003 -0.147210 -0.109697
vn -0.983306 -0.120992 -0.135906
vn -0.988836 -0.148626 0.010640
vn 0.974698 0.150397 -0.165364
vn -0.527010 0.122850 -0.840933
vn -0.315741 0.128060 -0.940164
vn -0.547230 0.105680 -0.830284
vn -0.541800 0.196605 -0.817190
vn 0.132451 0.216488 -0.967259
vn 0.164124 0.062663 -0.984447
vn 0.196094 0.057459 -0.978900
vn -0.019935 -0.298413 -0.954229
vn -0.054683 -0.238042 -0.969714
vn 0.037490 -0.216583 -0.975544
vn -0.178371 -0.592334 -0.785700
vn 0.991185 0.119050 0.058130
vn 0.954681 0.294671 0.041876
vn 0.684459 0.202366 -0.700403
vn 0.574492 0.373172 -0.728493
vn 0.559718 0.254580 -0.788610
vn 0.463635 -0.008056 -0.885990
vn 0.601548 0.013776 -0.798718
vn 0.965189 -0.242556 0.097867
vn 0.975873 -0.201407 0.084309
vn 0.968772 -0.199056 0.147841
vn 0.997263 -0.043653 0.059667
vn 0.974732 -0.063514 0.214158
vn 0.979189 -0.117357 0.165578
vn 0.994440 0.067242 -0.081039
vn 0.988687 0.017317 0.148992
vn 0.969801 -0.148328 -0.193611
vn 0.983879 -0.178629 -0.008625
vn -0.996981 -0.076828 -0.011248
vn 0.014879 0.302373 -0.953074
vn 0.053937 0.327885 -0.943177
vn 0.012973 0.082715 -0.996489
vn -0.033616 0.063234 -0.997432
vn -0.047241 -0.105500 -0.993297
vn 0.416512 0.128582 -0.899991
vn -0.955952 0.024962 -0.292461
vn 0.990930 0.093526 -0.096487
vn 0.993049 0.112982 -0.032994
vn 0.993988 0.104103 0.033914
vn 0.958947 0.108736 0.261910
vn 0.982523 0.143755 0.118247
vn 0.969367 0.126773 0.210373
vn 0.055133 0.371285 -0.926881
vn 0.071153 0.383092 -0.920966
vn 0.991990 -0.125835 -0.011022
vn 0.976660 -0.166697 0.135453
vn 0.986603 -0.160818 -0.027430
vn -0.943153 0.076853 -0.323352
vn -0.949428 0.070067 -0.306067
vn -0.835653 0.191503 -0.514791
vn -0.812990 -0.007126 -0.582235
vn -0.698250 0.113834 -0.706745
vn -0.735570 0.211281 -0.643659
vn -0.996396 -0.053145 0.066112
vn 0.977582 -0.188367 0.094082
vn 0.978347 -0.158976 0.132529
vn 0.977121 -0.194163 0.086802
vn 0.990161 0.080193 0.114674
vn 0.996983 0.076350 -0.013965
vn 0.992331 0.082177 0.092333
vn 0.991840 0.093855 -0.086279
vn 0.987020 -0.029683 0.157829
vn 0.814513 0.039863 -0.578774
vn 0.910773 0.004968 -0.412879
vn 0.980241 -0.019200 0.196874
vn 0.926825 0.286182 0.243097
vn 0.917026 0.338063 0.211606
vn 0.897763 0.387748 0.208982
vn 0.871666 0.355298 0.337583
vn -0.067693 -0.317535 -0.945827
vn -0.063691 -0.291796 -0.954358
vn -0.923904 0.047354 -0.379683
vn -0.828871 0.100587 -0.550322
vn 0.971773 -0.216584 0.093536
vn 0.975664 -0.198442 0.093279
vn 0.978185 -0.205297 0.031734
vn -0.990058 -0.114946 -0.081069
vn 0.939025 0.098075 -0.329564
vn 0.983197 0.082389 -0.162896
vn 0.990414 0.110640 -0.082702
vn 0.974402 0.145474 0.171399
vn -0.696031 0.117347 -0.708357
vn 0.970553 -0.005416 0.240825
vn 0.644926 0.010419 -0.764174
vn 0.711164 0.052260 -0.701082
vn 0.266829 0.066225 -0.961466
vn 0.347533 -0.016659 -0.937520
vn 0.369866 0.135690 -0.919123
vn -0.448340 -0.728808 -0.517523
vn 0.799417 0.077008 -0.595820
vn 0.976560 -0.146726 0.157487
vn 0.111599 0.169393 -0.979210
vn 0.135338 0.060678 -0.988940
vn 0.135501 0.163463 -0.977200
vn 0.976172 -0.111767 0.186000
vn -0.994970 0.096280 -0.027662
vn 0.984886 0.148225 0.089605
vn 0.917217 0.267739 0.295005
vn 0.987507 0.152455 0.039836
vn 0.988185 0.152782 -0.012144
vn 0.998427 0.048920 0.027407
vn -0.071678 -0.403233 -0.912286
vn -0.133154 -0.528529 -0.838408
vn -0.107113 -0.454663 -0.884199
vn -0.157460 -0.606258 -0.779524
vn 0.577820 -0.248994 -0.777256
vn 0.536810 -0.245030 -0.807339
vn 0.701148 -0.250245 -0.667660
vn 0.833450 -0.145846 -0.533002
vn 0.756324 -0.175675 -0.630169
vn 0.875749 -0.213699 -0.432893
vn -0.948201 -0.121534 -0.293503
vn -0.957047 -0.171563 -0.233726
vn -0.936690 -0.129091 -0.325496
vn 0.049529 0.381076 -0.923216
vn 0.061811 0.378914 -0.923366
vn -0.989159 0.047157 -0.139074
vn -0.911140 0.120016 -0.394234
vn 0.967052 0.104107 0.232318
vn 0.174469 -0.033029 -0.984109
vn 0.190090 -0.096287 -0.977034
vn -0.984388 0.138926 0.108073
vn 0.974349 -0.216693 0.060725
vn 0.975721 -0.095776 0.196966
vn 0.969434 -0.086949 0.229429
vn -0.975879 -0.010072 -0.218080
vn -0.985100 -0.024002 -0.170299
vn 0.008752 0.224107 -0.974525
vn -0.995065 -0.064916 0.075039
vn -0.997984 -0.049114 0.040206
vn -0.980795 -0.099373 0.167830
vn -0.968174 -0.250279 -0.000654
vn 0.837319 0.156514 -0.523832
vn 0.959741 0.027098 -0.279578
vn 0.985182 0.056628 0.161894
vn 0.917673 0.212992 0.335425
vn 0.994577 0.101651 -0.021990
vn 0.972522 0.001747 0.232803
vn 0.971367 0.011029 0.237328
vn 0.978619 -0.177849 0.103316
vn 0.973477 -0.176371 0.145728
vn -0.981433 -0.183549 -0.055667
vn -0.992007 0.024882 -0.123706
vn -0.999723 -0.016228 -0.017053
vn -0.998700 0.012676 0.049378
vn -0.297852 -0.654256 -0.695149
vn -0.412523 -0.628496 -0.659407
vn -0.989313 -0.121527 -0.080565
vn -0.971592 -0.126620 -0.199940
vn -0.987148 -0.089110 0.132657
vn -0.038018 0.005626 -0.999261
vn -0.059110 -0.192234 -0.979567
vn -0.102032 -0.404922 -0.908641
vn -0.123183 -0.517034 -0.847055
vn 0.130877 0.006648 -0.991376
vn 0.155045 -0.055181 -0.986365
vn -0.588141 0.013445 -0.808647
vn -0.693064 -0.016230 -0.720693
vn -0.786289 0.004037 -0.617846
vn -0.011839 0.091474 -0.995737
vn 0.146349 0.125198 -0.981279
vn 0.267533 0.127981 -0.955012
vn 0.977306 -0.189227 0.095215
vn 0.950419 0.130047 0.282474
vn 0.980504 0.106371 0.165220
vn 0.942736 0.149596 0.298110
vn -0.995492 -0.046147 -0.082865
vn 0.883534 0.292095 0.366126
vn -0.998181 0.035739 0.048556
vn -0.999839 0.017605 -0.003511
vn -0.964639 -0.119907 -0.234722
vn -0.980672 -0.125343 -0.150237
vn -0.950696 -0.145880 -0.273673
vn -0.954400 -0.138536 -0.264441
vn -0.548513 -0.090358 -0.831245
vn -0.738913 -0.105613 -0.665473
vn -0.623984 -0.108677 -0.773843
vn -0.407932 -0.028512 -0.912567
vn -0.237747 0.003394 -0.971321
vn -0.310744 -0.038479 -0.949715
vn -0.441078 -0.058227 -0.895578
vn -0.537110 -0.065669 -0.840952
vn -0.469059 -0.080883 -0.879456
vn -0.286872 -0.140560 -0.947601
vn 0.271371 -0.060218 -0.960589
vn 0.212360 -0.087686 -0.973249
vn -0.073300 0.039527 -0.996526
vn 0.049383 0.376882 -0.924944
vn 0.341248 -0.057462 -0.938215
vn 0.501676 -0.048180 -0.863713
vn 0.272660 -0.053447 -0.960625
vn -0.137547 -0.022677 -0.990236
vn -0.174777 -0.009835 -0.984559
vn -0.004938 -0.004821 -0.999976
vn 0.970405 -0.171546 -0.169960
vn 0.942682 -0.157413 -0.294231
vn 0.956353 -0.196074 -0.216665
vn 0.974945 -0.206679 -0.082261
vn 0.977828 -0.209339 0.005374
vn 0.826076 -0.125021 -0.549517
vn 0.918705 -0.198047 -0.341701
vn 0.921012 -0.162708 -0.353926
vn -0.236121 -0.038725 -0.970952
vn 0.973369 -0.097860 0.207308
vn -0.328269 -0.777820 -0.535944
vn -0.461725 -0.656841 -0.596129
vn -0.550812 -0.472500 -0.688004
vn 0.213869 -0.497705 -0.840565
vn 0.297516 -0.517397 -0.802362
vn 0.182363 -0.606942 -0.773540
vn -0.115814 -0.246974 -0.962077
vn -0.213860 -0.400912 -0.890805
vn -0.120884 -0.457664 -0.880869
vn 0.976524 0.152685 0.151949
vn 0.983547 -0.064707 0.168666
vn 0.986297 0.049945 0.157240
vn 0.081105 0.388459 -0.917890
vn 0.065102 0.390417 -0.918333
vn 0.974172 -0.201844 0.101230
vn -0.999062 0.011977 -0.041603
vn -0.981432 -0.047022 -0.185957
vn -0.775161 -0.105010 -0.622975
vn -0.965237 -0.076600 -0.249900
vn -0.461526 -0.445636 -0.767074
vn -0.625228 -0.222740 -0.747982
vn -0.267083 -0.231573 -0.935436
vn -0.488330 -0.088689 -0.868141
vn -0.248460 -0.186174 -0.950583
vn -0.250817 -0.182077 -0.950757
vn 0.082292 -0.194278 -0.977489
vn 0.035908 -0.088150 -0.995460
vn -0.061989 -0.184248 -0.980923
vn 0.904464 0.165919 -0.392959
vn 0.876523 0.130194 -0.463420
vn 0.771355 0.213060 -0.599680
vn 0.772703 0.125449 -0.622248
vn 0.828339 0.209233 -0.519688
vn 0.562717 0.093955 -0.821293
vn 0.589245 0.186585 -0.786115
vn 0.995998 -0.013868 -0.088289
vn 0.997977 -0.052602 -0.035695
vn -0.050861 0.047765 -0.997563
vn -0.121709 -0.009325 -0.992522
vn -0.048631 0.023720 -0.998535
vn 0.806296 -0.004063 -0.591498
vn 0.857990 -0.014574 -0.513460
vn 0.933805 0.051482 -0.354058
vn 0.614561 0.095216 -0.783102
vn 0.992166 -0.039486 -0.118526
vn 0.280666 0.049664 -0.958520
vn 0.226001 0.033821 -0.973540
vn 0.084821 0.026306 -0.996049
vn -0.024892 -0.013617 -0.999597
vn 0.013947 -0.038053 -0.999178
vn 0.128085 -0.016937 -0.991619
vn -0.979826 0.088222 -0.179328
vn -0.912220 0.082902 -0.401226
vn -0.385123 0.269572 -0.882616
vn 0.993206 0.077505 0.086805
vn 0.966906 0.099146 0.235079
vn 0.991582 0.127942 -0.019917
vn 0.726903 0.241148 -0.643008
vn 0.792250 0.237548 -0.562060
vn -0.479761 0.319405 -0.817196
vn -0.629648 0.232728 -0.741203
vn -0.565128 0.223097 -0.794266
vn 0.973228 -0.220197 0.065887
vn 0.976274 -0.203314 0.074517
vn -0.998901 -0.046679 0.004211
vn -0.968693 0.009364 -0.248084
vn -0.889946 0.053931 -0.452865
vn -0.902100 0.065194 -0.426575
vn -0.806944 0.067992 -0.586701
vn -0.889609 0.034236 -0.455438
vn -0.931522 0.034180 -0.362075
vn -0.900271 -0.003536 -0.435317
vn -0.796960 0.056208 -0.601412
vn -0.825902 0.028716 -0.563082
vn -0.688480 0.043442 -0.723953
vn -0.989803 -0.133111 0.050703
vn -0.967083 -0.252348 0.032715
vn -0.944126 -0.252437 0.211899
vn 0.978004 -0.150758 -0.144151
vn 0.877665 -0.152502 -0.454365
vn 0.890143 -0.149422 -0.430486
vn 0.958702 -0.091949 -0.269140
vn 0.977169 -0.155955 -0.144286
vn 0.800376 -0.128292 -0.585610
vn 0.667207 -0.101699 -0.737897
vn 0.731925 -0.103001 -0.673555
vn 0.171073 -0.039104 -0.984482
vn 0.882021 -0.080481 -0.464286
vn 0.672136 -0.052224 -0.738584
vn 0.727862 -0.143880 -0.670459
vn 0.788436 -0.081750 -0.609661
vn -0.221903 -0.062980 -0.973033
vn -0.346730 -0.041897 -0.937029
vn -0.159271 -0.031765 -0.986724
vn 0.487956 -0.049860 -0.871443
vn 0.389252 -0.063297 -0.918954
vn 0.357336 -0.059102 -0.932104
vn 0.987049 -0.157169 -0.032143
vn 0.959418 -0.121532 -0.254454
vn 0.976027 -0.155992 -0.151784
vn 0.878493 -0.089164 -0.469361
vn 0.850973 -0.127379 -0.509529
vn 0.774087 -0.076873 -0.628395
vn 0.943701 -0.215597 -0.250892
vn 0.962550 -0.228638 -0.145678
vn 0.934012 -0.218374 -0.282728
vn 0.925380 0.199797 0.322108
vn 0.999689 -0.024842 0.002348
vn -0.714865 0.053808 -0.697189
vn 0.993762 0.110075 -0.017926
vn -0.988294 -0.144019 -0.050329
vn -0.319172 -0.259741 -0.911408
vn -0.453485 -0.178122 -0.873284
vn -0.486041 -0.231858 -0.842619
vn -0.675312 -0.234943 -0.699110
vn -0.654615 -0.117812 -0.746726
vn 0.999763 -0.003605 0.021459
vn 0.961559 0.147553 -0.231586
vn 0.938961 0.206516 -0.275143
vn 0.762468 0.247835 -0.597679
vn 0.878660 0.261298 -0.399599
vn 0.931860 0.167806 -0.321679
vn 0.360975 0.336259 -0.869843
vn 0.288651 0.121760 -0.949661
vn 0.199607 0.070124 -0.977364
vn 0.529936 0.128180 -0.838295
vn 0.417365 -0.263096 -0.869820
vn 0.420724 -0.234582 -0.876335
vn 0.204140 -0.045264 -0.977895
vn 0.317239 -0.056534 -0.946659
vn -0.933592 0.132238 -0.333045
vn -0.190238 0.332676 -0.923654
vn -0.364328 0.309780 -0.878238
vn 0.382539 0.327187 -0.864068
vn 0.170028 0.316926 -0.933085
vn 0.279747 0.323476 -0.903939
vn -0.161466 0.216091 -0.962930
vn -0.184434 0.249575 -0.950630
vn -0.478278 0.053146 -0.876599
vn -0.365045 0.095054 -0.926125
vn 0.974192 -0.225496 -0.010047
vn -0.947772 -0.067866 -0.311644
vn -0.784990 -0.001742 -0.619505
vn -0.617026 -0.033001 -0.786250
vn -0.525535 0.020840 -0.850516
vn -0.513924 0.031746 -0.857248
vn -0.318870 -0.060678 -0.945854
vn 0.420706 -0.065737 -0.904812
vn -0.808892 0.000508 -0.587958
vn -0.781156 -0.058960 -0.621545
vn -0.706002 -0.032631 -0.707458
vn 0.207285 -0.061445 -0.976349
vn 0.049797 -0.091518 -0.994558
vn 0.118479 -0.043661 -0.991996
vn -0.359822 0.007466 -0.932991
vn 0.052195 0.367854 -0.928418
vn 0.043274 0.341213 -0.938989
vn 0.965007 -0.166540 -0.202547
vn 0.991718 -0.117105 -0.052752
vn 0.971501 -0.180423 -0.153731
vn 0.972321 -0.100202 -0.211072
vn 0.907680 0.340148 0.245798
vn 0.941277 0.235415 0.242029
vn -0.049588 -0.146747 -0.987930
vn 0.123561 -0.238834 -0.963167
vn 0.246325 -0.039833 -0.968368
vn 0.188665 -0.112992 -0.975520
vn 0.133227 -0.044846 -0.990070
vn 0.367284 -0.378013 -0.849829
vn 0.349357 -0.249507 -0.903159
vn 0.469225 -0.258449 -0.844412
vn 0.174947 -0.168243 -0.970097
vn 0.478667 0.001519 -0.877995
vn 0.541559 0.045367 -0.839438
vn 0.597095 0.042566 -0.801040
vn 0.717276 0.084289 -0.691672
vn 0.720280 0.076166 -0.689489
vn 0.641425 0.088409 -0.762075
vn 0.987735 0.145760 -0.055987
vn 0.050762 0.364566 -0.929793
vn 0.983628 -0.052903 -0.172268
vn 0.999468 0.019064 -0.026469
vn 0.986542 -0.019546 -0.162334
vn 0.994982 0.044302 -0.089707
vn 0.986781 0.014537 -0.161409
vn 0.992263 0.061288 -0.107972
vn 0.994652 -0.084589 -0.059272
vn 0.883066 -0.154075 -0.443234
vn 0.841026 -0.077634 -0.535396
vn 0.921973 -0.074287 -0.380062
vn 0.974644 -0.092375 -0.203804
vn 0.978789 -0.077785 -0.189528
vn 0.707936 -0.147205 -0.690766
vn 0.748302 -0.126694 -0.651148
vn 0.598617 -0.266163 -0.755523
vn 0.992522 0.122063 0.001205
vn 0.990346 0.124381 -0.061183
vn 0.981109 0.135230 -0.138337
vn 0.813928 0.092583 -0.573542
vn 0.864928 0.095775 -0.492673
vn -0.839939 -0.017899 -0.542386
vn -0.474184 -0.120746 -0.872107
vn -0.255728 -0.151922 -0.954737
vn -0.212911 -0.018614 -0.976894
vn -0.126417 0.123927 -0.984206
vn -0.163130 -0.002240 -0.986602
vn 0.000231 0.333614 -0.942710
vn -0.114657 0.313483 -0.942646
vn -0.202332 0.379481 -0.902805
vn -0.818667 -0.088743 -0.567370
vn -0.871924 -0.257260 -0.416613
vn -0.956770 -0.231908 -0.175529
vn -0.689064 0.061099 -0.722120
vn -0.333952 -0.000645 -0.942590
vn -0.158825 -0.029400 -0.986869
vn -0.202849 -0.002806 -0.979206
vn -0.523237 0.086322 -0.847804
vn 0.028611 0.014298 -0.999488
vn -0.039721 0.012888 -0.999128
vn 0.969869 -0.228646 -0.084121
vn 0.941910 -0.207688 -0.263952
vn 0.955136 -0.205582 -0.213192
vn 0.953676 -0.155344 -0.257625
vn 0.972901 -0.220926 -0.068239
vn 0.367016 -0.027785 -0.929799
vn 0.490316 -0.006450 -0.871521
vn 0.403202 -0.071931 -0.912280
vn 0.306527 -0.105493 -0.945998
vn 0.927178 -0.193868 -0.320558
vn 0.939789 -0.214869 -0.265761
vn 0.924467 -0.222265 -0.309771
vn 0.785500 -0.224668 -0.576640
vn 0.893713 -0.218820 -0.391657
vn 0.874710 -0.231511 -0.425777
vn 0.471488 -0.122161 -0.873370
vn 0.561815 -0.168444 -0.809933
vn 0.657587 -0.151184 -0.738053
vn 0.959125 -0.155563 -0.236389
vn 0.900761 -0.191498 -0.389819
vn 0.899315 -0.174486 -0.400983
vn 0.435801 -0.103389 -0.894085
vn 0.314468 -0.049123 -0.947996
vn 0.394939 -0.166039 -0.903578
vn 0.220717 -0.215621 -0.951205
vn 0.224770 -0.226790 -0.947652
vn 0.101119 -0.211547 -0.972123
vn 0.709370 -0.217562 -0.670419
vn 0.707849 -0.240265 -0.664246
vn 0.785112 -0.228571 -0.575634
vn 0.747392 0.076047 -0.660017
vn 0.429135 0.337492 -0.837820
vn 0.542041 0.131549 -0.829992
vn -0.035350 -0.069555 -0.996952
vn 0.041868 -0.108948 -0.993165
vn 0.220274 0.162692 -0.961775
vn 0.253530 0.173787 -0.951589
vn 0.265022 0.228664 -0.936737
vn 0.373463 0.192524 -0.907447
vn 0.161364 0.322362 -0.932762
vn 0.255522 0.287567 -0.923046
vn 0.369660 0.237829 -0.898214
vn 0.642304 0.179997 -0.745014
vn 0.728926 0.126110 -0.672877
vn 0.699661 0.147822 -0.699016
vn 0.978712 0.148863 -0.141292
vn 0.975258 -0.113223 0.189877
vn 0.203392 -0.035218 -0.978464
vn 0.977395 -0.018429 0.210617
vn 0.977809 -0.123005 0.169588
vn 0.981455 -0.110420 0.156694
vn 0.993430 -0.085202 -0.076400
vn 0.812732 -0.223891 -0.537902
vn 0.937076 -0.209009 -0.279648
vn 0.830750 -0.150791 -0.535833
vn 0.944867 -0.078141 -0.317994
vn 0.829040 -0.124592 -0.545132
vn 0.741241 -0.237634 -0.627767
vn 0.600984 -0.274521 -0.750637
vn 0.557170 -0.266199 -0.786575
vn 0.478842 -0.311428 -0.820807
vn 0.674636 -0.255078 -0.692677
vn 0.496013 -0.264847 -0.826938
vn 0.636920 -0.237636 -0.733391
vn -0.683978 0.035223 -0.728651
vn -0.474397 0.049434 -0.878922
vn -0.684876 0.087087 -0.723436
vn -0.259258 0.002905 -0.965804
vn -0.031134 0.011198 -0.999453
vn 0.001338 0.040428 -0.999182
vn 0.842427 0.363794 -0.397455
vn 0.716076 0.177617 -0.675047
vn 0.971139 -0.200197 0.129657
vn 0.897719 -0.238255 -0.370588
vn 0.944779 -0.203354 -0.256981
vn 0.941234 -0.211752 -0.263135
vn 0.880782 -0.224304 -0.417026
vn 0.205520 0.046729 -0.977537
vn 0.296006 0.254424 -0.920679
vn 0.165033 0.387266 -0.907077
vn 0.228184 0.379015 -0.896816
vn 0.236409 0.407368 -0.882135
vn 0.303058 0.402212 -0.863934
vn 0.245976 0.409583 -0.878486
vn 0.313742 0.431402 -0.845847
vn 0.334613 0.409955 -0.848511
vn 0.422834 -0.347557 -0.836909
vn 0.476915 -0.392684 -0.786353
vn 0.168477 -0.476113 -0.863094
vn 0.274802 -0.431974 -0.859001
vn 0.239369 -0.431053 -0.869997
vn 0.750990 -0.113732 -0.650445
vn 0.619527 -0.070175 -0.781832
vn 0.300869 -0.002142 -0.953663
vn 0.481526 -0.056331 -0.874620
vn -0.256162 -0.012995 -0.966547
vn -0.298574 0.163131 -0.940341
vn -0.307130 0.050322 -0.950336
vn -0.391208 0.302897 -0.869028
vn 0.871128 0.266498 -0.412449
vn 0.939717 0.173300 -0.294787
vn 0.922773 0.233029 -0.306900
vn 0.908308 0.410634 0.079721
vn 0.917553 0.397365 -0.014063
vn 0.597082 0.454596 -0.660936
vn 0.517576 0.435681 -0.736408
vn 0.632664 0.442047 -0.635870
vn -0.529193 -0.032202 -0.847890
vn -0.517714 -0.026770 -0.855135
vn -0.834393 -0.110147 -0.540052
vn -0.797156 -0.066244 -0.600129
vn -0.714301 -0.084377 -0.694733
vn -0.781653 -0.028973 -0.623040
vn -0.871382 -0.027938 -0.489809
vn -0.918764 -0.097085 -0.382686
vn -0.887612 -0.059115 -0.456782
vn -0.602915 -0.061610 -0.795423
vn -0.721095 -0.064451 -0.689832
vn 0.979131 -0.020346 -0.202207
vn 0.995699 -0.047626 -0.079471
vn 0.938707 -0.068920 -0.337758
vn 0.991889 -0.049147 -0.117217
vn 0.809519 -0.083817 -0.581080
vn 0.817237 -0.036134 -0.575167
vn 0.750240 -0.050849 -0.659207
vn 0.740294 -0.138290 -0.657906
vn 0.620007 -0.117587 -0.775735
vn 0.751303 -0.117545 -0.649405
vn 0.639433 -0.006302 -0.768821
vn 0.458218 0.051434 -0.887350
vn -0.171899 -0.031557 -0.984609
vn -0.051385 -0.029053 -0.998256
vn -0.138174 0.028149 -0.990008
vn 0.141065 -0.030788 -0.989522
vn -0.054499 -0.049957 -0.997263
vn -0.437063 0.225769 -0.870635
vn 0.947056 0.308068 -0.090435
vn 0.936370 0.106061 -0.334608
vn 0.947348 0.276785 0.161005
vn 0.875084 0.441819 -0.197544
vn 0.840895 0.465535 -0.275992
vn 0.826973 0.458085 -0.325998
vn 0.900536 0.306758 -0.308116
vn 0.936181 0.321751 -0.141568
vn 0.895946 0.428009 -0.118697
vn 0.901841 0.430774 -0.033417
vn 0.974926 0.132878 0.178503
vn 0.992920 0.118694 0.004694
vn 0.970483 0.188094 0.150941
vn 0.518479 0.388071 -0.761958
vn 0.535128 0.426277 -0.729333
vn 0.578304 0.377759 -0.723092
vn 0.945404 0.229591 -0.231300
vn 0.838334 0.101749 -0.535578
vn 0.862330 0.072165 -0.501177
vn 0.834975 0.075947 -0.545022
vn 0.897417 0.368378 0.242776
vn 0.906628 0.410922 0.095756
vn 0.027112 0.266260 -0.963520
vn 0.132821 0.226459 -0.964922
vn 0.171559 0.342910 -0.923569
vn 0.165350 0.376634 -0.911486
vn 0.263082 0.342909 -0.901777
vn 0.652687 0.287577 -0.700927
vn 0.754917 0.309773 -0.578050
vn 0.741519 0.253992 -0.620997
vn 0.580528 0.139059 -0.802278
vn 0.597327 0.120434 -0.792904
vn 0.565987 0.117987 -0.815928
vn 0.326400 0.196875 -0.924502
vn 0.369579 0.117104 -0.921791
vn -0.851087 0.029090 -0.524218
vn -0.733624 0.030786 -0.678858
vn -0.432983 -0.017463 -0.901233
vn -0.261031 -0.027898 -0.964927
vn -0.366418 0.010431 -0.930392
vn 0.314496 -0.028585 -0.948828
vn 0.497652 -0.021408 -0.867113
vn 0.431953 0.003369 -0.901890
vn -0.088165 -0.060321 -0.994278
vn -0.264538 -0.012880 -0.964289
vn -0.394740 -0.028316 -0.918357
vn -0.472265 -0.010792 -0.881391
vn 0.038684 -0.034198 -0.998666
vn 0.232027 -0.015084 -0.972593
vn -0.671425 -0.041516 -0.739909
vn -0.593709 0.004794 -0.804665
vn 0.027291 -0.079973 -0.996423
vn 0.033068 -0.051399 -0.998131
vn -0.134774 -0.085762 -0.987158
vn -0.081652 -0.011541 -0.996594
vn 0.191107 -0.011254 -0.981505
vn 0.210535 -0.008113 -0.977553
vn 0.537751 -0.057247 -0.841158
vn 0.562013 -0.036988 -0.826301
vn 0.731819 -0.072259 -0.677658
vn 0.598905 -0.090662 -0.795671
vn 0.814892 -0.118396 -0.567393
vn 0.565241 -0.097293 -0.819168
vn 0.338738 -0.081807 -0.937317
vn 0.555591 -0.105490 -0.824737
vn 0.321590 -0.047897 -0.945667
vn 0.453076 -0.092092 -0.886702
vn -0.164722 -0.053643 -0.984880
vn -0.023931 -0.080534 -0.996465
vn 0.207177 -0.093017 -0.973871
vn 0.181477 -0.082785 -0.979904
vn -0.303920 -0.003635 -0.952691
vn 0.851018 -0.122783 -0.510581
vn 0.947482 -0.140816 -0.287140
vn 0.652549 -0.036219 -0.756880
vn 0.962690 -0.129432 -0.237644
vn 0.883161 -0.149167 -0.444720
vn -0.880972 -0.090157 -0.464500
vn -0.882528 -0.113111 -0.456455
vn -0.675519 0.244786 -0.695524
vn -0.132163 0.263706 -0.955506
vn -0.146413 0.337554 -0.929850
vn 0.320764 0.250932 -0.913314
vn 0.222882 0.272907 -0.935866
vn 0.456434 0.243801 -0.855704
vn 0.246004 0.337866 -0.908476
vn 0.552269 0.304703 -0.775986
vn 0.394718 0.279205 -0.875353
vn 0.257952 0.294902 -0.920051
vn 0.809591 0.168983 -0.562145
vn 0.781907 0.223927 -0.581788
vn 0.226168 -0.059054 -0.972297
vn 0.436877 -0.036438 -0.898783
vn 0.373891 -0.021554 -0.927222
vn 0.601946 -0.061267 -0.796183
vn 0.094572 0.110098 -0.989411
vn -0.098614 0.023126 -0.994857
vn -0.060329 0.081495 -0.994846
vn -0.099992 0.005732 -0.994972
vn 0.761234 -0.022284 -0.648095
vn -0.339828 -0.070467 -0.937844
vn -0.100860 -0.020530 -0.994689
vn 0.064580 0.010954 -0.997853
vn -0.117333 -0.002093 -0.993091
vn 0.182408 -0.052026 -0.981846
vn 0.139175 -0.036898 -0.989580
vn 0.227440 -0.100154 -0.968628
vn -0.011723 -0.042276 -0.999037
vn -0.048433 -0.046795 -0.997730
vn 0.965882 0.073753 -0.248258
vn 0.864425 -0.020135 -0.502359
vn 0.908170 0.112003 -0.403338
vn 0.939520 0.088338 -0.330905
vn 0.894451 0.063781 -0.442593
vn 0.809648 -0.126656 -0.573086
vn 0.789033 -0.137004 -0.598880
vn 0.770369 -0.110920 -0.627876
vn 0.743713 0.048294 -0.666752
vn 0.777663 -0.152932 -0.609797
vn 0.673677 -0.214903 -0.707089
vn 0.694128 0.025348 -0.719406
vn 0.684264 0.004466 -0.729221
vn 0.612740 0.028940 -0.789754
vn 0.468025 0.392929 -0.791555
vn 0.565623 0.421393 -0.708872
vn 0.702600 0.446099 -0.554391
vn 0.702269 0.428227 -0.568718
vn 0.250489 0.396506 -0.883198
vn 0.362220 0.395605 -0.843975
vn 0.463275 0.264855 -0.845711
vn 0.358598 0.278624 -0.890941
vn 0.366672 0.310876 -0.876874
vn 0.439620 0.404738 -0.801824
vn 0.456465 0.426538 -0.780836
vn 0.899499 0.408105 -0.156051
vn 0.906821 0.362091 -0.215791
vn 0.857049 0.444074 -0.261276
vn 0.782670 0.407327 -0.470652
vn 0.772257 0.458166 -0.440116
vn 0.790493 0.143945 -0.595315
vn 0.758457 0.086377 -0.645973
vn 0.733900 0.115574 -0.669353
vn 0.686464 0.082089 -0.722515
vn 0.844081 0.085778 -0.529310
vn 0.818063 0.105004 -0.565461
vn 0.777033 0.072621 -0.625257
vn 0.072650 0.356913 -0.931308
vn 0.098105 0.287141 -0.952851
vn 0.064643 0.370445 -0.926602
vn 0.993889 -0.093487 -0.058691
vn 0.979378 -0.146056 -0.139592
vn 0.980786 -0.145364 -0.130111
vn -0.972475 -0.131605 -0.192281
vn 0.990513 0.137277 -0.006311
vn 0.977510 0.210424 0.014020
vn -0.977942 -0.072589 -0.195858
vn 0.954415 -0.139754 -0.263745
vn -0.603834 -0.151854 -0.782512
vn 0.977009 -0.117094 0.178163
vn 0.740781 -0.217410 -0.635592
vn 0.960856 -0.190820 -0.200858
vn 0.761926 -0.231527 -0.604867
vn 0.709542 -0.189808 -0.678619
vn 0.667927 -0.210649 -0.713793
vn 0.589222 -0.252349 -0.767553
vn 0.341328 -0.249106 -0.906334
vn 0.381047 -0.203066 -0.901980
vn 0.258379 -0.278905 -0.924907
vn 0.177528 -0.268347 -0.946823
vn 0.094247 -0.263202 -0.960126
vn 0.459369 -0.293106 -0.838492
vn 0.744094 -0.214799 -0.632602
vn 0.112986 -0.372156 -0.921268
vn 0.249165 -0.552415 -0.795459
vn 0.347952 -0.505279 -0.789698
vn 0.428348 -0.318451 -0.845640
vn 0.037057 -0.239469 -0.970197
vn 0.022815 -0.322202 -0.946396
vn -0.306649 -0.147557 -0.940315
vn 0.787981 -0.156277 -0.595536
vn 0.717084 -0.216497 -0.662510
vn 0.103569 0.390397 -0.914803
vn 0.067664 0.347669 -0.935173
vn 0.209780 0.409469 -0.887878
vn 0.111670 0.377690 -0.919174
vn -0.505076 -0.095117 -0.857818
vn -0.656128 -0.113515 -0.746063
vn -0.822317 -0.140795 -0.551336
vn -0.540774 -0.151359 -0.827438
vn -0.484357 -0.107566 -0.868233
vn -0.580764 -0.103941 -0.807409
vn 0.998478 -0.029794 -0.046408
vn 0.798705 0.026271 -0.601150
vn 0.816118 0.102600 -0.568705
vn 0.791523 0.088084 -0.604758
vn 0.660906 0.181298 -0.728240
vn -0.008943 0.103337 -0.994606
vn -0.022431 0.104751 -0.994246
vn -0.119244 -0.033285 -0.992307
vn -0.145572 0.050162 -0.988075
vn 0.940589 -0.123341 -0.316353
vn 0.968544 0.245119 0.042894
vn 0.988120 0.132991 -0.077022
vn 0.994422 0.102020 0.026780
vn 0.988021 0.083811 -0.129575
vn 0.966505 0.239306 -0.092740
vn 0.975500 0.193172 -0.105279
vn 0.988122 0.124494 -0.090095
vn 0.974439 0.141078 -0.174830
vn 0.981236 0.192370 -0.013049
vn 0.939867 0.112333 -0.322538
vn 0.946469 0.170405 -0.274149
vn 0.909984 0.166009 -0.379961
vn -0.609087 0.222921 -0.761130
vn -0.620843 0.217059 -0.753286
vn -0.553265 0.240036 -0.797672
vn -0.086921 0.298039 -0.950588
vn -0.324844 0.355235 -0.876518
vn 0.138815 0.327442 -0.934619
vn 0.055224 0.343164 -0.937651
vn -0.915642 -0.145381 -0.374785
vn -0.848539 -0.016655 -0.528870
vn -0.947829 -0.173042 -0.267726
vn -0.865732 -0.089754 -0.492395
vn -0.723560 0.036044 -0.689320
vn -0.641784 0.067295 -0.763927
vn -0.948766 -0.207379 -0.238406
vn -0.936216 -0.069851 -0.344415
vn -0.316568 0.313487 -0.895271
vn 0.238686 0.290450 -0.926643
vn 0.077089 0.236546 -0.968557
vn 0.159496 0.304439 -0.939084
vn 0.345193 0.325614 -0.880237
vn -0.329059 -0.473298 -0.817135
vn -0.265056 -0.559340 -0.785420
vn -0.039641 -0.528040 -0.848294
vn -0.071515 -0.634623 -0.769506
vn 0.019841 -0.595136 -0.803380
vn -0.262530 -0.697354 -0.666915
vn -0.228425 -0.739999 -0.632633
vn -0.115108 -0.614856 -0.780194
vn -0.195638 -0.727135 -0.658028
vn -0.290229 -0.325427 -0.899925
vn -0.109884 -0.212616 -0.970938
vn -0.113357 -0.223114 -0.968179
vn 0.050703 -0.220615 -0.974042
vn 0.096823 -0.236331 -0.966837
vn -0.206747 -0.203012 -0.957101
vn -0.284158 -0.132934 -0.949517
vn -0.453878 -0.064283 -0.888742
vn -0.427012 -0.187863 -0.884516
vn -0.772015 -0.104107 -0.627021
vn -0.601878 -0.129456 -0.788025
vn -0.284739 -0.045299 -0.957534
vn -0.180189 -0.055078 -0.982089
vn -0.154491 -0.042566 -0.987077
vn 0.050884 -0.641605 -0.765345
vn 0.119136 -0.565997 -0.815753
vn 0.213086 -0.350051 -0.912172
vn 0.550556 -0.281538 -0.785891
vn -0.294525 -0.170351 -0.940338
vn 0.072298 -0.511679 -0.856129
vn -0.694339 -0.097583 -0.713001
vn -0.897830 -0.109896 -0.426410
vn 0.855693 0.333618 -0.395587
vn 0.809294 0.172573 -0.561482
vn 0.738585 0.171586 -0.651959
vn 0.681153 0.325043 -0.656031
vn 0.811710 0.126514 -0.570194
vn 0.562576 0.209347 -0.799801
vn 0.533607 0.214910 -0.817971
vn 0.759992 0.121054 -0.638559
vn 0.786429 0.140672 -0.601449
vn 0.621185 0.166103 -0.765859
vn 0.668326 0.104645 -0.736471
vn 0.907807 0.336583 -0.250196
vn 0.919405 0.379906 -0.101812
vn -0.393332 -0.053422 -0.917843
vn 0.128530 -0.118153 -0.984642
vn -0.157608 -0.039696 -0.986704
vn -0.132175 -0.069656 -0.988776
vn 0.131925 -0.206162 -0.969584
vn 0.260604 -0.171935 -0.950013
vn 0.124951 -0.018460 -0.991991
vn 0.100433 -0.006153 -0.994925
vn -0.055657 -0.038453 -0.997709
vn 0.579075 -0.133999 -0.804187
vn 0.463948 -0.090525 -0.881225
vn 0.627586 -0.070757 -0.775325
vn 0.569383 -0.098215 -0.816185
vn 0.212754 -0.011331 -0.977040
vn 0.494097 -0.020825 -0.869157
vn -0.033281 -0.029608 -0.999007
vn 0.126295 -0.034007 -0.991410
vn 0.992269 0.095016 -0.079836
vn 0.980632 0.131472 -0.145174
vn 0.978466 0.097496 -0.181931
vn 0.260214 0.195725 -0.945505
vn 0.657719 0.225826 -0.718616
vn 0.620904 0.208639 -0.755611
vn 0.808696 0.183865 -0.558752
vn 0.964105 0.126639 -0.233378
vn 0.881872 0.148381 -0.447531
vn 0.958239 0.147547 -0.244967
vn 0.989916 0.140449 -0.018435
vn 0.923833 0.172584 -0.341684
vn 0.770565 0.237112 -0.591615
vn 0.805568 0.311302 -0.504135
vn 0.991102 0.132904 0.007373
vn 0.562751 0.285234 -0.775857
vn 0.685895 0.338523 -0.644166
vn 0.656805 0.275118 -0.702081
vn 0.486103 0.187814 -0.853481
vn 0.507262 0.332938 -0.794882
vn 0.212853 0.136282 -0.967533
vn 0.131952 0.338859 -0.931538
vn 0.073171 0.383121 -0.920796
vn 0.072946 0.378737 -0.922625
vn 0.183690 0.366439 -0.912130
vn 0.234491 0.375363 -0.896725
vn 0.341128 0.352083 -0.871590
vn 0.491015 0.231218 -0.839906
vn 0.475485 0.176054 -0.861928
vn 0.451322 0.343369 -0.823654
vn 0.652016 0.185427 -0.735182
vn 0.120924 0.384807 -0.915041
vn 0.096035 0.367921 -0.924885
vn 0.371754 0.385772 -0.844381
vn 0.093091 0.377691 -0.921240
vn 0.125201 0.280351 -0.951697
vn 0.398974 0.258546 -0.879758
vn 0.570993 0.215033 -0.792292
vn 0.656002 0.040129 -0.753692
vn 0.471880 -0.033529 -0.881025
vn 0.543378 0.019272 -0.839267
vn 0.712374 0.110407 -0.693061
vn 0.427230 0.035335 -0.903452
vn 0.329600 0.102629 -0.938526
vn 0.131980 0.072985 -0.988562
vn 0.335233 -0.001742 -0.942134
vn 0.062199 0.182689 -0.981201
vn 0.581560 0.067099 -0.810732
vn 0.424532 0.416375 -0.803992
vn 0.401428 0.444073 -0.801034
vn 0.500718 0.445951 -0.741896
vn 0.575220 0.302692 -0.759934
vn 0.721318 0.459222 -0.518474
vn 0.686399 0.457975 -0.564903
vn 0.679292 0.457929 -0.573466
vn 0.738139 0.375000 -0.560826
vn 0.772074 0.350873 -0.529896
vn -0.974345 -0.121669 -0.189337
vn -0.934060 -0.129395 -0.332848
vn -0.644783 -0.074723 -0.760704
vn -0.537699 -0.194185 -0.820470
vn -0.610200 -0.023724 -0.791892
vn 0.826246 0.135574 -0.546751
vn 0.819989 0.109665 -0.561776
vn 0.931836 0.140675 -0.334502
vn 0.950039 0.130200 -0.283679
vn 0.966818 0.144407 -0.210734
vn 0.980631 0.152379 -0.123055
vn 0.690405 0.351830 -0.632104
vn 0.789246 0.469790 -0.395460
vn -0.227792 -0.016790 -0.973565
vn 0.249532 -0.178666 -0.951742
vn -0.939060 -0.087136 -0.332527
vn -0.882786 -0.118991 -0.454455
vn -0.775974 -0.109636 -0.621163
vn -0.728161 -0.115139 -0.675666
vn -0.650634 -0.070552 -0.756107
vn -0.385195 0.295481 -0.874251
vn 0.073253 0.371272 -0.925630
vn 0.948972 0.028310 -0.314086
vn 0.935829 0.127510 -0.328580
vn 0.998265 -0.058534 -0.006395
vn -0.882666 -0.209413 -0.420770
vn -0.177201 -0.110592 -0.977941
vn 0.810860 0.378591 -0.446291
vn 0.748876 0.383273 -0.540634
vn 0.702748 0.433529 -0.564090
vn 0.601592 0.456639 -0.655414
vn 0.797161 0.235750 -0.555839
vn 0.769716 0.440529 -0.462030
vn 0.812689 0.447132 -0.373644
vn 0.851358 0.382769 -0.358716
vn 0.898074 0.425998 -0.109492
vn 0.881609 0.438852 -0.173711
vn 0.627525 0.079138 -0.774564
vn 0.701541 0.079282 -0.708205
vn -0.884616 0.075765 -0.460125
vn -0.983511 0.005431 -0.180766
vn -0.999333 -0.036096 0.005623
vn -0.998075 -0.050111 -0.036547
vn -0.953526 -0.012980 -0.301031
vn 0.901506 0.406632 0.148113
vn 0.892789 0.113139 -0.436036
vn 0.905661 0.129251 -0.403822
vn 0.942868 0.153643 -0.295624
vn 0.936592 0.060405 -0.345175
vn 0.912531 0.116065 -0.392193
vn 0.969800 0.082615 -0.229485
vn 0.896418 0.071809 -0.437354
vn 0.920707 0.061653 -0.385354
vn 0.917573 0.110523 -0.381895
vn 0.937421 0.086790 -0.337209
vn 0.862569 0.116549 -0.492332
vn 0.992966 0.101003 0.061778
vn -0.322224 0.231886 -0.917824
vn 0.510376 -0.358114 -0.781838
vn 0.540282 -0.373454 -0.754074
vn 0.447711 -0.126340 -0.885208
vn 0.545295 -0.159941 -0.822844
vn 0.448460 -0.431956 -0.782494
vn -0.952435 -0.091543 -0.290667
vn -0.876818 -0.075864 -0.474799
vn -0.381777 0.042286 -0.923287
vn -0.562493 0.030702 -0.826232
vn -0.491921 0.075618 -0.867350
vn -0.260146 0.037425 -0.964844
vn -0.246878 0.006573 -0.969024
vn -0.367100 -0.063916 -0.927983
vn -0.974680 0.067763 -0.213091
vn -0.135135 0.016900 -0.990683
vn 0.217548 0.037803 -0.975317
vn -0.924944 0.002453 -0.380097
vn -0.887759 0.039267 -0.458631
vn 0.635178 0.078428 -0.768374
vn 0.807867 -0.102184 -0.580439
vn 0.809465 -0.142130 -0.569707
vn 0.359940 -0.289846 -0.886810
vn 0.425509 -0.280037 -0.860536
vn 0.401072 -0.206470 -0.892475
vn 0.469485 -0.196654 -0.860762
vn 0.331391 -0.187303 -0.924715
vn 0.136808 -0.031173 -0.990107
vn 0.386186 -0.074462 -0.919411
vn 0.516619 0.275784 -0.810585
vn 0.661166 0.248168 -0.708006
vn -0.890652 -0.106090 -0.442137
vn -0.901039 -0.117705 -0.417462
vn -0.084633 -0.483451 -0.871270
vn 0.165114 -0.261360 -0.951014
vn 0.577136 0.019385 -0.816418
vn 0.514936 -0.023538 -0.856905
vn 0.401917 -0.091121 -0.911131
vn 0.900297 0.158416 -0.405426
vn 0.754540 0.101540 -0.648351
vn 0.762160 0.077550 -0.642727
vn 0.742230 -0.041442 -0.668863
vn 0.724466 -0.044125 -0.687897
vn 0.858792 0.022053 -0.511849
vn 0.825898 -0.075918 -0.558685
vn 0.626598 -0.129535 -0.768503
vn 0.564042 -0.257149 -0.784686
vn 0.570023 -0.033376 -0.820951
vn -0.181653 -0.649120 -0.738679
vn 0.764007 0.110718 -0.635637
vn 0.952099 0.078685 -0.295493
vn 0.639110 0.246082 -0.728685
vn 0.362935 0.317634 -0.876006
vn 0.461769 0.295044 -0.836491
vn 0.621564 0.240841 -0.745422
vn 0.769370 0.095827 -0.631575
vn -0.030146 0.334539 -0.941900
vn 0.030781 0.273653 -0.961336
vn 0.969403 -0.230118 -0.085462
vn 0.847615 -0.108605 -0.519378
vn 0.919316 -0.140350 -0.367641
vn 0.228338 -0.040884 -0.972723
vn 0.763464 0.063236 -0.642747
vn 0.386247 0.000870 -0.922395
vn 0.199053 -0.010101 -0.979937
vn -0.866948 -0.127262 -0.481877
vn 0.857326 0.146403 -0.493516
vn 0.842050 0.202686 -0.499871
vn 0.854969 0.115649 -0.505622
vn 0.895365 0.091970 -0.435733
vn -0.252836 -0.743545 -0.619044
vn -0.796595 -0.084045 -0.598643
vn -0.802889 -0.107849 -0.586291
vn -0.042588 -0.062152 -0.997158
vn -0.130317 0.289038 -0.948406
vn -0.192770 0.158344 -0.968384
vn -0.486044 0.005779 -0.873915
vn -0.380325 0.004667 -0.924841
vn 0.717633 0.309294 -0.623971
vn 0.963095 -0.124086 -0.238851
vn 0.507570 0.396051 -0.765191
vn 0.633689 0.417735 -0.651103
vn 0.421702 0.189292 -0.886756
vn 0.327268 -0.358167 -0.874421
vn 0.066200 -0.637995 -0.767190
vn 0.746963 -0.220489 -0.627241
vn 0.771934 -0.196790 -0.604477
vn 0.326280 -0.302135 -0.895688
vn 0.987705 0.003227 -0.156294
vn 0.995656 0.030799 -0.087869
vn -0.214961 -0.744359 -0.632235
vn -0.541249 0.273870 -0.795012
f 325/325/1 255/255/2 767/767/3
f 326/326/4 121/121/5 767/767/3
f 1004/1004/6 325/325/1 798/798/7
f 309/309/8 247/247/9 719/719/10
f 415/415/11 327/327/12 125/125/13
f 310/310/14 126/126/15 127/127/16
f 256/256/17 768/768/18 327/327/12
f 719/719/10 127/127/16 128/128/19
f 115/115/20 287/287/21 114/114/22
f 112/112/23 403/403/24 111/111/25
f 114/114/22 508/508/26 113/113/27
f 791/791/28 265/265/29 848/848/30
f 233/233/31 355/355/32 566/566/33
f 117/117/34 118/118/35 758/758/36
f 524/524/37 234/234/38 287/287/21
f 116/116/39 117/117/34 318/318/40
f 119/119/41 120/120/42 414/414/43
f 406/406/44 309/309/8 129/129/45
f 141/141/46 142/142/47 296/296/48
f 333/333/49 944/944/50 802/802/51
f 296/296/48 239/239/52 589/589/53
f 146/146/54 147/147/55 643/643/56
f 671/671/57 672/672/58 296/296/48
f 144/144/59 145/145/60 290/290/61
f 144/144/59 386/386/62 143/143/63
f 148/148/64 271/271/65 371/371/66
f 281/281/67 697/697/68 227/227/69
f 324/324/70 413/413/71 132/132/72
f 132/132/72 133/133/73 324/324/70
f 134/134/74 764/764/75 133/133/73
f 404/404/76 139/139/77 297/297/78
f 332/332/79 137/137/80 773/773/81
f 137/137/80 138/138/82 773/773/81
f 451/451/83 135/135/84 136/136/85
f 139/139/77 404/404/76 138/138/82
f 131/131/86 281/281/67 130/130/87
f 913/913/88 916/916/89 216/216/90
f 100/100/91 401/401/92 284/284/93
f 402/402/94 98/98/95 99/99/96
f 284/284/93 401/401/92 639/639/97
f 106/106/98 591/591/99 105/105/100
f 300/300/101 67/67/102 642/642/103
f 285/285/104 103/103/105 104/104/106
f 450/450/107 101/101/108 102/102/109
f 696/696/110 557/557/111 960/960/112
f 467/467/113 95/95/114 96/96/115
f 91/91/116 987/987/117 322/322/118
f 283/283/119 988/988/120 93/93/121
f 289/289/122 96/96/115 97/97/123
f 236/236/124 467/467/113 289/289/122
f 988/988/120 625/625/125 626/626/126
f 487/487/127 88/88/128 89/89/129
f 487/487/127 704/704/130 243/243/131
f 466/466/132 97/97/123 98/98/95
f 160/160/133 1032/1032/134 554/554/135
f 107/107/136 370/370/137 106/106/98
f 107/107/136 783/783/138 370/370/137
f 487/487/127 243/243/131 377/377/139
f 783/783/138 107/107/136 108/108/140
f 379/379/141 65/65/142 66/66/143
f 112/112/23 288/288/144 403/403/24
f 99/99/96 100/100/91 284/284/93
f 69/69/145 389/389/146 299/299/147
f 779/779/148 110/110/149 111/111/25
f 703/703/150 278/278/151 376/376/152
f 800/800/153 195/195/154 703/703/150
f 85/85/155 378/378/156 84/84/157
f 195/195/154 608/608/158 609/609/159
f 85/85/155 86/86/160 282/282/161
f 79/79/162 80/80/163 277/277/164
f 78/78/165 79/79/162 375/375/166
f 375/375/166 79/79/162 277/277/164
f 277/277/164 80/80/163 374/374/167
f 82/82/168 376/376/152 278/278/151
f 244/244/169 299/299/147 420/420/170
f 150/150/171 418/418/172 149/149/173
f 348/348/174 562/562/175 316/316/176
f 782/782/177 348/348/174 268/268/178
f 1/1/179 2/2/180 562/562/175
f 3/3/181 316/316/176 2/2/180
f 331/331/182 5/5/183 6/6/184
f 152/152/185 153/153/186 348/348/174
f 4/4/187 5/5/183 772/772/188
f 6/6/184 770/770/189 331/331/182
f 334/334/190 33/33/191 774/774/192
f 667/667/193 362/362/194 666/666/195
f 33/33/191 34/34/196 774/774/192
f 782/782/177 349/349/197 151/151/198
f 36/36/199 560/560/200 295/295/201
f 28/28/202 29/29/203 320/320/204
f 765/765/205 29/29/203 30/30/206
f 291/291/207 24/24/208 387/387/209
f 834/834/210 337/337/211 461/461/212
f 778/778/213 336/336/214 264/264/215
f 770/770/189 6/6/184 7/7/216
f 152/152/185 782/782/177 151/151/198
f 12/12/217 13/13/218 369/369/219
f 216/216/90 275/275/220 372/372/221
f 781/781/222 347/347/223 267/267/224
f 9/9/225 771/771/226 8/8/227
f 276/276/228 11/11/229 12/12/217
f 373/373/230 10/10/231 11/11/229
f 276/276/228 373/373/230 11/11/229
f 522/522/232 22/22/233 23/23/234
f 140/140/235 141/141/46 589/589/53
f 266/266/236 346/346/237 392/392/238
f 291/291/207 237/237/239 522/522/232
f 622/622/240 17/17/241 18/18/242
f 298/298/243 405/405/244 850/850/245
f 267/267/224 347/347/223 480/480/246
f 298/298/243 241/241/247 622/622/240
f 266/266/236 780/780/248 346/346/237
f 331/331/182 801/801/249 259/259/250
f 757/757/251 303/303/252 248/248/253
f 63/63/254 280/280/255 62/62/256
f 303/303/252 338/338/257 248/248/253
f 314/314/258 691/691/259 272/272/260
f 60/60/261 757/757/251 59/59/262
f 59/59/262 304/304/263 58/58/264
f 684/684/265 293/293/266 246/246/267
f 846/846/268 878/878/269 171/171/270
f 382/382/271 279/279/272 228/228/273
f 72/72/274 350/350/275 71/71/276
f 71/71/276 270/270/277 70/70/278
f 351/351/279 274/274/280 73/73/281
f 76/76/282 77/77/283 776/776/284
f 351/351/279 814/814/285 815/815/286
f 74/74/287 75/75/288 775/775/289
f 270/270/277 350/350/275 218/218/290
f 63/63/254 64/64/291 382/382/271
f 39/39/292 390/390/293 38/38/294
f 40/40/295 41/41/296 741/741/297
f 741/741/297 306/306/298 40/40/295
f 55/55/299 56/56/300 684/684/265
f 43/43/301 720/720/302 42/42/303
f 202/202/304 786/786/305 301/301/306
f 720/720/302 294/294/307 250/250/308
f 122/122/309 767/767/3 121/121/5
f 42/42/303 305/305/310 41/41/296
f 51/51/311 307/307/312 50/50/313
f 272/272/260 54/54/314 314/314/258
f 874/874/315 419/419/316 272/272/260
f 52/52/317 273/273/318 51/51/311
f 538/538/319 457/457/320 250/250/308
f 48/48/321 759/759/322 47/47/323
f 46/46/324 47/47/323 45/45/325
f 49/49/326 50/50/313 769/769/327
f 759/759/322 301/301/306 263/263/328
f 35/35/329 388/388/330 34/34/196
f 36/36/199 295/295/201 35/35/329
f 148/148/64 371/371/66 147/147/55
f 251/251/331 305/305/310 788/788/332
f 53/53/333 419/419/316 52/52/317
f 560/560/200 292/292/334 238/238/335
f 663/663/336 489/489/337 662/662/338
f 287/287/21 234/234/38 508/508/26
f 756/756/339 516/516/340 755/755/341
f 25/25/342 26/26/343 778/778/213
f 387/387/209 833/833/344 835/835/345
f 21/21/346 780/780/248 20/20/347
f 239/239/52 511/511/348 297/297/78
f 31/31/349 32/32/350 417/417/351
f 406/406/44 227/227/69 309/309/8
f 67/67/102 300/300/101 66/66/143
f 67/67/102 68/68/352 642/642/103
f 93/93/121 94/94/353 909/909/354
f 425/425/355 708/708/356 710/710/357
f 269/269/358 783/783/138 784/784/359
f 61/61/360 352/352/361 303/303/252
f 224/224/362 277/277/164 374/374/167
f 421/421/363 859/859/364 863/863/365
f 369/369/219 275/275/220 219/219/366
f 781/781/222 15/15/367 16/16/368
f 123/123/369 325/325/1 122/122/309
f 682/682/370 683/683/371 456/456/372
f 462/462/373 619/619/374 621/621/375
f 36/36/199 37/37/376 560/560/200
f 197/197/377 895/895/378 897/897/379
f 741/741/297 305/305/310 251/251/331
f 462/462/373 613/613/380 617/617/381
f 367/367/382 822/822/383 326/326/4
f 58/58/264 304/304/263 353/353/384
f 536/536/385 313/313/386 925/925/387
f 736/736/388 536/536/385 735/735/389
f 443/443/390 444/444/391 187/187/392
f 649/649/393 655/655/394 648/648/395
f 516/516/340 202/202/304 787/787/396
f 295/295/201 388/388/330 35/35/329
f 574/574/397 578/578/398 439/439/399
f 936/936/400 935/935/401 506/506/402
f 168/168/403 495/495/404 923/923/405
f 384/384/406 102/102/109 103/103/105
f 712/712/407 714/714/408 308/308/409
f 868/868/410 207/207/411 865/865/412
f 700/700/413 188/188/414 338/338/257
f 507/507/415 115/115/20 116/116/39
f 652/652/416 176/176/417 651/651/418
f 465/465/419 27/27/420 28/28/202
f 515/515/421 505/505/422 694/694/423
f 527/527/424 178/178/425 526/526/426
f 558/558/427 185/185/428 365/365/429
f 299/299/147 244/244/169 642/642/103
f 208/208/430 857/857/431 420/420/170
f 302/302/432 602/602/433 603/603/434
f 474/474/435 623/623/436 624/624/437
f 902/902/438 901/901/439 460/460/440
f 912/912/441 751/751/442 475/475/443
f 590/590/444 142/142/47 143/143/63
f 678/678/445 158/158/446 730/730/447
f 448/448/448 1007/1007/449 1008/1008/450
f 405/405/244 298/298/243 19/19/451
f 548/548/452 200/200/453 290/290/61
f 372/372/221 275/275/220 14/14/454
f 252/252/455 764/764/75 323/323/456
f 699/699/457 698/698/458 173/173/459
f 253/253/460 765/765/205 319/319/461
f 337/337/211 976/976/462 177/177/463
f 345/345/464 784/784/359 109/109/465
f 204/204/466 567/567/467 964/964/468
f 499/499/469 953/953/470 888/888/471
f 315/315/472 882/882/473 693/693/474
f 574/574/397 189/189/475 873/873/476
f 799/799/477 368/368/478 496/496/479
f 317/317/480 249/249/481 758/758/36
f 852/852/482 853/853/483 456/456/372
f 418/418/172 150/150/171 349/349/197
f 706/706/484 707/707/485 396/396/486
f 533/533/487 949/949/488 877/877/489
f 878/878/269 874/874/315 433/433/490
f 86/86/160 377/377/139 282/282/161
f 322/322/118 243/243/131 704/704/130
f 95/95/114 468/468/491 909/909/354
f 469/469/492 194/194/493 908/908/494
f 83/83/495 84/84/157 766/766/496
f 607/607/497 328/328/498 606/606/499
f 768/768/18 123/123/369 124/124/500
f 168/168/403 679/679/501 680/680/502
f 788/788/332 895/895/378 197/197/377
f 212/212/503 817/817/504 354/354/505
f 81/81/506 374/374/167 80/80/163
f 218/218/290 274/274/280 695/695/507
f 12/12/217 369/369/219 276/276/228
f 259/259/250 498/498/508 407/407/509
f 385/385/510 290/290/61 145/145/60
f 677/677/511 678/678/445 394/394/512
f 52/52/317 419/419/316 273/273/318
f 398/398/513 747/747/514 754/754/515
f 788/788/332 457/457/320 895/895/378
f 777/777/516 44/44/517 45/45/325
f 992/992/518 634/634/519 631/631/520
f 180/180/521 470/470/522 471/471/523
f 104/104/106 383/383/524 285/285/104
f 885/885/525 187/187/392 884/884/526
f 513/513/527 455/455/528 1022/1022/529
f 448/448/448 725/725/530 727/727/531
f 589/589/53 297/297/78 140/140/235
f 891/891/532 890/890/533 453/453/534
f 861/861/535 862/862/536 179/179/537
f 594/594/538 428/428/539 975/975/540
f 274/274/280 350/350/275 72/72/274
f 859/859/364 421/421/363 858/858/541
f 581/581/542 580/580/543 970/970/544
f 223/223/545 803/803/546 335/335/547
f 63/63/254 382/382/271 280/280/255
f 953/953/470 499/499/469 611/611/548
f 407/407/509 316/316/176 3/3/181
f 268/268/178 563/563/549 349/349/197
f 494/494/550 460/460/440 906/906/551
f 459/459/552 238/238/335 292/292/334
f 127/127/16 719/719/10 310/310/14
f 213/213/553 435/435/554 881/881/555
f 113/113/27 508/508/26 288/288/144
f 652/652/416 946/946/556 176/176/417
f 841/841/557 393/393/558 842/842/559
f 298/298/243 479/479/560 241/241/247
f 481/481/561 916/916/89 913/913/88
f 216/216/90 916/916/89 685/685/562
f 779/779/148 345/345/464 110/110/149
f 669/669/563 312/312/564 668/668/565
f 72/72/274 73/73/281 274/274/280
f 422/422/566 721/721/567 722/722/568
f 13/13/218 14/14/454 275/275/220
f 685/685/562 686/686/569 219/219/366
f 486/486/570 918/918/571 540/540/572
f 149/149/173 271/271/65 148/148/64
f 409/409/573 851/851/574 221/221/575
f 408/408/576 249/249/481 317/317/480
f 59/59/262 757/757/251 304/304/263
f 341/341/577 762/762/578 763/763/579
f 665/665/580 666/666/195 223/223/545
f 362/362/194 253/253/460 319/319/461
f 81/81/506 82/82/168 278/278/151
f 224/224/362 610/610/581 957/957/582
f 53/53/333 54/54/314 272/272/260
f 398/398/513 201/201/583 789/789/584
f 133/133/73 764/764/75 324/324/70
f 698/698/458 226/226/585 1039/1039/586
f 429/429/587 227/227/69 872/872/588
f 429/429/587 247/247/9 309/309/8
f 64/64/291 65/65/142 279/279/272
f 974/974/589 973/973/590 592/592/591
f 103/103/105 285/285/104 384/384/406
f 174/174/592 634/634/519 632/632/593
f 29/29/203 765/765/205 320/320/204
f 811/811/594 595/595/595 230/230/596
f 231/231/597 944/944/50 558/558/427
f 365/365/429 252/252/455 323/323/456
f 194/194/493 472/472/598 978/978/599
f 623/623/436 716/716/600 232/232/601
f 117/117/34 758/758/36 318/318/40
f 1012/1012/602 566/566/33 355/355/32
f 946/946/556 532/532/603 945/945/604
f 113/113/27 288/288/144 112/112/23
f 402/402/94 99/99/96 284/284/93
f 990/990/605 629/629/606 630/630/607
f 760/760/608 470/470/522 519/519/609
f 908/908/494 283/283/119 468/468/491
f 291/291/207 23/23/234 24/24/208
f 237/237/239 291/291/207 509/509/610
f 37/37/376 38/38/294 292/292/334
f 475/475/443 209/209/611 836/836/612
f 511/511/348 239/239/52 1006/1006/613
f 140/140/235 297/297/78 139/139/77
f 386/386/62 144/144/59 290/290/61
f 240/240/614 386/386/62 596/596/615
f 298/298/243 18/18/242 19/19/451
f 396/396/486 479/479/560 843/843/616
f 242/242/617 443/443/390 746/746/618
f 285/285/104 383/383/524 567/567/467
f 90/90/619 91/91/116 322/322/118
f 377/377/139 1019/1019/620 282/282/161
f 68/68/352 69/69/145 299/299/147
f 865/865/412 827/827/621 426/426/622
f 245/245/623 549/549/624 548/548/452
f 290/290/61 385/385/510 548/548/452
f 293/293/266 56/56/300 57/57/625
f 246/246/267 293/293/266 793/793/626
f 128/128/19 129/129/45 309/309/8
f 310/310/14 435/435/554 213/213/553
f 60/60/261 61/61/360 303/303/252
f 248/248/253 340/340/627 304/304/263
f 118/118/35 119/119/41 317/317/480
f 318/318/40 355/355/32 233/233/31
f 294/294/307 43/43/301 44/44/517
f 939/939/628 1044/1044/629 516/516/340
f 565/565/630 354/354/505 251/251/331
f 40/40/295 306/306/298 39/39/292
f 134/134/74 135/135/84 323/323/456
f 324/324/70 380/380/631 829/829/632
f 30/30/206 31/31/349 319/319/461
f 253/253/460 342/342/633 320/320/204
f 378/378/156 85/85/155 282/282/161
f 378/378/156 510/510/634 254/254/635
f 196/196/636 660/660/637 664/664/638
f 121/121/5 326/326/4 120/120/42
f 327/327/12 124/124/500 125/125/13
f 256/256/17 327/327/12 368/368/478
f 307/307/312 51/51/311 273/273/318
f 257/257/639 790/790/640 516/516/340
f 771/771/226 258/258/641 770/770/189
f 258/258/641 771/771/226 10/10/231
f 785/785/642 259/259/250 199/199/643
f 407/407/509 498/498/508 924/924/644
f 941/941/645 942/942/646 525/525/647
f 137/137/80 332/332/79 136/136/85
f 804/804/648 335/335/547 261/261/649
f 33/33/191 334/334/190 32/32/350
f 776/776/284 262/262/650 775/775/289
f 262/262/650 776/776/284 78/78/165
f 759/759/322 45/45/325 47/47/323
f 48/48/321 49/49/326 301/301/306
f 336/336/214 26/26/343 27/27/420
f 264/264/215 336/336/214 337/337/211
f 792/792/651 311/311/652 791/791/28
f 110/110/149 345/345/464 109/109/465
f 21/21/346 22/22/233 346/346/237
f 392/392/238 393/393/558 841/841/557
f 16/16/368 17/17/241 347/347/223
f 480/480/246 481/481/561 913/913/88
f 268/268/178 348/348/174 795/795/653
f 151/151/198 349/349/197 150/150/171
f 883/883/654 443/443/390 269/269/358
f 443/443/390 242/242/617 370/370/137
f 721/721/567 270/270/277 218/218/290
f 389/389/146 837/837/655 838/838/656
f 917/917/657 484/484/658 271/271/65
f 958/958/659 371/371/66 484/484/658
f 54/54/314 55/55/299 314/314/258
f 691/691/259 433/433/490 874/874/315
f 273/273/318 419/419/316 845/845/660
f 307/307/312 790/790/640 257/257/639
f 73/73/281 74/74/287 351/351/279
f 695/695/507 198/198/661 546/546/662
f 14/14/454 15/15/367 372/372/221
f 1013/1013/663 216/216/90 685/685/562
f 687/687/664 276/276/228 219/219/366
f 801/801/249 373/373/230 824/824/665
f 277/277/164 826/826/666 825/825/667
f 814/814/285 375/375/166 825/825/667
f 82/82/168 83/83/495 376/376/152
f 195/195/154 609/609/159 610/610/581
f 379/379/141 66/66/143 300/300/101
f 207/207/411 870/870/668 828/828/669
f 592/592/591 280/280/255 228/228/273
f 352/352/361 816/816/670 808/808/671
f 413/413/71 131/131/86 132/132/72
f 697/697/68 281/281/67 226/226/585
f 86/86/160 87/87/672 377/377/139
f 800/800/153 510/510/634 328/328/498
f 95/95/114 467/467/113 468/468/491
f 625/625/125 194/194/493 624/624/437
f 100/100/91 101/101/108 401/401/92
f 630/630/607 235/235/673 989/989/674
f 104/104/106 105/105/100 383/383/524
f 696/696/110 229/229/675 1016/1016/676
f 686/686/569 687/687/664 219/219/366
f 797/797/677 164/164/678 564/564/679
f 507/507/415 287/287/21 115/115/20
f 524/524/37 287/287/21 233/233/31
f 561/561/680 288/288/144 234/234/38
f 403/403/24 848/848/30 265/265/29
f 466/466/132 289/289/122 97/97/123
f 471/471/523 289/289/122 235/235/673
f 145/145/60 146/146/54 385/385/510
f 596/596/615 386/386/62 290/290/61
f 24/24/208 25/25/342 387/387/209
f 291/291/207 835/835/345 509/509/610
f 390/390/293 39/39/292 306/306/298
f 292/292/334 839/839/681 459/459/552
f 353/353/384 57/57/625 58/58/264
f 794/794/682 315/315/472 793/793/626
f 777/777/516 294/294/307 44/44/517
f 786/786/305 294/294/307 263/263/328
f 475/475/443 295/295/201 238/238/335
f 836/836/612 261/261/649 388/388/330
f 590/590/444 296/296/48 142/142/47
f 671/671/57 240/240/614 597/597/683
f 673/673/684 1006/1006/613 672/672/58
f 849/849/685 260/260/686 404/404/76
f 19/19/451 20/20/347 405/405/244
f 298/298/243 850/850/245 479/479/560
f 69/69/145 70/70/278 389/389/146
f 299/299/147 838/838/656 420/420/170
f 426/426/622 300/300/101 244/244/169
f 379/379/141 828/828/669 279/279/272
f 769/769/327 301/301/306 49/49/326
f 787/787/396 301/301/306 257/257/639
f 859/859/364 1040/1040/687 302/302/432
f 602/602/433 601/601/688 330/330/689
f 61/61/360 62/62/256 352/352/361
f 248/248/253 338/338/257 807/807/690
f 248/248/253 807/807/690 340/340/627
f 794/794/682 353/353/384 222/222/691
f 720/720/302 305/305/310 42/42/303
f 788/788/332 305/305/310 250/250/308
f 354/354/505 306/306/298 251/251/331
f 390/390/293 839/839/681 292/292/334
f 789/789/584 307/307/312 273/273/318
f 769/769/327 307/307/312 257/257/639
f 954/954/692 542/542/693 543/543/694
f 555/555/695 708/708/356 425/425/355
f 406/406/44 129/129/45 130/130/87
f 429/429/587 309/309/8 227/227/69
f 435/435/554 310/310/14 247/247/9
f 823/823/696 415/415/11 213/213/553
f 669/669/563 670/670/697 312/312/564
f 265/265/29 531/531/698 345/345/464
f 170/170/699 734/734/700 735/735/389
f 187/187/392 444/444/391 884/884/526
f 739/739/701 1026/1026/702 762/762/578
f 312/312/564 889/889/703 445/445/704
f 684/684/265 314/314/258 55/55/299
f 691/691/259 692/692/705 192/192/706
f 1026/1026/702 222/222/691 762/762/578
f 882/882/473 441/441/707 693/693/474
f 3/3/181 4/4/187 407/407/509
f 316/316/176 211/211/708 348/348/174
f 414/414/43 120/120/42 326/326/4
f 408/408/576 317/317/480 221/221/575
f 355/355/32 318/318/40 249/249/481
f 507/507/415 318/318/40 233/233/31
f 417/417/351 32/32/350 334/334/190
f 362/362/194 319/319/461 819/819/709
f 342/342/633 253/253/460 810/810/710
f 320/320/204 811/811/594 465/465/419
f 321/321/711 795/795/653 796/796/712
f 164/164/678 486/486/570 564/564/679
f 987/987/117 92/92/713 626/626/126
f 716/716/600 322/322/118 232/232/601
f 451/451/83 323/323/456 135/135/84
f 365/365/429 323/323/456 820/820/714
f 380/380/631 324/324/70 252/252/455
f 226/226/585 281/281/67 413/413/71
f 768/768/18 325/325/1 123/123/369
f 798/798/7 325/325/1 256/256/17
f 367/367/382 326/326/4 255/255/2
f 414/414/43 221/221/575 317/317/480
f 125/125/13 126/126/15 415/415/11
f 368/368/478 327/327/12 823/823/696
f 474/474/435 911/911/715 193/193/716
f 606/606/499 161/161/717 605/605/718
f 601/601/688 605/605/718 599/599/719
f 329/329/720 604/604/721 544/544/722
f 599/599/719 600/600/723 598/598/724
f 603/603/434 616/616/725 391/391/726
f 801/801/249 331/331/182 258/258/641
f 772/772/188 331/331/182 259/259/250
f 333/333/49 332/332/79 260/260/686
f 332/332/79 802/802/51 451/451/83
f 942/942/646 206/206/727 525/525/647
f 178/178/425 944/944/50 941/941/645
f 335/335/547 334/334/190 261/261/649
f 223/223/545 819/819/709 417/417/351
f 804/804/648 261/261/649 209/209/611
f 335/335/547 805/805/728 665/665/580
f 465/465/419 336/336/214 27/27/420
f 595/595/595 976/976/462 230/230/596
f 806/806/729 337/337/211 336/336/214
f 337/337/211 177/177/463 461/461/212
f 303/303/252 808/808/671 338/338/257
f 701/701/730 700/700/413 338/338/257
f 713/713/731 175/175/732 709/709/733
f 709/709/733 175/175/732 710/710/357
f 611/611/548 188/188/414 702/702/734
f 809/809/735 304/304/263 340/340/627
f 313/313/386 736/736/388 740/740/736
f 738/738/737 739/739/701 1027/1027/738
f 810/810/710 812/812/739 342/342/633
f 811/811/594 320/320/204 342/342/633
f 667/667/193 506/506/402 186/186/740
f 832/832/741 504/504/742 934/934/743
f 505/505/422 935/935/401 933/933/744
f 525/525/647 526/526/426 178/178/425
f 265/265/29 791/791/28 531/531/698
f 217/217/745 883/883/654 784/784/359
f 522/522/232 346/346/237 22/22/233
f 726/726/746 392/392/238 840/840/747
f 622/622/240 347/347/223 17/17/241
f 241/241/247 627/627/748 480/480/246
f 348/348/174 153/153/186 562/562/175
f 795/795/653 348/348/174 211/211/708
f 268/268/178 795/795/653 563/563/549
f 220/220/749 917/917/657 418/418/172
f 218/218/290 350/350/275 274/274/280
f 270/270/277 71/71/276 350/350/275
f 775/775/289 351/351/279 74/74/287
f 814/814/285 351/351/279 262/262/650
f 62/62/256 280/280/255 352/352/361
f 816/816/670 352/352/361 280/280/255
f 353/353/384 304/304/263 809/809/735
f 293/293/266 57/57/625 353/353/384
f 565/565/630 251/251/331 197/197/377
f 494/494/550 212/212/503 354/354/505
f 249/249/481 818/818/750 355/355/32
f 683/683/371 1012/1012/602 190/190/751
f 408/408/576 851/851/574 190/190/751
f 356/356/752 650/650/753 651/651/418
f 930/930/754 361/361/755 928/928/756
f 647/647/757 650/650/753 682/682/370
f 647/647/757 456/456/372 995/995/758
f 358/358/759 653/653/760 652/652/416
f 877/877/489 949/949/488 434/434/761
f 1023/1023/762 532/532/603 732/732/763
f 644/644/764 360/360/765 646/646/766
f 930/930/754 644/644/764 361/361/755
f 994/994/767 492/492/768 645/645/769
f 400/400/770 614/614/771 615/615/772
f 223/223/545 335/335/547 665/665/580
f 810/810/710 362/362/194 186/186/740
f 568/568/773 569/569/774 364/364/775
f 935/935/401 159/159/776 933/933/744
f 576/576/777 577/577/778 431/431/779
f 931/931/780 919/919/781 381/381/782
f 530/530/783 178/178/425 529/529/784
f 821/821/785 252/252/455 365/365/429
f 528/528/786 529/529/784 527/527/424
f 933/933/744 934/934/743 504/504/742
f 664/664/638 1004/1004/6 196/196/636
f 517/517/787 221/221/575 367/367/382
f 213/213/553 495/495/404 368/368/478
f 368/368/478 495/495/404 496/496/479
f 275/275/220 369/369/219 13/13/218
f 276/276/228 369/369/219 219/219/366
f 443/443/390 370/370/137 269/269/358
f 591/591/99 370/370/137 242/242/617
f 484/484/658 371/371/66 271/271/65
f 643/643/56 371/371/66 245/245/623
f 781/781/222 372/372/221 15/15/367
f 372/372/221 267/267/224 913/913/88
f 824/824/665 373/373/230 276/276/228
f 258/258/641 10/10/231 373/373/230
f 81/81/506 278/278/151 374/374/167
f 224/224/362 374/374/167 278/278/151
f 825/825/667 375/375/166 277/277/164
f 262/262/650 78/78/165 375/375/166
f 766/766/496 376/376/152 83/83/495
f 254/254/635 800/800/153 703/703/150
f 487/487/127 377/377/139 87/87/672
f 1019/1019/620 243/243/131 717/717/788
f 937/937/789 193/193/716 911/911/715
f 766/766/496 378/378/156 254/254/635
f 827/827/621 379/379/141 300/300/101
f 279/279/272 65/65/142 379/379/141
f 821/821/785 380/380/631 252/252/455
f 380/380/631 185/185/428 830/830/790
f 381/381/782 830/830/790 831/831/791
f 936/936/400 575/575/792 159/159/776
f 279/279/272 382/382/271 64/64/291
f 280/280/255 382/382/271 228/228/273
f 591/591/99 383/383/524 105/105/100
f 567/567/467 383/383/524 242/242/617
f 1016/1016/676 1046/1046/793 204/204/466
f 450/450/107 384/384/406 229/229/675
f 643/643/56 385/385/510 146/146/54
f 385/385/510 245/245/623 548/548/452
f 596/596/615 290/290/61 200/200/453
f 590/590/444 386/386/62 240/240/614
f 778/778/213 387/387/209 25/25/342
f 833/833/344 387/387/209 264/264/215
f 836/836/612 388/388/330 295/295/201
f 774/774/192 388/388/330 261/261/649
f 70/70/278 270/270/277 389/389/146
f 837/837/655 389/389/146 270/270/277
f 390/390/293 306/306/298 817/817/504
f 292/292/334 38/38/294 390/390/293
f 416/416/794 519/519/609 521/521/795
f 862/862/536 742/742/796 424/424/797
f 840/840/747 392/392/238 346/346/237
f 392/392/238 183/183/798 393/393/558
f 723/723/799 393/393/558 183/183/798
f 215/215/800 841/841/557 842/842/559
f 723/723/799 724/724/801 394/394/512
f 200/200/453 550/550/802 551/551/803
f 393/393/558 723/723/799 730/730/447
f 395/395/804 158/158/446 844/844/805
f 158/158/446 705/705/806 706/706/484
f 479/479/560 627/627/748 241/241/247
f 548/548/452 550/550/802 200/200/453
f 191/191/807 952/952/808 915/915/809
f 846/846/268 398/398/513 845/845/660
f 928/928/756 501/501/810 930/930/754
f 501/501/810 747/747/514 171/171/270
f 645/645/769 361/361/755 644/644/764
f 500/500/811 928/928/756 927/927/812
f 985/985/813 621/621/375 619/619/374
f 450/450/107 401/401/92 101/101/108
f 229/229/675 1015/1015/814 639/639/97
f 989/989/674 284/284/93 203/203/815
f 466/466/132 402/402/94 235/235/673
f 847/847/816 403/403/24 288/288/144
f 779/779/148 403/403/24 265/265/29
f 849/849/685 404/404/76 297/297/78
f 773/773/81 404/404/76 260/260/686
f 780/780/248 405/405/244 20/20/347
f 405/405/244 266/266/236 841/841/557
f 130/130/87 281/281/67 406/406/44
f 227/227/69 406/406/44 281/281/67
f 772/772/188 407/407/509 4/4/187
f 785/785/642 498/498/508 259/259/250
f 221/221/575 517/517/787 409/409/573
f 818/818/750 408/408/576 190/190/751
f 854/854/817 855/855/818 410/410/819
f 853/853/483 357/357/820 995/995/758
f 761/761/821 1035/1035/822 165/165/823
f 994/994/767 920/920/824 489/489/337
f 660/660/637 497/497/825 659/659/826
f 637/637/827 436/436/828 640/640/829
f 638/638/830 168/168/403 637/637/827
f 753/753/831 584/584/832 752/752/833
f 413/413/71 324/324/70 829/829/632
f 281/281/67 131/131/86 413/413/71
f 414/414/43 326/326/4 822/822/383
f 317/317/480 119/119/41 414/414/43
f 126/126/15 310/310/14 415/415/11
f 213/213/553 415/415/11 310/310/14
f 416/416/794 600/600/723 978/978/599
f 760/760/608 416/416/794 472/472/598
f 417/417/351 334/334/190 803/803/546
f 319/319/461 31/31/349 417/417/351
f 220/220/749 418/418/172 349/349/197
f 271/271/65 149/149/173 418/418/172
f 272/272/260 419/419/316 53/53/333
f 419/419/316 225/225/834 845/845/660
f 421/421/363 857/857/431 858/858/541
f 856/856/835 244/244/169 420/420/170
f 864/864/836 423/423/837 863/863/365
f 857/857/431 860/860/838 420/420/170
f 208/208/430 837/837/655 721/721/567
f 518/518/839 1040/1040/687 940/940/840
f 742/742/796 1028/1028/841 391/391/726
f 860/860/838 861/861/535 179/179/537
f 553/553/842 425/425/355 552/552/843
f 865/865/412 207/207/411 827/827/621
f 554/554/135 425/425/355 553/553/842
f 959/959/844 463/463/845 708/708/356
f 856/856/835 426/426/622 244/244/169
f 427/427/846 867/867/847 424/424/797
f 427/427/846 865/865/412 866/866/848
f 552/552/843 428/428/539 868/868/410
f 427/427/846 424/424/797 552/552/843
f 593/593/849 594/594/538 975/975/540
f 227/227/69 697/697/68 699/699/457
f 871/871/850 247/247/9 429/429/587
f 573/573/851 969/969/852 572/572/853
f 872/872/588 873/873/476 429/429/587
f 572/572/853 488/488/854 968/968/855
f 364/364/775 569/569/774 570/570/856
f 677/677/511 675/675/857 676/676/858
f 596/596/615 597/597/683 240/240/614
f 875/875/859 877/877/489 434/434/761
f 433/433/490 875/875/859 878/878/269
f 693/693/474 192/192/706 692/692/705
f 949/949/488 950/950/860 434/434/761
f 871/871/850 435/435/554 247/247/9
f 189/189/475 641/641/861 435/435/554
f 636/636/862 637/637/827 640/640/829
f 574/574/397 439/439/399 993/993/863
f 582/582/864 155/155/865 581/581/542
f 437/437/866 587/587/867 972/972/868
f 912/912/441 905/905/869 970/970/544
f 899/899/870 900/900/871 181/181/872
f 430/430/873 573/573/851 574/574/397
f 586/586/874 587/587/867 636/636/862
f 1002/1002/875 1001/1001/876 620/620/877
f 497/497/825 681/681/878 680/680/502
f 748/748/879 441/441/707 749/749/880
f 948/948/881 533/533/487 877/877/489
f 1024/1024/882 740/740/736 736/736/388
f 653/653/760 996/996/883 359/359/884
f 444/444/391 883/883/654 217/217/745
f 443/443/390 187/187/392 746/746/618
f 217/217/745 668/668/565 444/444/391
f 668/668/565 445/445/704 884/884/526
f 536/536/385 312/312/564 670/670/697
f 886/886/885 446/446/886 885/885/525
f 162/162/887 954/954/692 543/543/694
f 1041/1041/888 493/493/889 887/887/890
f 925/925/387 313/313/386 926/926/891
f 886/886/885 888/888/471 162/162/887
f 724/724/801 725/725/530 448/448/448
f 674/674/892 1007/1007/449 733/733/893
f 726/726/746 1021/1021/894 725/725/530
f 455/455/528 728/728/895 729/729/896
f 384/384/406 450/450/107 102/102/109
f 401/401/92 450/450/107 229/229/675
f 332/332/79 451/451/83 136/136/85
f 451/451/83 231/231/597 820/820/714
f 452/452/897 673/673/684 674/674/892
f 452/452/897 674/674/892 733/733/893
f 157/157/898 893/893/899 892/892/900
f 942/942/646 941/941/645 333/333/49
f 892/892/900 893/893/899 454/454/901
f 938/938/902 513/513/527 514/514/903
f 157/157/898 727/727/531 728/728/895
f 834/834/210 205/205/904 833/833/344
f 190/190/751 851/851/574 852/852/482
f 646/646/766 647/647/757 995/995/758
f 250/250/308 294/294/307 538/538/319
f 457/457/320 896/896/905 895/895/378
f 617/617/381 614/614/771 400/400/770
f 613/613/380 462/462/373 612/612/906
f 900/900/871 906/906/551 460/460/440
f 899/899/870 238/238/335 459/459/552
f 460/460/440 494/494/550 922/922/907
f 903/903/908 901/901/439 902/902/438
f 513/513/527 461/461/212 177/177/463
f 729/729/896 1022/1022/529 455/455/528
f 962/962/909 539/539/910 961/961/911
f 979/979/912 612/612/906 462/462/373
f 554/554/135 555/555/695 425/425/355
f 715/715/913 711/711/914 712/712/407
f 570/570/856 571/571/915 364/364/775
f 750/750/916 751/751/442 476/476/917
f 320/320/204 465/465/419 28/28/202
f 465/465/419 230/230/596 806/806/729
f 402/402/94 466/466/132 98/98/95
f 289/289/122 466/466/132 235/235/673
f 289/289/122 467/467/113 96/96/115
f 468/468/491 467/467/113 236/236/124
f 468/468/491 236/236/124 469/469/492
f 909/909/354 468/468/491 283/283/119
f 470/470/522 469/469/492 236/236/124
f 472/472/598 194/194/493 469/469/492
f 471/471/523 470/470/522 236/236/124
f 470/470/522 180/180/521 519/519/609
f 289/289/122 471/471/523 236/236/124
f 235/235/673 630/630/607 633/633/918
f 760/760/608 469/469/492 470/470/522
f 598/598/724 600/600/723 416/416/794
f 978/978/599 910/910/919 473/473/920
f 194/194/493 473/473/920 624/624/437
f 910/910/919 606/606/499 474/474/435
f 623/623/436 474/474/435 193/193/716
f 899/899/870 475/475/443 238/238/335
f 751/751/442 912/912/441 476/476/917
f 901/901/439 181/181/872 900/900/871
f 464/464/921 570/570/856 585/585/922
f 904/904/923 581/581/542 477/477/924
f 579/579/925 155/155/865 577/577/778
f 580/580/543 588/588/926 750/750/916
f 804/804/648 805/805/728 335/335/547
f 843/843/616 215/215/800 842/842/559
f 627/627/748 479/479/560 396/396/486
f 241/241/247 480/480/246 347/347/223
f 480/480/246 184/184/927 481/481/561
f 184/184/927 914/914/928 481/481/561
f 685/685/562 483/483/929 918/918/571
f 914/914/928 707/707/485 482/482/930
f 484/484/658 485/485/931 191/191/807
f 483/483/929 916/916/89 914/914/928
f 485/485/931 540/540/572 952/952/808
f 485/485/931 917/917/657 220/220/749
f 191/191/807 549/549/624 958/958/659
f 486/486/570 485/485/931 220/220/749
f 485/485/931 486/486/570 540/540/572
f 564/564/679 220/220/749 563/563/549
f 918/918/571 486/486/570 164/164/678
f 88/88/128 487/487/127 87/87/672
f 89/89/129 90/90/619 704/704/130
f 381/381/782 831/831/791 931/931/780
f 968/968/855 364/364/775 571/571/915
f 1003/1003/932 661/661/933 662/662/338
f 154/154/934 618/618/935 921/921/936
f 160/160/133 742/742/796 743/743/937
f 555/555/695 490/490/938 635/635/939
f 631/631/520 990/990/605 991/991/940
f 1031/1031/941 990/990/605 631/631/520
f 618/618/935 154/154/934 619/619/374
f 618/618/935 983/983/942 492/492/768
f 887/887/890 187/187/392 885/885/525
f 689/689/943 690/690/944 1041/1041/888
f 354/354/505 565/565/630 656/656/945
f 494/494/550 166/166/946 922/922/907
f 495/495/404 213/213/553 881/881/555
f 496/496/479 495/495/404 168/168/403
f 168/168/403 638/638/830 679/679/501
f 196/196/636 798/798/7 799/799/477
f 658/658/947 440/440/948 657/657/949
f 658/658/947 659/659/826 497/497/825
f 796/796/712 498/498/508 286/286/950
f 316/316/176 924/924/644 211/211/708
f 926/926/891 499/499/469 925/925/387
f 611/611/548 541/541/951 953/953/470
f 615/615/772 982/982/952 400/400/770
f 747/747/514 399/399/953 754/754/515
f 501/501/810 928/928/756 929/929/954
f 930/930/754 171/171/270 502/502/955
f 876/876/956 171/171/270 875/875/859
f 876/876/956 879/879/957 502/502/955
f 503/503/958 831/831/791 832/832/741
f 1043/1043/959 932/932/960 575/575/792
f 529/529/784 528/528/786 943/943/961
f 514/514/903 515/515/421 344/344/962
f 504/504/742 528/528/786 694/694/423
f 343/343/963 812/812/739 813/813/964
f 505/505/422 343/343/963 813/813/964
f 936/936/400 966/966/965 568/568/773
f 318/318/40 507/507/415 116/116/39
f 287/287/21 507/507/415 233/233/31
f 287/287/21 508/508/26 114/114/22
f 288/288/144 508/508/26 234/234/38
f 729/729/896 509/509/610 205/205/904
f 1021/1021/894 509/509/610 449/449/966
f 937/937/789 378/378/156 282/282/161
f 510/510/634 937/937/789 911/911/715
f 890/890/533 511/511/348 452/452/897
f 849/849/685 511/511/348 206/206/727
f 981/981/967 898/898/968 612/612/906
f 166/166/946 494/494/550 656/656/945
f 514/514/903 513/513/527 177/177/463
f 513/513/527 938/938/902 893/893/899
f 688/688/969 514/514/903 177/177/463
f 344/344/962 731/731/970 938/938/902
f 688/688/969 515/515/421 514/514/903
f 343/343/963 505/505/422 515/515/421
f 755/755/341 201/201/583 754/754/515
f 939/939/628 516/516/340 167/167/971
f 664/664/638 517/517/787 367/367/382
f 517/517/787 165/165/823 855/855/818
f 518/518/839 940/940/840 544/544/722
f 329/329/720 605/605/718 601/601/688
f 628/628/972 519/519/609 180/180/521
f 628/628/972 521/521/795 519/519/609
f 520/520/973 628/628/972 629/629/606
f 743/743/937 744/744/974 160/160/133
f 616/616/725 984/984/975 391/391/726
f 598/598/724 416/416/794 521/521/795
f 291/291/207 522/522/232 23/23/234
f 522/522/232 237/237/239 840/840/747
f 886/886/885 543/543/694 446/446/886
f 547/547/976 713/713/731 956/956/977
f 963/963/978 233/233/31 566/566/33
f 524/524/37 176/176/417 945/945/604
f 891/891/532 206/206/727 890/890/533
f 525/525/647 891/891/532 526/526/426
f 894/894/979 453/453/534 892/892/900
f 527/527/424 731/731/970 344/344/962
f 526/526/426 894/894/979 731/731/970
f 527/527/424 344/344/962 528/528/786
f 344/344/962 515/515/421 694/694/423
f 943/943/961 528/528/786 504/504/742
f 530/530/783 529/529/784 366/366/980
f 178/178/425 527/527/424 529/529/784
f 558/558/427 530/530/783 366/366/980
f 944/944/50 231/231/597 802/802/51
f 1005/1005/981 311/311/652 669/669/563
f 531/531/698 1005/1005/981 1036/1036/982
f 532/532/603 947/947/983 732/732/763
f 561/561/680 214/214/984 847/847/816
f 748/748/879 533/533/487 948/948/881
f 748/748/879 534/534/985 949/949/488
f 999/999/986 654/654/987 998/998/988
f 655/655/394 649/649/393 156/156/989
f 950/950/860 534/534/985 951/951/990
f 644/644/764 502/502/955 880/880/991
f 536/536/385 447/447/992 889/889/703
f 170/170/699 1037/1037/993 734/734/700
f 734/734/700 997/997/994 537/537/995
f 748/748/879 749/749/880 442/442/996
f 786/786/305 538/538/319 294/294/307
f 1044/1044/629 538/538/319 202/202/304
f 961/961/911 166/166/946 980/980/997
f 962/962/909 584/584/832 1045/1045/998
f 483/483/929 482/482/930 540/540/572
f 952/952/808 540/540/572 482/482/930
f 926/926/891 611/611/548 499/499/469
f 954/954/692 955/955/999 542/542/693
f 956/956/977 542/542/693 955/955/999
f 711/711/914 715/715/913 523/523/1000
f 1018/1018/1001 523/523/1000 715/715/913
f 689/689/943 446/446/886 543/543/694
f 545/545/1002 544/544/722 163/163/1003
f 608/608/158 195/195/154 800/800/153
f 957/957/582 163/163/1003 546/546/662
f 610/610/581 609/609/159 545/545/1002
f 163/163/1003 722/722/568 1020/1020/1004
f 198/198/661 825/825/667 826/826/666
f 700/700/413 701/701/730 339/339/1005
f 210/210/1006 816/816/670 592/592/591
f 245/245/623 958/958/659 549/549/624
f 548/548/452 549/549/624 550/550/802
f 915/915/809 549/549/624 191/191/807
f 550/550/802 549/549/624 397/397/1007
f 678/678/445 705/705/806 158/158/446
f 551/551/803 432/432/1008 977/977/1009
f 705/705/806 551/551/803 550/550/802
f 551/551/803 705/705/806 678/678/445
f 553/553/842 552/552/843 424/424/797
f 710/710/357 552/552/843 425/425/355
f 1029/1029/1010 424/424/797 742/742/796
f 745/745/1011 1032/1032/134 744/744/974
f 160/160/133 554/554/135 553/553/842
f 555/555/695 554/554/135 490/490/938
f 490/490/938 634/634/519 635/635/939
f 959/959/844 708/708/356 555/555/695
f 556/556/1012 635/635/939 960/960/112
f 690/690/944 714/714/408 557/557/111
f 632/632/593 1015/1015/814 174/174/592
f 690/690/944 557/557/111 965/965/1013
f 558/558/427 366/366/980 832/832/741
f 231/231/597 558/558/427 365/365/429
f 981/981/967 512/512/1014 898/898/968
f 621/621/375 986/986/1015 979/979/912
f 292/292/334 560/560/200 37/37/376
f 295/295/201 560/560/200 238/238/335
f 945/945/604 561/561/680 234/234/38
f 1023/1023/762 561/561/680 532/532/603
f 1/1/179 562/562/175 153/153/186
f 316/316/176 562/562/175 2/2/180
f 564/564/679 563/563/549 321/321/711
f 220/220/749 349/349/197 563/563/549
f 564/564/679 321/321/711 797/797/677
f 486/486/570 220/220/749 564/564/679
f 897/897/379 565/565/630 197/197/377
f 512/512/1014 981/981/967 656/656/945
f 651/651/418 566/566/33 356/356/752
f 524/524/37 963/963/978 176/176/417
f 242/242/617 746/746/618 1033/1033/1016
f 567/567/467 204/204/466 1046/1046/793
f 718/718/1017 569/569/774 967/967/1018
f 568/568/773 364/364/775 575/575/792
f 967/967/1018 569/569/774 568/568/773
f 585/585/922 570/570/856 569/569/774
f 585/585/922 569/569/774 172/172/1019
f 571/571/915 576/576/777 431/431/779
f 576/576/777 570/570/856 464/464/921
f 571/571/915 431/431/779 572/572/853
f 573/573/851 572/572/853 431/431/779
f 919/919/781 572/572/853 173/173/459
f 431/431/779 577/577/778 578/578/398
f 969/969/852 573/573/851 430/430/873
f 578/578/398 573/573/851 431/431/779
f 993/993/863 640/640/829 641/641/861
f 968/968/855 575/575/792 364/364/775
f 1043/1043/959 488/488/854 931/931/780
f 570/570/856 576/576/777 571/571/915
f 579/579/925 577/577/778 576/576/777
f 579/579/925 576/576/777 464/464/921
f 586/586/874 577/577/778 155/155/865
f 578/578/398 577/577/778 586/586/874
f 573/573/851 578/578/398 574/574/397
f 580/580/543 579/579/925 464/464/921
f 581/581/542 155/155/865 579/579/925
f 464/464/921 585/585/922 588/588/926
f 580/580/543 750/750/916 970/970/544
f 580/580/543 581/581/542 579/579/925
f 477/477/924 903/903/908 904/904/923
f 582/582/864 904/904/923 971/971/1020
f 971/971/1020 972/972/868 582/582/864
f 583/583/1021 971/971/1020 584/584/832
f 584/584/832 753/753/831 583/583/1021
f 438/438/1022 907/907/1023 1045/1045/998
f 412/412/1024 657/657/949 752/752/833
f 172/172/1019 478/478/1025 585/585/922
f 464/464/921 588/588/926 580/580/543
f 587/587/867 586/586/874 155/155/865
f 578/578/398 586/586/874 439/439/399
f 582/582/864 587/587/867 155/155/865
f 636/636/862 587/587/867 437/437/866
f 585/585/922 478/478/1025 588/588/926
f 750/750/916 588/588/926 478/478/1025
f 296/296/48 589/589/53 141/141/46
f 297/297/78 589/589/53 239/239/52
f 386/386/62 590/590/444 143/143/63
f 296/296/48 590/590/444 240/240/614
f 370/370/137 591/591/99 106/106/98
f 383/383/524 591/591/99 242/242/617
f 593/593/849 592/592/591 228/228/273
f 973/973/590 210/210/1006 592/592/591
f 593/593/849 228/228/273 594/594/538
f 974/974/589 593/593/849 175/175/732
f 870/870/668 228/228/273 279/279/272
f 868/868/410 869/869/1026 207/207/411
f 812/812/739 595/595/595 342/342/633
f 595/595/595 343/343/963 688/688/969
f 977/977/1009 200/200/453 551/551/803
f 596/596/615 977/977/1009 597/597/683
f 676/676/858 597/597/683 432/432/1008
f 597/597/683 676/676/858 671/671/57
f 616/616/725 598/598/724 521/521/795
f 599/599/719 598/598/724 330/330/689
f 599/599/719 330/330/689 601/601/688
f 599/599/719 161/161/717 600/600/723
f 910/910/919 600/600/723 161/161/717
f 600/600/723 910/910/919 978/978/599
f 330/330/689 603/603/434 602/602/433
f 604/604/721 329/329/720 601/601/688
f 1040/1040/687 602/602/433 302/302/432
f 604/604/721 602/602/433 518/518/839
f 616/616/725 603/603/434 330/330/689
f 1028/1028/841 864/864/836 391/391/726
f 602/602/433 604/604/721 601/601/688
f 544/544/722 604/604/721 518/518/839
f 607/607/497 606/606/499 605/605/718
f 599/599/719 605/605/718 161/161/717
f 607/607/497 605/605/718 329/329/720
f 606/606/499 328/328/498 911/911/715
f 608/608/158 607/607/497 329/329/720
f 607/607/497 608/608/158 800/800/153
f 329/329/720 544/544/722 608/608/158
f 609/609/159 544/544/722 545/545/1002
f 544/544/722 609/609/159 608/608/158
f 957/957/582 610/610/581 545/545/1002
f 224/224/362 278/278/151 610/610/581
f 610/610/581 278/278/151 703/703/150
f 763/763/579 611/611/548 341/341/577
f 702/702/734 188/188/414 700/700/413
f 612/612/906 979/979/912 980/980/997
f 512/512/1014 897/897/379 898/898/968
f 614/614/771 613/613/380 458/458/1027
f 613/613/380 614/614/771 617/617/381
f 896/896/905 614/614/771 458/458/1027
f 167/167/971 756/756/339 615/615/772
f 167/167/971 615/615/772 614/614/771
f 615/615/772 399/399/953 929/929/954
f 598/598/724 616/616/725 330/330/689
f 521/521/795 520/520/973 984/984/975
f 618/618/935 617/617/381 400/400/770
f 619/619/374 462/462/373 617/617/381
f 983/983/942 400/400/770 982/982/952
f 921/921/936 618/618/935 492/492/768
f 618/618/935 619/619/374 617/617/381
f 619/619/374 154/154/934 985/985/813
f 411/411/1028 663/663/336 662/662/338
f 1011/1011/1029 497/497/825 679/679/501
f 1001/1001/876 621/621/375 620/620/877
f 621/621/375 1001/1001/876 986/986/1015
f 298/298/243 622/622/240 18/18/242
f 347/347/223 622/622/240 241/241/247
f 716/716/600 717/717/788 243/243/131
f 624/624/437 623/623/436 232/232/601
f 624/624/437 232/232/601 625/625/125
f 624/624/437 473/473/920 910/910/919
f 626/626/126 625/625/125 232/232/601
f 908/908/494 625/625/125 283/283/119
f 987/987/117 232/232/601 322/322/118
f 988/988/120 92/92/713 93/93/121
f 1017/1017/1030 396/396/486 707/707/485
f 480/480/246 627/627/748 184/184/927
f 629/629/606 628/628/972 180/180/521
f 521/521/795 628/628/972 520/520/973
f 633/633/918 630/630/607 629/629/606
f 491/491/1031 744/744/974 1030/1030/1032
f 633/633/918 629/629/606 180/180/521
f 989/989/674 235/235/673 402/402/94
f 203/203/815 639/639/97 992/992/518
f 631/631/520 634/634/519 1031/1031/941
f 632/632/593 992/992/518 639/639/97
f 174/174/592 1015/1015/814 696/696/110
f 180/180/521 471/471/523 633/633/918
f 235/235/673 633/633/918 471/471/523
f 174/174/592 960/960/112 635/635/939
f 490/490/938 745/745/1011 1031/1031/941
f 174/174/592 635/635/939 634/634/519
f 635/635/939 556/556/1012 959/959/844
f 636/636/862 437/437/866 637/637/827
f 586/586/874 636/636/862 439/439/399
f 638/638/830 637/637/827 437/437/866
f 923/923/405 637/637/827 168/168/403
f 1034/1034/1033 583/583/1021 753/753/831
f 440/440/948 658/658/947 1011/1011/1029
f 284/284/93 639/639/97 203/203/815
f 401/401/92 229/229/675 639/639/97
f 641/641/861 640/640/829 436/436/828
f 636/636/862 640/640/829 439/439/399
f 641/641/861 436/436/828 881/881/555
f 993/993/863 189/189/475 574/574/397
f 299/299/147 642/642/103 68/68/352
f 300/300/101 642/642/103 244/244/169
f 371/371/66 643/643/56 147/147/55
f 385/385/510 643/643/56 245/245/623
f 502/502/955 879/879/957 880/880/991
f 645/645/769 646/646/766 357/357/820
f 994/994/767 645/645/769 357/357/820
f 927/927/812 645/645/769 492/492/768
f 644/644/764 646/646/766 645/645/769
f 646/646/766 360/360/765 647/647/757
f 360/360/765 648/648/395 647/647/757
f 648/648/395 650/650/753 647/647/757
f 648/648/395 360/360/765 649/649/393
f 650/650/753 648/648/395 358/358/759
f 880/880/991 649/649/393 360/360/765
f 951/951/990 649/649/393 535/535/1034
f 651/651/418 650/650/753 358/358/759
f 650/650/753 356/356/752 682/682/370
f 652/652/416 651/651/418 358/358/759
f 176/176/417 963/963/978 651/651/418
f 358/358/759 655/655/394 653/653/760
f 946/946/556 947/947/983 532/532/603
f 998/998/988 156/156/989 999/999/986
f 947/947/983 653/653/760 359/359/884
f 654/654/987 996/996/883 998/998/988
f 1000/1000/1035 654/654/987 442/442/996
f 653/653/760 655/655/394 156/156/989
f 648/648/395 655/655/394 358/358/759
f 354/354/505 656/656/945 494/494/550
f 565/565/630 512/512/1014 656/656/945
f 657/657/949 1001/1001/876 1002/1002/875
f 752/752/833 657/657/949 440/440/948
f 1002/1002/875 658/658/947 657/657/949
f 659/659/826 658/658/947 411/411/1028
f 661/661/933 659/659/826 411/411/1028
f 681/681/878 496/496/479 680/680/502
f 1035/1035/822 659/659/826 661/661/933
f 517/517/787 664/664/638 761/761/821
f 662/662/338 661/661/933 411/411/1028
f 661/661/933 1003/1003/932 855/855/818
f 1002/1002/875 663/663/336 411/411/1028
f 662/662/338 489/489/337 920/920/824
f 985/985/813 663/663/336 620/620/877
f 663/663/336 154/154/934 921/921/936
f 761/761/821 664/664/638 660/660/637
f 1004/1004/6 367/367/382 255/255/2
f 172/172/1019 718/718/1017 665/665/580
f 665/665/580 718/718/1017 666/666/195
f 667/667/193 666/666/195 363/363/1036
f 819/819/709 666/666/195 362/362/194
f 667/667/193 363/363/1036 966/966/965
f 362/362/194 667/667/193 186/186/740
f 1036/1036/982 1005/1005/981 217/217/745
f 445/445/704 668/668/565 312/312/564
f 1005/1005/981 668/668/565 217/217/745
f 1038/1038/1037 670/670/697 669/669/563
f 1038/1038/1037 669/669/563 311/311/652
f 536/536/385 670/670/697 170/170/699
f 672/672/58 671/671/57 182/182/1038
f 296/296/48 240/240/614 671/671/57
f 673/673/684 672/672/58 182/182/1038
f 296/296/48 672/672/58 239/239/52
f 1010/1010/1039 394/394/512 724/724/801
f 1006/1006/613 452/452/897 511/511/348
f 1009/1009/1040 673/673/684 182/182/1038
f 674/674/892 1008/1008/450 1007/1007/449
f 1009/1009/1040 675/675/857 1008/1008/450
f 671/671/57 676/676/858 182/182/1038
f 677/677/511 676/676/858 432/432/1008
f 676/676/858 675/675/857 1009/1009/1040
f 678/678/445 677/677/511 432/432/1008
f 677/677/511 394/394/512 1010/1010/1039
f 551/551/803 678/678/445 432/432/1008
f 158/158/446 395/395/804 730/730/447
f 440/440/948 679/679/501 638/638/830
f 680/680/502 679/679/501 497/497/825
f 681/681/878 497/497/825 660/660/637
f 168/168/403 680/680/502 496/496/479
f 660/660/637 196/196/636 681/681/878
f 799/799/477 681/681/878 196/196/636
f 683/683/371 682/682/370 356/356/752
f 647/647/757 682/682/370 456/456/372
f 356/356/752 566/566/33 1012/1012/602
f 683/683/371 190/190/751 852/852/482
f 293/293/266 684/684/265 56/56/300
f 314/314/258 684/684/265 246/246/267
f 686/686/569 685/685/562 164/164/678
f 685/685/562 219/219/366 1013/1013/663
f 797/797/677 686/686/569 164/164/678
f 785/785/642 687/687/664 1014/1014/1041
f 1014/1014/1041 687/687/664 686/686/569
f 687/687/664 199/199/643 824/824/665
f 688/688/969 177/177/463 976/976/462
f 515/515/421 688/688/969 343/343/963
f 689/689/943 543/543/694 1018/1018/1001
f 689/689/943 308/308/409 690/690/944
f 714/714/408 690/690/944 308/308/409
f 964/964/468 965/965/1013 204/204/466
f 692/692/705 314/314/258 246/246/267
f 433/433/490 691/691/259 192/192/706
f 314/314/258 692/692/705 691/691/259
f 693/693/474 692/692/705 246/246/267
f 693/693/474 246/246/267 793/793/626
f 693/693/474 441/441/707 948/948/881
f 694/694/423 505/505/422 933/933/744
f 344/344/962 694/694/423 528/528/786
f 695/695/507 274/274/280 815/815/286
f 1020/1020/1004 695/695/507 546/546/662
f 1016/1016/676 229/229/675 384/384/406
f 965/965/1013 696/696/110 204/204/466
f 698/698/458 697/697/68 226/226/585
f 173/173/459 969/969/852 699/699/457
f 1039/1039/586 380/380/631 830/830/790
f 919/919/781 698/698/458 381/381/782
f 699/699/457 697/697/68 698/698/458
f 872/872/588 699/699/457 430/430/873
f 701/701/730 338/338/257 210/210/1006
f 339/339/1005 955/955/999 702/702/734
f 973/973/590 701/701/730 210/210/1006
f 547/547/976 339/339/1005 701/701/730
f 339/339/1005 702/702/734 700/700/413
f 541/541/951 611/611/548 702/702/734
f 254/254/635 703/703/150 376/376/152
f 610/610/581 703/703/150 195/195/154
f 89/89/129 704/704/130 487/487/127
f 322/322/118 704/704/130 90/90/619
f 550/550/802 397/397/1007 705/705/806
f 706/706/484 396/396/486 844/844/805
f 705/705/806 397/397/1007 706/706/484
f 707/707/485 184/184/927 1017/1017/1030
f 706/706/484 397/397/1007 707/707/485
f 707/707/485 397/397/1007 915/915/809
f 709/709/733 708/708/356 463/463/845
f 710/710/357 428/428/539 552/552/843
f 463/463/845 711/711/914 709/709/733
f 709/709/733 711/711/914 713/713/731
f 709/709/733 710/710/357 708/708/356
f 975/975/540 710/710/357 175/175/732
f 712/712/407 711/711/914 463/463/845
f 523/523/1000 956/956/977 713/713/731
f 712/712/407 463/463/845 959/959/844
f 712/712/407 308/308/409 715/715/913
f 523/523/1000 713/713/731 711/711/914
f 713/713/731 547/547/976 974/974/589
f 712/712/407 556/556/1012 714/714/408
f 960/960/112 714/714/408 556/556/1012
f 689/689/943 715/715/913 308/308/409
f 542/542/693 1018/1018/1001 543/543/694
f 717/717/788 623/623/436 193/193/716
f 322/322/118 716/716/600 243/243/131
f 623/623/436 717/717/788 716/716/600
f 193/193/716 937/937/789 1019/1019/620
f 569/569/774 718/718/1017 172/172/1019
f 666/666/195 718/718/1017 363/363/1036
f 309/309/8 719/719/10 128/128/19
f 310/310/14 719/719/10 247/247/9
f 294/294/307 720/720/302 43/43/301
f 305/305/310 720/720/302 250/250/308
f 722/722/568 721/721/567 218/218/290
f 858/858/541 721/721/567 422/422/566
f 218/218/290 695/695/507 1020/1020/1004
f 722/722/568 163/163/1003 940/940/840
f 724/724/801 723/723/799 183/183/798
f 730/730/447 723/723/799 394/394/512
f 725/725/530 724/724/801 183/183/798
f 448/448/448 1008/1008/450 1010/1010/1039
f 726/726/746 725/725/530 183/183/798
f 725/725/530 449/449/966 727/727/531
f 392/392/238 726/726/746 183/183/798
f 237/237/239 509/509/610 1021/1021/894
f 728/728/895 727/727/531 449/449/966
f 1007/1007/449 727/727/531 157/157/898
f 729/729/896 728/728/895 449/449/966
f 728/728/895 455/455/528 893/893/899
f 509/509/610 729/729/896 449/449/966
f 205/205/904 461/461/212 1022/1022/529
f 678/678/445 730/730/447 394/394/512
f 730/730/447 395/395/804 842/842/559
f 526/526/426 731/731/970 527/527/424
f 731/731/970 454/454/901 938/938/902
f 734/734/700 732/732/763 359/359/884
f 792/792/651 1037/1037/993 1038/1038/1037
f 892/892/900 733/733/893 157/157/898
f 890/890/533 733/733/893 453/453/534
f 997/997/994 359/359/884 996/996/883
f 734/734/700 537/537/995 735/735/389
f 736/736/388 735/735/389 537/537/995
f 536/536/385 170/170/699 735/735/389
f 1024/1024/882 736/736/388 537/537/995
f 313/313/386 536/536/385 736/736/388
f 1024/1024/882 1000/1000/1035 737/737/1042
f 1025/1025/1043 169/169/1044 738/738/737
f 739/739/701 738/738/737 169/169/1044
f 341/341/577 926/926/891 1042/1042/1045
f 739/739/701 169/169/1044 882/882/473
f 809/809/735 762/762/578 222/222/691
f 1025/1025/1043 740/740/736 737/737/1042
f 1042/1042/1045 740/740/736 738/738/737
f 305/305/310 741/741/297 41/41/296
f 306/306/298 741/741/297 251/251/331
f 743/743/937 742/742/796 391/391/726
f 1029/1029/1010 160/160/133 553/553/842
f 984/984/975 743/743/937 391/391/726
f 520/520/973 629/629/606 1030/1030/1032
f 1030/1030/1032 743/743/937 520/520/973
f 745/745/1011 744/744/974 491/491/1031
f 491/491/1031 990/990/605 1031/1031/941
f 1032/1032/134 490/490/938 554/554/135
f 887/887/890 746/746/618 187/187/392
f 1033/1033/1016 493/493/889 964/964/468
f 747/747/514 501/501/810 929/929/954
f 846/846/268 747/747/514 398/398/513
f 441/441/707 882/882/473 749/749/880
f 534/534/985 748/748/879 442/442/996
f 1025/1025/1043 749/749/880 169/169/1044
f 1000/1000/1035 749/749/880 737/737/1042
f 478/478/1025 804/804/648 751/751/442
f 750/750/916 476/476/917 970/970/544
f 478/478/1025 751/751/442 750/750/916
f 475/475/443 751/751/442 209/209/611
f 752/752/833 440/440/948 753/753/831
f 412/412/1024 752/752/833 584/584/832
f 440/440/948 638/638/830 753/753/831
f 437/437/866 1034/1034/1033 638/638/830
f 755/755/341 754/754/515 399/399/953
f 201/201/583 398/398/513 754/754/515
f 756/756/339 755/755/341 399/399/953
f 516/516/340 201/201/583 755/755/341
f 615/615/772 756/756/339 399/399/953
f 516/516/340 756/756/339 167/167/971
f 303/303/252 757/757/251 60/60/261
f 304/304/263 757/757/251 248/248/253
f 317/317/480 758/758/36 118/118/35
f 318/318/40 758/758/36 249/249/481
f 301/301/306 759/759/322 48/48/321
f 759/759/322 263/263/328 777/777/516
f 416/416/794 760/760/608 519/519/609
f 469/469/492 760/760/608 472/472/598
f 1035/1035/822 660/660/637 659/659/826
f 517/517/787 761/761/821 165/165/823
f 763/763/579 762/762/578 340/340/627
f 1027/1027/738 762/762/578 341/341/577
f 340/340/627 188/188/414 763/763/579
f 611/611/548 763/763/579 188/188/414
f 323/323/456 764/764/75 134/134/74
f 324/324/70 764/764/75 252/252/455
f 319/319/461 765/765/205 30/30/206
f 320/320/204 765/765/205 253/253/460
f 378/378/156 766/766/496 84/84/157
f 376/376/152 766/766/496 254/254/635
f 325/325/1 767/767/3 122/122/309
f 326/326/4 767/767/3 255/255/2
f 327/327/12 768/768/18 124/124/500
f 325/325/1 768/768/18 256/256/17
f 307/307/312 769/769/327 50/50/313
f 301/301/306 769/769/327 257/257/639
f 7/7/216 8/8/227 771/771/226
f 331/331/182 770/770/189 258/258/641
f 7/7/216 771/771/226 770/770/189
f 10/10/231 771/771/226 9/9/225
f 331/331/182 772/772/188 5/5/183
f 407/407/509 772/772/188 259/259/250
f 404/404/76 773/773/81 138/138/82
f 332/332/79 773/773/81 260/260/686
f 388/388/330 774/774/192 34/34/196
f 334/334/190 774/774/192 261/261/649
f 75/75/288 76/76/282 776/776/284
f 351/351/279 775/775/289 262/262/650
f 75/75/288 776/776/284 775/775/289
f 78/78/165 776/776/284 77/77/283
f 759/759/322 777/777/516 45/45/325
f 294/294/307 777/777/516 263/263/328
f 336/336/214 778/778/213 26/26/343
f 387/387/209 778/778/213 264/264/215
f 403/403/24 779/779/148 111/111/25
f 345/345/464 779/779/148 265/265/29
f 346/346/237 780/780/248 21/21/346
f 405/405/244 780/780/248 266/266/236
f 347/347/223 781/781/222 16/16/368
f 372/372/221 781/781/222 267/267/224
f 348/348/174 782/782/177 152/152/185
f 349/349/197 782/782/177 268/268/178
f 784/784/359 783/783/138 108/108/140
f 370/370/137 783/783/138 269/269/358
f 109/109/465 784/784/359 108/108/140
f 1036/1036/982 784/784/359 345/345/464
f 687/687/664 785/785/642 199/199/643
f 498/498/508 785/785/642 286/286/950
f 301/301/306 786/786/305 263/263/328
f 538/538/319 786/786/305 202/202/304
f 516/516/340 787/787/396 257/257/639
f 202/202/304 301/301/306 787/787/396
f 457/457/320 788/788/332 250/250/308
f 251/251/331 788/788/332 197/197/377
f 789/789/584 273/273/318 845/845/660
f 790/790/640 789/789/584 201/201/583
f 789/789/584 790/790/640 307/307/312
f 516/516/340 790/790/640 201/201/583
f 792/792/651 791/791/28 214/214/984
f 531/531/698 791/791/28 311/311/652
f 1023/1023/762 792/792/651 214/214/984
f 1037/1037/993 792/792/651 732/732/763
f 794/794/682 793/793/626 293/293/266
f 693/693/474 793/793/626 315/315/472
f 353/353/384 794/794/682 293/293/266
f 794/794/682 222/222/691 1026/1026/702
f 796/796/712 795/795/653 211/211/708
f 563/563/549 795/795/653 321/321/711
f 498/498/508 796/796/712 211/211/708
f 797/797/677 796/796/712 286/286/950
f 796/796/712 797/797/677 321/321/711
f 797/797/677 286/286/950 1014/1014/1041
f 799/799/477 798/798/7 256/256/17
f 798/798/7 196/196/636 1004/1004/6
f 368/368/478 799/799/477 256/256/17
f 799/799/477 496/496/479 681/681/878
f 510/510/634 800/800/153 254/254/635
f 607/607/497 800/800/153 328/328/498
f 373/373/230 801/801/249 258/258/641
f 259/259/250 801/801/249 199/199/643
f 451/451/83 802/802/51 231/231/597
f 332/332/79 333/333/49 802/802/51
f 417/417/351 803/803/546 223/223/545
f 334/334/190 335/335/547 803/803/546
f 751/751/442 804/804/648 209/209/611
f 805/805/728 478/478/1025 172/172/1019
f 478/478/1025 805/805/728 804/804/648
f 665/665/580 805/805/728 172/172/1019
f 465/465/419 806/806/729 336/336/214
f 976/976/462 806/806/729 230/230/596
f 338/338/257 188/188/414 807/807/690
f 340/340/627 807/807/690 188/188/414
f 352/352/361 808/808/671 303/303/252
f 210/210/1006 338/338/257 808/808/671
f 762/762/578 809/809/735 340/340/627
f 353/353/384 809/809/735 222/222/691
f 362/362/194 810/810/710 253/253/460
f 812/812/739 810/810/710 186/186/740
f 595/595/595 811/811/594 342/342/633
f 465/465/419 811/811/594 230/230/596
f 813/813/964 186/186/740 506/506/402
f 595/595/595 812/812/739 343/343/963
f 186/186/740 813/813/964 812/812/739
f 813/813/964 506/506/402 935/935/401
f 375/375/166 814/814/285 262/262/650
f 815/815/286 814/814/285 198/198/661
f 695/695/507 815/815/286 198/198/661
f 351/351/279 815/815/286 274/274/280
f 592/592/591 816/816/670 280/280/255
f 808/808/671 816/816/670 210/210/1006
f 817/817/504 212/212/503 839/839/681
f 306/306/298 354/354/505 817/817/504
f 408/408/576 818/818/750 249/249/481
f 1012/1012/602 818/818/750 190/190/751
f 417/417/351 819/819/709 319/319/461
f 666/666/195 819/819/709 223/223/545
f 451/451/83 820/820/714 323/323/456
f 231/231/597 365/365/429 820/820/714
f 365/365/429 185/185/428 821/821/785
f 380/380/631 821/821/785 185/185/428
f 367/367/382 221/221/575 822/822/383
f 414/414/43 822/822/383 221/221/575
f 415/415/11 823/823/696 327/327/12
f 213/213/553 368/368/478 823/823/696
f 687/687/664 824/824/665 276/276/228
f 801/801/249 824/824/665 199/199/643
f 277/277/164 224/224/362 826/826/666
f 814/814/285 825/825/667 198/198/661
f 957/957/582 826/826/666 224/224/362
f 198/198/661 826/826/666 546/546/662
f 426/426/622 827/827/621 300/300/101
f 828/828/669 827/827/621 207/207/411
f 827/827/621 828/828/669 379/379/141
f 207/207/411 869/869/1026 870/870/668
f 1039/1039/586 829/829/632 380/380/631
f 413/413/71 829/829/632 226/226/585
f 831/831/791 830/830/790 185/185/428
f 1039/1039/586 381/381/782 698/698/458
f 185/185/428 558/558/427 832/832/741
f 831/831/791 503/503/958 931/931/780
f 185/185/428 832/832/741 831/831/791
f 832/832/741 366/366/980 943/943/961
f 834/834/210 833/833/344 264/264/215
f 835/835/345 833/833/344 205/205/904
f 337/337/211 834/834/210 264/264/215
f 205/205/904 834/834/210 461/461/212
f 509/509/610 835/835/345 205/205/904
f 387/387/209 835/835/345 291/291/207
f 475/475/443 836/836/612 295/295/201
f 261/261/649 836/836/612 209/209/611
f 721/721/567 837/837/655 270/270/277
f 838/838/656 837/837/655 208/208/430
f 420/420/170 838/838/656 208/208/430
f 389/389/146 838/838/656 299/299/147
f 817/817/504 839/839/681 390/390/293
f 459/459/552 839/839/681 212/212/503
f 522/522/232 840/840/747 346/346/237
f 726/726/746 840/840/747 237/237/239
f 841/841/557 215/215/800 850/850/245
f 392/392/238 841/841/557 266/266/236
f 730/730/447 842/842/559 393/393/558
f 843/843/616 842/842/559 395/395/804
f 843/843/616 395/395/804 844/844/805
f 479/479/560 215/215/800 843/843/616
f 706/706/484 844/844/805 158/158/446
f 843/843/616 844/844/805 396/396/486
f 846/846/268 845/845/660 225/225/834
f 789/789/584 845/845/660 398/398/513
f 225/225/834 874/874/315 878/878/269
f 747/747/514 846/846/268 171/171/270
f 561/561/680 847/847/816 288/288/144
f 848/848/30 847/847/816 214/214/984
f 847/847/816 848/848/30 403/403/24
f 791/791/28 848/848/30 214/214/984
f 511/511/348 849/849/685 297/297/78
f 260/260/686 849/849/685 206/206/727
f 841/841/557 850/850/245 405/405/244
f 479/479/560 850/850/245 215/215/800
f 221/221/575 851/851/574 408/408/576
f 852/852/482 851/851/574 409/409/573
f 854/854/817 852/852/482 409/409/573
f 852/852/482 456/456/372 683/683/371
f 854/854/817 853/853/483 852/852/482
f 920/920/824 853/853/483 410/410/819
f 409/409/573 517/517/787 855/855/818
f 853/853/483 854/854/817 410/410/819
f 409/409/573 855/855/818 854/854/817
f 661/661/933 855/855/818 165/165/823
f 860/860/838 856/856/835 420/420/170
f 856/856/835 179/179/537 866/866/848
f 858/858/541 857/857/431 208/208/430
f 860/860/838 857/857/431 421/421/363
f 721/721/567 858/858/541 208/208/430
f 858/858/541 422/422/566 859/859/364
f 422/422/566 940/940/840 1040/1040/687
f 863/863/365 859/859/364 302/302/432
f 421/421/363 863/863/365 861/861/535
f 860/860/838 179/179/537 856/856/835
f 421/421/363 861/861/535 860/860/838
f 862/862/536 861/861/535 423/423/837
f 742/742/796 862/862/536 423/423/837
f 427/427/846 866/866/848 867/867/847
f 864/864/836 302/302/432 603/603/434
f 861/861/535 863/863/365 423/423/837
f 302/302/432 864/864/836 863/863/365
f 391/391/726 864/864/836 603/603/434
f 866/866/848 865/865/412 426/426/622
f 868/868/410 865/865/412 427/427/846
f 856/856/835 866/866/848 426/426/622
f 867/867/847 179/179/537 862/862/536
f 179/179/537 867/867/847 866/866/848
f 862/862/536 424/424/797 867/867/847
f 552/552/843 868/868/410 427/427/846
f 869/869/1026 428/428/539 594/594/538
f 428/428/539 869/869/1026 868/868/410
f 869/869/1026 594/594/538 870/870/668
f 228/228/273 870/870/668 594/594/538
f 279/279/272 828/828/669 870/870/668
f 873/873/476 871/871/850 429/429/587
f 435/435/554 871/871/850 189/189/475
f 699/699/457 872/872/588 227/227/69
f 873/873/476 872/872/588 430/430/873
f 574/574/397 873/873/476 430/430/873
f 873/873/476 189/189/475 871/871/850
f 419/419/316 874/874/315 225/225/834
f 691/691/259 874/874/315 272/272/260
f 877/877/489 433/433/490 192/192/706
f 876/876/956 875/875/859 434/434/761
f 434/434/761 950/950/860 879/879/957
f 171/171/270 876/876/956 502/502/955
f 433/433/490 877/877/489 875/875/859
f 877/877/489 192/192/706 948/948/881
f 171/171/270 878/878/269 875/875/859
f 225/225/834 878/878/269 846/846/268
f 434/434/761 879/879/957 876/876/956
f 879/879/957 535/535/1034 880/880/991
f 649/649/393 880/880/991 535/535/1034
f 360/360/765 644/644/764 880/880/991
f 641/641/861 881/881/555 435/435/554
f 495/495/404 881/881/555 436/436/828
f 882/882/473 315/315/472 1026/1026/702
f 749/749/880 882/882/473 169/169/1044
f 443/443/390 883/883/654 444/444/391
f 784/784/359 883/883/654 269/269/358
f 668/668/565 884/884/526 444/444/391
f 885/885/525 884/884/526 445/445/704
f 886/886/885 885/885/525 445/445/704
f 885/885/525 446/446/886 887/887/890
f 886/886/885 445/445/704 889/889/703
f 886/886/885 162/162/887 543/543/694
f 446/446/886 689/689/943 1041/1041/888
f 493/493/889 1033/1033/1016 887/887/890
f 889/889/703 888/888/471 886/886/885
f 888/888/471 447/447/992 925/925/387
f 536/536/385 889/889/703 312/312/564
f 889/889/703 447/447/992 888/888/471
f 511/511/348 890/890/533 206/206/727
f 733/733/893 890/890/533 452/452/897
f 526/526/426 891/891/532 453/453/534
f 206/206/727 891/891/532 525/525/647
f 894/894/979 892/892/900 454/454/901
f 733/733/893 892/892/900 453/453/534
f 728/728/895 893/893/899 157/157/898
f 893/893/899 455/455/528 513/513/527
f 731/731/970 894/894/979 454/454/901
f 453/453/534 894/894/979 526/526/426
f 457/457/320 939/939/628 896/896/905
f 897/897/379 895/895/378 458/458/1027
f 614/614/771 896/896/905 167/167/971
f 458/458/1027 895/895/378 896/896/905
f 898/898/968 458/458/1027 613/613/380
f 897/897/379 512/512/1014 565/565/630
f 458/458/1027 898/898/968 897/897/379
f 612/612/906 898/898/968 613/613/380
f 900/900/871 899/899/870 459/459/552
f 899/899/870 181/181/872 912/912/441
f 906/906/551 459/459/552 212/212/503
f 901/901/439 900/900/871 460/460/440
f 922/922/907 902/902/438 460/460/440
f 905/905/869 181/181/872 901/901/439
f 539/539/910 907/907/1023 902/902/438
f 903/903/908 477/477/924 905/905/869
f 907/907/1023 903/903/908 902/902/438
f 438/438/1022 971/971/1020 904/904/923
f 438/438/1022 904/904/923 903/903/908
f 581/581/542 904/904/923 582/582/864
f 903/903/908 905/905/869 901/901/439
f 905/905/869 477/477/924 970/970/544
f 459/459/552 906/906/551 900/900/871
f 494/494/550 906/906/551 212/212/503
f 539/539/910 962/962/909 1045/1045/998
f 903/903/908 907/907/1023 438/438/1022
f 469/469/492 908/908/494 468/468/491
f 625/625/125 908/908/494 194/194/493
f 93/93/121 909/909/354 283/283/119
f 95/95/114 909/909/354 94/94/353
f 606/606/499 910/910/919 161/161/717
f 624/624/437 910/910/919 474/474/435
f 606/606/499 911/911/715 474/474/435
f 510/510/634 911/911/715 328/328/498
f 899/899/870 912/912/441 475/475/443
f 905/905/869 912/912/441 181/181/872
f 372/372/221 913/913/88 216/216/90
f 480/480/246 913/913/88 267/267/224
f 707/707/485 914/914/928 184/184/927
f 483/483/929 914/914/928 482/482/930
f 707/707/485 915/915/809 482/482/930
f 549/549/624 915/915/809 397/397/1007
f 914/914/928 916/916/89 481/481/561
f 685/685/562 916/916/89 483/483/929
f 484/484/658 917/917/657 485/485/931
f 418/418/172 917/917/657 271/271/65
f 685/685/562 918/918/571 164/164/678
f 540/540/572 918/918/571 483/483/929
f 572/572/853 919/919/781 488/488/854
f 698/698/458 919/919/781 173/173/459
f 853/853/483 920/920/824 357/357/820
f 920/920/824 410/410/819 1003/1003/932
f 994/994/767 921/921/936 492/492/768
f 663/663/336 921/921/936 489/489/337
f 961/961/911 922/922/907 166/166/946
f 902/902/438 922/922/907 539/539/910
f 495/495/404 436/436/828 923/923/405
f 637/637/827 923/923/405 436/436/828
f 407/407/509 924/924/644 316/316/176
f 498/498/508 211/211/708 924/924/644
f 888/888/471 925/925/387 499/499/469
f 536/536/385 925/925/387 447/447/992
f 313/313/386 740/740/736 1042/1042/1045
f 611/611/548 926/926/891 341/341/577
f 645/645/769 927/927/812 361/361/755
f 983/983/942 927/927/812 492/492/768
f 927/927/812 928/928/756 361/361/755
f 929/929/954 928/928/756 500/500/811
f 929/929/954 500/500/811 982/982/952
f 747/747/514 929/929/954 399/399/953
f 171/171/270 930/930/754 501/501/810
f 644/644/764 930/930/754 502/502/955
f 931/931/780 503/503/958 932/932/960
f 919/919/781 931/931/780 488/488/854
f 503/503/958 832/832/741 934/934/743
f 575/575/792 932/932/960 159/159/776
f 934/934/743 159/159/776 932/932/960
f 694/694/423 933/933/744 504/504/742
f 159/159/776 934/934/743 933/933/744
f 503/503/958 934/934/743 932/932/960
f 813/813/964 935/935/401 505/505/422
f 506/506/402 966/966/965 936/936/400
f 575/575/792 936/936/400 568/568/773
f 159/159/776 935/935/401 936/936/400
f 378/378/156 937/937/789 510/510/634
f 937/937/789 282/282/161 1019/1019/620
f 938/938/902 514/514/903 344/344/962
f 893/893/899 938/938/902 454/454/901
f 896/896/905 939/939/628 167/167/971
f 457/457/320 538/538/319 1044/1044/629
f 722/722/568 940/940/840 422/422/566
f 544/544/722 940/940/840 163/163/1003
f 525/525/647 178/178/425 941/941/645
f 944/944/50 178/178/425 530/530/783
f 333/333/49 260/260/686 942/942/646
f 206/206/727 942/942/646 260/260/686
f 832/832/741 943/943/961 504/504/742
f 529/529/784 943/943/961 366/366/980
f 941/941/645 944/944/50 333/333/49
f 558/558/427 944/944/50 530/530/783
f 561/561/680 945/945/604 532/532/603
f 524/524/37 945/945/604 234/234/38
f 176/176/417 946/946/556 945/945/604
f 652/652/416 653/653/760 947/947/983
f 652/652/416 947/947/983 946/946/556
f 732/732/763 947/947/983 359/359/884
f 693/693/474 948/948/881 192/192/706
f 748/748/879 948/948/881 441/441/707
f 748/748/879 949/949/488 533/533/487
f 950/950/860 949/949/488 534/534/985
f 534/534/985 999/999/986 951/951/990
f 879/879/957 950/950/860 535/535/1034
f 649/649/393 951/951/990 156/156/989
f 535/535/1034 950/950/860 951/951/990
f 915/915/809 952/952/808 482/482/930
f 485/485/931 952/952/808 191/191/807
f 954/954/692 953/953/470 541/541/951
f 888/888/471 953/953/470 162/162/887
f 953/953/470 954/954/692 162/162/887
f 955/955/999 954/954/692 541/541/951
f 702/702/734 955/955/999 541/541/951
f 956/956/977 955/955/999 339/339/1005
f 547/547/976 956/956/977 339/339/1005
f 1018/1018/1001 956/956/977 523/523/1000
f 163/163/1003 957/957/582 545/545/1002
f 826/826/666 957/957/582 546/546/662
f 371/371/66 958/958/659 245/245/623
f 191/191/807 958/958/659 484/484/658
f 635/635/939 959/959/844 555/555/695
f 712/712/407 959/959/844 556/556/1012
f 696/696/110 960/960/112 174/174/592
f 714/714/408 960/960/112 557/557/111
f 962/962/909 961/961/911 559/559/1046
f 922/922/907 961/961/911 539/539/910
f 986/986/1015 962/962/909 559/559/1046
f 584/584/832 962/962/909 412/412/1024
f 233/233/31 963/963/978 524/524/37
f 651/651/418 963/963/978 566/566/33
f 1033/1033/1016 964/964/468 567/567/467
f 690/690/944 964/964/468 493/493/889
f 690/690/944 965/965/1013 964/964/468
f 696/696/110 965/965/1013 557/557/111
f 667/667/193 966/966/965 506/506/402
f 967/967/1018 966/966/965 363/363/1036
f 966/966/965 967/967/1018 568/568/773
f 718/718/1017 967/967/1018 363/363/1036
f 572/572/853 968/968/855 571/571/915
f 968/968/855 488/488/854 1043/1043/959
f 699/699/457 969/969/852 430/430/873
f 572/572/853 969/969/852 173/173/459
f 970/970/544 476/476/917 912/912/441
f 581/581/542 970/970/544 477/477/924
f 584/584/832 971/971/1020 438/438/1022
f 972/972/868 971/971/1020 583/583/1021
f 437/437/866 972/972/868 583/583/1021
f 587/587/867 582/582/864 972/972/868
f 974/974/589 592/592/591 593/593/849
f 701/701/730 973/973/590 547/547/976
f 713/713/731 974/974/589 175/175/732
f 973/973/590 974/974/589 547/547/976
f 710/710/357 975/975/540 428/428/539
f 593/593/849 975/975/540 175/175/732
f 976/976/462 337/337/211 806/806/729
f 688/688/969 976/976/462 595/595/595
f 597/597/683 977/977/1009 432/432/1008
f 200/200/453 977/977/1009 596/596/615
f 194/194/493 978/978/599 473/473/920
f 416/416/794 978/978/599 472/472/598
f 621/621/375 979/979/912 462/462/373
f 980/980/997 979/979/912 559/559/1046
f 961/961/911 980/980/997 559/559/1046
f 981/981/967 980/980/997 166/166/946
f 980/980/997 981/981/967 612/612/906
f 656/656/945 981/981/967 166/166/946
f 929/929/954 982/982/952 615/615/772
f 983/983/942 982/982/952 500/500/811
f 983/983/942 500/500/811 927/927/812
f 618/618/935 400/400/770 983/983/942
f 521/521/795 984/984/975 616/616/725
f 743/743/937 984/984/975 520/520/973
f 663/663/336 985/985/813 154/154/934
f 621/621/375 985/985/813 620/620/877
f 962/962/909 986/986/1015 412/412/1024
f 979/979/912 986/986/1015 559/559/1046
f 92/92/713 987/987/117 91/91/116
f 232/232/601 987/987/117 626/626/126
f 625/625/125 988/988/120 283/283/119
f 92/92/713 988/988/120 626/626/126
f 284/284/93 989/989/674 402/402/94
f 991/991/940 989/989/674 203/203/815
f 629/629/606 990/990/605 491/491/1031
f 991/991/940 990/990/605 630/630/607
f 989/989/674 991/991/940 630/630/607
f 992/992/518 991/991/940 203/203/815
f 634/634/519 992/992/518 632/632/593
f 991/991/940 992/992/518 631/631/520
f 640/640/829 993/993/863 439/439/399
f 189/189/475 993/993/863 641/641/861
f 920/920/824 994/994/767 357/357/820
f 994/994/767 489/489/337 921/921/936
f 853/853/483 995/995/758 456/456/372
f 646/646/766 995/995/758 357/357/820
f 998/998/988 653/653/760 156/156/989
f 997/997/994 996/996/883 654/654/987
f 997/997/994 654/654/987 1000/1000/1035
f 734/734/700 359/359/884 997/997/994
f 653/653/760 998/998/988 996/996/883
f 156/156/989 951/951/990 999/999/986
f 534/534/985 442/442/996 999/999/986
f 654/654/987 999/999/986 442/442/996
f 1000/1000/1035 442/442/996 749/749/880
f 997/997/994 1000/1000/1035 537/537/995
f 657/657/949 412/412/1024 1001/1001/876
f 1001/1001/876 412/412/1024 986/986/1015
f 663/663/336 1002/1002/875 620/620/877
f 658/658/947 1002/1002/875 411/411/1028
f 920/920/824 1003/1003/932 662/662/338
f 855/855/818 1003/1003/932 410/410/819
f 367/367/382 1004/1004/6 664/664/638
f 1004/1004/6 255/255/2 325/325/1
f 311/311/652 1005/1005/981 531/531/698
f 668/668/565 1005/1005/981 669/669/563
f 672/672/58 1006/1006/613 239/239/52
f 452/452/897 1006/1006/613 673/673/684
f 727/727/531 1007/1007/449 448/448/448
f 733/733/893 1007/1007/449 157/157/898
f 1009/1009/1040 1008/1008/450 674/674/892
f 1010/1010/1039 1008/1008/450 675/675/857
f 673/673/684 1009/1009/1040 674/674/892
f 676/676/858 1009/1009/1040 182/182/1038
f 1010/1010/1039 675/675/857 677/677/511
f 724/724/801 448/448/448 1010/1010/1039
f 497/497/825 1011/1011/1029 658/658/947
f 679/679/501 440/440/948 1011/1011/1029
f 1012/1012/602 355/355/32 818/818/750
f 356/356/752 1012/1012/602 683/683/371
f 219/219/366 275/275/220 1013/1013/663
f 216/216/90 1013/1013/663 275/275/220
f 797/797/677 1014/1014/1041 686/686/569
f 785/785/642 1014/1014/1041 286/286/950
f 639/639/97 1015/1015/814 632/632/593
f 229/229/675 696/696/110 1015/1015/814
f 1046/1046/793 384/384/406 285/285/104
f 204/204/466 696/696/110 1016/1016/676
f 184/184/927 627/627/748 1017/1017/1030
f 396/396/486 1017/1017/1030 627/627/748
f 1018/1018/1001 542/542/693 956/956/977
f 689/689/943 1018/1018/1001 715/715/913
f 243/243/131 1019/1019/620 377/377/139
f 1019/1019/620 717/717/788 193/193/716
f 163/163/1003 1020/1020/1004 546/546/662
f 218/218/290 1020/1020/1004 722/722/568
f 725/725/530 1021/1021/894 449/449/966
f 237/237/239 1021/1021/894 726/726/746
f 205/205/904 1022/1022/529 729/729/896
f 513/513/527 1022/1022/529 461/461/212
f 792/792/651 1023/1023/762 732/732/763
f 561/561/680 1023/1023/762 214/214/984
f 1000/1000/1035 1024/1024/882 537/537/995
f 740/740/736 1024/1024/882 737/737/1042
f 740/740/736 1025/1025/1043 738/738/737
f 749/749/880 1025/1025/1043 737/737/1042
f 882/882/473 1026/1026/702 739/739/701
f 794/794/682 1026/1026/702 315/315/472
f 762/762/578 1027/1027/738 739/739/701
f 1042/1042/1045 1027/1027/738 341/341/577
f 742/742/796 423/423/837 1028/1028/841
f 864/864/836 1028/1028/841 423/423/837
f 424/424/797 1029/1029/1010 553/553/842
f 742/742/796 160/160/133 1029/1029/1010
f 491/491/1031 1030/1030/1032 629/629/606
f 743/743/937 1030/1030/1032 744/744/974
f 490/490/938 1031/1031/941 634/634/519
f 491/491/1031 1031/1031/941 745/745/1011
f 744/744/974 1032/1032/134 160/160/133
f 490/490/938 1032/1032/134 745/745/1011
f 242/242/617 1033/1033/1016 567/567/467
f 887/887/890 1033/1033/1016 746/746/618
f 583/583/1021 1034/1034/1033 437/437/866
f 753/753/831 638/638/830 1034/1034/1033
f 165/165/823 1035/1035/822 661/661/933
f 660/660/637 1035/1035/822 761/761/821
f 531/531/698 1036/1036/982 345/345/464
f 217/217/745 784/784/359 1036/1036/982
f 734/734/700 1037/1037/993 732/732/763
f 1038/1038/1037 1037/1037/993 170/170/699
f 670/670/697 1038/1038/1037 170/170/699
f 792/792/651 1038/1038/1037 311/311/652
f 1039/1039/586 226/226/585 829/829/632
f 381/381/782 1039/1039/586 830/830/790
f 1040/1040/687 859/859/364 422/422/566
f 602/602/433 1040/1040/687 518/518/839
f 493/493/889 1041/1041/888 690/690/944
f 446/446/886 1041/1041/888 887/887/890
f 1042/1042/1045 738/738/737 1027/1027/738
f 313/313/386 1042/1042/1045 926/926/891
f 932/932/960 1043/1043/959 931/931/780
f 968/968/855 1043/1043/959 575/575/792
f 516/516/340 1044/1044/629 202/202/304
f 457/457/320 1044/1044/629 939/939/628
f 438/438/1022 1045/1045/998 584/584/832
f 539/539/910 1045/1045/998 907/907/1023
f 384/384/406 1046/1046/793 1016/1016/676
f 567/567/467 1046/1046/793 285/285/104
f 8/1047/227 1047/1048/1047 2170/2276/1048
f 2169/2275/1049 10/1215/231 9/1216/225
f 11/1214/229 1373/1479/1050 1259/1365/1051
f 1259/1365/1051 1373/1479/1050 2227/2333/1052
f 12/1213/217 11/1214/229 1259/1365/1051
f 1201/1307/1053 1260/1366/1054 1372/1478/1055
f 1372/1478/1055 12/1213/217 1259/1365/1051
f 1326/1432/1056 2079/2185/1057 2200/2306/1058
f 15/1210/367 14/1211/454 1374/1480/1059
f 2171/2277/1060 16/1209/368 15/1210/367
f 1434/1540/1061 18/1207/242 17/1208/241
f 19/1206/451 2166/2272/1062 20/1205/347
f 1325/1431/1063 16/1209/368 2171/2277/1060
f 21/1204/346 20/1205/347 1324/1430/1064
f 22/1203/233 21/1204/346 1632/1738/1065
f 1281/1387/1066 23/1202/234 22/1203/233
f 1273/1379/1067 26/1199/343 25/1200/342
f 22/1203/233 1632/1738/1065 1281/1387/1066
f 1471/1577/1068 2014/2120/1069 2588/2694/1070
f 1049/1050/1071 1262/1368/1072 1376/1482/1073
f 1051/1052/1074 1052/1053/1075 1261/1367/1076
f 1924/2030/1077 1284/1390/1078 1054/1055/1079
f 1054/1055/1079 1284/1390/1078 1053/1054/1080
f 1051/1052/1074 1261/1367/1076 1375/1481/1081
f 1283/1389/1082 1222/1328/1083 1924/2030/1077
f 1422/1528/1084 1283/1389/1082 1056/1057/1085
f 1422/1528/1084 1198/1304/1086 1283/1389/1082
f 1260/1366/1054 1374/1480/1059 14/1211/454
f 1052/1053/1075 1053/1054/1080 1423/1529/1087
f 1223/1329/1088 1556/1662/1089 1285/1391/1090
f 28/1197/202 1745/1851/1091 1286/1392/1092
f 2172/2278/1093 33/1192/191 32/1193/350
f 28/1197/202 1286/1392/1092 29/1196/203
f 31/1194/349 1399/1505/1094 32/1193/350
f 1744/1850/1095 30/1195/206 29/1196/203
f 1399/1505/1094 31/1194/349 1285/1391/1090
f 1318/1424/1096 33/1192/191 2172/2278/1093
f 2173/2279/1097 37/1188/376 36/1189/199
f 1319/1425/1098 2198/2304/1099 1318/1424/1096
f 26/1199/343 1394/1500/1100 27/1198/420
f 1376/1482/1073 1048/1049/1101 1049/1050/1071
f 45/1180/325 44/1181/517 1282/1388/1102
f 46/1179/324 45/1180/325 1110/1178/1103
f 1282/1388/1102 2185/2291/1104 45/1180/325
f 43/1182/301 1252/1358/1105 2184/2290/1106
f 38/1187/294 1410/1516/1107 39/1186/292
f 1328/1434/1108 37/1188/376 2173/2279/1097
f 1858/1964/1109 1173/1279/1110 2527/2633/1111
f 1743/1849/1112 1106/1174/1113 1107/1175/1114
f 1320/1426/1115 40/1185/295 2178/2284/1116
f 2184/2290/1106 2182/2288/1117 1282/1388/1102
f 1108/1176/1118 1109/1177/1119 2168/2274/1120
f 2178/2284/1116 40/1185/295 39/1186/292
f 41/1184/296 1485/1591/1121 42/1183/303
f 1328/1434/1108 38/1187/294 37/1188/376
f 1105/1173/1122 1301/1407/1123 1104/1172/1124
f 1103/1171/1125 1104/1172/1124 2142/2248/1126
f 1300/1406/1127 2189/2295/1128 2191/2297/1129
f 1106/1174/1113 1269/1375/1130 1105/1173/1122
f 2332/2438/1131 1322/1428/1132 1248/1354/1133
f 1298/1404/1134 1487/1593/1135 1237/1343/1136
f 2369/2475/1137 1266/1372/1138 1634/1740/1139
f 1098/1166/1140 1299/1405/1141 1097/1165/1142
f 1298/1404/1134 1237/1343/1136 2167/2273/1143
f 1266/1372/1138 1095/1163/1144 1096/1164/1145
f 1277/1383/1146 1378/1484/1147 1190/1296/1148
f 1378/1484/1147 1277/1383/1146 1090/1158/1149
f 1091/1159/1150 1092/1160/1151 2179/2285/1152
f 1117/1223/1153 1903/2009/1154 1904/2010/1155
f 1096/1164/1145 1097/1165/1142 1435/1541/1156
f 1083/1151/1157 1084/1152/1158 1264/1370/1159
f 1083/1151/1157 1337/1443/1160 1082/1150/1161
f 1083/1151/1157 1264/1370/1159 1337/1443/1160
f 1332/1438/1162 1244/1350/1163 2176/2282/1164
f 1278/1384/1165 1087/1155/1166 1088/1156/1167
f 1278/1384/1165 1088/1156/1167 1584/1690/1168
f 1332/1438/1162 1183/1289/1169 2193/2299/1170
f 1078/1146/1171 1079/1147/1172 2174/2280/1173
f 1584/1690/1168 1088/1156/1167 1089/1157/1174
f 1084/1152/1158 1085/1153/1175 1387/1493/1176
f 1081/1149/1177 1079/1147/1172 1080/1148/1178
f 1436/1542/1179 1266/1372/1138 2369/2475/1137
f 1100/1168/1180 1101/1169/1181 1322/1428/1132
f 1054/1055/1079 1055/1056/1182 1924/2030/1077
f 152/1064/185 1305/1411/1183 153/1063/186
f 2162/2268/1184 2037/2143/1185 1234/1340/1186
f 2037/2143/1185 1/1062/179 153/1063/186
f 1396/1502/1187 151/1065/198 150/1066/171
f 1395/1501/1188 2108/2214/1189 1274/1380/1190
f 1532/1638/1191 144/1072/59 143/1073/63
f 148/1068/64 147/1069/55 1578/1684/1192
f 1274/1380/1190 149/1067/173 1395/1501/1188
f 150/1066/171 149/1067/173 1274/1380/1190
f 140/1076/235 1369/1475/1193 141/1075/46
f 1256/1362/1194 1369/1475/1193 140/1076/235
f 1256/1362/1194 140/1076/235 139/1077/77
f 2536/2642/1195 1514/1620/1196 2364/2470/1197
f 1369/1475/1193 1199/1305/1198 1257/1363/1199
f 1430/1536/1200 137/1079/80 136/1080/85
f 134/1082/74 133/1083/73 1391/1497/1201
f 1270/1376/1202 1391/1497/1201 133/1083/73
f 1257/1363/1199 142/1074/47 141/1075/46
f 1938/2044/1203 1894/2000/1204 2548/2654/1205
f 1194/1300/1206 2202/2308/1207 1330/1436/1208
f 1509/1615/1209 1271/1377/1210 130/1086/87
f 1212/1318/1211 1509/1615/1209 1272/1378/1212
f 1271/1377/1210 131/1085/86 130/1086/87
f 1392/1498/1213 1272/1378/1212 128/1088/19
f 1424/1530/1214 125/1091/13 1297/1403/1215
f 1437/1543/1216 35/1190/329 34/1191/196
f 125/1091/13 1424/1530/1214 126/1090/15
f 131/1085/86 1508/1614/1217 132/1084/72
f 1228/1334/1218 2107/2213/1219 1296/1402/1220
f 1296/1402/1220 122/1094/309 1594/1700/1221
f 1314/1420/1222 1429/1535/1223 118/1098/35
f 2181/2287/1224 120/1096/42 119/1097/41
f 118/1098/35 117/1099/34 1314/1420/1222
f 2258/2364/1225 1808/1914/1226 1163/1269/1227
f 1426/1532/1228 116/1100/39 115/1101/20
f 114/1102/22 1425/1531/1229 1302/1408/1230
f 1302/1408/1230 115/1101/20 114/1102/22
f 2160/2266/1231 117/1099/34 116/1100/39
f 123/1093/369 2107/2213/1219 124/1092/500
f 134/1082/74 2165/2271/1232 135/1081/84
f 112/1104/23 2159/2265/1233 113/1103/27
f 1077/1145/1234 1078/1146/1171 1332/1438/1162
f 1076/1144/1235 2176/2282/1164 1333/1439/1236
f 1075/1143/1237 1431/1537/1238 1074/1142/1239
f 2176/2282/1164 1076/1144/1235 1077/1145/1234
f 1313/1419/1240 1338/1444/1241 1231/1337/1242
f 106/1110/98 1316/1422/1243 107/1109/136
f 2196/2302/1244 1186/1292/1245 2204/2310/1246
f 2280/2386/1247 1185/1291/1248 1475/1581/1249
f 2196/2302/1244 110/1106/149 1249/1355/1250
f 1227/1333/1251 2078/2184/1252 1294/1400/1253
f 2078/2184/1252 1072/1140/1254 1073/1141/1255
f 1245/1351/1256 2177/2283/1257 1334/1440/1258
f 1427/1533/1259 2255/2361/1260 2241/2347/1261
f 1071/1139/1262 1072/1140/1254 1295/1401/1263
f 1628/1734/1264 1137/1243/1265 1629/1735/1266
f 2158/2264/1267 1065/1133/1268 1066/1134/1269
f 1062/1130/1270 1063/1131/1271 1265/1371/1272
f 1064/1132/1273 1428/1534/1274 1063/1131/1271
f 1064/1132/1273 1065/1133/1268 1304/1410/1275
f 1400/1506/1276 1230/1336/1277 1303/1409/1278
f 105/1111/100 2161/2267/1279 106/1110/98
f 2197/2303/1280 103/1113/105 1251/1357/1281
f 103/1113/105 102/1114/109 1251/1357/1281
f 1335/1441/1282 2181/2287/1224 1250/1356/1283
f 2197/2303/1280 1196/1302/1284 2237/2343/1285
f 1092/1160/1151 1093/1161/1286 1329/1435/1287
f 98/1118/95 1289/1395/1288 1746/1852/1289
f 1070/1138/1290 1432/1538/1291 1334/1440/1258
f 96/1120/115 1857/1963/1292 97/1119/123
f 1251/1357/1281 102/1114/109 1366/1472/1293
f 1254/1360/1294 1420/1526/1295 95/1121/114
f 1377/1483/1296 1062/1130/1270 1265/1371/1272
f 1289/1395/1288 1620/1726/1297 1193/1299/1298
f 1580/1686/1299 88/1128/128 1061/1129/1300
f 2231/2337/1301 1580/1686/1299 1377/1483/1296
f 95/1121/114 94/1122/353 1254/1360/1294
f 1420/1526/1295 1421/1527/1302 1225/1331/1303
f 92/1124/713 91/1125/116 1618/1724/1304
f 1618/1724/1304 1619/1725/1305 1220/1326/1306
f 1280/1386/1307 1619/1725/1305 90/1126/619
f 1197/1303/1308 2186/2292/1309 1288/1394/1310
f 1233/1339/1311 2161/2267/1279 1315/1421/1312
f 2094/2200/1313 1540/1646/1314 1198/1304/1086
f 1057/1058/1315 1058/1059/1316 1255/1361/1317
f 1275/1381/1318 146/1070/54 145/1071/60
f 135/1081/84 2165/2271/1232 1317/1423/1319
f 1286/1392/1092 2034/2140/1320 1223/1329/1088
f 127/1089/16 126/1090/15 1258/1364/1321
f 1297/1403/1215 125/1091/13 124/1092/500
f 1796/1902/1322 1601/1707/1323 1793/1899/1324
f 2190/2296/1325 2336/2442/1326 1589/1695/1327
f 1300/1406/1127 1248/1354/1133 2180/2286/1328
f 2324/2430/1329 1357/1463/1330 2323/2429/1331
f 2023/2129/1332 1293/1399/1333 1226/1332/1334
f 1527/1633/1335 1251/1357/1281 1366/1472/1293
f 1379/1485/1336 1086/1154/1337 1087/1155/1166
f 1386/1492/1338 2117/2223/1339 2118/2224/1340
f 1067/1135/1341 1427/1533/1259 1303/1409/1278
f 1480/1586/1342 1914/2020/1343 1887/1993/1344
f 1335/1441/1282 120/1096/42 2181/2287/1224
f 2337/2443/1345 1592/1698/1346 1128/1234/1347
f 1454/1560/1348 1636/1742/1349 1637/1743/1350
f 1965/2071/1351 1967/2073/1352 1964/2070/1353
f 1368/1474/1354 1255/1361/1317 1058/1059/1316
f 2610/2716/1355 1368/1474/1354 2224/2330/1356
f 1257/1363/1199 1370/1476/1357 142/1074/47
f 1218/1324/1358 1281/1387/1066 1995/2101/1359
f 2505/2611/1360 1828/1934/1361 1470/1576/1362
f 2102/2208/1363 2505/2611/1360 1470/1576/1362
f 23/1202/234 1633/1739/1364 24/1201/208
f 1602/1708/1365 2350/2456/1366 2349/2455/1367
f 138/1078/82 1253/1359/1368 1367/1473/1369
f 2522/2628/1370 1125/1231/1371 1846/1952/1372
f 2325/2431/1373 2330/2436/1374 1357/1463/1330
f 1331/1437/1375 2065/2171/1376 2066/2172/1377
f 1757/1863/1378 2462/2568/1379 1311/1417/1380
f 1736/1842/1381 2458/2564/1382 2455/2561/1383
f 2643/2749/1384 1741/1847/1385 1566/1672/1386
f 2383/2489/1387 2382/2488/1388 1654/1760/1389
f 1425/1531/1229 1472/1578/1390 1302/1408/1230
f 1440/1546/1391 2259/2365/1392 2260/2366/1393
f 1657/1763/1394 1687/1793/1395 1686/1792/1396
f 1353/1459/1397 1671/1777/1398 1677/1783/1399
f 1094/1162/1400 1095/1163/1144 1436/1542/1179
f 1884/1990/1401 1885/1991/1402 1868/1974/1403
f 2400/2506/1404 2649/2755/1405 2401/2507/1406
f 2050/2156/1407 2052/2158/1408 2038/2144/1409
f 1804/1910/1410 1433/1539/1411 1800/1906/1412
f 2489/2595/1413 1784/1890/1414 2652/2758/1415
f 1134/1240/1416 2071/2177/1417 2072/2178/1418
f 1751/1857/1419 2001/2107/1420 2584/2690/1421
f 1262/1368/1072 1375/1481/1081 1202/1308/1422
f 1839/1945/1423 1834/1940/1424 1835/1941/1425
f 1263/1369/1426 1203/1309/1427 1387/1493/1176
f 1465/1571/1428 2104/2210/1429 2105/2211/1430
f 1064/1132/1273 1304/1410/1275 1428/1534/1274
f 2112/2218/1431 1162/1268/1432 1451/1557/1433
f 1911/2017/1434 2104/2210/1429 1912/2018/1435
f 2242/2348/1436 1400/1506/1276 1401/1507/1437
f 1481/1587/1438 2286/2392/1439 2287/2393/1440
f 1385/1491/1441 2119/2225/1442 2616/2722/1443
f 1314/1420/1222 117/1099/34 2160/2266/1231
f 1959/2065/1444 2580/2686/1445 2215/2321/1446
f 2475/2581/1447 1312/1418/1448 2472/2578/1449
f 2225/2331/1450 2249/2355/1451 1150/1256/1452
f 1704/1810/1453 1705/1811/1454 2420/2526/1455
f 2167/2273/1143 1098/1166/1140 1099/1167/1456
f 2512/2618/1457 2606/2712/1458 2077/2183/1459
f 2081/2187/1460 2089/2195/1461 1995/2101/1359
f 1287/1393/1462 1107/1175/1114 1108/1176/1118
f 1169/1275/1463 2333/2439/1464 2334/2440/1465
f 1328/1434/1108 1410/1516/1107 38/1187/294
f 2218/2324/1466 2220/2326/1467 1145/1251/1468
f 1277/1383/1146 1215/1321/1469 1584/1690/1168
f 2298/2404/1470 1883/1989/1471 1535/1641/1472
f 1531/1637/1473 108/1108/140 107/1109/136
f 2206/2312/1474 2209/2315/1475 1338/1444/1241
f 1626/1732/1476 2366/2472/1477 1121/1227/1478
f 1544/1650/1479 2305/2411/1480 1179/1285/1481
f 1398/1504/1482 147/1069/55 146/1070/54
f 2545/2651/1483 1893/1999/1484 1513/1619/1485
f 1920/2026/1486 1922/2028/1487 1416/1522/1488
f 1512/1618/1489 1895/2001/1490 2549/2655/1491
f 1509/1615/1209 130/1086/87 129/1087/45
f 1816/1922/1492 1812/1918/1493 1604/1710/1494
f 1455/1561/1495 1649/1755/1496 1643/1749/1497
f 1208/1314/1498 1635/1741/1499 1642/1748/1500
f 1153/1259/1501 1748/1854/1502 1749/1855/1503
f 1165/1271/1504 1493/1599/1505 1996/2102/1506
f 1407/1513/1507 2084/2190/1508 2086/2192/1509
f 2024/2130/1510 1176/1282/1511 1273/1379/1067
f 1313/1419/1240 1231/1337/1242 2159/2265/1233
f 2207/2313/1512 2208/2314/1513 1339/1445/1514
f 1971/2077/1515 1972/2078/1516 1156/1262/1517
f 1429/1535/1223 119/1097/41 118/1098/35
f 2023/2129/1332 101/1115/108 100/1116/91
f 1599/1705/1518 2348/2454/1519 1389/1495/1520
f 1694/1800/1521 1158/1264/1522 1693/1799/1523
f 2262/2368/1524 1365/1471/1525 1445/1551/1526
f 1745/1851/1091 28/1197/202 27/1198/420
f 2062/2168/1527 1459/1565/1528 2060/2166/1529
f 1905/2011/1530 2551/2657/1531 1904/2010/1155
f 1188/1294/1532 2255/2361/1260 2195/2301/1533
f 1230/1336/1277 2158/2264/1267 1303/1409/1278
f 1631/1737/1534 1137/1243/1265 1628/1734/1264
f 1288/1394/1310 2186/2292/1309 93/1123/121
f 1382/1488/1535 2005/2111/1536 2006/2112/1537
f 1807/1913/1538 2495/2601/1539 2496/2602/1540
f 1943/2049/1541 1945/2051/1542 1946/2052/1543
f 1323/1429/1544 1236/1342/1545 2166/2272/1062
f 2244/2350/1546 1164/1270/1547 1402/1508/1548
f 1242/1348/1549 2173/2279/1097 1327/1433/1550
f 2067/2173/1551 2218/2324/1466 1145/1251/1468
f 2290/2396/1552 1166/1272/1553 1487/1593/1135
f 1683/1789/1554 2292/2398/1555 1684/1790/1556
f 2162/2268/1184 1059/1060/1557 1060/1061/1558
f 1579/1685/1559 152/1064/185 151/1065/198
f 1317/1423/1319 1430/1536/1200 136/1080/85
f 1696/1802/1560 2415/2521/1561 1194/1300/1206
f 1106/1174/1113 1743/1849/1112 1269/1375/1130
f 2333/2439/1464 1587/1693/1562 2334/2440/1465
f 1436/1542/1179 1267/1373/1563 1094/1162/1400
f 2042/2148/1564 2043/2149/1565 1131/1237/1566
f 1813/1919/1567 1815/1921/1568 1606/1712/1569
f 1211/1317/1570 1271/1377/1210 1695/1801/1571
f 132/1084/72 1508/1614/1217 1270/1376/1202
f 1612/1718/1572 1930/2036/1573 1929/2035/1574
f 1310/1416/1575 1252/1358/1105 43/1182/301
f 1743/1849/1112 2233/2339/1576 1221/1327/1577
f 1586/1692/1578 1713/1819/1579 1734/1840/1580
f 2332/2438/1131 1248/1354/1133 2191/2297/1129
f 1051/1052/1074 1375/1481/1081 1050/1051/1581
f 1135/1241/1582 1835/1941/1425 2515/2621/1583
f 1393/1499/1584 1273/1379/1067 25/1200/342
f 1159/1265/1585 2034/2140/1320 2035/2141/1586
f 12/1213/217 1372/1478/1055 13/1212/218
f 1545/1651/1587 1839/1945/1423 1135/1241/1582
f 2133/2239/1588 2134/2240/1589 2620/2726/1590
f 1203/1309/1427 1263/1369/1426 2031/2137/1591
f 1543/1649/1592 1544/1650/1479 1179/1285/1481
f 2621/2727/1593 2622/2728/1594 2144/2250/1595
f 2358/2464/1596 1616/1722/1597 2360/2466/1598
f 2163/2269/1599 2164/2270/1600 1167/1273/1601
f 145/1071/60 1397/1503/1602 1275/1381/1318
f 1919/2025/1603 1917/2023/1604 2554/2660/1605
f 1744/1850/1095 1285/1391/1090 30/1195/206
f 2294/2400/1606 1458/1564/1607 2072/2178/1418
f 1084/1152/1158 1387/1493/1176 1264/1370/1159
f 1244/1350/1163 1859/1965/1608 1333/1439/1236
f 1072/1140/1254 2078/2184/1252 1295/1401/1263
f 1184/1290/1609 1464/1570/1610 2274/2380/1611
f 1185/1291/1248 1472/1578/1390 2279/2385/1612
f 1474/1580/1613 1232/1338/1614 1426/1532/1228
f 1429/1535/1223 2181/2287/1224 119/1097/41
f 1276/1382/1615 2631/2737/1616 2208/2314/1513
f 1187/1293/1617 1343/1449/1618 2214/2320/1619
f 2203/2309/1620 1335/1441/1282 1336/1442/1621
f 1068/1136/1622 1069/1137/1623 2177/2283/1257
f 1595/1701/1624 1308/1414/1625 1401/1507/1437
f 1559/1665/1626 1189/1295/1627 1498/1604/1628
f 1320/1426/1115 1321/1427/1629 2199/2305/1630
f 2298/2404/1470 2299/2405/1631 1505/1611/1632
f 1533/1639/1633 1215/1321/1469 1277/1383/1146
f 1461/1567/1634 1191/1297/1635 2273/2379/1636
f 1461/1567/1634 1227/1333/1251 1294/1400/1253
f 1629/1735/1266 1220/1326/1306 1627/1733/1637
f 89/1127/129 1280/1386/1307 90/1126/619
f 1857/1963/1292 1289/1395/1288 97/1119/123
f 2093/2199/1638 1157/1263/1639 2092/2198/1640
f 1696/1802/1560 1194/1300/1206 1330/1436/1208
f 137/1079/80 1253/1359/1368 138/1078/82
f 1101/1169/1181 1102/1170/1641 2180/2286/1328
f 2289/2395/1642 2040/2146/1643 1487/1593/1135
f 2297/2403/1644 2117/2223/1339 1528/1634/1645
f 1385/1491/1441 1233/1339/1311 1315/1421/1312
f 92/1124/713 1618/1724/1304 1288/1394/1310
f 1197/1303/1308 2266/2372/1646 1449/1555/1647
f 2095/2201/1648 2367/2473/1649 2094/2200/1313
f 1540/1646/1314 1222/1328/1083 1283/1389/1082
f 2457/2563/1650 2458/2564/1382 1736/1842/1381
f 1370/1476/1357 1371/1477/1651 2226/2332/1652
f 124/1092/500 2107/2213/1219 1297/1403/1215
f 1947/2053/1653 1443/1549/1654 2261/2367/1655
f 2146/2252/1656 1175/1281/1657 2230/2336/1658
f 13/1212/218 1260/1366/1054 14/1211/454
f 1261/1367/1076 2143/2249/1659 1202/1308/1422
f 1050/1051/1581 1262/1368/1072 1049/1050/1071
f 1085/1153/1175 1086/1154/1337 1263/1369/1426
f 2032/2138/1660 1136/1242/1661 2594/2700/1662
f 1065/1133/1268 2158/2264/1267 1304/1410/1275
f 2368/2474/1663 1382/1488/1535 1631/1737/1534
f 1438/1544/1664 1205/1311/1665 2257/2363/1666
f 1438/1544/1664 1228/1334/1218 1296/1402/1220
f 2246/2352/1667 1206/1312/1668 2079/2185/1057
f 1236/1342/1545 1323/1429/1544 1402/1508/1548
f 1098/1166/1140 2167/2273/1143 1299/1405/1141
f 1684/1790/1556 1685/1791/1669 1491/1597/1670
f 2369/2475/1137 1635/1741/1499 1208/1314/1498
f 1094/1162/1400 1267/1373/1563 1093/1161/1286
f 1494/1600/1671 1996/2102/1506 1997/2103/1672
f 1242/1348/1549 1327/1433/1550 1493/1599/1505
f 2064/2170/1673 1331/1437/1375 2529/2635/1674
f 2528/2634/1675 2527/2633/1111 1310/1416/1575
f 1926/2032/1676 1612/1718/1572 1927/2033/1677
f 132/1084/72 1270/1376/1202 133/1083/73
f 1272/1378/1212 129/1087/45 128/1088/19
f 1818/1924/1678 1944/2050/1679 1942/2048/1680
f 106/1110/98 2161/2267/1279 1316/1422/1243
f 1213/1319/1681 1346/1452/1682 2038/2144/1409
f 1510/1616/1683 1917/2023/1604 1919/2025/1603
f 1275/1381/1318 1397/1503/1602 2238/2344/1684
f 1089/1157/1174 1090/1158/1149 1277/1383/1146
f 1537/1643/1685 1178/1284/1686 2232/2338/1687
f 146/1070/54 1275/1381/1318 1398/1504/1482
f 1616/1722/1597 2614/2720/1688 2109/2215/1689
f 20/1205/347 2166/2272/1062 1324/1430/1064
f 1217/1323/1690 1406/1512/1691 2081/2187/1460
f 1154/1260/1692 2058/2164/1693 2602/2708/1694
f 1273/1379/1067 1393/1499/1584 2024/2130/1510
f 1396/1502/1187 150/1066/171 1274/1380/1190
f 1121/1227/1478 2359/2465/1695 2358/2464/1596
f 1220/1326/1306 1619/1725/1305 1627/1733/1637
f 92/1124/713 1288/1394/1310 93/1123/121
f 2168/2274/1120 1287/1393/1462 1108/1176/1118
f 2333/2439/1464 2054/2160/1696 1290/1396/1697
f 1055/1056/1182 1056/1057/1085 1283/1389/1082
f 1543/1649/1592 1179/1285/1481 2253/2359/1698
f 2269/2375/1699 1159/1265/1585 2270/2376/1700
f 30/1195/206 1285/1391/1090 31/1194/349
f 1394/1500/1100 26/1199/343 1273/1379/1067
f 1224/1330/1701 1394/1500/1100 1948/2054/1702
f 1225/1331/1303 1421/1527/1302 2252/2358/1703
f 97/1119/123 1289/1395/1288 98/1118/95
f 1293/1399/1333 100/1116/91 99/1117/96
f 1193/1299/1298 1620/1726/1297 2615/2721/1704
f 1073/1141/1255 1074/1142/1239 1294/1400/1253
f 1295/1401/1263 1464/1570/1610 1184/1290/1609
f 123/1093/369 122/1094/309 1296/1402/1220
f 1297/1403/1215 1443/1549/1654 1200/1306/1705
f 1301/1407/1123 1105/1173/1122 1269/1375/1130
f 2190/2296/1325 1589/1695/1327 1174/1280/1706
f 1066/1134/1269 1067/1135/1341 1303/1409/1278
f 1381/1487/1707 2368/2474/1663 2235/2341/1708
f 112/1104/23 111/1105/25 1313/1419/1240
f 1472/1578/1390 1185/1291/1248 1302/1408/1230
f 115/1101/20 1302/1408/1230 1426/1532/1228
f 2212/2318/1709 1343/1449/1618 1187/1293/1617
f 105/1111/100 104/1112/106 1315/1421/1312
f 1233/1339/1311 1346/1452/1682 1316/1422/1243
f 1305/1411/1183 2037/2143/1185 153/1063/186
f 1167/1273/1601 2224/2330/1356 2163/2269/1599
f 1172/1278/1710 1928/2034/1711 1931/2037/1712
f 135/1081/84 1317/1423/1319 136/1080/85
f 19/1206/451 18/1207/242 1323/1429/1544
f 1236/1342/1545 1406/1512/1691 1324/1430/1064
f 1099/1167/1456 1100/1168/1180 1298/1404/1134
f 1237/1343/1136 1492/1598/1713 1299/1405/1141
f 1110/1178/1103 2185/2291/1104 1109/1177/1119
f 2233/2339/1576 2234/2340/1714 1380/1486/1715
f 2170/2276/1048 1239/1345/1716 2169/2275/1049
f 1239/1345/1716 2170/2276/1048 1048/1049/1101
f 1838/1944/1717 1143/1249/1718 1840/1946/1719
f 16/1209/368 1325/1431/1063 17/1208/241
f 2460/2566/1720 2461/2567/1721 1747/1853/1722
f 33/1192/191 1318/1424/1096 34/1191/196
f 36/1189/199 35/1190/329 1327/1433/1550
f 1242/1348/1549 1498/1604/1628 1328/1434/1108
f 2174/2280/1173 1079/1147/1172 2175/2281/1723
f 1082/1150/1161 2175/2281/1723 1081/1149/1177
f 1244/1350/1163 1332/1438/1162 2193/2299/1170
f 1076/1144/1235 1333/1439/1236 1075/1143/1237
f 1334/1440/1258 1069/1137/1623 1070/1138/1290
f 1307/1413/1724 1831/1937/1725 2612/2718/1726
f 2218/2324/1466 2219/2325/1727 1354/1460/1728
f 40/1185/295 1320/1426/1115 41/1184/296
f 1329/1435/1287 1093/1161/1286 1267/1373/1563
f 2378/2484/1729 1170/1276/1730 1647/1753/1731
f 1102/1170/1641 1103/1171/1125 1300/1406/1127
f 2191/2297/1129 1585/1691/1732 2332/2438/1131
f 1364/1470/1733 109/1107/465 108/1108/140
f 1249/1355/1250 1364/1470/1733 1365/1471/1525
f 2580/2686/1445 1966/2072/1734 2215/2321/1446
f 120/1096/42 1335/1441/1282 121/1095/5
f 102/1114/109 101/1115/108 1366/1472/1293
f 1527/1633/1335 1528/1634/1645 2296/2402/1735
f 43/1182/301 42/1183/303 1310/1416/1575
f 1252/1358/1105 2527/2633/1111 2182/2288/1117
f 1253/1359/1368 2223/2329/1736 2222/2328/1737
f 1367/1473/1369 2222/2328/1737 2633/2739/1738
f 1421/1527/1302 1254/1360/1294 2265/2371/1739
f 95/1121/114 1420/1526/1295 96/1120/115
f 1058/1059/1316 1059/1060/1557 1368/1474/1354
f 1167/1273/1601 2645/2751/1740 2609/2715/1741
f 1367/1473/1369 139/1077/77 138/1078/82
f 1256/1362/1194 2633/2739/1738 2183/2289/1742
f 2249/2355/1451 2250/2356/1743 1415/1521/1744
f 142/1074/47 1370/1476/1357 143/1073/63
f 2563/2669/1745 1200/1306/1705 1945/2051/1542
f 2147/2253/1746 1272/1378/1212 1392/1498/1213
f 11/1214/229 10/1215/231 1373/1479/1050
f 2623/2729/1747 1175/1281/1657 2145/2251/1748
f 1260/1366/1054 2229/2335/1749 2228/2334/1750
f 2228/2334/1750 1240/1346/1751 1374/1480/1059
f 1423/1529/1087 1053/1054/1080 1284/1390/1078
f 1261/1367/1076 2254/2360/1752 2143/2249/1659
f 2146/2252/1656 1262/1368/1072 1202/1308/1422
f 2227/2333/1052 1376/1482/1073 2230/2336/1658
f 1379/1485/1336 1087/1155/1166 1278/1384/1165
f 2031/2137/1591 1263/1369/1426 1178/1284/1686
f 2595/2701/1753 1203/1309/1427 2033/2139/1754
f 1337/1443/1160 1183/1289/1169 1243/1349/1755
f 1192/1298/1756 2121/2227/1757 1628/1734/1264
f 1062/1130/1270 1377/1483/1296 1061/1129/1300
f 1435/1541/1156 1266/1372/1138 1096/1164/1145
f 1634/1740/1139 1266/1372/1138 1207/1313/1758
f 1642/1748/1500 2374/2480/1759 1208/1314/1498
f 2201/2307/1760 1247/1353/1761 1329/1435/1287
f 1411/1517/1762 1961/2067/1763 1962/2068/1764
f 2568/2674/1765 2570/2676/1766 1412/1518/1767
f 2187/2293/1768 1269/1375/1130 1221/1327/1577
f 1301/1407/1123 2192/2298/1769 1229/1335/1770
f 1925/2031/1771 1270/1376/1202 1211/1317/1570
f 2557/2663/1772 1391/1497/1201 2130/2236/1773
f 1695/1801/1571 1271/1377/1210 1212/1318/1211
f 1508/1614/1217 1271/1377/1210 1211/1317/1570
f 128/1088/19 127/1089/16 1392/1498/1213
f 1272/1378/1212 2147/2253/1746 1941/2047/1774
f 25/1200/342 24/1201/208 1393/1499/1584
f 1948/2054/1702 1394/1500/1100 1273/1379/1067
f 149/1067/173 148/1068/64 1395/1501/1188
f 1396/1502/1187 2111/2217/1775 1219/1325/1776
f 145/1071/60 144/1072/59 1397/1503/1602
f 2560/2666/1777 2653/2759/1778 1938/2044/1203
f 2154/2260/1779 1991/2097/1780 1992/2098/1781
f 1155/1261/1782 2210/2316/1783 2106/2212/1784
f 1090/1158/1149 1091/1159/1150 1378/1484/1147
f 1533/1639/1633 1277/1383/1146 1190/1296/1148
f 1537/1643/1685 1278/1384/1165 1215/1321/1469
f 2232/2338/1687 1263/1369/1426 1379/1485/1336
f 1671/1777/1398 1353/1459/1397 1676/1782/1785
f 2577/2683/1786 1964/2070/1353 1968/2074/1787
f 89/1127/129 88/1128/128 1580/1686/1299
f 1627/1733/1637 1619/1725/1305 1280/1386/1307
f 1995/2101/1359 1281/1387/1066 1217/1323/1690
f 1633/1739/1364 1281/1387/1066 1218/1324/1358
f 2184/2290/1106 1282/1388/1102 44/1181/517
f 2168/2274/1120 2185/2291/1104 1238/1344/1788
f 1056/1057/1085 1057/1058/1315 1422/1528/1084
f 1540/1646/1314 1283/1389/1082 1198/1304/1086
f 1543/1649/1592 1284/1390/1078 1222/1328/1083
f 1423/1529/1087 2254/2360/1752 1261/1367/1076
f 1223/1329/1088 2269/2375/1699 1556/1662/1089
f 2148/2254/1789 1241/1347/1790 1399/1505/1094
f 2034/2140/1320 1286/1392/1092 1224/1330/1701
f 1744/1850/1095 1286/1392/1092 1223/1329/1088
f 1173/1279/1110 2362/2468/1791 2234/2340/1714
f 1287/1393/1462 2233/2339/1576 1743/1849/1112
f 1630/1736/1792 1288/1394/1310 1220/1326/1306
f 1197/1303/1308 2265/2371/1739 2186/2292/1309
f 1620/1726/1297 1289/1395/1288 1225/1331/1303
f 1193/1299/1298 1293/1399/1333 1746/1852/1289
f 2188/2294/1793 1290/1396/1697 2187/2293/1768
f 2340/2446/1794 1590/1696/1795 2339/2445/1796
f 1587/1693/1562 2340/2446/1794 2339/2445/1796
f 2011/2117/1797 2012/2118/1798 1565/1671/1799
f 2318/2424/1800 2319/2425/1801 1861/1967/1802
f 1724/1830/1803 1729/1835/1804 1572/1678/1805
f 99/1117/96 98/1118/95 1746/1852/1289
f 1388/1494/1806 2093/2199/1638 1581/1687/1807
f 1431/1537/1238 1075/1143/1237 1333/1439/1236
f 1461/1567/1634 1294/1400/1253 1191/1297/1635
f 1464/1570/1610 1295/1401/1263 1227/1333/1251
f 2613/2719/1808 1432/1538/1291 1184/1290/1609
f 1594/1700/1221 121/1095/5 1335/1441/1282
f 1438/1544/1664 1296/1402/1220 1205/1311/1665
f 1443/1549/1654 1297/1403/1215 1228/1334/1218
f 1424/1530/1214 1200/1306/1705 1258/1364/1321
f 1322/1428/1132 1298/1404/1134 1100/1168/1180
f 1237/1343/1136 1487/1593/1135 1166/1272/1553
f 1492/1598/1713 1237/1343/1136 1166/1272/1553
f 1299/1405/1141 2292/2398/1555 1435/1541/1156
f 2142/2248/1126 1300/1406/1127 1103/1171/1125
f 2189/2295/1128 1300/1406/1127 1229/1335/1770
f 2054/2160/1696 1301/1407/1123 1269/1375/1130
f 2142/2248/1126 1301/1407/1123 1229/1335/1770
f 114/1102/22 113/1103/27 1425/1531/1229
f 1474/1580/1613 1426/1532/1228 1302/1408/1230
f 1067/1135/1341 1068/1136/1622 1427/1533/1259
f 1400/1506/1276 2241/2347/1261 1188/1294/1532
f 1381/1487/1707 1304/1410/1275 1230/1336/1277
f 1204/1310/1809 1265/1371/1272 1428/1534/1274
f 1579/1685/1559 1305/1411/1183 152/1064/185
f 2163/2269/1599 1305/1411/1183 1219/1325/1776
f 2032/2138/1660 2033/2139/1754 1203/1309/1427
f 1306/1412/1810 2594/2700/1662 2194/2300/1811
f 1245/1351/1256 1334/1440/1258 1831/1937/1725
f 1595/1701/1624 1307/1413/1724 2346/2452/1812
f 1913/2019/1813 1914/2020/1343 1516/1622/1814
f 1383/1489/1815 2006/2112/1537 2007/2113/1816
f 1466/1572/1817 1900/2006/1818 1902/2008/1819
f 1479/1585/1820 1874/1980/1821 2538/2644/1822
f 1485/1591/1121 1310/1416/1575 42/1183/303
f 2528/2634/1675 1858/1964/1109 2527/2633/1111
f 1753/1859/1823 1757/1863/1378 1311/1417/1380
f 1756/1862/1824 1751/1857/1419 1755/1861/1825
f 2464/2570/1826 1762/1868/1827 1760/1866/1828
f 1978/2084/1829 1977/2083/1830 1417/1523/1831
f 111/1105/25 110/1106/149 2196/2302/1244
f 2204/2310/1246 1186/1292/1245 2206/2312/1474
f 1343/1449/1618 1314/1420/1222 1232/1338/1614
f 1429/1535/1223 1187/1293/1617 1250/1356/1283
f 104/1112/106 103/1113/105 2197/2303/1280
f 1385/1491/1441 2237/2343/1285 1196/1302/1284
f 2216/2322/1832 1158/1264/1522 2217/2323/1833
f 1531/1637/1473 1316/1422/1243 1213/1319/1681
f 1330/1436/1208 1317/1423/1319 1235/1341/1834
f 1430/1536/1200 1194/1300/1206 1253/1359/1368
f 1319/1425/1098 1318/1424/1096 1241/1347/1790
f 1318/1424/1096 2198/2304/1099 1437/1543/1216
f 2461/2567/1721 1182/1288/1835 1747/1853/1722
f 1153/1259/1501 1998/2104/1836 1999/2105/1837
f 1321/1427/1629 1320/1426/1115 1246/1352/1838
f 1320/1426/1115 2199/2305/1630 1485/1591/1121
f 2219/2325/1727 1189/1295/1627 1354/1460/1728
f 2067/2173/1551 2064/2170/1673 1210/1316/1839
f 1322/1428/1132 1101/1169/1181 2180/2286/1328
f 1322/1428/1132 1195/1301/1840 2289/2395/1642
f 1434/1540/1061 1323/1429/1544 18/1207/242
f 1236/1342/1545 1402/1508/1548 1164/1270/1547
f 1406/1512/1691 1236/1342/1545 1164/1270/1547
f 1632/1738/1065 1324/1430/1064 1217/1323/1690
f 1326/1432/1056 1325/1431/1063 1240/1346/1751
f 1325/1431/1063 2200/2306/1058 1434/1540/1061
f 1326/1432/1056 2518/2624/1841 1840/1946/1719
f 2079/2185/1057 1326/1432/1056 1143/1249/1718
f 1437/1543/1216 1327/1433/1550 35/1190/329
f 1242/1348/1549 1493/1599/1505 1165/1271/1504
f 1498/1604/1628 1242/1348/1549 1165/1271/1504
f 1410/1516/1107 2248/2354/1842 1246/1352/1838
f 2201/2307/1760 1329/1435/1287 1267/1373/1563
f 2179/2285/1152 1329/1435/1287 1247/1353/1761
f 1931/2037/1712 2557/2663/1772 1172/1278/1710
f 2156/2262/1843 2626/2732/1844 1931/2037/1712
f 2064/2170/1673 2065/2171/1376 1331/1437/1375
f 2363/2469/1845 1380/1486/1715 2362/2468/1791
f 2174/2280/1173 1332/1438/1162 1078/1146/1171
f 1183/1289/1169 1332/1438/1162 1243/1349/1755
f 1244/1350/1163 2193/2299/1170 1859/1965/1608
f 1431/1537/1238 1191/1297/1635 1294/1400/1253
f 1070/1138/1290 1071/1139/1262 1432/1538/1291
f 1831/1937/1725 1307/1413/1724 2195/2301/1533
f 1336/1442/1621 1335/1441/1282 1250/1356/1283
f 1594/1700/1221 1205/1311/1665 1296/1402/1220
f 1336/1442/1621 2581/2687/1846 1966/2072/1734
f 2091/2197/1847 1439/1545/1848 2257/2363/1666
f 1337/1443/1160 1264/1370/1159 2595/2701/1753
f 2175/2281/1723 1337/1443/1160 1243/1349/1755
f 1338/1444/1241 2204/2310/1246 2206/2312/1474
f 2205/2311/1849 1231/1337/1242 1338/1444/1241
f 2262/2368/1524 1445/1551/1526 2207/2313/1512
f 2211/2317/1850 2631/2737/1616 1276/1382/1615
f 2210/2316/1783 2631/2737/1616 1340/1446/1851
f 1967/2073/1352 1965/2071/1351 1340/1446/1851
f 1992/2098/1781 1991/2097/1780 1341/1447/1852
f 1968/2074/1787 1990/2096/1853 1969/2075/1854
f 1279/1385/1855 2413/2519/1856 2396/2502/1857
f 1411/1517/1762 1956/2062/1858 1961/2067/1763
f 1232/1338/1614 2213/2319/1859 1343/1449/1618
f 1156/1262/1517 1972/2078/1516 2632/2738/1860
f 1973/2079/1861 1971/2077/1515 1475/1581/1249
f 2566/2672/1862 1958/2064/1863 1268/1374/1864
f 1963/2069/1865 1411/1517/1762 1962/2068/1764
f 2574/2680/1866 1268/1374/1864 1958/2064/1863
f 2216/2322/1832 2217/2323/1833 1346/1452/1682
f 1213/1319/1681 1316/1422/1243 1346/1452/1682
f 1692/1798/1867 1693/1799/1523 1386/1492/1338
f 2051/2157/1868 2053/2159/1869 2050/2156/1407
f 2027/2133/1870 2048/2154/1871 2596/2702/1872
f 2414/2520/1873 1689/1795/1874 1352/1458/1875
f 1868/1974/1403 1869/1975/1876 1871/1977/1877
f 1950/2056/1878 1951/2057/1879 1949/2055/1880
f 1639/1745/1881 1644/1750/1882 1688/1794/1883
f 2153/2259/1884 1447/1553/1885 1120/1226/1886
f 1348/1454/1887 1689/1795/1874 2414/2520/1873
f 2264/2370/1888 1276/1382/1615 2208/2314/1513
f 2409/2515/1889 1679/1785/1890 2410/2516/1891
f 1677/1783/1399 1678/1784/1892 1353/1459/1397
f 1641/1747/1893 1866/1972/1894 1664/1770/1895
f 1640/1746/1896 2372/2478/1897 2375/2481/1898
f 1557/1663/1899 1559/1665/1626 1498/1604/1628
f 2220/2326/1467 2069/2175/1900 2068/2174/1901
f 2313/2419/1902 1560/1666/1903 2314/2420/1904
f 2315/2421/1905 1562/1668/1906 2316/2422/1907
f 1558/1664/1908 1356/1462/1909 1557/1663/1899
f 2315/2421/1905 2313/2419/1902 1561/1667/1910
f 2327/2433/1911 2328/2434/1912 1575/1681/1913
f 1608/1714/1914 2439/2545/1915 2440/2546/1916
f 1560/1666/1903 1354/1460/1728 1559/1665/1626
f 1359/1465/1917 2068/2174/1901 2069/2175/1900
f 1355/1461/1918 2318/2424/1800 2605/2711/1919
f 1114/1220/1920 2278/2384/1921 2276/2382/1922
f 2322/2428/1923 2323/2429/1331 2320/2426/1924
f 2441/2547/1925 1441/1547/1926 1725/1831/1927
f 2434/2540/1928 1718/1824/1929 2433/2539/1930
f 1956/2062/1858 1412/1518/1767 1954/2060/1931
f 1662/1768/1932 1518/1624/1933 1660/1766/1934
f 1519/1625/1935 1660/1766/1934 1661/1767/1936
f 1488/1594/1937 2291/2397/1938 2290/2396/1552
f 1686/1792/1396 1687/1793/1395 1362/1468/1939
f 1531/1637/1473 1364/1470/1733 108/1108/140
f 2038/2144/1409 2052/2158/1408 1213/1319/1681
f 2221/2327/1940 1365/1471/1525 1364/1470/1733
f 1365/1471/1525 1147/1253/1941 1445/1551/1526
f 2023/2129/1332 1366/1472/1293 101/1115/108
f 1527/1633/1335 2092/2198/1640 1157/1263/1639
f 2222/2328/1737 1367/1473/1369 1253/1359/1368
f 1256/1362/1194 139/1077/77 1367/1473/1369
f 2162/2268/1184 1368/1474/1354 1059/1060/1557
f 2224/2330/1356 1368/1474/1354 1234/1340/1186
f 1199/1305/1198 1369/1475/1193 1256/1362/1194
f 1257/1363/1199 141/1075/46 1369/1475/1193
f 1371/1477/1651 1370/1476/1357 1257/1363/1199
f 1370/1476/1357 2226/2332/1652 1532/1638/1191
f 1199/1305/1198 2251/2357/1942 2250/2356/1743
f 2249/2355/1451 2225/2331/1450 1371/1477/1651
f 1201/1307/1053 1372/1478/1055 1259/1365/1051
f 1260/1366/1054 13/1212/218 1372/1478/1055
f 2169/2275/1049 1373/1479/1050 10/1215/231
f 2227/2333/1052 1373/1479/1050 1239/1345/1716
f 2228/2334/1750 1374/1480/1059 1260/1366/1054
f 2171/2277/1060 1374/1480/1059 1240/1346/1751
f 1202/1308/1422 1375/1481/1081 1261/1367/1076
f 1262/1368/1072 1050/1051/1581 1375/1481/1081
f 2230/2336/1658 1376/1482/1073 1262/1368/1072
f 1239/1345/1716 1048/1049/1101 1376/1482/1073
f 1265/1371/1272 1192/1298/1756 1377/1483/1296
f 2231/2337/1301 1377/1483/1296 1192/1298/1756
f 2179/2285/1152 1378/1484/1147 1091/1159/1150
f 1378/1484/1147 1247/1353/1761 2378/2484/1729
f 2232/2338/1687 1379/1485/1336 1278/1384/1165
f 1263/1369/1426 1086/1154/1337 1379/1485/1336
f 2362/2468/1791 1173/1279/1110 2529/2635/1674
f 1380/1486/1715 2363/2469/1845 2188/2294/1793
f 1230/1336/1277 2236/2342/1943 1381/1487/1707
f 1161/1267/1944 2128/2234/1945 1381/1487/1707
f 1161/1267/1944 2242/2348/1436 2004/2110/1946
f 2005/2111/1536 1382/1488/1535 2128/2234/1945
f 2114/2220/1947 2115/2221/1948 2113/2219/1949
f 1449/1555/1647 1162/1268/1432 1421/1527/1302
f 2242/2348/1436 1552/1658/1950 2004/2110/1946
f 1552/1658/1950 1308/1414/1625 2311/2417/1951
f 1196/1302/1284 2117/2223/1339 2119/2225/1442
f 2216/2322/1832 1385/1491/1441 1158/1264/1522
f 1196/1302/1284 2296/2402/1735 1528/1634/1645
f 1691/1797/1952 1692/1798/1867 1132/1238/1953
f 1263/1369/1426 1387/1493/1176 1085/1153/1175
f 1264/1370/1159 1387/1493/1176 1203/1309/1427
f 1226/1332/1334 1293/1399/1333 1581/1687/1807
f 2120/2226/1954 1482/1588/1955 2591/2697/1956
f 2285/2391/1957 1452/1558/1958 2281/2387/1959
f 2347/2453/1960 1599/1705/1518 2049/2155/1961
f 2283/2389/1962 1477/1583/1963 2284/2390/1964
f 1479/1585/1820 2538/2644/1822 1886/1992/1965
f 2130/2236/1773 1391/1497/1201 1270/1376/1202
f 2165/2271/1232 1391/1497/1201 1235/1341/1834
f 127/1089/16 1258/1364/1321 1392/1498/1213
f 2563/2669/1745 2147/2253/1746 1392/1498/1213
f 1633/1739/1364 1393/1499/1584 24/1201/208
f 1393/1499/1584 1218/1324/1358 2024/2130/1510
f 1948/2054/1702 1273/1379/1067 1176/1282/1511
f 1745/1851/1091 1394/1500/1100 1224/1330/1701
f 1578/1684/1192 1395/1501/1188 148/1068/64
f 2108/2214/1189 1395/1501/1188 1216/1322/1966
f 2111/2217/1775 1274/1380/1190 1180/1286/1967
f 1579/1685/1559 1396/1502/1187 1219/1325/1776
f 1532/1638/1191 1397/1503/1602 144/1072/59
f 2238/2344/1684 1397/1503/1602 1214/1320/1968
f 2653/2759/1778 1275/1381/1318 1181/1287/1969
f 1398/1504/1482 2560/2666/1777 1578/1684/1192
f 2148/2254/1789 1399/1505/1094 1285/1391/1090
f 2172/2278/1093 1399/1505/1094 1241/1347/1790
f 1401/1507/1437 1400/1506/1276 1188/1294/1532
f 1400/1506/1276 2242/2348/1436 2236/2342/1943
f 1188/1294/1532 2195/2301/1533 1595/1701/1624
f 1401/1507/1437 1308/1414/1625 1552/1658/1950
f 1323/1429/1544 2243/2349/1970 1402/1508/1548
f 2200/2306/1058 2079/2185/1057 1206/1312/1668
f 1507/1613/1971 1832/1938/1972 2509/2615/1973
f 2244/2350/1546 2245/2351/1974 1164/1270/1547
f 2353/2459/1975 2352/2458/1976 1614/1720/1977
f 2245/2351/1974 2076/2182/1978 1554/1660/1979
f 2356/2462/1980 1863/1969/1981 2354/2460/1982
f 2019/2125/1983 1850/1956/1984 2013/2119/1985
f 2082/2188/1986 1407/1513/1507 2081/2187/1460
f 1217/1323/1690 1324/1430/1064 1406/1512/1691
f 1407/1513/1507 2082/2188/1986 2083/2189/1987
f 2085/2191/1988 2086/2192/1509 2084/2190/1508
f 2088/2194/1989 2085/2191/1988 2087/2193/1990
f 1826/1932/1991 2057/2163/1992 2061/2167/1993
f 1471/1577/1068 2587/2693/1994 2014/2120/1069
f 1409/1515/1995 2013/2119/1985 1850/1956/1984
f 2247/2353/1996 1410/1516/1107 1328/1434/1108
f 2178/2284/1116 1410/1516/1107 1246/1352/1838
f 2404/2510/1997 1659/1765/1998 2405/2511/1999
f 1721/1827/2000 2430/2536/2001 1720/1826/2002
f 1957/2063/2003 2568/2674/1765 2569/2675/2004
f 2427/2533/2005 1709/1815/2006 2424/2530/2007
f 1708/1814/2008 1735/1841/2009 2423/2529/2010
f 1717/1823/2011 2432/2538/2012 2428/2534/2013
f 1654/1760/1389 2385/2491/2014 2388/2494/2015
f 1586/1692/1578 1712/1818/2016 1713/1819/1579
f 2251/2357/1942 1415/1521/1744 2250/2356/1743
f 2251/2357/1942 2635/2741/2017 1415/1521/1744
f 1845/1951/2018 1846/1952/1372 1125/1231/1371
f 1919/2025/1603 1920/2026/1486 1510/1616/1683
f 1854/1960/2019 2525/2631/2020 1112/1218/2021
f 1852/1958/2022 1853/1959/2023 1921/2027/2024
f 1783/1889/2025 1524/1630/2026 1769/1875/2027
f 2475/2581/1447 2472/2578/1449 1765/1871/2028
f 2183/2289/1742 1199/1305/1198 1256/1362/1194
f 1922/2028/1487 1923/2029/2029 1416/1522/1488
f 1421/1527/1302 1420/1526/1295 1254/1360/1294
f 1857/1963/1292 1420/1526/1295 1225/1331/1303
f 1449/1555/1647 2265/2371/1739 1197/1303/1308
f 1421/1527/1302 1162/1268/1432 2252/2358/1703
f 1057/1058/1315 1255/1361/1317 1422/1528/1084
f 1198/1304/1086 1422/1528/1084 1255/1361/1317
f 2253/2359/1698 1423/1529/1087 1284/1390/1078
f 1261/1367/1076 1052/1053/1075 1423/1529/1087
f 1200/1306/1705 1424/1530/1214 1297/1403/1215
f 1258/1364/1321 126/1090/15 1424/1530/1214
f 2159/2265/1233 1425/1531/1229 113/1103/27
f 1425/1531/1229 1231/1337/1242 1472/1578/1390
f 1474/1580/1613 1302/1408/1230 1185/1291/1248
f 2160/2266/1231 1426/1532/1228 1232/1338/1614
f 2177/2283/1257 1427/1533/1259 1068/1136/1622
f 2255/2361/1260 1427/1533/1259 1245/1351/1256
f 1428/1534/1274 1304/1410/1275 2235/2341/1708
f 1265/1371/1272 1063/1131/1271 1428/1534/1274
f 1429/1535/1223 1314/1420/1222 2212/2318/1709
f 2181/2287/1224 1429/1535/1223 1250/1356/1283
f 1430/1536/1200 1317/1423/1319 2202/2308/1207
f 1253/1359/1368 137/1079/80 1430/1536/1200
f 1333/1439/1236 1859/1965/1608 2629/2735/2030
f 1294/1400/1253 1074/1142/1239 1431/1537/1238
f 1071/1139/1262 1295/1401/1263 1432/1538/1291
f 1184/1290/1609 1432/1538/1291 1295/1401/1263
f 1113/1219/2031 1782/1888/2032 1792/1898/2033
f 1607/1713/2034 1804/1910/1410 1801/1907/2035
f 1325/1431/1063 1434/1540/1061 17/1208/241
f 1434/1540/1061 1206/1312/1668 2243/2349/1970
f 1299/1405/1141 1435/1541/1156 1097/1165/1142
f 1266/1372/1138 1435/1541/1156 1207/1313/1758
f 1266/1372/1138 1436/1542/1179 1095/1163/1144
f 1436/1542/1179 1208/1314/1498 2374/2480/1759
f 1318/1424/1096 1437/1543/1216 34/1191/196
f 1437/1543/1216 1209/1315/2036 2293/2399/2037
f 2091/2197/1847 1205/1311/1665 2203/2309/1620
f 2256/2362/2038 1228/1334/1218 1438/1544/1664
f 2259/2365/1392 1439/1545/1848 1140/1246/2039
f 2257/2363/1666 2258/2364/1225 1438/1544/1664
f 1441/1547/1926 2441/2547/1925 2443/2549/2040
f 1806/1912/2041 1807/1913/1538 2494/2600/2042
f 2565/2671/2043 1954/2060/1931 1412/1518/1767
f 1361/1467/2044 2434/2540/1928 1720/1826/2002
f 1433/1539/1411 1798/1904/2045 1800/1906/1412
f 2100/2206/2046 2099/2205/2047 1442/1548/2048
f 2256/2362/2038 1443/1549/1654 1228/1334/1218
f 1943/2049/1541 1946/2052/1543 1133/1239/2049
f 1443/1549/1654 1163/1269/1227 2261/2367/1655
f 2099/2205/2047 1163/1269/1227 1808/1914/1226
f 1445/1551/1526 1147/1253/1941 2263/2369/2050
f 2206/2312/1474 2207/2313/1512 1339/1445/1514
f 2053/2159/1869 1147/1253/1941 2050/2156/1407
f 1351/1457/2051 1950/2056/1878 1952/2058/2052
f 1446/1552/2053 2053/2159/1869 1952/2058/2052
f 1888/1994/2054 1671/1777/1398 1362/1468/1939
f 1994/2100/2055 1687/1793/1395 1993/2099/2056
f 1990/2096/1853 1991/2097/1780 1993/2099/2056
f 1220/1326/1306 1629/1735/1266 1630/1736/1792
f 1451/1557/1433 1162/1268/1432 1449/1555/1647
f 2006/2112/1537 2585/2691/2057 1137/1243/1265
f 2267/2373/2058 1383/1489/1815 2268/2374/2059
f 1451/1557/1433 1449/1555/1647 2266/2372/1646
f 2281/2387/1959 2112/2218/1431 1453/1559/2060
f 1451/1557/1433 2267/2373/2058 2268/2374/2059
f 2281/2387/1959 1477/1583/1963 2285/2391/1957
f 2022/2128/2061 1383/1489/1815 2007/2113/1816
f 2281/2387/1959 2282/2388/2062 1477/1583/1963
f 1454/1560/1348 1635/1741/1499 1636/1742/1349
f 2630/2736/2063 1170/1276/1730 2201/2307/1760
f 1491/1597/1670 1681/1787/2064 1682/1788/2065
f 2373/2479/2066 1639/1745/1881 2372/2478/1897
f 1867/1973/2067 2537/2643/2068 1866/1972/1894
f 1872/1978/2069 1624/1730/2070 1871/1977/1877
f 1479/1585/1820 1876/1982/2071 1874/1980/1821
f 1897/2003/2072 1878/1984/2073 1898/2004/2074
f 2269/2375/1699 2270/2376/1700 1458/1564/1607
f 2071/2177/1417 1499/1605/2075 2072/2178/1418
f 2063/2169/2076 2059/2165/2077 2060/2166/1529
f 1823/1929/2078 2603/2709/2079 2499/2605/2080
f 1821/1927/2081 2498/2604/2082 1523/1629/2083
f 1762/1868/1827 2468/2574/2084 1501/1607/2085
f 2627/2733/2086 2273/2379/1636 2194/2300/1811
f 2272/2378/2087 1227/1333/1251 1461/1567/1634
f 1463/1569/2088 2551/2657/1531 1915/2021/2089
f 2273/2379/1636 1988/2094/2090 1461/1567/1634
f 2301/2407/2091 1178/1284/1686 2300/2406/2092
f 1178/1284/1686 1537/1643/1685 2300/2406/2092
f 2272/2378/2087 1464/1570/1610 1227/1333/1251
f 2275/2381/2093 1465/1571/1428 2274/2380/1611
f 1911/2017/1434 1912/2018/1435 1466/1572/1817
f 2552/2658/2094 1986/2092/2095 1467/1573/2096
f 1900/2006/1818 1117/1223/1153 1899/2005/2097
f 1466/1572/1817 1902/2008/1819 1910/2016/2098
f 1905/2011/1530 1987/2093/2099 1988/2094/2090
f 1900/2006/1818 1903/2009/1154 1117/1223/1153
f 2341/2447/2100 1291/1397/2101 2339/2445/1796
f 1331/1437/1375 1841/1947/2102 1621/1727/2103
f 1555/1661/2104 2074/2180/2105 2075/2181/2106
f 2125/2231/2107 1828/1934/1361 1409/1515/1995
f 2473/2579/2108 2476/2582/2109 1522/1628/2110
f 1826/1932/1991 2505/2611/1360 2102/2208/1363
f 2014/2120/1069 2015/2121/2111 2588/2694/1070
f 2018/2124/2112 1471/1577/1068 2017/2123/2113
f 2205/2311/1849 1472/1578/1390 1231/1337/1242
f 2279/2385/1612 1155/1261/1782 1473/1579/2114
f 1965/2071/1351 2106/2212/1784 1340/1446/1851
f 2280/2386/1247 1156/1262/1517 2213/2319/1859
f 1185/1291/1248 2279/2385/1612 1475/1581/1249
f 1474/1580/1613 2280/2386/1247 2213/2319/1859
f 1473/1579/2114 2106/2212/1784 2583/2689/2115
f 1973/2079/1861 1129/1235/2116 1970/2076/2117
f 1781/1887/2118 1113/1219/2031 1778/1884/2119
f 2151/2257/2120 1603/1709/2121 2150/2256/2122
f 1477/1583/1963 2282/2388/2062 2284/2390/1964
f 2283/2389/1962 1481/1587/1438 2285/2391/1957
f 1118/1224/2123 2009/2115/2124 2010/2116/2125
f 1886/1992/1965 2543/2649/2126 2045/2151/2127
f 1907/2013/2128 1909/2015/2129 1309/1415/2130
f 2025/2131/2131 2026/2132/2132 2591/2697/1956
f 2022/2128/2061 2008/2114/2133 1118/1224/2123
f 1308/1414/1625 1595/1701/1624 1596/1702/2134
f 1481/1587/1438 2283/2389/1962 2286/2392/1439
f 1481/1587/1438 2287/2393/1440 2114/2220/1947
f 1390/1496/2135 2542/2648/2136 2025/2131/2131
f 1530/1636/2137 2618/2724/2138 2617/2723/2139
f 1874/1980/1821 1623/1729/2140 1873/1979/2141
f 1116/1222/2142 1869/1975/1876 1870/1976/2143
f 1873/1979/2141 2407/2513/2144 1675/1781/2145
f 1349/1455/2146 2409/2515/1889 2410/2516/1891
f 1320/1426/1115 1485/1591/1121 41/1184/296
f 1485/1591/1121 1210/1316/1839 2528/2634/1675
f 2601/2707/2147 2057/2163/1992 2059/2165/2077
f 1486/1592/2148 2601/2707/2147 2059/2165/2077
f 1298/1404/1134 2289/2395/1642 1487/1593/1135
f 1195/1301/1840 1714/1820/2149 2040/2146/1643
f 2530/2636/2150 1142/1248/2151 2157/2263/2152
f 2139/2245/2153 1860/1966/2154 2138/2244/2155
f 1668/1774/2156 2384/2490/2157 2020/2126/2158
f 1363/1469/2159 1656/1762/2160 2392/2498/2161
f 2137/2243/2162 1489/1595/2163 1653/1759/2164
f 1152/1258/2165 1638/1744/2166 1636/1742/1349
f 1672/1778/2167 1673/1779/2168 1130/1236/2169
f 1683/1789/1554 1491/1597/1670 1682/1788/2065
f 1683/1789/1554 1684/1790/1556 1491/1597/1670
f 2292/2398/1555 1299/1405/1141 1492/1598/1713
f 1327/1433/1550 2293/2399/2037 1493/1599/1505
f 1997/2103/1672 1998/2104/1836 1494/1600/1671
f 1153/1259/1501 1749/1855/1503 1750/1856/2170
f 2001/2107/1420 1558/1664/1908 2000/2106/2171
f 1747/1853/1722 1748/1854/1502 1153/1259/1501
f 1752/1858/2172 1753/1859/1823 1495/1601/2173
f 1496/1602/2174 1755/1861/1825 1754/1860/2175
f 1549/1655/2176 1778/1884/2119 2487/2593/2177
f 1754/1860/2175 1776/1882/2178 1496/1602/2174
f 2315/2421/1905 2316/2422/1907 1355/1461/1918
f 1557/1663/1899 1498/1604/1628 1165/1271/1504
f 2247/2353/1996 1498/1604/1628 1189/1295/1627
f 1891/1997/2179 1134/1240/1416 1760/1866/1828
f 2461/2567/1721 2460/2566/1720 1319/1425/1098
f 1759/1865/2180 1760/1866/1828 1501/1607/2085
f 1749/1855/1503 1752/1858/2172 1495/1601/2173
f 1134/1240/1416 2464/2570/1826 1760/1866/1828
f 1501/1607/2085 2468/2574/2084 2470/2576/2181
f 1312/1418/1448 2475/2581/1447 1770/1876/2182
f 1548/1654/2183 1774/1880/2184 1775/1881/2185
f 1898/2004/2074 1899/2005/2097 1504/1610/2186
f 2045/2151/2127 1309/1415/2130 1909/2015/2129
f 1904/2010/1155 1906/2012/2187 1117/1223/1153
f 1625/1731/2188 1881/1987/2189 2041/2147/2190
f 2298/2404/1470 1535/1641/1472 2135/2241/2191
f 2136/2242/2192 1534/1640/2193 2135/2241/2191
f 2306/2412/2194 1546/1652/2195 2308/2414/2196
f 2510/2616/2197 1833/1939/2198 2509/2615/1973
f 2514/2620/2199 1832/1938/1972 1834/1940/1424
f 2519/2625/2200 1838/1944/1717 1840/1946/1719
f 1271/1377/1210 1508/1614/1217 131/1085/86
f 1270/1376/1202 1508/1614/1217 1211/1317/1570
f 1272/1378/1212 1509/1615/1209 129/1087/45
f 1271/1377/1210 1509/1615/1209 1212/1318/1211
f 2523/2629/2201 1848/1954/2202 2141/2247/2203
f 1916/2022/2204 1917/2023/1604 1921/2027/2024
f 2141/2247/2203 1852/1958/2022 2155/2261/2205
f 2524/2630/2206 1848/1954/2202 1849/1955/2207
f 1896/2002/2208 1513/1619/1485 1895/2001/1490
f 2239/2345/2209 2238/2344/1684 2634/2740/2210
f 2354/2460/1982 2533/2639/2211 1405/1511/2212
f 1405/1511/2212 2017/2123/2113 2357/2463/2213
f 2309/2415/2214 2002/2108/2215 1542/1648/2216
f 1121/1227/1478 2358/2464/1596 2360/2466/1598
f 2270/2376/1700 2271/2377/2217 1515/1621/2218
f 2466/2572/2219 1761/1867/2220 2465/2571/2221
f 1553/1659/2222 1597/1703/2223 1989/2095/2224
f 1910/2016/2098 1911/2017/1434 1466/1572/1817
f 1130/1236/2169 1650/1756/2225 1672/1778/2167
f 1518/1624/1933 2380/2486/2226 1650/1756/2225
f 1651/1757/2227 1652/1758/2228 1520/1626/2229
f 1662/1768/1932 1663/1769/2230 1350/1456/2231
f 1518/1624/1933 1650/1756/2225 1651/1757/2227
f 1670/1776/2232 1519/1625/1935 1661/1767/1936
f 1520/1626/2229 1656/1762/2160 2393/2499/2233
f 1518/1624/1933 1651/1757/2227 1660/1766/1934
f 1820/1926/2234 1523/1629/2083 2477/2583/2235
f 2476/2582/2109 2473/2579/2108 1766/1872/2236
f 1983/2089/2237 2419/2525/2238 1703/1809/2239
f 1769/1875/2027 1524/1630/2026 2478/2584/2240
f 1523/1629/2083 1820/1926/2234 1821/1927/2081
f 1112/1218/2021 1768/1874/2241 1854/1960/2019
f 1697/1803/2242 1699/1805/2243 2416/2522/2244
f 2483/2589/2245 1764/1870/2246 1772/1878/2247
f 2490/2596/2248 2480/2586/2249 1771/1877/2250
f 2350/2456/1366 1476/1582/2251 2349/2455/1367
f 2112/2218/1431 2113/2219/1949 2637/2743/2252
f 2116/2222/2253 2615/2721/1704 2115/2221/1948
f 1226/1332/1334 1527/1633/1335 1366/1472/1293
f 1527/1633/1335 1157/1263/1639 1528/1634/1645
f 1528/1634/1645 1157/1263/1639 2297/2403/1644
f 2117/2223/1339 1196/1302/1284 1528/1634/1645
f 1529/1635/2254 2297/2403/1644 1530/1636/2137
f 2348/2454/1519 1599/1705/1518 2347/2453/1960
f 2093/2199/1638 1530/1636/2137 1157/1263/1639
f 2639/2745/2255 2618/2724/2138 2657/2763/2256
f 1316/1422/1243 1531/1637/1473 107/1109/136
f 1531/1637/1473 1213/1319/1681 2221/2327/1940
f 1370/1476/1357 1532/1638/1191 143/1073/63
f 1397/1503/1602 1532/1638/1191 1214/1320/1968
f 1190/1296/1148 2377/2483/2257 2136/2242/2192
f 1533/1639/1633 2136/2242/2192 2131/2237/2258
f 1170/1276/1730 1646/1752/2259 1647/1753/1731
f 1883/1989/1471 1505/1611/1632 1882/1988/2260
f 1504/1610/2186 1899/2005/2097 1901/2007/2261
f 1535/1641/1472 2134/2240/1589 2135/2241/2191
f 2127/2233/2262 1504/1610/2186 1901/2007/2261
f 2301/2407/2091 2302/2408/2263 1539/1645/2264
f 1215/1321/1469 2131/2237/2258 1537/1643/1685
f 2132/2238/2265 2133/2239/1588 1538/1644/2266
f 1537/1643/1685 2131/2237/2258 2132/2238/2265
f 1906/2012/2187 2302/2408/2263 2640/2746/2267
f 2553/2659/2268 1463/1569/2088 1915/2021/2089
f 2031/2137/1591 2032/2138/1660 1203/1309/1427
f 2094/2200/1313 1198/1304/1086 2095/2201/1648
f 2303/2409/2269 1222/1328/1083 1540/1646/1314
f 2360/2466/1598 1626/1732/1476 1121/1227/1478
f 2094/2200/1313 2028/2134/2270 1540/1646/1314
f 2096/2202/2271 1514/1620/1196 2355/2461/2272
f 2308/2414/2196 1506/1612/2273 2306/2412/2194
f 2303/2409/2269 1543/1649/1592 1222/1328/1083
f 2305/2411/1480 1544/1650/1479 2307/2413/2274
f 1543/1649/1592 2304/2410/2275 1544/1650/1479
f 1544/1650/1479 2304/2410/2275 1546/1652/2195
f 1839/1945/1423 1506/1612/2273 1834/1940/1424
f 2143/2249/1659 2144/2250/1595 1202/1308/1422
f 2002/2108/2215 1546/1652/2195 1148/1254/2276
f 2310/2416/2277 1547/1653/2278 2309/2415/2214
f 2308/2414/2196 1546/1652/2195 2309/2415/2214
f 2514/2620/2199 2508/2614/2279 1832/1938/1972
f 1776/1882/2178 1774/1880/2184 1548/1654/2183
f 1777/1883/2280 1549/1655/2176 2122/2228/2281
f 1777/1883/2280 1778/1884/2119 1549/1655/2176
f 1497/1603/2282 2326/2432/2283 2327/2433/1911
f 1550/1656/2284 1780/1886/2285 2486/2592/2286
f 2323/2429/1331 1357/1463/1330 2320/2426/1924
f 2483/2589/2245 1773/1879/2287 1502/1608/2288
f 1113/1219/2031 1781/1887/2118 1782/1888/2032
f 1596/1702/2134 1597/1703/2223 1308/1414/1625
f 1552/1658/1950 1384/1490/2289 2004/2110/1946
f 2008/2114/2133 2009/2115/2124 1118/1224/2123
f 2311/2417/1951 2312/2418/2290 1552/1658/1950
f 2076/2182/1978 1555/1661/2104 2075/2181/2106
f 2083/2189/1987 2084/2190/1508 1407/1513/1507
f 2589/2695/2291 2351/2457/2292 1613/1719/2293
f 2608/2714/2294 2074/2180/2105 2015/2121/2111
f 2294/2400/1606 1556/1662/1089 1458/1564/1607
f 2148/2254/1789 1556/1662/1089 1182/1288/1835
f 1558/1664/1908 1557/1663/1899 1165/1271/1504
f 1557/1663/1899 1356/1462/1909 1559/1665/1626
f 1165/1271/1504 1996/2102/1506 2000/2106/2171
f 2055/2161/2295 2056/2162/2296 2598/2704/2297
f 1560/1666/1903 1559/1665/1626 1356/1462/1909
f 1354/1460/1728 1189/1295/1627 1559/1665/1626
f 1560/1666/1903 1356/1462/1909 2314/2420/1904
f 2220/2326/1467 1560/1666/1903 1358/1464/2298
f 1561/1667/1910 2056/2162/2296 2055/2161/2295
f 1574/1680/2299 2327/2433/1911 2326/2432/2283
f 1574/1680/2299 2055/2161/2295 1126/1232/2300
f 2322/2428/1923 1563/1669/2301 2317/2423/2302
f 1563/1669/2301 2316/2422/1907 2317/2423/2302
f 2330/2436/1374 2319/2425/1801 2320/2426/1924
f 2331/2437/2303 2459/2565/2304 2012/2118/1798
f 2531/2637/2305 1114/1220/1920 2277/2383/2306
f 1741/1847/1385 1738/1844/2307 1566/1672/1386
f 1565/1671/1799 1593/1699/2308 2011/2117/1797
f 1738/1844/2307 1740/1846/2309 1737/1843/2310
f 1707/1813/2311 2422/2528/2312 1567/1673/2313
f 1705/1811/1454 1707/1813/2311 1567/1673/2313
f 2386/2492/2314 2402/2508/2315 1414/1520/2316
f 2433/2539/1930 1724/1830/1803 1572/1678/1805
f 1707/1813/2311 1568/1674/2317 1735/1841/2009
f 1819/1925/2318 1549/1655/2176 2487/2593/2177
f 1780/1886/2285 1550/1656/2284 2149/2255/2319
f 1732/1838/2320 2451/2557/2321 2452/2558/2322
f 1738/1844/2307 1739/1845/2323 1292/1398/2324
f 2446/2552/2325 2450/2556/2326 1360/1466/2327
f 1730/1836/2328 1572/1678/1805 1729/1835/1804
f 1722/1828/2329 1719/1825/2330 2433/2539/1930
f 2434/2540/1928 2432/2538/2012 1718/1824/1929
f 1573/1679/2331 1722/1828/2329 2438/2544/2332
f 1725/1831/1927 1441/1547/1926 2436/2542/2333
f 1562/1668/1906 2315/2421/1905 2055/2161/2295
f 1126/1232/2300 1751/1857/1419 1756/1862/1824
f 2122/2228/2281 1496/1602/2174 1776/1882/2178
f 2329/2435/2334 1549/1655/2176 1819/1925/2318
f 2324/2430/1329 2325/2431/1373 1357/1463/1330
f 1739/1845/2323 1742/1848/2335 1292/1398/2324
f 1647/1753/1731 2377/2483/2257 1190/1296/1148
f 1645/1751/2336 1646/1752/2259 1170/1276/1730
f 1398/1504/1482 1578/1684/1192 147/1069/55
f 1395/1501/1188 1578/1684/1192 1216/1322/1966
f 1396/1502/1187 1579/1685/1559 151/1065/198
f 1305/1411/1183 1579/1685/1559 1219/1325/1776
f 1377/1483/1296 1580/1686/1299 1061/1129/1300
f 89/1127/129 1580/1686/1299 1280/1386/1307
f 1293/1399/1333 1193/1299/1298 1581/1687/1807
f 2116/2222/2253 1581/1687/1807 1193/1299/1298
f 1933/2039/2337 1141/1247/2338 1932/2038/2339
f 1785/1891/2340 2556/2662/2341 1934/2040/2342
f 1172/1278/1710 1927/2033/1677 1928/2034/1711
f 1612/1718/1572 1926/2032/1676 2046/2152/2343
f 1277/1383/1146 1584/1690/1168 1089/1157/1174
f 1278/1384/1165 1584/1690/1168 1215/1321/1469
f 2642/2748/2344 1589/1695/1327 2338/2444/2345
f 1714/1820/2149 1585/1691/1732 1713/1819/1579
f 2420/2526/1455 1128/1234/1347 1704/1810/1453
f 1711/1817/2346 2403/2509/2347 2650/2756/2348
f 2340/2446/1794 1144/1250/2349 1590/1696/1795
f 1588/1694/2350 2334/2440/1465 2335/2441/2351
f 1291/1397/2101 2344/2450/2352 2335/2441/2351
f 1588/1694/2350 1592/1698/1346 2337/2443/1345
f 2337/2443/1345 2338/2444/2345 1589/1695/1327
f 2189/2295/1128 2190/2296/1325 1174/1280/1706
f 1841/1947/2102 1842/1948/2353 1144/1250/2349
f 2342/2448/2354 1591/1697/2355 2341/2447/2100
f 2278/2384/1921 1468/1574/2356 2276/2382/1922
f 2586/2692/2357 2012/2118/1798 2011/2117/1797
f 1592/1698/1346 2335/2441/2351 2344/2450/2352
f 1704/1810/1453 1128/1234/1347 1592/1698/1346
f 1291/1397/2101 2341/2447/2100 2343/2449/2358
f 1593/1699/2308 1565/1671/1799 1741/1847/1385
f 121/1095/5 1594/1700/1221 122/1094/309
f 1594/1700/1221 1335/1441/1282 2203/2309/1620
f 1188/1294/1532 1595/1701/1624 1401/1507/1437
f 1596/1702/2134 2346/2452/1812 1138/1244/2359
f 1911/2017/1434 1939/2045/2360 1138/1244/2359
f 1596/1702/2134 1939/2045/2360 1597/1703/2223
f 1516/1622/1814 1914/2020/1343 1989/2095/2224
f 2311/2417/1951 1597/1703/2223 1553/1659/2222
f 2572/2678/2361 1958/2064/1863 2571/2677/2362
f 1955/2061/2363 1958/2064/1863 2566/2672/1862
f 1389/1495/1520 2026/2132/2132 2596/2702/1872
f 1599/1705/1518 2048/2154/1871 2049/2155/1961
f 1792/1898/2033 1791/1897/2364 1600/1706/2365
f 1795/1901/2366 1793/1899/1324 1601/1707/1323
f 1794/1900/2367 1605/1711/2368 1796/1902/1322
f 1796/1902/1322 1797/1903/2369 1601/1707/1323
f 1773/1879/2287 1974/2080/2370 1502/1608/2288
f 2350/2456/1366 2644/2750/2371 1603/1709/2121
f 2491/2597/2372 1525/1631/2373 2490/2596/2248
f 1935/2041/2374 1604/1710/1494 1812/1918/1493
f 1818/1924/1678 1611/1717/2375 1817/1923/2376
f 1606/1712/1569 1799/1905/2377 1813/1919/1567
f 1810/1916/2378 1811/1917/2379 1610/1716/2380
f 1797/1903/2369 1798/1904/2045 1433/1539/1411
f 1799/1905/2377 1606/1712/1569 1800/1906/1412
f 1606/1712/1569 1802/1908/2381 1801/1907/2035
f 1806/1912/2041 1607/1713/2034 1803/1909/2382
f 1726/1832/2383 2442/2548/2384 1119/1225/2385
f 1727/1833/2386 1728/1834/2387 1119/1225/2385
f 1360/1466/2327 2450/2556/2326 2451/2557/2321
f 1583/1689/2388 1929/2035/1574 1930/2036/1573
f 1604/1710/1494 1935/2041/2374 1936/2042/2389
f 1813/1919/1567 1810/1916/2378 1610/1716/2380
f 2497/2603/2390 1816/1922/1492 1817/1923/2376
f 2559/2665/2391 1817/1923/2376 1604/1710/1494
f 1942/2048/1680 1943/2049/1541 2561/2667/2392
f 1929/2035/1574 1928/2034/1711 1927/2033/1677
f 1172/1278/1710 2130/2236/1773 1925/2031/1771
f 1613/1719/2293 2351/2457/2292 2352/2458/1976
f 2017/2123/2113 1471/1577/1068 2588/2694/1070
f 2355/2461/2272 2611/2717/2393 2096/2202/2271
f 2356/2462/1980 2354/2460/1982 2355/2461/2272
f 1615/1721/2394 2164/2270/1600 2111/2217/1775
f 1615/1721/2394 2111/2217/1775 2129/2235/2395
f 2109/2215/1689 1180/1286/1967 2108/2214/1189
f 2545/2651/1483 1865/1971/2396 2546/2652/2397
f 1616/1722/1597 2547/2653/2398 2361/2467/2399
f 2365/2471/2400 1626/1732/1476 2364/2470/1197
f 91/1125/116 90/1126/619 1619/1725/1305
f 1288/1394/1310 1618/1724/1304 1220/1326/1306
f 91/1125/116 1619/1725/1305 1618/1724/1304
f 1627/1733/1637 1280/1386/1307 1192/1298/1756
f 2636/2742/2401 1225/1331/1303 2252/2358/1703
f 2615/2721/1704 1620/1726/1297 1526/1632/2402
f 2529/2635/1674 1173/1279/1110 1858/1964/1109
f 2066/2172/1377 1841/1947/2102 1331/1437/1375
f 1877/1983/2403 2541/2647/2404 2540/2646/2405
f 1872/1978/2069 1879/1985/2406 1624/1730/2070
f 1623/1729/2140 1876/1982/2071 1877/1983/2403
f 1872/1978/2069 1116/1222/2142 2407/2513/2144
f 1880/1986/2407 1881/1987/2189 1624/1730/2070
f 1456/1562/2408 2537/2643/2068 1867/1973/2067
f 1882/1988/2260 2041/2147/2190 1881/1987/2189
f 1648/1754/2409 1688/1794/1883 1131/1237/1566
f 2364/2470/1197 1626/1732/1476 1617/1723/2410
f 1542/1648/2216 2002/2108/2215 2003/2109/2411
f 1628/1734/1264 1627/1733/1637 1192/1298/1756
f 1627/1733/1637 1628/1734/1264 1629/1735/1266
f 2121/2227/1757 1192/1298/1756 1265/1371/1272
f 1628/1734/1264 2121/2227/1757 1631/1737/1534
f 2097/2203/2412 1137/1243/1265 2585/2691/2057
f 2266/2372/1646 1630/1736/1792 2097/2203/2412
f 2097/2203/2412 1630/1736/1792 1629/1735/1266
f 1288/1394/1310 1630/1736/1792 1197/1303/1308
f 1204/1310/1809 2235/2341/1708 2368/2474/1663
f 1382/1488/1535 1137/1243/1265 1631/1737/1534
f 1324/1430/1064 1632/1738/1065 21/1204/346
f 1281/1387/1066 1632/1738/1065 1217/1323/1690
f 1281/1387/1066 1633/1739/1364 23/1202/234
f 1393/1499/1584 1633/1739/1364 1218/1324/1358
f 1207/1313/1758 1683/1789/1554 2039/2145/2413
f 1634/1740/1139 1152/1258/2165 1635/1741/1499
f 1636/1742/1349 1635/1741/1499 1152/1258/2165
f 1642/1748/1500 1635/1741/1499 1454/1560/1348
f 2412/2518/2414 1152/1258/2165 1682/1788/2065
f 1638/1744/2166 2370/2476/2415 1636/1742/1349
f 1637/1743/1350 2370/2476/2415 2371/2477/2416
f 1637/1743/1350 1688/1794/1883 1648/1754/2409
f 2379/2485/2417 1517/1623/2418 1649/1755/1496
f 2370/2476/2415 1455/1561/1495 2371/2477/2416
f 2375/2481/1898 2372/2478/1897 1643/1749/1497
f 2373/2479/2066 1644/1750/1882 1639/1745/1881
f 2372/2478/1897 1639/1745/1881 2371/2477/2416
f 1664/1770/1895 1866/1972/1894 1350/1456/2231
f 1350/1456/2231 1663/1769/2230 1664/1770/1895
f 2399/2505/2419 1870/1976/2143 1665/1771/2420
f 1645/1751/2336 1642/1748/1500 1454/1560/1348
f 1645/1751/2336 2630/2736/2063 1642/1748/1500
f 1455/1561/1495 2379/2485/2417 1649/1755/1496
f 1350/1456/2231 2375/2481/1898 2381/2487/2421
f 1885/1991/1402 1456/1562/2408 1868/1974/1403
f 1644/1750/1882 1885/1991/1402 2042/2148/1564
f 1454/1560/1348 1648/1754/2409 1645/1751/2336
f 1646/1752/2259 2376/2482/2422 1577/1683/2423
f 1646/1752/2259 1645/1751/2336 1648/1754/2409
f 1647/1753/1731 1646/1752/2259 1577/1683/2423
f 1577/1683/2423 2299/2405/1631 2377/2483/2257
f 1647/1753/1731 1190/1296/1148 2378/2484/1729
f 1637/1743/1350 1648/1754/2409 1454/1560/1348
f 1648/1754/2409 1131/1237/1566 2376/2482/2422
f 1650/1756/2225 1649/1755/1496 1517/1623/2418
f 2380/2486/2226 1643/1749/1497 1649/1755/1496
f 1672/1778/2167 1650/1756/2225 1517/1623/2418
f 1651/1757/2227 1650/1756/2225 1130/1236/2169
f 1652/1758/2228 1651/1757/2227 1130/1236/2169
f 1660/1766/1934 1651/1757/2227 1520/1626/2229
f 1653/1759/2164 1652/1758/2228 1130/1236/2169
f 1656/1762/2160 1520/1626/2229 1652/1758/2228
f 1130/1236/2169 1673/1779/2168 2137/2243/2162
f 1653/1759/2164 1489/1595/2163 2382/2488/1388
f 1654/1760/1389 2382/2488/1388 2384/2490/2157
f 2098/2204/2424 2646/2752/2425 2647/2753/2426
f 2385/2491/2014 1654/1760/1389 2384/2490/2157
f 1655/1761/2427 2386/2492/2314 2387/2493/2428
f 1652/1758/2228 1653/1759/2164 2383/2489/1387
f 2393/2499/2233 1363/1469/2159 1657/1763/1394
f 1657/1763/1394 1363/1469/2159 2395/2501/2429
f 2394/2500/2430 1686/1792/1396 1661/1767/1936
f 2388/2494/2015 2646/2752/2425 1363/1469/2159
f 1969/2075/1854 1342/1448/2431 1968/2074/1787
f 1658/1764/2432 2395/2501/2429 2098/2204/2424
f 1411/1517/1762 1963/2069/1865 2576/2682/2433
f 1661/1767/1936 1660/1766/1934 1520/1626/2229
f 1662/1768/1932 1660/1766/1934 1519/1625/1935
f 2394/2500/2430 1520/1626/2229 2393/2499/2233
f 1670/1776/2232 1686/1792/1396 1362/1468/1939
f 1663/1769/2230 1662/1768/1932 1519/1625/1935
f 2381/2487/2421 1643/1749/1497 2380/2486/2226
f 1663/1769/2230 2408/2514/2434 1667/1773/2435
f 1953/2059/2436 2564/2670/2437 1667/1773/2435
f 1676/1782/1785 2408/2514/2434 1519/1625/1935
f 2398/2504/2438 1641/1747/1893 1664/1770/1895
f 1667/1773/2435 1664/1770/1895 1663/1769/2230
f 2564/2670/2437 2399/2505/2419 1665/1771/2420
f 1666/1772/2439 2399/2505/2419 2400/2506/1404
f 1484/1590/2440 2027/2133/1870 2592/2698/2441
f 1353/1459/1397 1678/1784/1892 1953/2059/2436
f 2398/2504/2438 1667/1773/2435 1665/1771/2420
f 1489/1595/2163 1860/1966/2154 2020/2126/2158
f 2385/2491/2014 2386/2492/2314 1655/1761/2427
f 1586/1692/1578 1710/1816/2442 1712/1818/2016
f 1710/1816/2442 2425/2531/2443 1706/1812/2444
f 1671/1777/1398 1670/1776/2232 1362/1468/1939
f 1676/1782/1785 1519/1625/1935 1670/1776/2232
f 1362/1468/1939 1994/2100/2055 1888/1994/2054
f 1888/1994/2054 2544/2650/2445 1671/1777/1398
f 1517/1623/2418 1681/1787/2064 1672/1778/2167
f 1685/1791/1669 1673/1779/2168 1889/1995/2446
f 1672/1778/2167 1681/1787/2064 1889/1995/2446
f 2137/2243/2162 1673/1779/2168 1490/1596/2447
f 2405/2511/1999 1674/1780/2448 2404/2510/1997
f 2654/2760/2449 2021/2127/2450 1715/1821/2451
f 2401/2507/1406 1666/1772/2439 2400/2506/1404
f 1872/1978/2069 1873/1979/2141 1623/1729/2140
f 1671/1777/1398 1676/1782/1785 1670/1776/2232
f 2408/2514/2434 1353/1459/1397 1667/1773/2435
f 1120/1226/1886 1949/2055/1880 1677/1783/1399
f 1677/1783/1399 1949/2055/1880 1678/1784/1892
f 1679/1785/1890 1678/1784/1892 1352/1458/1875
f 1353/1459/1397 1953/2059/2436 1667/1773/2435
f 1352/1458/1875 1689/1795/1874 1679/1785/1890
f 1348/1454/1887 1691/1797/1952 1689/1795/1874
f 1689/1795/1874 1691/1797/1952 2411/2517/2452
f 1132/1238/1953 2347/2453/1960 2049/2155/1961
f 1517/1623/2418 1638/1744/2166 2412/2518/2414
f 1889/1995/2446 1681/1787/2064 1491/1597/1670
f 1681/1787/2064 1517/1623/2418 2412/2518/2414
f 1152/1258/2165 1634/1740/1139 2039/2145/2413
f 2039/2145/2413 1683/1789/1554 1682/1788/2065
f 1683/1789/1554 1207/1313/1758 2292/2398/1555
f 1492/1598/1713 1166/1272/1553 1684/1790/1556
f 2290/2396/1552 2291/2397/1938 1166/1272/1553
f 1166/1272/1553 1685/1791/1669 1684/1790/1556
f 1673/1779/2168 1685/1791/1669 1490/1596/2447
f 1661/1767/1936 1686/1792/1396 1670/1776/2232
f 1657/1763/1394 2395/2501/2429 1687/1793/1395
f 1658/1764/2432 2413/2519/1856 1687/1793/1395
f 1279/1385/1855 1990/2096/1853 1993/2099/2056
f 1688/1794/1883 1637/1743/1350 2371/2477/2416
f 1644/1750/1882 1131/1237/1566 1688/1794/1883
f 1949/2055/1880 1951/2057/1879 1352/1458/1875
f 1692/1798/1867 1691/1797/1952 1348/1454/1887
f 2051/2157/1868 1690/1796/2453 1351/1457/2051
f 1690/1796/2453 1347/1453/2454 1694/1800/1521
f 2597/2703/2455 1132/1238/1953 2049/2155/1961
f 1680/1786/2456 2410/2516/1891 2411/2517/2452
f 1693/1799/1523 1692/1798/1867 1348/1454/1887
f 1692/1798/1867 1386/1492/1338 2118/2224/1340
f 1694/1800/1521 1693/1799/1523 1348/1454/1887
f 1693/1799/1523 1158/1264/1522 2616/2722/1443
f 1690/1796/2453 1694/1800/1521 1348/1454/1887
f 1694/1800/1521 1347/1453/2454 2217/2323/1833
f 2562/2668/2457 1212/1318/1211 1944/2050/1679
f 1695/1801/1571 2562/2668/2457 2555/2661/2458
f 1696/1802/1560 1141/1247/2338 1699/1805/2243
f 1698/1804/2459 2415/2521/1561 1699/1805/2243
f 1699/1805/2243 2417/2523/2460 2416/2522/2244
f 2416/2522/2244 1701/1807/2461 2520/2626/2462
f 2455/2561/1383 2456/2562/2463 1736/1842/1381
f 1168/1274/2464 2222/2328/1737 2223/2329/1736
f 2416/2522/2244 2417/2523/2460 1700/1806/2465
f 1699/1805/2243 1697/1803/2242 2456/2562/2463
f 1582/1688/2466 2652/2758/1415 1830/1936/2467
f 1830/1936/2467 2507/2613/2468 1700/1806/2465
f 1701/1807/2461 2507/2613/2468 2418/2524/2469
f 1845/1951/2018 1125/1231/1371 2457/2563/1650
f 1783/1889/2025 1769/1875/2027 1985/2091/2470
f 2522/2628/1370 2521/2627/2471 1847/1953/2472
f 1982/2088/2473 1768/1874/2241 1981/2087/2474
f 1978/2084/1829 1983/2089/2237 1980/2086/2475
f 2345/2451/2476 1592/1698/1346 2344/2450/2352
f 1705/1811/1454 1704/1810/1453 1566/1672/1386
f 1707/1813/2311 1737/1843/2310 1568/1674/2317
f 1705/1811/1454 1567/1673/2313 2421/2527/2477
f 1706/1812/2444 2421/2527/2477 1710/1816/2442
f 1586/1692/1578 1734/1840/1580 2642/2748/2344
f 1737/1843/2310 1705/1811/1454 1566/1672/1386
f 1735/1841/2009 1708/1814/2008 2422/2528/2312
f 1709/1815/2006 2423/2529/2010 2424/2530/2007
f 1708/1814/2008 2391/2497/2478 2648/2754/2479
f 2387/2493/2428 2389/2495/2480 1655/1761/2427
f 2391/2497/2478 1709/1815/2006 2387/2493/2428
f 1711/1817/2346 1710/1816/2442 1567/1673/2313
f 1710/1816/2442 2650/2756/2348 1712/1818/2016
f 1711/1817/2346 1567/1673/2313 2422/2528/2312
f 1414/1520/2316 2402/2508/2315 2403/2509/2347
f 2157/2263/2152 1712/1818/2016 1669/1775/2481
f 1714/1820/2149 1713/1819/1579 2426/2532/2482
f 2426/2532/2482 1713/1819/1579 1712/1818/2016
f 1734/1840/1580 1585/1691/1732 1174/1280/1706
f 2530/2636/2150 2040/2146/1643 1714/1820/2149
f 2332/2438/1131 1714/1820/2149 1195/1301/1840
f 1715/1821/2451 2424/2530/2007 1716/1822/2483
f 2568/2674/1765 1412/1518/1767 1956/2062/1858
f 2431/2537/2484 1716/1822/2483 1413/1519/2485
f 1412/1518/1767 2570/2676/1766 2429/2535/2486
f 1843/1949/2487 1413/1519/2485 1735/1841/2009
f 1729/1835/1804 1724/1830/1803 1292/1398/2324
f 1717/1823/2011 1843/1949/2487 1844/1950/2488
f 2433/2539/1930 1572/1678/1805 1722/1828/2329
f 1730/1836/2328 2446/2552/2325 1572/1678/1805
f 1719/1825/2330 2435/2541/2489 1720/1826/2002
f 1720/1826/2002 2435/2541/2489 1725/1831/1927
f 1716/1822/2483 2428/2534/2013 2429/2535/2486
f 1720/1826/2002 2436/2542/2333 1721/1827/2000
f 2565/2671/2043 2437/2543/2490 1954/2060/1931
f 2438/2544/2332 1360/1466/2327 1723/1829/2491
f 2435/2541/2489 1722/1828/2329 1573/1679/2331
f 2439/2545/1915 1723/1829/2491 1360/1466/2327
f 1728/1834/2387 1727/1833/2386 2445/2551/2492
f 1718/1824/1929 2432/2538/2012 1844/1950/2488
f 1740/1846/2309 1568/1674/2317 1737/1843/2310
f 1727/1833/2386 1725/1831/1927 1573/1679/2331
f 2442/2548/2384 1726/1832/2383 2441/2547/1925
f 1119/1225/2385 2494/2600/2042 2493/2599/2493
f 1726/1832/2383 2444/2550/2494 2443/2549/2040
f 2438/2544/2332 1727/1833/2386 1573/1679/2331
f 2445/2551/2492 1608/1714/1914 1728/1834/2387
f 1608/1714/1914 1805/1911/2495 1809/1915/2496
f 1806/1912/2041 2152/2258/2497 1607/1713/2034
f 2449/2555/2498 1292/1398/2324 1742/1848/2335
f 2450/2556/2326 2446/2552/2325 1730/1836/2328
f 1729/1835/1804 2447/2553/2499 1730/1836/2328
f 2324/2430/1329 1731/1837/2500 2448/2554/2501
f 2448/2554/2501 1730/1836/2328 2447/2553/2499
f 2651/2757/2502 1732/1838/2320 2452/2558/2322
f 1732/1838/2320 2651/2757/2502 2453/2559/2503
f 1723/1829/2491 2439/2545/1915 1608/1714/1914
f 1550/1656/2284 2454/2560/2504 2453/2559/2503
f 1805/1911/2495 1433/1539/1411 1804/1910/1410
f 1585/1691/1732 1734/1840/1580 1713/1819/1579
f 1589/1695/1327 1734/1840/1580 1174/1280/1706
f 1843/1949/2487 1735/1841/2009 1568/1674/2317
f 2423/2529/2010 1735/1841/2009 1413/1519/2485
f 1736/1842/1381 2456/2562/2463 1845/1951/2018
f 2457/2563/1650 1125/1231/1371 1923/2029/2029
f 1705/1811/1454 1737/1843/2310 1707/1813/2311
f 1738/1844/2307 1737/1843/2310 1566/1672/1386
f 1739/1845/2323 1741/1847/1385 1565/1671/1799
f 1740/1846/2309 1292/1398/2324 1724/1830/1803
f 1565/1671/1799 2459/2565/2304 1739/1845/2323
f 1739/1845/2323 2459/2565/2304 1742/1848/2335
f 1292/1398/2324 1740/1846/2309 1738/1844/2307
f 1740/1846/2309 1724/1830/1803 1844/1950/2488
f 1738/1844/2307 1741/1847/1385 1739/1845/2323
f 1704/1810/1453 2345/2451/2476 2643/2749/1384
f 2641/2747/2505 1576/1682/2506 2325/2431/1373
f 2449/2555/2498 1571/1677/2507 2447/2553/2499
f 1287/1393/1462 1743/1849/1112 1107/1175/1114
f 1269/1375/1130 1743/1849/1112 1221/1327/1577
f 1286/1392/1092 1744/1850/1095 29/1196/203
f 1285/1391/1090 1744/1850/1095 1223/1329/1088
f 1394/1500/1100 1745/1851/1091 27/1198/420
f 1286/1392/1092 1745/1851/1091 1224/1330/1701
f 1193/1299/1298 1746/1852/1289 1289/1395/1288
f 99/1117/96 1746/1852/1289 1293/1399/1333
f 2295/2401/2508 1182/1288/1835 2294/2400/1606
f 1747/1853/1722 2295/2401/2508 1748/1854/1502
f 1499/1605/2075 1890/1996/2509 1748/1854/1502
f 1752/1858/2172 1749/1855/1503 1937/2043/2510
f 1748/1854/1502 1890/1996/2509 1937/2043/2510
f 1750/1856/2170 1749/1855/1503 1495/1601/2173
f 1751/1857/1419 1750/1856/2170 1495/1601/2173
f 1750/1856/2170 1494/1600/1671 1998/2104/1836
f 1755/1861/1825 1495/1601/2173 1753/1859/1823
f 2598/2704/2297 2001/2107/1420 1126/1232/2300
f 1757/1863/1378 1752/1858/2172 1500/1606/2511
f 1752/1858/2172 1757/1863/1378 1753/1859/1823
f 1754/1860/2175 1753/1859/1823 1311/1417/1380
f 1753/1859/1823 1754/1860/2175 1755/1861/1825
f 1774/1880/2184 1754/1860/2175 1311/1417/1380
f 1754/1860/2175 1774/1880/2184 1776/1882/2178
f 1755/1861/1825 1496/1602/2174 1756/1862/1824
f 1751/1857/1419 1495/1601/2173 1755/1861/1825
f 2328/2434/1912 1496/1602/2174 1575/1681/1913
f 1574/1680/2299 1126/1232/2300 1756/1862/1824
f 1500/1606/2511 1759/1865/2180 1757/1863/1378
f 1759/1865/2180 1758/1864/2512 2462/2568/1379
f 1764/1870/2246 2483/2589/2245 1790/1896/2513
f 1775/1881/2185 1788/1894/2514 1789/1895/2515
f 1500/1606/2511 1890/1996/2509 1891/1997/2179
f 2463/2569/2516 1759/1865/2180 1501/1607/2085
f 1891/1997/2179 1759/1865/2180 1500/1606/2511
f 2464/2570/1826 2465/2571/2221 1761/1867/2220
f 1521/1627/2517 1825/1931/2518 1820/1926/2234
f 1760/1866/1828 1762/1868/1827 1501/1607/2085
f 2503/2609/2519 1761/1867/2220 1825/1931/2518
f 2472/2578/1449 2469/2575/2520 1765/1871/2028
f 1763/1869/2521 2468/2574/2084 2469/2575/2520
f 1763/1869/2521 2472/2578/1449 2471/2577/2522
f 1312/1418/1448 1770/1876/2182 2482/2588/2523
f 1789/1895/2515 1790/1896/2513 1502/1608/2288
f 1765/1871/2028 2469/2575/2520 2474/2580/2524
f 2473/2579/2108 1767/1873/2525 2475/2581/1447
f 1766/1872/2236 2474/2580/2524 1820/1926/2234
f 1854/1960/2019 1768/1874/2241 2477/2583/2235
f 2479/2585/2526 1522/1628/2110 1984/2090/2527
f 1767/1873/2525 2478/2584/2240 1770/1876/2182
f 1768/1874/2241 2476/2582/2109 2477/2583/2235
f 1981/2087/2474 1112/1218/2021 1980/2086/2475
f 1984/2090/2527 1522/1628/2110 1982/2088/2473
f 1769/1875/2027 1984/2090/2527 1985/2091/2470
f 1770/1876/2182 2478/2584/2240 2481/2587/2528
f 1772/1878/2247 1764/1870/2246 2471/2577/2522
f 1771/1877/2250 2481/2587/2528 1784/1890/1414
f 2491/2597/2372 2490/2596/2248 1786/1892/2529
f 1772/1878/2247 2482/2588/2523 2480/2586/2249
f 1525/1631/2373 2492/2598/2530 2484/2590/2531
f 2492/2598/2530 1525/1631/2373 2491/2597/2372
f 1976/2082/2532 1974/2080/2370 1975/2081/2533
f 1311/1417/1380 2462/2568/1379 1788/1894/2514
f 2123/2229/2534 1781/1887/2118 1548/1654/2183
f 1788/1894/2514 1774/1880/2184 1311/1417/1380
f 1974/2080/2370 1775/1881/2185 1502/1608/2288
f 1777/1883/2280 1776/1882/2178 1548/1654/2183
f 1496/1602/2174 2122/2228/2281 1575/1681/1913
f 1781/1887/2118 1777/1883/2280 1548/1654/2183
f 1777/1883/2280 1781/1887/2118 1778/1884/2119
f 2485/2591/2535 1778/1884/2119 1113/1219/2031
f 2486/2592/2286 1778/1884/2119 2485/2591/2535
f 1795/1901/2366 1113/1219/2031 1792/1898/2033
f 2454/2560/2504 1601/1707/1323 1733/1839/2536
f 1550/1656/2284 2651/2757/2502 2149/2255/2319
f 2321/2427/2537 1819/1925/2318 2624/2730/2538
f 2123/2229/2534 1548/1654/2183 1775/1881/2185
f 1781/1887/2118 2123/2229/2534 1782/1888/2032
f 1791/1897/2364 1782/1888/2032 1551/1657/2539
f 1782/1888/2032 1791/1897/2364 1792/1898/2033
f 1830/1936/2467 1783/1889/2025 1418/1524/2540
f 2652/2758/1415 1784/1890/1414 2488/2594/2541
f 1783/1889/2025 2488/2594/2541 1524/1630/2026
f 1582/1688/2466 1933/2039/2337 1940/2046/2542
f 2556/2662/2341 1583/1689/2388 1930/2036/1573
f 1934/2040/2342 1127/1233/2543 1786/1892/2529
f 1934/2040/2342 1771/1877/2250 1784/1890/1414
f 2150/2256/2122 1786/1892/2529 1127/1233/2543
f 2491/2597/2372 2150/2256/2122 1787/1893/2544
f 1787/1893/2544 1602/1708/1365 1975/2081/2533
f 1789/1895/2515 1788/1894/2514 1758/1864/2512
f 1775/1881/2185 1774/1880/2184 1788/1894/2514
f 1789/1895/2515 1758/1864/2512 1790/1896/2513
f 1775/1881/2185 1789/1895/2515 1502/1608/2288
f 2463/2569/2516 1790/1896/2513 1758/1864/2512
f 2470/2576/2181 1790/1896/2513 1501/1607/2085
f 1976/2082/2532 1791/1897/2364 1551/1657/2539
f 2349/2455/1367 1791/1897/2364 1602/1708/1365
f 1793/1899/1324 1792/1898/2033 1600/1706/2365
f 1795/1901/2366 1779/1885/2545 2485/2591/2535
f 1794/1900/2367 1793/1899/1324 1600/1706/2365
f 1793/1899/1324 1794/1900/2367 1796/1902/1322
f 2349/2455/1367 1794/1900/2367 1600/1706/2365
f 1476/1582/2251 1811/1917/2379 1892/1998/2546
f 1793/1899/1324 1795/1901/2366 1792/1898/2033
f 1601/1707/1323 1779/1885/2545 1795/1901/2366
f 1798/1904/2045 1796/1902/1322 1605/1711/2368
f 1796/1902/1322 1798/1904/2045 1797/1903/2369
f 1433/1539/1411 1733/1839/2536 1797/1903/2369
f 1733/1839/2536 1601/1707/1323 1797/1903/2369
f 1799/1905/2377 1798/1904/2045 1605/1711/2368
f 1798/1904/2045 1799/1905/2377 1800/1906/1412
f 1810/1916/2378 1799/1905/2377 1605/1711/2368
f 1799/1905/2377 1810/1916/2378 1813/1919/1567
f 1801/1907/2035 1800/1906/1412 1606/1712/1569
f 1800/1906/1412 1801/1907/2035 1804/1910/1410
f 1606/1712/1569 1815/1921/1568 1802/1908/2381
f 1801/1907/2035 1802/1908/2381 1803/1909/2382
f 1802/1908/2381 2101/2207/2547 2100/2206/2046
f 1801/1907/2035 1803/1909/2382 1607/1713/2034
f 2100/2206/2046 1803/1909/2382 1802/1908/2381
f 1806/1912/2041 1803/1909/2382 1442/1548/2048
f 1607/1713/2034 2152/2258/2497 1809/1915/2496
f 1607/1713/2034 1809/1915/2496 1804/1910/1410
f 2440/2546/1916 1805/1911/2495 1608/1714/1914
f 1733/1839/2536 1433/1539/1411 1805/1911/2495
f 1807/1913/1538 1806/1912/2041 1442/1548/2048
f 2152/2258/2497 1119/1225/2385 1728/1834/2387
f 2495/2601/1539 1807/1913/1538 1442/1548/2048
f 1807/1913/1538 1440/1546/1391 2493/2599/2493
f 2495/2601/1539 2099/2205/2047 1808/1914/1226
f 2638/2744/2548 1439/1545/1848 2259/2365/1392
f 1608/1714/1914 1809/1915/2496 1728/1834/2387
f 1805/1911/2495 1804/1910/1410 1809/1915/2496
f 1892/1998/2546 1605/1711/2368 1794/1900/2367
f 1810/1916/2378 1892/1998/2546 1811/1917/2379
f 1812/1918/1493 1811/1917/2379 1476/1582/2251
f 1816/1922/1492 1610/1716/2380 1811/1917/2379
f 2350/2456/1366 1812/1918/1493 1476/1582/2251
f 1603/1709/2121 2151/2257/2120 2625/2731/2549
f 1814/1920/2550 1813/1919/1567 1610/1716/2380
f 1813/1919/1567 1814/1920/2550 1815/1921/1568
f 2497/2603/2390 1814/1920/2550 1610/1716/2380
f 2561/2667/2392 1814/1920/2550 1611/1717/2375
f 1814/1920/2550 1133/1239/2049 1815/1921/1568
f 1802/1908/2381 1815/1921/1568 1133/1239/2049
f 1812/1918/1493 1816/1922/1492 1811/1917/2379
f 1817/1923/2376 1816/1922/1492 1604/1710/1494
f 2558/2664/2551 2559/2665/2391 1936/2042/2389
f 1611/1717/2375 1814/1920/2550 2497/2603/2390
f 1151/1257/2552 2555/2661/2458 2562/2668/2457
f 1941/2047/1774 1212/1318/1211 1272/1378/1212
f 1780/1886/2285 2149/2255/2319 2624/2730/2538
f 2329/2435/2334 1497/1603/2282 2327/2433/1911
f 1521/1627/2517 2503/2609/2519 1825/1931/2518
f 1825/1931/2518 2504/2610/2553 1820/1926/2234
f 1821/1927/2081 2504/2610/2553 2500/2606/2554
f 1821/1927/2081 2502/2608/2555 2498/2604/2082
f 2600/2706/2556 2499/2605/2080 1124/1230/2557
f 1523/1629/2083 1856/1962/2558 1854/1960/2019
f 2501/2607/2559 2500/2606/2554 1460/1566/2560
f 2036/2142/2561 2062/2168/1527 1824/1930/2562
f 2467/2573/2563 1460/1566/2560 2466/2572/2219
f 2036/2142/2561 1159/1265/1585 2035/2141/1586
f 2466/2572/2219 1825/1931/2518 1761/1867/2220
f 2504/2610/2553 1460/1566/2560 2500/2606/2554
f 2057/2163/1992 1826/1932/1991 2599/2705/2564
f 2085/2191/1988 2088/2194/1989 1408/1514/2565
f 2601/2707/2147 2061/2167/1993 2057/2163/1992
f 2015/2121/2111 2073/2179/2566 1469/1575/2567
f 2506/2612/2568 1828/1934/1361 1827/1933/2569
f 2124/2230/2570 2125/2231/2107 1409/1515/1995
f 1850/1956/1984 1511/1617/2571 2524/2630/2206
f 1829/1935/2572 2126/2232/2573 1977/2083/1830
f 2507/2613/2468 1830/1936/2467 1418/1524/2540
f 1582/1688/2466 1830/1936/2467 1700/1806/2465
f 1184/1290/1609 2612/2718/1726 2613/2719/1808
f 2105/2211/1430 2612/2718/1726 1184/1290/1609
f 2511/2617/2574 2352/2458/1976 1404/1510/2575
f 1834/1940/1424 1832/1938/1972 1507/1613/1971
f 1833/1939/2198 2511/2617/2574 2512/2618/1457
f 1833/1939/2198 2512/2618/1457 2513/2619/2576
f 1834/1940/1424 1507/1613/1971 1835/1941/1425
f 1506/1612/2273 2308/2414/2196 2514/2620/2199
f 2515/2621/1583 1837/1943/2577 1836/1942/2578
f 2623/2729/1747 2516/2622/2579 1201/1307/1053
f 1837/1943/2577 1835/1941/1425 1507/1613/1971
f 1177/1283/2580 2228/2334/1750 2229/2335/1749
f 1838/1944/1717 1837/1943/2577 1507/1613/1971
f 2517/2623/2581 1836/1942/2578 1837/1943/2577
f 1838/1944/1717 1507/1613/1971 2509/2615/1973
f 1143/1249/1718 1326/1432/1056 1840/1946/1719
f 1135/1241/1582 1839/1945/1423 1835/1941/1425
f 1839/1945/1423 1545/1651/1587 2307/2413/2274
f 2518/2624/1841 1326/1432/1056 1240/1346/1751
f 2519/2625/2200 1177/1283/2580 2517/2623/2581
f 1842/1948/2353 1841/1947/2102 1468/1574/2356
f 2363/2469/1845 1841/1947/2102 1144/1250/2349
f 1468/1574/2356 2278/2384/1921 2342/2448/2354
f 1590/1696/1795 1144/1250/2349 1842/1948/2353
f 1843/1949/2487 1568/1674/2317 1844/1950/2488
f 1843/1949/2487 1717/1823/2011 2431/2537/2484
f 1740/1846/2309 1844/1950/2488 1568/1674/2317
f 1724/1830/1803 1718/1824/1929 1844/1950/2488
f 1697/1803/2242 2520/2626/2462 1845/1951/2018
f 1701/1807/2461 2418/2524/2469 1846/1952/1372
f 1846/1952/1372 1845/1951/2018 2520/2626/2462
f 2521/2627/2471 1846/1952/1372 1702/1808/2582
f 1849/1955/2207 1848/1954/2202 2523/2629/2201
f 1923/2029/2029 2140/2246/2583 1416/1522/1488
f 1848/1954/2202 2524/2630/2206 1852/1958/2022
f 2140/2246/2583 2141/2247/2203 1416/1522/1488
f 1977/2083/1830 1849/1955/2207 1417/1523/1831
f 1850/1956/1984 2124/2230/2570 1409/1515/1995
f 2124/2230/2570 2126/2232/2573 1829/1935/2572
f 2587/2693/1994 2013/2119/1985 2014/2120/1069
f 2534/2640/2584 2017/2123/2113 1405/1511/2212
f 1851/1957/2585 2029/2135/2586 2030/2136/2587
f 1853/1959/2023 1852/1958/2022 1511/1617/2571
f 1510/1616/1683 1920/2026/1486 2155/2261/2205
f 1853/1959/2023 1511/1617/2571 2019/2125/1983
f 1853/1959/2023 1122/1228/2588 1921/2027/2024
f 1523/1629/2083 2498/2604/2082 1856/1962/2558
f 1855/1961/2589 1829/1935/2572 1979/2085/2590
f 2525/2631/2020 1854/1960/2019 2526/2632/2591
f 2619/2725/2592 1828/1934/1361 2125/2231/2107
f 1822/1928/2593 2102/2208/1363 1856/1962/2558
f 1470/1576/1362 2619/2725/2592 2526/2632/2591
f 1420/1526/1295 1857/1963/1292 96/1120/115
f 1289/1395/1288 1857/1963/1292 1225/1331/1303
f 1858/1964/1109 2528/2634/1675 2064/2170/1673
f 1621/1727/2103 2529/2635/1674 1331/1437/1375
f 2628/2734/2594 1306/1412/1810 2194/2300/1811
f 1859/1965/1608 2628/2734/2594 2629/2735/2030
f 2020/2126/2158 2157/2263/2152 1669/1775/2481
f 2138/2244/2155 1489/1595/2163 2137/2243/2162
f 1114/1220/1920 2276/2382/1922 2277/2383/2306
f 1355/1461/1918 2316/2422/1907 2318/2424/1800
f 2545/2651/1483 2535/2641/2595 1865/1971/2396
f 1862/1968/2596 2545/2651/1483 2532/2638/2597
f 2550/2656/2598 2103/2209/2599 1896/2002/2208
f 1405/1511/2212 2353/2459/1975 2354/2460/1982
f 1896/2002/2208 2103/2209/2599 1513/1619/1485
f 2018/2124/2112 2029/2135/2586 1851/1957/2585
f 1617/1723/2410 2360/2466/1598 2361/2467/2399
f 1149/1255/2600 2548/2654/1205 2546/2652/2397
f 1866/1972/1894 1641/1747/1893 1867/1973/2067
f 1866/1972/1894 1640/1746/1896 2375/2481/1898
f 1869/1975/1876 1867/1973/2067 1641/1747/1893
f 1868/1974/1403 1456/1562/2408 1867/1973/2067
f 1868/1974/1403 1867/1973/2067 1869/1975/1876
f 1624/1730/2070 1881/1987/2189 1884/1990/1401
f 1870/1976/2143 1869/1975/1876 1641/1747/1893
f 1869/1975/1876 1116/1222/2142 1871/1977/1877
f 1870/1976/2143 1641/1747/1893 2398/2504/2438
f 1870/1976/2143 1666/1772/2439 2406/2512/2601
f 1872/1978/2069 1871/1977/1877 1116/1222/2142
f 1868/1974/1403 1871/1977/1877 1624/1730/2070
f 1116/1222/2142 2406/2512/2601 2407/2513/2144
f 1872/1978/2069 1623/1729/2140 1879/1985/2406
f 1675/1781/2145 2070/2176/2602 1873/1979/2141
f 2044/2150/2603 1876/1982/2071 1479/1585/1820
f 2070/2176/2602 1874/1980/1821 1873/1979/2141
f 2539/2645/2604 1875/1981/2605 2538/2644/1822
f 2025/2131/2131 1875/1981/2605 1483/1589/2606
f 1390/1496/2135 2283/2389/1962 1886/1992/1965
f 1876/1982/2071 1622/1728/2607 2541/2647/2404
f 1623/1729/2140 1874/1980/1821 1876/1982/2071
f 1877/1983/2403 1876/1982/2071 2541/2647/2404
f 1879/1985/2406 1880/1986/2407 1624/1730/2070
f 1878/1984/2073 2541/2647/2404 1908/2014/2608
f 1897/2003/2072 1898/2004/2074 1504/1610/2186
f 1623/1729/2140 1877/1983/2403 1879/1985/2406
f 1877/1983/2403 2540/2646/2405 1880/1986/2407
f 1877/1983/2403 1880/1986/2407 1879/1985/2406
f 1881/1987/2189 1880/1986/2407 1457/1563/2609
f 1882/1988/2260 1881/1987/2189 1457/1563/2609
f 1881/1987/2189 1625/1731/2188 1884/1990/1401
f 1883/1989/1471 1897/2003/2072 1504/1610/2186
f 1882/1988/2260 1505/1611/1632 2041/2147/2190
f 1897/2003/2072 1882/1988/2260 1457/1563/2609
f 2127/2233/2262 1883/1989/1471 1504/1610/2186
f 1625/1731/2188 2042/2148/1564 1885/1991/1402
f 1624/1730/2070 1884/1990/1401 1868/1974/1403
f 1625/1731/2188 1885/1991/1402 1884/1990/1401
f 1456/1562/2408 1885/1991/1402 1644/1750/1882
f 2542/2648/2136 1886/1992/1965 1875/1981/2605
f 2543/2649/2126 1886/1992/1965 1478/1584/2610
f 2543/2649/2126 2010/2116/2125 1887/1993/1344
f 1909/2015/2129 2044/2150/2603 2045/2151/2127
f 1448/1554/2611 2153/2259/1884 1888/1994/2054
f 1677/1783/1399 2544/2650/2445 1120/1226/1886
f 1685/1791/1669 1889/1995/2446 1491/1597/1670
f 1672/1778/2167 1889/1995/2446 1673/1779/2168
f 2071/2177/1417 1890/1996/2509 1499/1605/2075
f 1937/2043/2510 1890/1996/2509 1500/1606/2511
f 1891/1997/2179 1890/1996/2509 2071/2177/1417
f 1759/1865/2180 1891/1997/2179 1760/1866/1828
f 1605/1711/2368 1892/1998/2546 1810/1916/2378
f 1476/1582/2251 1892/1998/2546 1794/1900/2367
f 1893/1999/1484 2546/2652/2397 2548/2654/1205
f 1895/2001/1490 1513/1619/1485 1893/1999/1484
f 1149/1255/2600 2110/2216/2612 1938/2044/1203
f 2239/2345/2209 2240/2346/2613 1181/1287/1969
f 1895/2001/1490 1893/1999/1484 2548/2654/1205
f 1896/2002/2208 1916/2022/2204 1122/1228/2588
f 1916/2022/2204 1895/2001/1490 1512/1618/1489
f 2550/2656/2598 1896/2002/2208 1122/1228/2588
f 1882/1988/2260 1897/2003/2072 1883/1989/1471
f 1878/1984/2073 1897/2003/2072 1457/1563/2609
f 1908/2014/2608 1898/2004/2074 1878/1984/2073
f 1899/2005/2097 1898/2004/2074 1503/1609/2614
f 1900/2006/1818 1899/2005/2097 1503/1609/2614
f 1901/2007/2261 1899/2005/2097 1117/1223/1153
f 1902/2008/1819 1900/2006/1818 1503/1609/2614
f 1912/2018/1435 2552/2658/2094 1466/1572/1817
f 1906/2012/2187 1901/2007/2261 1117/1223/1153
f 2133/2239/1588 2620/2726/1590 1536/1642/2615
f 1503/1609/2614 1907/2013/2128 1902/2008/1819
f 1910/2016/2098 1913/2019/1813 1516/1622/1814
f 1466/1572/1817 1903/2009/1154 1900/2006/1818
f 1904/2010/1155 1903/2009/1154 1467/1573/2096
f 1905/2011/1530 1904/2010/1155 1467/1573/2096
f 1463/1569/2088 2302/2408/2263 1906/2012/2187
f 1987/2093/2099 1467/1573/2096 1986/2092/2095
f 1905/2011/1530 1462/1568/2616 1915/2021/2089
f 1906/2012/2187 1904/2010/1155 2551/2657/1531
f 1901/2007/2261 1906/2012/2187 1536/1642/2615
f 1908/2014/2608 1907/2013/2128 1503/1609/2614
f 1907/2013/2128 1309/1415/2130 1913/2019/1813
f 1908/2014/2608 1503/1609/2614 1898/2004/2074
f 1909/2015/2129 1908/2014/2608 1622/1728/2607
f 1908/2014/2608 1909/2015/2129 1907/2013/2128
f 1622/1728/2607 1876/1982/2071 2044/2150/2603
f 1902/2008/1819 1907/2013/2128 1913/2019/1813
f 1939/2045/2360 1911/2017/1434 1910/2016/2098
f 1939/2045/2360 1910/2016/2098 1516/1622/1814
f 2104/2210/1429 1911/2017/1434 1138/1244/2359
f 1986/2092/2095 1912/2018/1435 1465/1571/1428
f 1903/2009/1154 2552/2658/2094 1467/1573/2096
f 1913/2019/1813 1910/2016/2098 1902/2008/1819
f 1914/2020/1343 1913/2019/1813 1309/1415/2130
f 1887/1993/1344 1914/2020/1343 1309/1415/2130
f 1914/2020/1343 1480/1586/1342 1989/2095/2224
f 2627/2733/2086 1915/2021/2089 1462/1568/2616
f 2553/2659/2268 1915/2021/2089 1136/1242/1661
f 1895/2001/1490 1916/2022/2204 1896/2002/2208
f 1917/2023/1604 1916/2022/2204 1512/1618/1489
f 1917/2023/1604 1512/1618/1489 2554/2660/1605
f 1921/2027/2024 1917/2023/1604 1510/1616/1683
f 2238/2344/1684 2239/2345/2209 1181/1287/1969
f 2225/2331/1450 1214/1320/1968 2226/2332/1652
f 2225/2331/1450 1919/2025/1603 1918/2024/2617
f 1920/2026/1486 1919/2025/1603 1150/1256/1452
f 1150/1256/1452 2249/2355/1451 1922/2028/1487
f 2155/2261/2205 1920/2026/1486 1416/1522/1488
f 1921/2027/2024 1510/1616/1683 1852/1958/2022
f 1916/2022/2204 1921/2027/2024 1122/1228/2588
f 1150/1256/1452 1922/2028/1487 1920/2026/1486
f 2635/2741/2017 1923/2029/2029 1922/2028/1487
f 2457/2563/1650 1923/2029/2029 1419/1525/2618
f 1125/1231/1371 2522/2628/1370 2140/2246/2583
f 1283/1389/1082 1924/2030/1077 1055/1056/1182
f 1284/1390/1078 1924/2030/1077 1222/1328/1083
f 1926/2032/1676 1925/2031/1771 1211/1317/1570
f 1927/2033/1677 1172/1278/1710 1925/2031/1771
f 2555/2661/2458 1211/1317/1570 1695/1801/1571
f 1926/2032/1676 2555/2661/2458 2046/2152/2343
f 1926/2032/1676 1927/2033/1677 1925/2031/1771
f 1929/2035/1574 1927/2033/1677 1612/1718/1572
f 1583/1689/2388 1932/2038/2339 1928/2034/1711
f 1330/1436/1208 2626/2732/1844 1696/1802/1560
f 2047/2153/2619 1930/2036/1573 1612/1718/1572
f 1928/2034/1711 1929/2035/1574 1583/1689/2388
f 2151/2257/2120 1930/2036/1573 1609/1715/2620
f 1930/2036/1573 1127/1233/2543 2556/2662/2341
f 1928/2034/1711 1932/2038/2339 2156/2262/1843
f 2557/2663/1772 1330/1436/1208 1235/1341/1834
f 1583/1689/2388 1785/1891/2340 1940/2046/2542
f 2156/2262/1843 1932/2038/2339 1141/1247/2338
f 1940/2046/2542 1933/2039/2337 1932/2038/2339
f 1700/1806/2465 1933/2039/2337 1582/1688/2466
f 1934/2040/2342 1786/1892/2529 2490/2596/2248
f 2489/2595/1413 1934/2040/2342 1784/1890/1414
f 2625/2731/2549 1812/1918/1493 1603/1709/2121
f 1936/2042/2389 1935/2041/2374 1609/1715/2620
f 1936/2042/2389 1609/1715/2620 2047/2153/2619
f 2558/2664/2551 1936/2042/2389 1151/1257/2552
f 1752/1858/2172 1937/2043/2510 1500/1606/2511
f 1748/1854/1502 1937/2043/2510 1749/1855/1503
f 2560/2666/1777 1938/2044/1203 1216/1322/1966
f 2240/2346/2613 1938/2044/1203 1181/1287/1969
f 1597/1703/2223 1939/2045/2360 1516/1622/1814
f 1596/1702/2134 1138/1244/2359 1939/2045/2360
f 1583/1689/2388 1940/2046/2542 1932/2038/2339
f 1940/2046/2542 1785/1891/2340 2489/2595/1413
f 1942/2048/1680 1941/2047/1774 1171/1277/2621
f 1944/2050/1679 1212/1318/1211 1941/2047/1774
f 1943/2049/1541 1942/2048/1680 1171/1277/2621
f 1818/1924/1678 1942/2048/1680 1611/1717/2375
f 1943/2049/1541 1171/1277/2621 1945/2051/1542
f 2561/2667/2392 1943/2049/1541 1133/1239/2049
f 1942/2048/1680 1944/2050/1679 1941/2047/1774
f 1818/1924/1678 2558/2664/2551 2562/2668/2457
f 2563/2669/1745 1945/2051/1542 1171/1277/2621
f 1946/2052/1543 1947/2053/1653 1444/1550/2622
f 1947/2053/1653 1945/2051/1542 1200/1306/1705
f 1946/2052/1543 1444/1550/2622 2101/2207/2547
f 1945/2051/1542 1947/2053/1653 1946/2052/1543
f 1443/1549/1654 1947/2053/1653 1200/1306/1705
f 2063/2169/2076 1948/2054/1702 1176/1282/1511
f 2035/2141/1586 1948/2054/1702 1459/1565/1528
f 1950/2056/1878 1949/2055/1880 1120/1226/1886
f 1678/1784/1892 1949/2055/1880 1352/1458/1875
f 1952/2058/2052 1120/1226/1886 1447/1553/1885
f 1951/2057/1879 1351/1457/2051 1690/1796/2453
f 1351/1457/2051 1951/2057/1879 1950/2056/1878
f 1951/2057/1879 1690/1796/2453 2414/2520/1873
f 1120/1226/1886 1952/2058/2052 1950/2056/1878
f 1952/2058/2052 1447/1553/1885 2264/2370/1888
f 2409/2515/1889 1953/2059/2436 1678/1784/1892
f 1953/2059/2436 2409/2515/1889 2564/2670/2437
f 1721/1827/2000 2436/2542/2333 2437/2543/2490
f 1961/2067/1763 1956/2062/1858 2567/2673/2623
f 2571/2677/2362 1441/1547/1926 2443/2549/2040
f 2571/2677/2362 1598/1704/2624 2572/2678/2361
f 2567/2673/2623 1954/2060/1931 2566/2672/1862
f 2656/2762/2625 1957/2063/2003 2569/2675/2004
f 2021/2127/2450 1957/2063/2003 1674/1780/2448
f 2654/2760/2449 1716/1822/2483 2570/2676/1766
f 2260/2366/1393 1959/2065/1444 2572/2678/2361
f 1962/2068/1764 2655/2761/2626 1345/1451/2627
f 2091/2197/1847 1966/2072/1734 1140/1246/2039
f 1344/1450/2628 2582/2688/2629 2573/2679/2630
f 2573/2679/2630 1958/2064/1863 2572/2678/2361
f 2582/2688/2629 1344/1450/2628 2632/2738/1860
f 2575/2681/2631 1268/1374/1864 2574/2680/1866
f 2575/2681/2631 2655/2761/2626 1961/2067/1763
f 1345/1451/2627 1970/2076/2117 1962/2068/1764
f 2577/2683/1786 2576/2682/2433 1963/2069/1865
f 2579/2685/2632 1962/2068/1764 1970/2076/2117
f 1964/2070/1353 2578/2684/2633 1129/1235/2116
f 1964/2070/1353 1129/1235/2116 1965/2071/1351
f 1342/1448/2431 2577/2683/1786 1968/2074/1787
f 2583/2689/2115 1129/1235/2116 1973/2079/1861
f 1965/2071/1351 2583/2689/2115 2106/2212/1784
f 2581/2687/1846 1336/1442/1621 1250/1356/1283
f 1187/1293/1617 2214/2320/1619 2215/2321/1446
f 2211/2317/1850 1967/2073/1352 1340/1446/1851
f 1968/2074/1787 1967/2073/1352 1341/1447/1852
f 1967/2073/1352 1968/2074/1787 1964/2070/1353
f 1990/2096/1853 1968/2074/1787 1341/1447/1852
f 2396/2502/1857 1969/2075/1854 1279/1385/1855
f 2404/2510/1997 1969/2075/1854 1659/1765/1998
f 1970/2076/2117 1345/1451/2627 1971/2077/1515
f 1129/1235/2116 2578/2684/2633 2579/2685/2632
f 1972/2078/1516 1971/2077/1515 1345/1451/2627
f 2280/2386/1247 1971/2077/1515 1156/1262/1517
f 2582/2688/2629 1345/1451/2627 1960/2066/2634
f 2632/2738/1860 1344/1450/2628 2214/2320/1619
f 1971/2077/1515 1973/2079/1861 1970/2076/2117
f 1473/1579/2114 1973/2079/1861 1475/1581/1249
f 1975/2081/2533 1974/2080/2370 1773/1879/2287
f 1775/1881/2185 1974/2080/2370 1551/1657/2539
f 1975/2081/2533 1773/1879/2287 2492/2598/2530
f 1602/1708/1365 1791/1897/2364 1976/2082/2532
f 1974/2080/2370 1976/2082/2532 1551/1657/2539
f 1602/1708/1365 1976/2082/2532 1975/2081/2533
f 1417/1523/1831 2521/2627/2471 1978/2084/1829
f 1979/2085/2590 1829/1935/2572 1977/2083/1830
f 1981/2087/2474 1983/2089/2237 1703/1809/2239
f 1979/2085/2590 1980/2086/2475 1112/1218/2021
f 1980/2086/2475 1977/2083/1830 1978/2084/1829
f 1979/2085/2590 1112/1218/2021 2525/2631/2020
f 1977/2083/1830 1980/2086/2475 1979/2085/2590
f 1983/2089/2237 1981/2087/2474 1980/2086/2475
f 1982/2088/2473 1981/2087/2474 1703/1809/2239
f 1768/1874/2241 1112/1218/2021 1981/2087/2474
f 1984/2090/2527 1982/2088/2473 1703/1809/2239
f 1982/2088/2473 1522/1628/2110 2476/2582/2109
f 1978/2084/1829 1702/1808/2582 1983/2089/2237
f 2419/2525/2238 1702/1808/2582 2418/2524/2469
f 1703/1809/2239 2419/2525/2238 1985/2091/2470
f 1984/2090/2527 1769/1875/2027 2479/2585/2526
f 1703/1809/2239 1985/2091/2470 1984/2090/2527
f 1783/1889/2025 1985/2091/2470 1418/1524/2540
f 2275/2381/2093 1986/2092/2095 1465/1571/1428
f 1986/2092/2095 2275/2381/2093 1987/2093/2099
f 1988/2094/2090 1987/2093/2099 1160/1266/2635
f 1905/2011/1530 1467/1573/2096 1987/2093/2099
f 1988/2094/2090 1160/1266/2635 2272/2378/2087
f 1905/2011/1530 1988/2094/2090 1462/1568/2616
f 1553/1659/2222 1989/2095/2224 1480/1586/1342
f 1516/1622/1814 1989/2095/2224 1597/1703/2223
f 1991/2097/1780 1990/2096/1853 1341/1447/1852
f 1969/2075/1854 1990/2096/1853 1279/1385/1855
f 2211/2317/1850 1992/2098/1781 1341/1447/1852
f 1991/2097/1780 1448/1554/2611 1993/2099/2056
f 2264/2370/1888 1992/2098/1781 1276/1382/1615
f 2154/2260/1779 1447/1553/1885 2153/2259/1884
f 1994/2100/2055 1993/2099/2056 1448/1554/2611
f 2413/2519/1856 1993/2099/2056 1687/1793/1395
f 1888/1994/2054 1994/2100/2055 1448/1554/2611
f 1687/1793/1395 1994/2100/2055 1362/1468/1939
f 2081/2187/1460 1995/2101/1359 1217/1323/1690
f 1995/2101/1359 1154/1260/1692 2288/2394/2636
f 1493/1599/1505 2293/2399/2037 1997/2103/1672
f 2000/2106/2171 1996/2102/1506 1494/1600/1671
f 1493/1599/1505 1997/2103/1672 1996/2102/1506
f 2198/2304/1099 1999/2105/1837 1209/1315/2036
f 1999/2105/1837 1998/2104/1836 1997/2103/1672
f 1750/1856/2170 1998/2104/1836 1153/1259/1501
f 1209/1315/2036 1999/2105/1837 1997/2103/1672
f 1999/2105/1837 1319/1425/1098 2460/2566/1720
f 1494/1600/1671 1750/1856/2170 2584/2690/1421
f 1165/1271/1504 2000/2106/2171 1558/1664/1908
f 2584/2690/1421 2000/2106/2171 1494/1600/1671
f 1126/1232/2300 2001/2107/1420 1751/1857/1419
f 1148/1254/2276 2028/2134/2270 2002/2108/2215
f 1542/1648/2216 2003/2109/2411 1626/1732/1476
f 2028/2134/2270 2003/2109/2411 2002/2108/2215
f 2366/2472/1477 2003/2109/2411 1541/1647/2637
f 2005/2111/1536 2004/2110/1946 1384/1490/2289
f 2128/2234/1945 1161/1267/1944 2004/2110/1946
f 2007/2113/1816 2005/2111/1536 1384/1490/2289
f 1382/1488/1535 2006/2112/1537 1137/1243/1265
f 2007/2113/1816 2006/2112/1537 2005/2111/1536
f 2006/2112/1537 1383/1489/1815 2267/2373/2058
f 2008/2114/2133 2007/2113/1816 1384/1490/2289
f 2022/2128/2061 1453/1559/2060 2268/2374/2059
f 2312/2418/2290 2008/2114/2133 1384/1490/2289
f 2009/2115/2124 1553/1659/2222 1480/1586/1342
f 1553/1659/2222 2009/2115/2124 2008/2114/2133
f 2010/2116/2125 2009/2115/2124 1480/1586/1342
f 1887/1993/1344 2010/2116/2125 1480/1586/1342
f 2010/2116/2125 1478/1584/2610 2284/2390/1964
f 1593/1699/2308 2344/2450/2352 2343/2449/2358
f 1591/1697/2355 2278/2384/1921 2586/2692/2357
f 2531/2637/2305 2012/2118/1798 1114/1220/1920
f 1564/1670/2638 2330/2436/1374 2331/2437/2303
f 2013/2119/1985 1409/1515/1995 2014/2120/1069
f 2019/2125/1983 2013/2119/1985 1851/1957/2585
f 2073/2179/2566 2014/2120/1069 1409/1515/1995
f 2014/2120/1069 2073/2179/2566 2015/2121/2111
f 2087/2193/1990 2015/2121/2111 1469/1575/2567
f 2016/2122/2639 2074/2180/2105 1555/1661/2104
f 1555/1661/2104 2589/2695/2291 2016/2122/2639
f 1613/1719/2293 2353/2459/1975 2357/2463/2213
f 2589/2695/2291 2357/2463/2213 2017/2123/2113
f 1405/1511/2212 2533/2639/2211 2534/2640/2584
f 2029/2135/2586 2018/2124/2112 1864/1970/2640
f 2587/2693/1994 2018/2124/2112 1851/1957/2585
f 2019/2125/1983 1851/1957/2585 2030/2136/2587
f 1850/1956/1984 2019/2125/1983 1511/1617/2571
f 1860/1966/2154 2530/2636/2150 2157/2263/2152
f 2020/2126/2158 1669/1775/2481 2402/2508/2315
f 2405/2511/1999 2021/2127/2450 1674/1780/2448
f 2021/2127/2450 1115/1221/2641 2427/2533/2005
f 2008/2114/2133 2022/2128/2061 2007/2113/1816
f 2282/2388/2062 2022/2128/2061 1118/1224/2123
f 1293/1399/1333 2023/2129/1332 100/1116/91
f 1366/1472/1293 2023/2129/1332 1226/1332/1334
f 2288/2394/2636 2024/2130/1510 1218/1324/1358
f 2590/2696/2642 2024/2130/1510 1486/1592/2148
f 2026/2132/2132 2025/2131/2131 1483/1589/2606
f 2286/2392/1439 2025/2131/2131 1482/1588/1955
f 2027/2133/1870 2026/2132/2132 1483/1589/2606
f 2591/2697/1956 2026/2132/2132 1389/1495/1520
f 2027/2133/1870 1483/1589/2606 2070/2176/2602
f 2027/2133/1870 1484/1590/2440 2048/2154/1871
f 2028/2134/2270 1148/1254/2276 2303/2409/2269
f 2003/2109/2411 2028/2134/2270 1541/1647/2637
f 2550/2656/2598 2029/2135/2586 1864/1970/2640
f 2030/2136/2587 1122/1228/2588 1853/1959/2023
f 1122/1228/2588 2030/2136/2587 2029/2135/2586
f 2019/2125/1983 2030/2136/2587 1853/1959/2023
f 2593/2699/2643 1178/1284/1686 2301/2407/2091
f 2553/2659/2268 2032/2138/1660 2593/2699/2643
f 2593/2699/2643 2032/2138/1660 2031/2137/1591
f 2033/2139/1754 2594/2700/1662 1306/1412/1810
f 2595/2701/1753 1306/1412/1810 2193/2299/1170
f 2595/2701/1753 1183/1289/1169 1337/1443/1160
f 2035/2141/1586 2034/2140/1320 1224/1330/1701
f 2034/2140/1320 1159/1265/1585 2269/2375/1699
f 1948/2054/1702 2035/2141/1586 1224/1330/1701
f 2035/2141/1586 1459/1565/1528 2036/2142/2561
f 2062/2168/1527 2036/2142/2561 1459/1565/1528
f 2036/2142/2561 1824/1930/2562 2271/2377/2217
f 1234/1340/1186 2037/2143/1185 1305/1411/1183
f 1/1062/179 2037/2143/1185 1060/1061/1558
f 2217/2323/1833 2038/2144/1409 1346/1452/1682
f 2050/2156/1407 2038/2144/1409 1347/1453/2454
f 1152/1258/2165 2039/2145/2413 1682/1788/2065
f 1207/1313/1758 2039/2145/2413 1634/1740/1139
f 2530/2636/2150 1714/1820/2149 1142/1248/2151
f 2040/2146/1643 1488/1594/1937 2290/2396/1552
f 1505/1611/1632 2299/2405/1631 2043/2149/1565
f 2042/2148/1564 1625/1731/2188 2041/2147/2190
f 2043/2149/1565 2042/2148/1564 2041/2147/2190
f 1644/1750/1882 2042/2148/1564 1131/1237/1566
f 1505/1611/1632 2043/2149/1565 2041/2147/2190
f 2043/2149/1565 1577/1683/2423 2376/2482/2422
f 2045/2151/2127 2044/2150/2603 1479/1585/1820
f 1622/1728/2607 2044/2150/2603 1909/2015/2129
f 1886/1992/1965 2045/2151/2127 1479/1585/1820
f 1309/1415/2130 2045/2151/2127 1887/1993/1344
f 1936/2042/2389 2046/2152/2343 1151/1257/2552
f 2047/2153/2619 1612/1718/1572 2046/2152/2343
f 1936/2042/2389 2047/2153/2619 2046/2152/2343
f 1930/2036/1573 2047/2153/2619 1609/1715/2620
f 2049/2155/1961 2048/2154/1871 1484/1590/2440
f 2596/2702/1872 1599/1705/1518 1389/1495/1520
f 2649/2755/1405 2049/2155/1961 1484/1590/2440
f 2049/2155/1961 1680/1786/2456 2597/2703/2455
f 2051/2157/1868 2050/2156/1407 1347/1453/2454
f 2052/2158/1408 1147/1253/1941 1365/1471/1525
f 1690/1796/2453 2051/2157/1868 1347/1453/2454
f 2051/2157/1868 1351/1457/2051 2053/2159/1869
f 1147/1253/1941 2052/2158/1408 2050/2156/1407
f 2052/2158/1408 1365/1471/1525 2221/2327/1940
f 1952/2058/2052 2053/2159/1869 1351/1457/2051
f 2263/2369/2050 2053/2159/1869 1446/1552/2053
f 2054/2160/1696 1269/1375/1130 2187/2293/1768
f 2192/2298/1769 2054/2160/1696 1169/1275/1463
f 2055/2161/2295 1574/1680/2299 2326/2432/2283
f 2314/2420/1904 2056/2162/2296 1561/1667/1910
f 1356/1462/1909 1558/1664/1908 2056/2162/2296
f 2598/2704/2297 2056/2162/2296 1558/1664/1908
f 2059/2165/2077 2057/2163/1992 1124/1230/2557
f 2058/2164/1693 2601/2707/2147 2602/2708/1694
f 1154/1260/1692 2089/2195/1461 2090/2196/2644
f 2061/2167/1993 2604/2710/2645 1827/1933/2569
f 2060/2166/1529 2059/2165/2077 1124/1230/2557
f 2024/2130/1510 2590/2696/2642 1176/1282/1511
f 2603/2709/2079 2060/2166/1529 1124/1230/2557
f 2063/2169/2076 2060/2166/1529 1459/1565/1528
f 2061/2167/1993 2058/2164/1693 2090/2196/2644
f 2505/2611/1360 2061/2167/1993 1827/1933/2569
f 2603/2709/2079 2062/2168/1527 2060/2166/1529
f 2501/2607/2559 2062/2168/1527 1823/1929/2078
f 1948/2054/1702 2063/2169/2076 1459/1565/1528
f 2063/2169/2076 1176/1282/1511 2590/2696/2642
f 1210/1316/1839 2199/2305/1630 2067/2173/1551
f 2064/2170/1673 2067/2173/1551 2065/2171/1376
f 1145/1251/1468 2068/2174/1901 2065/2171/1376
f 2065/2171/1376 2068/2174/1901 2066/2172/1377
f 2276/2382/1922 2066/2172/1377 1359/1465/1917
f 1841/1947/2102 2066/2172/1377 1468/1574/2356
f 2218/2324/1466 2067/2173/1551 1321/1427/1629
f 2065/2171/1376 2067/2173/1551 1145/1251/1468
f 2068/2174/1901 1145/1251/1468 2220/2326/1467
f 2066/2172/1377 2068/2174/1901 1359/1465/1917
f 1358/1464/2298 2313/2419/1902 2605/2711/1919
f 2069/2175/1900 2605/2711/1919 2277/2383/2306
f 2070/2176/2602 1675/1781/2145 2592/2698/2441
f 1483/1589/2606 1875/1981/2605 2539/2645/2604
f 1499/1605/2075 2294/2400/1606 2072/2178/1418
f 1891/1997/2179 2071/2177/1417 1134/1240/1416
f 2270/2376/1700 2072/2178/1418 1458/1564/1607
f 2465/2571/2221 2072/2178/1418 1515/1621/2218
f 1409/1515/1995 1828/1934/1361 2073/2179/2566
f 2506/2612/2568 2073/2179/2566 1828/1934/1361
f 2074/2180/2105 2016/2122/2639 2588/2694/1070
f 1123/1229/2646 2084/2190/1508 2075/2181/2106
f 1123/1229/2646 2075/2181/2106 2074/2180/2105
f 2076/2182/1978 2075/2181/2106 1554/1660/1979
f 2607/2713/2647 1403/1509/2648 2080/2186/2649
f 2076/2182/1978 2606/2712/1458 2351/2457/2292
f 2080/2186/2649 1403/1509/2648 2246/2352/1667
f 2513/2619/2576 2512/2618/1457 2077/2183/1459
f 1294/1400/1253 2078/2184/1252 1073/1141/1255
f 1295/1401/1263 2078/2184/1252 1227/1333/1251
f 2080/2186/2649 2079/2185/1057 1143/1249/1718
f 1403/1509/2648 2244/2350/1546 2246/2352/1667
f 1143/1249/1718 2077/2183/1459 2080/2186/2649
f 2607/2713/2647 2080/2186/2649 2077/2183/1459
f 2082/2188/1986 1406/1512/1691 1164/1270/1547
f 2089/2195/1461 1407/1513/1507 2086/2192/1509
f 1406/1512/1691 2082/2188/1986 2081/2187/1460
f 1164/1270/1547 2245/2351/1974 2083/2189/1987
f 1164/1270/1547 2083/2189/1987 2082/2188/1986
f 1554/1660/1979 2075/2181/2106 2084/2190/1508
f 1554/1660/1979 2084/2190/1508 2083/2189/1987
f 2085/2191/1988 2084/2190/1508 1123/1229/2646
f 2087/2193/1990 2085/2191/1988 1123/1229/2646
f 2085/2191/1988 1408/1514/2565 2086/2192/1509
f 2090/2196/2644 2086/2192/1509 1408/1514/2565
f 2086/2192/1509 2090/2196/2644 2089/2195/1461
f 1123/1229/2646 2074/2180/2105 2608/2714/2294
f 2087/2193/1990 1469/1575/2567 2088/2194/1989
f 2506/2612/2568 2088/2194/1989 1469/1575/2567
f 2604/2710/2645 2088/2194/1989 1827/1933/2569
f 1995/2101/1359 2089/2195/1461 1154/1260/1692
f 2081/2187/1460 1407/1513/1507 2089/2195/1461
f 2061/2167/1993 2090/2196/2644 1408/1514/2565
f 1154/1260/1692 2090/2196/2644 2058/2164/1693
f 1966/2072/1734 2091/2197/1847 1336/1442/1621
f 1140/1246/2039 1439/1545/1848 2091/2197/1847
f 1527/1633/1335 1226/1332/1334 2092/2198/1640
f 2092/2198/1640 1226/1332/1334 1581/1687/1807
f 1581/1687/1807 2093/2199/1638 2092/2198/1640
f 2093/2199/1638 1388/1494/1806 2618/2724/2138
f 1198/1304/1086 1255/1361/1317 2609/2715/1741
f 2028/2134/2270 2094/2200/1313 1541/1647/2637
f 1615/1721/2394 2645/2751/1740 2164/2270/1600
f 1121/1227/1478 2367/2473/1649 2359/2465/1695
f 1111/1217/2650 2508/2614/2279 2310/2416/2277
f 1514/1620/1196 2365/2471/2400 2364/2470/1197
f 1137/1243/1265 2097/2203/2412 1629/1735/1266
f 2097/2203/2412 1450/1556/2651 2266/2372/1646
f 2389/2495/2480 2390/2496/2652 2647/2753/2426
f 2396/2502/1857 2397/2503/2653 1659/1765/1998
f 1442/1548/2048 1803/1909/2382 2100/2206/2046
f 2261/2367/1655 2099/2205/2047 1444/1550/2622
f 2101/2207/2547 1802/1908/2381 1133/1239/2049
f 1444/1550/2622 2099/2205/2047 2100/2206/2046
f 1946/2052/1543 2101/2207/2547 1133/1239/2049
f 1444/1550/2622 2100/2206/2046 2101/2207/2547
f 2102/2208/1363 1822/1928/2593 2600/2706/2556
f 2526/2632/2591 2102/2208/1363 1470/1576/1362
f 2533/2639/2211 2103/2209/2599 1864/1970/2640
f 2532/2638/2597 2103/2209/2599 1863/1969/1981
f 2105/2211/1430 2104/2210/1429 1138/1244/2359
f 1912/2018/1435 2104/2210/1429 1465/1571/1428
f 2105/2211/1430 1138/1244/2359 2346/2452/1812
f 2105/2211/1430 1184/1290/1609 2274/2380/1611
f 1473/1579/2114 1155/1261/1782 2106/2212/1784
f 2210/2316/1783 1155/1261/1782 2209/2315/1475
f 1296/1402/1220 2107/2213/1219 123/1093/369
f 1297/1403/1215 2107/2213/1219 1228/1334/1218
f 2110/2216/2612 2108/2214/1189 1216/1322/1966
f 1274/1380/1190 2108/2214/1189 1180/1286/1967
f 2110/2216/2612 2109/2215/1689 2108/2214/1189
f 1149/1255/2600 2546/2652/2397 2547/2653/2398
f 1938/2044/1203 2110/2216/2612 1216/1322/1966
f 2109/2215/1689 2110/2216/2612 1149/1255/2600
f 1274/1380/1190 2111/2217/1775 1396/1502/1187
f 2111/2217/1775 1180/1286/1967 2129/2235/2395
f 2112/2218/1431 1451/1557/1433 2268/2374/2059
f 2113/2219/1949 2112/2218/1431 1452/1558/1958
f 2114/2220/1947 2113/2219/1949 1452/1558/1958
f 2636/2742/2401 2637/2743/2252 1526/1632/2402
f 2114/2220/1947 1452/1558/1958 2285/2391/1957
f 2115/2221/1948 2114/2220/1947 1139/1245/2654
f 2115/2221/1948 1139/1245/2654 2116/2222/2253
f 2113/2219/1949 2115/2221/1948 1526/1632/2402
f 2657/2763/2256 2116/2222/2253 1139/1245/2654
f 1581/1687/1807 2116/2222/2253 1388/1494/1806
f 2297/2403/1644 2118/2224/1340 2117/2223/1339
f 2119/2225/1442 2117/2223/1339 1386/1492/1338
f 2347/2453/1960 2118/2224/1340 1529/1635/2254
f 1692/1798/1867 2118/2224/1340 1132/1238/1953
f 1386/1492/1338 1693/1799/1523 2616/2722/1443
f 1196/1302/1284 2119/2225/1442 1385/1491/1441
f 2120/2226/1954 2617/2723/2139 2618/2724/2138
f 2287/2393/1440 2639/2745/2255 1139/1245/2654
f 1265/1371/1272 1204/1310/1809 2121/2227/1757
f 1631/1737/1534 2121/2227/1757 1204/1310/1809
f 1777/1883/2280 2122/2228/2281 1776/1882/2178
f 1549/1655/2176 1575/1681/1913 2122/2228/2281
f 1775/1881/2185 1551/1657/2539 2123/2229/2534
f 1782/1888/2032 2123/2229/2534 1551/1657/2539
f 2126/2232/2573 1850/1956/1984 1849/1955/2207
f 2124/2230/2570 1829/1935/2572 2125/2231/2107
f 1855/1961/2589 2619/2725/2592 1829/1935/2572
f 2125/2231/2107 1829/1935/2572 2619/2725/2592
f 1850/1956/1984 2126/2232/2573 2124/2230/2570
f 1977/2083/1830 2126/2232/2573 1849/1955/2207
f 2620/2726/1590 1901/2007/2261 1536/1642/2615
f 1883/1989/1471 2127/2233/2262 1535/1641/1472
f 2005/2111/1536 2128/2234/1945 2004/2110/1946
f 2128/2234/1945 1382/1488/1535 2368/2474/1663
f 2614/2720/1688 2129/2235/2395 1180/1286/1967
f 2358/2464/1596 2129/2235/2395 1616/1722/1597
f 1925/2031/1771 2130/2236/1773 1270/1376/1202
f 2130/2236/1773 1172/1278/1710 2557/2663/1772
f 1533/1639/1633 2131/2237/2258 1215/1321/1469
f 2132/2238/2265 2131/2237/2258 1146/1252/2655
f 2133/2239/1588 2132/2238/2265 1146/1252/2655
f 2132/2238/2265 1538/1644/2266 2300/2406/2092
f 2134/2240/1589 2133/2239/1588 1146/1252/2655
f 2640/2746/2267 2133/2239/1588 1536/1642/2615
f 2135/2241/2191 2134/2240/1589 1146/1252/2655
f 1535/1641/1472 2127/2233/2262 2620/2726/1590
f 1146/1252/2655 2131/2237/2258 2136/2242/2192
f 2135/2241/2191 1534/1640/2193 2298/2404/1470
f 1146/1252/2655 2136/2242/2192 2135/2241/2191
f 1190/1296/1148 2136/2242/2192 1533/1639/1633
f 2137/2243/2162 1490/1596/2447 2138/2244/2155
f 1130/1236/2169 2137/2243/2162 1653/1759/2164
f 2139/2245/2153 2138/2244/2155 1490/1596/2447
f 1860/1966/2154 1489/1595/2163 2138/2244/2155
f 1490/1596/2447 1685/1791/1669 2291/2397/1938
f 2139/2245/2153 1488/1594/1937 2530/2636/2150
f 1125/1231/1371 2140/2246/2583 1923/2029/2029
f 1847/1953/2472 2523/2629/2201 2141/2247/2203
f 1847/1953/2472 2141/2247/2203 2140/2246/2583
f 1852/1958/2022 2141/2247/2203 1848/1954/2202
f 1301/1407/1123 2142/2248/1126 1104/1172/1124
f 1300/1406/1127 2142/2248/1126 1229/1335/1770
f 2305/2411/1480 2143/2249/1659 1179/1285/1481
f 2144/2250/1595 1545/1651/1587 1135/1241/1582
f 1545/1651/1587 2144/2250/1595 2143/2249/1659
f 2144/2250/1595 1135/1241/1582 2621/2727/1593
f 2516/2622/2579 1135/1241/1582 2515/2621/1583
f 1259/1365/1051 2623/2729/1747 1201/1307/1053
f 2622/2728/1594 1202/1308/1422 2144/2250/1595
f 2145/2251/1748 1175/1281/1657 2146/2252/1656
f 2563/2669/1745 1392/1498/1213 1258/1364/1321
f 1941/2047/1774 2147/2253/1746 1171/1277/2621
f 1556/1662/1089 2148/2254/1789 1285/1391/1090
f 1241/1347/1790 2148/2254/1789 1182/1288/1835
f 2323/2429/1331 2149/2255/2319 1570/1676/2656
f 2624/2730/2538 1569/1675/2657 2321/2427/2537
f 2151/2257/2120 2150/2256/2122 1127/1233/2543
f 2150/2256/2122 1603/1709/2121 2644/2750/2371
f 1930/2036/1573 2151/2257/2120 1127/1233/2543
f 1609/1715/2620 1935/2041/2374 2625/2731/2549
f 2152/2258/2497 1806/1912/2041 2494/2600/2042
f 1809/1915/2496 2152/2258/2497 1728/1834/2387
f 2153/2259/1884 1448/1554/2611 2154/2260/1779
f 2544/2650/2445 2153/2259/1884 1120/1226/1886
f 1991/2097/1780 2154/2260/1779 1448/1554/2611
f 1992/2098/1781 1447/1553/1885 2154/2260/1779
f 2141/2247/2203 2155/2261/2205 1416/1522/1488
f 1510/1616/1683 2155/2261/2205 1852/1958/2022
f 2626/2732/1844 1141/1247/2338 1696/1802/1560
f 1928/2034/1711 2156/2262/1843 1931/2037/1712
f 1860/1966/2154 2157/2263/2152 2020/2126/2158
f 2157/2263/2152 1142/1248/2151 2426/2532/2482
f 1303/1409/1278 2158/2264/1267 1066/1134/1269
f 1304/1410/1275 2158/2264/1267 1230/1336/1277
f 1313/1419/1240 2159/2265/1233 112/1104/23
f 1425/1531/1229 2159/2265/1233 1231/1337/1242
f 1426/1532/1228 2160/2266/1231 116/1100/39
f 1314/1420/1222 2160/2266/1231 1232/1338/1614
f 1315/1421/1312 2161/2267/1279 105/1111/100
f 1316/1422/1243 2161/2267/1279 1233/1339/1311
f 2037/2143/1185 2162/2268/1184 1060/1061/1558
f 1368/1474/1354 2162/2268/1184 1234/1340/1186
f 1305/1411/1183 2163/2269/1599 1234/1340/1186
f 2164/2270/1600 2163/2269/1599 1219/1325/1776
f 2111/2217/1775 2164/2270/1600 1219/1325/1776
f 1615/1721/2394 2359/2465/1695 2645/2751/1740
f 1391/1497/1201 2165/2271/1232 134/1082/74
f 1317/1423/1319 2165/2271/1232 1235/1341/1834
f 1323/1429/1544 2166/2272/1062 19/1206/451
f 1324/1430/1064 2166/2272/1062 1236/1342/1545
f 1298/1404/1134 2167/2273/1143 1099/1167/1456
f 1299/1405/1141 2167/2273/1143 1237/1343/1136
f 2168/2274/1120 1109/1177/1119 2185/2291/1104
f 1287/1393/1462 2168/2274/1120 1238/1344/1788
f 9/1216/225 8/1047/227 2170/2276/1048
f 1373/1479/1050 2169/2275/1049 1239/1345/1716
f 9/1216/225 2170/2276/1048 2169/2275/1049
f 1048/1049/1101 2170/2276/1048 1047/1048/1047
f 1374/1480/1059 2171/2277/1060 15/1210/367
f 1325/1431/1063 2171/2277/1060 1240/1346/1751
f 1399/1505/1094 2172/2278/1093 32/1193/350
f 1318/1424/1096 2172/2278/1093 1241/1347/1790
f 1327/1433/1550 2173/2279/1097 36/1189/199
f 1328/1434/1108 2173/2279/1097 1242/1348/1549
f 2175/2281/1723 1079/1147/1172 1081/1149/1177
f 1332/1438/1162 2174/2280/1173 1243/1349/1755
f 1337/1443/1160 2175/2281/1723 1082/1150/1161
f 2174/2280/1173 2175/2281/1723 1243/1349/1755
f 1332/1438/1162 2176/2282/1164 1077/1145/1234
f 1333/1439/1236 2176/2282/1164 1244/1350/1163
f 1334/1440/1258 2177/2283/1257 1069/1137/1623
f 1427/1533/1259 2177/2283/1257 1245/1351/1256
f 1410/1516/1107 2178/2284/1116 39/1186/292
f 1320/1426/1115 2178/2284/1116 1246/1352/1838
f 1329/1435/1287 2179/2285/1152 1092/1160/1151
f 1378/1484/1147 2179/2285/1152 1247/1353/1761
f 1300/1406/1127 2180/2286/1328 1102/1170/1641
f 1322/1428/1132 2180/2286/1328 1248/1354/1133
f 1249/1355/1250 109/1107/465 1364/1470/1733
f 1249/1355/1250 110/1106/149 109/1107/465
f 2234/2340/1714 2182/2288/1117 1173/1279/1110
f 1282/1388/1102 2182/2288/1117 1238/1344/1788
f 2458/2564/1382 2183/2289/1742 1168/1274/2464
f 2251/2357/1942 2183/2289/1742 1419/1525/2618
f 43/1182/301 2184/2290/1106 44/1181/517
f 2182/2288/1117 2184/2290/1106 1252/1358/1105
f 45/1180/325 2185/2291/1104 1110/1178/1103
f 2185/2291/1104 1282/1388/1102 1238/1344/1788
f 1254/1360/1294 94/1122/353 2186/2292/1309
f 93/1123/121 2186/2292/1309 94/1122/353
f 2188/2294/1793 2187/2293/1768 1221/1327/1577
f 2054/2160/1696 2187/2293/1768 1290/1396/1697
f 2188/2294/1793 1221/1327/1577 2233/2339/1576
f 2340/2446/1794 2188/2294/1793 1144/1250/2349
f 2189/2295/1128 1229/1335/1770 2190/2296/1325
f 2191/2297/1129 2189/2295/1128 1174/1280/1706
f 2192/2298/1769 2190/2296/1325 1229/1335/1770
f 2336/2442/1326 1169/1275/1463 2334/2440/1465
f 1585/1691/1732 2191/2297/1129 1174/1280/1706
f 1248/1354/1133 1300/1406/1127 2191/2297/1129
f 2054/2160/1696 2192/2298/1769 1301/1407/1123
f 2192/2298/1769 1169/1275/1463 2336/2442/1326
f 2193/2299/1170 1183/1289/1169 2595/2701/1753
f 1859/1965/1608 2193/2299/1170 1306/1412/1810
f 2627/2733/2086 2194/2300/1811 1136/1242/1661
f 2628/2734/2594 2194/2300/1811 1191/1297/1635
f 1831/1937/1725 2195/2301/1533 1245/1351/1256
f 1595/1701/1624 2195/2301/1533 1307/1413/1724
f 1186/1292/1245 2196/2302/1244 1249/1355/1250
f 111/1105/25 2196/2302/1244 1313/1419/1240
f 2197/2303/1280 1251/1357/1281 2296/2402/1735
f 104/1112/106 2197/2303/1280 1315/1421/1312
f 1999/2105/1837 2198/2304/1099 1319/1425/1098
f 1437/1543/1216 2198/2304/1099 1209/1315/2036
f 2067/2173/1551 2199/2305/1630 1321/1427/1629
f 1485/1591/1121 2199/2305/1630 1210/1316/1839
f 1434/1540/1061 2200/2306/1058 1206/1312/1668
f 1325/1431/1063 1326/1432/1056 2200/2306/1058
f 2201/2307/1760 1267/1373/1563 2374/2480/1759
f 1247/1353/1761 2201/2307/1760 1170/1276/1730
f 1430/1536/1200 2202/2308/1207 1194/1300/1206
f 1317/1423/1319 1330/1436/1208 2202/2308/1207
f 2091/2197/1847 2203/2309/1620 1336/1442/1621
f 1594/1700/1221 2203/2309/1620 1205/1311/1665
f 1338/1444/1241 1313/1419/1240 2204/2310/1246
f 2196/2302/1244 2204/2310/1246 1313/1419/1240
f 2209/2315/1475 2205/2311/1849 1338/1444/1241
f 1472/1578/1390 2205/2311/1849 1155/1261/1782
f 1186/1292/1245 2262/2368/1524 2207/2313/1512
f 2209/2315/1475 2206/2312/1474 1339/1445/1514
f 1186/1292/1245 2207/2313/1512 2206/2312/1474
f 1445/1551/1526 2263/2369/2050 2208/2314/1513
f 1445/1551/1526 2208/2314/1513 2207/2313/1512
f 2264/2370/1888 2208/2314/1513 1446/1552/2053
f 2210/2316/1783 2209/2315/1475 1339/1445/1514
f 2209/2315/1475 1155/1261/1782 2205/2311/1849
f 1339/1445/1514 2208/2314/1513 2631/2737/1616
f 2106/2212/1784 2210/2316/1783 1340/1446/1851
f 1992/2098/1781 2211/2317/1850 1276/1382/1615
f 1967/2073/1352 2211/2317/1850 1341/1447/1852
f 1429/1535/1223 2212/2318/1709 1187/1293/1617
f 1314/1420/1222 1343/1449/1618 2212/2318/1709
f 1474/1580/1613 2213/2319/1859 1232/1338/1614
f 1156/1262/1517 1343/1449/1618 2213/2319/1859
f 2632/2738/1860 1343/1449/1618 1156/1262/1517
f 2215/2321/1446 2214/2320/1619 1344/1450/2628
f 2215/2321/1446 1344/1450/2628 2573/2679/2630
f 2215/2321/1446 1966/2072/1734 2581/2687/1846
f 1346/1452/1682 1233/1339/1311 2216/2322/1832
f 1385/1491/1441 2216/2322/1832 1233/1339/1311
f 1694/1800/1521 2217/2323/1833 1158/1264/1522
f 2038/2144/1409 2217/2323/1833 1347/1453/2454
f 2219/2325/1727 2218/2324/1466 1321/1427/1629
f 2220/2326/1467 2218/2324/1466 1354/1460/1728
f 1321/1427/1629 1246/1352/1838 2219/2325/1727
f 2219/2325/1727 1246/1352/1838 2248/2354/1842
f 1560/1666/1903 2220/2326/1467 1354/1460/1728
f 2220/2326/1467 1358/1464/2298 2069/2175/1900
f 1531/1637/1473 2221/2327/1940 1364/1470/1733
f 2052/2158/1408 2221/2327/1940 1213/1319/1681
f 1253/1359/1368 1194/1300/1206 2223/2329/1736
f 1168/1274/2464 2183/2289/1742 2633/2739/1738
f 2415/2521/1561 2223/2329/1736 1194/1300/1206
f 2223/2329/1736 1698/1804/2459 2455/2561/1383
f 2163/2269/1599 2224/2330/1356 1234/1340/1186
f 1167/1273/1601 2609/2715/1741 2610/2716/1355
f 1919/2025/1603 2225/2331/1450 1150/1256/1452
f 2634/2740/2210 2225/2331/1450 1918/2024/2617
f 2225/2331/1450 2226/2332/1652 1371/1477/1651
f 1532/1638/1191 2226/2332/1652 1214/1320/1968
f 1376/1482/1073 2227/2333/1052 1239/1345/1716
f 1259/1365/1051 2227/2333/1052 1175/1281/1657
f 1260/1366/1054 1201/1307/1053 2229/2335/1749
f 1240/1346/1751 2228/2334/1750 1177/1283/2580
f 1201/1307/1053 1836/1942/2578 2229/2335/1749
f 2229/2335/1749 1836/1942/2578 2517/2623/2581
f 2146/2252/1656 2230/2336/1658 1262/1368/1072
f 2227/2333/1052 2230/2336/1658 1175/1281/1657
f 1192/1298/1756 1280/1386/1307 2231/2337/1301
f 1580/1686/1299 2231/2337/1301 1280/1386/1307
f 1537/1643/1685 2232/2338/1687 1278/1384/1165
f 1263/1369/1426 2232/2338/1687 1178/1284/1686
f 2234/2340/1714 2233/2339/1576 1287/1393/1462
f 2188/2294/1793 2233/2339/1576 1380/1486/1715
f 1287/1393/1462 1238/1344/1788 2234/2340/1714
f 2234/2340/1714 1238/1344/1788 2182/2288/1117
f 1428/1534/1274 2235/2341/1708 1204/1310/1809
f 1304/1410/1275 1381/1487/1707 2235/2341/1708
f 1400/1506/1276 2236/2342/1943 1230/1336/1277
f 1161/1267/1944 1381/1487/1707 2236/2342/1943
f 1385/1491/1441 1315/1421/1312 2237/2343/1285
f 2197/2303/1280 2237/2343/1285 1315/1421/1312
f 2634/2740/2210 2238/2344/1684 1214/1320/1968
f 1275/1381/1318 2238/2344/1684 1181/1287/1969
f 2554/2660/1605 2239/2345/2209 1918/2024/2617
f 1512/1618/1489 2549/2655/1491 2240/2346/2613
f 1512/1618/1489 2240/2346/2613 2239/2345/2209
f 1938/2044/1203 2240/2346/2613 1894/2000/1204
f 1400/1506/1276 1303/1409/1278 2241/2347/1261
f 1427/1533/1259 2241/2347/1261 1303/1409/1278
f 1552/1658/1950 2242/2348/1436 1401/1507/1437
f 2236/2342/1943 2242/2348/1436 1161/1267/1944
f 1434/1540/1061 2243/2349/1970 1323/1429/1544
f 2246/2352/1667 2243/2349/1970 1206/1312/1668
f 2243/2349/1970 2246/2352/1667 1402/1508/1548
f 2245/2351/1974 2244/2350/1546 1403/1509/2648
f 2245/2351/1974 1403/1509/2648 2607/2713/2647
f 2245/2351/1974 1554/1660/1979 2083/2189/1987
f 2246/2352/1667 2079/2185/1057 2080/2186/2649
f 1402/1508/1548 2246/2352/1667 2244/2350/1546
f 1498/1604/1628 2247/2353/1996 1328/1434/1108
f 2248/2354/1842 2247/2353/1996 1189/1295/1627
f 2247/2353/1996 2248/2354/1842 1410/1516/1107
f 2219/2325/1727 2248/2354/1842 1189/1295/1627
f 2250/2356/1743 2249/2355/1451 1371/1477/1651
f 1922/2028/1487 2249/2355/1451 1415/1521/1744
f 1371/1477/1651 1257/1363/1199 2250/2356/1743
f 1199/1305/1198 2250/2356/1743 1257/1363/1199
f 2183/2289/1742 2251/2357/1942 1199/1305/1198
f 2635/2741/2017 1419/1525/2618 1923/2029/2029
f 2252/2358/1703 2637/2743/2252 2636/2742/2401
f 1620/1726/1297 2636/2742/2401 1526/1632/2402
f 1543/1649/1592 2253/2359/1698 1284/1390/1078
f 2254/2360/1752 2253/2359/1698 1179/1285/1481
f 2253/2359/1698 2254/2360/1752 1423/1529/1087
f 2143/2249/1659 2254/2360/1752 1179/1285/1481
f 2195/2301/1533 2255/2361/1260 1245/1351/1256
f 2241/2347/1261 2255/2361/1260 1188/1294/1532
f 2258/2364/1225 2256/2362/2038 1438/1544/1664
f 1443/1549/1654 2256/2362/2038 1163/1269/1227
f 2091/2197/1847 2257/2363/1666 1205/1311/1665
f 2258/2364/1225 2257/2363/1666 1439/1545/1848
f 2258/2364/1225 1439/1545/1848 2638/2744/2548
f 2258/2364/1225 1163/1269/1227 2256/2362/2038
f 2260/2366/1393 2259/2365/1392 1140/1246/2039
f 2259/2365/1392 1440/1546/1391 2496/2602/1540
f 2260/2366/1393 1140/1246/2039 2580/2686/1445
f 2260/2366/1393 1598/1704/2624 2444/2550/2494
f 2099/2205/2047 2261/2367/1655 1163/1269/1227
f 1947/2053/1653 2261/2367/1655 1444/1550/2622
f 1186/1292/1245 1249/1355/1250 2262/2368/1524
f 1365/1471/1525 2262/2368/1524 1249/1355/1250
f 2053/2159/1869 2263/2369/2050 1147/1253/1941
f 2208/2314/1513 2263/2369/2050 1446/1552/2053
f 1952/2058/2052 2264/2370/1888 1446/1552/2053
f 1992/2098/1781 2264/2370/1888 1447/1553/1885
f 1421/1527/1302 2265/2371/1739 1449/1555/1647
f 2186/2292/1309 2265/2371/1739 1254/1360/1294
f 2266/2372/1646 1197/1303/1308 1630/1736/1792
f 1451/1557/1433 2266/2372/1646 1450/1556/2651
f 1451/1557/1433 1450/1556/2651 2267/2373/2058
f 2267/2373/2058 1450/1556/2651 2585/2691/2057
f 2022/2128/2061 2268/2374/2059 1383/1489/1815
f 2112/2218/1431 2268/2374/2059 1453/1559/2060
f 1556/1662/1089 2269/2375/1699 1458/1564/1607
f 2034/2140/1320 2269/2375/1699 1223/1329/1088
f 2271/2377/2217 2270/2376/1700 1159/1265/1585
f 2270/2376/1700 1515/1621/2218 2072/2178/1418
f 2036/2142/2561 2271/2377/2217 1159/1265/1585
f 1824/1930/2562 2467/2573/2563 2271/2377/2217
f 1988/2094/2090 2272/2378/2087 1461/1567/1634
f 1464/1570/1610 2272/2378/2087 1160/1266/2635
f 2194/2300/1811 2273/2379/1636 1191/1297/1635
f 1988/2094/2090 2273/2379/1636 1462/1568/2616
f 2275/2381/2093 1464/1570/1610 1160/1266/2635
f 2105/2211/1430 2274/2380/1611 1465/1571/1428
f 1464/1570/1610 2275/2381/2093 2274/2380/1611
f 2275/2381/2093 1160/1266/2635 1987/2093/2099
f 2066/2172/1377 2276/2382/1922 1468/1574/2356
f 2277/2383/2306 2276/2382/1922 1359/1465/1917
f 2069/2175/1900 2277/2383/2306 1359/1465/1917
f 2277/2383/2306 1861/1967/1802 2531/2637/2305
f 2278/2384/1921 1114/1220/1920 2586/2692/2357
f 2278/2384/1921 1591/1697/2355 2342/2448/2354
f 1155/1261/1782 2279/2385/1612 1472/1578/1390
f 1475/1581/1249 2279/2385/1612 1473/1579/2114
f 1185/1291/1248 2280/2386/1247 1474/1580/1613
f 1971/2077/1515 2280/2386/1247 1475/1581/1249
f 2112/2218/1431 2281/2387/1959 1452/1558/1958
f 2282/2388/2062 2281/2387/1959 1453/1559/2060
f 2022/2128/2061 2282/2388/2062 1453/1559/2060
f 2284/2390/1964 2282/2388/2062 1118/1224/2123
f 1886/1992/1965 2283/2389/1962 1478/1584/2610
f 2283/2389/1962 1390/1496/2135 2286/2392/1439
f 2010/2116/2125 2284/2390/1964 1118/1224/2123
f 2283/2389/1962 2284/2390/1964 1478/1584/2610
f 2283/2389/1962 2285/2391/1957 1477/1583/1963
f 2114/2220/1947 2285/2391/1957 1481/1587/1438
f 2025/2131/2131 2286/2392/1439 1390/1496/2135
f 2287/2393/1440 2286/2392/1439 1482/1588/1955
f 2639/2745/2255 1482/1588/1955 2120/2226/1954
f 2114/2220/1947 2287/2393/1440 1139/1245/2654
f 2024/2130/1510 2288/2394/2636 1486/1592/2148
f 1995/2101/1359 2288/2394/2636 1218/1324/1358
f 1322/1428/1132 2289/2395/1642 1298/1404/1134
f 2040/2146/1643 2289/2395/1642 1195/1301/1840
f 2040/2146/1643 2290/2396/1552 1487/1593/1135
f 2291/2397/1938 1488/1594/1937 2139/2245/2153
f 1490/1596/2447 2291/2397/1938 2139/2245/2153
f 1685/1791/1669 1166/1272/1553 2291/2397/1938
f 2292/2398/1555 1492/1598/1713 1684/1790/1556
f 1435/1541/1156 2292/2398/1555 1207/1313/1758
f 1437/1543/1216 2293/2399/2037 1327/1433/1550
f 1997/2103/1672 2293/2399/2037 1209/1315/2036
f 2295/2401/2508 2294/2400/1606 1499/1605/2075
f 1556/1662/1089 2294/2400/1606 1182/1288/1835
f 1748/1854/1502 2295/2401/2508 1499/1605/2075
f 1182/1288/1835 2295/2401/2508 1747/1853/1722
f 2197/2303/1280 2296/2402/1735 1196/1302/1284
f 1527/1633/1335 2296/2402/1735 1251/1357/1281
f 1530/1636/2137 2297/2403/1644 1157/1263/1639
f 2118/2224/1340 2297/2403/1644 1529/1635/2254
f 2299/2405/1631 2298/2404/1470 1534/1640/2193
f 1883/1989/1471 2298/2404/1470 1505/1611/1632
f 2299/2405/1631 1534/1640/2193 2377/2483/2257
f 2299/2405/1631 1577/1683/2423 2043/2149/1565
f 2132/2238/2265 2300/2406/2092 1537/1643/1685
f 2301/2407/2091 2300/2406/2092 1538/1644/2266
f 2302/2408/2263 2301/2407/2091 1538/1644/2266
f 1539/1645/2264 2593/2699/2643 2301/2407/2091
f 2640/2746/2267 2302/2408/2263 1538/1644/2266
f 1539/1645/2264 2302/2408/2263 1463/1569/2088
f 2028/2134/2270 2303/2409/2269 1540/1646/1314
f 2303/2409/2269 1148/1254/2276 2304/2410/2275
f 2303/2409/2269 2304/2410/2275 1543/1649/1592
f 1546/1652/2195 2304/2410/2275 1148/1254/2276
f 1544/1650/1479 2306/2412/2194 2307/2413/2274
f 2143/2249/1659 2305/2411/1480 1545/1651/1587
f 2306/2412/2194 1506/1612/2273 2307/2413/2274
f 1544/1650/1479 1546/1652/2195 2306/2412/2194
f 1839/1945/1423 2307/2413/2274 1506/1612/2273
f 1545/1651/1587 2305/2411/1480 2307/2413/2274
f 1546/1652/2195 2002/2108/2215 2309/2415/2214
f 2308/2414/2196 1547/1653/2278 2514/2620/2199
f 2310/2416/2277 1542/1648/2216 2096/2202/2271
f 1547/1653/2278 2308/2414/2196 2309/2415/2214
f 1542/1648/2216 2310/2416/2277 2309/2415/2214
f 2310/2416/2277 2096/2202/2271 2611/2717/2393
f 1597/1703/2223 2311/2417/1951 1308/1414/1625
f 2312/2418/2290 2311/2417/1951 1553/1659/2222
f 2008/2114/2133 2312/2418/2290 1553/1659/2222
f 1552/1658/1950 2312/2418/2290 1384/1490/2289
f 2313/2419/1902 1355/1461/1918 2605/2711/1919
f 1560/1666/1903 2313/2419/1902 1358/1464/2298
f 2056/2162/2296 2314/2420/1904 1356/1462/1909
f 2313/2419/1902 2314/2420/1904 1561/1667/1910
f 2313/2419/1902 2315/2421/1905 1355/1461/1918
f 2055/2161/2295 2315/2421/1905 1561/1667/1910
f 1562/1668/1906 2326/2432/2283 2317/2423/2302
f 2318/2424/1800 2316/2422/1907 1563/1669/2301
f 1562/1668/1906 2317/2423/2302 2316/2422/1907
f 2321/2427/2537 2317/2423/2302 1497/1603/2282
f 2319/2425/1801 2318/2424/1800 1563/1669/2301
f 2318/2424/1800 1861/1967/1802 2605/2711/1919
f 2320/2426/1924 2319/2425/1801 1563/1669/2301
f 2319/2425/1801 1564/1670/2638 2531/2637/2305
f 2320/2426/1924 1563/1669/2301 2322/2428/1923
f 2320/2426/1924 1357/1463/1330 2330/2436/1374
f 1819/1925/2318 2321/2427/2537 1497/1603/2282
f 2322/2428/1923 2321/2427/2537 1569/1675/2657
f 2321/2427/2537 2322/2428/1923 2317/2423/2302
f 2322/2428/1923 1569/1675/2657 2323/2429/1331
f 2323/2429/1331 1569/1675/2657 2624/2730/2538
f 2324/2430/1329 2323/2429/1331 1570/1676/2656
f 1731/1837/2500 2324/2430/1329 1570/1676/2656
f 1571/1677/2507 2641/2747/2505 2325/2431/1373
f 1571/1677/2507 2325/2431/1373 2324/2430/1329
f 2330/2436/1374 2325/2431/1373 1576/1682/2506
f 2317/2423/2302 2326/2432/2283 1497/1603/2282
f 2055/2161/2295 2326/2432/2283 1562/1668/1906
f 2328/2434/1912 2327/2433/1911 1574/1680/2299
f 2329/2435/2334 2327/2433/1911 1575/1681/1913
f 1574/1680/2299 1756/1862/1824 2328/2434/1912
f 1496/1602/2174 2328/2434/1912 1756/1862/1824
f 1549/1655/2176 2329/2435/2334 1575/1681/1913
f 1819/1925/2318 1497/1603/2282 2329/2435/2334
f 2331/2437/2303 2330/2436/1374 1576/1682/2506
f 2330/2436/1374 1564/1670/2638 2319/2425/1801
f 2331/2437/2303 1576/1682/2506 2459/2565/2304
f 1564/1670/2638 2331/2437/2303 2012/2118/1798
f 1714/1820/2149 2332/2438/1131 1585/1691/1732
f 1322/1428/1132 2332/2438/1131 1195/1301/1840
f 2054/2160/1696 2333/2439/1464 1169/1275/1463
f 2340/2446/1794 2333/2439/1464 1290/1396/1697
f 2335/2441/2351 2334/2440/1465 1587/1693/1562
f 2336/2442/1326 2334/2440/1465 1588/1694/2350
f 2335/2441/2351 1587/1693/1562 2339/2445/1796
f 1592/1698/1346 1588/1694/2350 2335/2441/2351
f 2336/2442/1326 1588/1694/2350 2337/2443/1345
f 2192/2298/1769 2336/2442/1326 2190/2296/1325
f 2338/2444/2345 2337/2443/1345 1128/1234/1347
f 2336/2442/1326 2337/2443/1345 1589/1695/1327
f 1128/1234/1347 1706/1812/2444 2338/2444/2345
f 2338/2444/2345 1706/1812/2444 2425/2531/2443
f 2341/2447/2100 2339/2445/1796 1590/1696/1795
f 2335/2441/2351 2339/2445/1796 1291/1397/2101
f 2333/2439/1464 2340/2446/1794 1587/1693/1562
f 2340/2446/1794 1290/1396/1697 2188/2294/1793
f 2342/2448/2354 1590/1696/1795 1842/1948/2353
f 2343/2449/2358 1591/1697/2355 2011/2117/1797
f 1590/1696/1795 2342/2448/2354 2341/2447/2100
f 1468/1574/2356 2342/2448/2354 1842/1948/2353
f 1591/1697/2355 2343/2449/2358 2341/2447/2100
f 1593/1699/2308 2343/2449/2358 2011/2117/1797
f 2343/2449/2358 2344/2450/2352 1291/1397/2101
f 2345/2451/2476 2344/2450/2352 1593/1699/2308
f 2643/2749/1384 1593/1699/2308 1741/1847/1385
f 1704/1810/1453 1592/1698/1346 2345/2451/2476
f 1595/1701/1624 2346/2452/1812 1596/1702/2134
f 2105/2211/1430 2346/2452/1812 1307/1413/1724
f 2118/2224/1340 2347/2453/1960 1132/1238/1953
f 2348/2454/1519 2347/2453/1960 1529/1635/2254
f 1529/1635/2254 1530/1636/2137 2348/2454/1519
f 2348/2454/1519 1530/1636/2137 2617/2723/2139
f 1794/1900/2367 2349/2455/1367 1476/1582/2251
f 1791/1897/2364 2349/2455/1367 1600/1706/2365
f 2644/2750/2371 1602/1708/1365 1787/1893/2544
f 1812/1918/1493 2350/2456/1366 1603/1709/2121
f 2076/2182/1978 2351/2457/2292 1555/1661/2104
f 2352/2458/1976 2351/2457/2292 1404/1510/2575
f 2510/2616/2197 2511/2617/2574 1833/1939/2198
f 2352/2458/1976 1111/1217/2650 2611/2717/2393
f 2352/2458/1976 2353/2459/1975 1613/1719/2293
f 2354/2460/1982 2353/2459/1975 1614/1720/1977
f 2355/2461/2272 2354/2460/1982 1614/1720/1977
f 2533/2639/2211 2354/2460/1982 1863/1969/1981
f 2355/2461/2272 1614/1720/1977 2611/2717/2393
f 2355/2461/2272 1514/1620/1196 2356/2462/1980
f 2536/2642/1195 2356/2462/1980 1514/1620/1196
f 2532/2638/2597 2356/2462/1980 1862/1968/2596
f 1405/1511/2212 2357/2463/2213 2353/2459/1975
f 2589/2695/2291 2017/2123/2113 2016/2122/2639
f 2366/2472/1477 2367/2473/1649 1121/1227/1478
f 2129/2235/2395 2358/2464/1596 1615/1721/2394
f 2645/2751/1740 2359/2465/1695 2095/2201/1648
f 1615/1721/2394 2358/2464/1596 2359/2465/1695
f 2361/2467/2399 2360/2466/1598 1616/1722/1597
f 1626/1732/1476 2360/2466/1598 1617/1723/2410
f 2547/2653/2398 1616/1722/1597 2109/2215/1689
f 2361/2467/2399 1865/1971/2396 2535/2641/2595
f 2363/2469/1845 2362/2468/1791 1621/1727/2103
f 2234/2340/1714 2362/2468/1791 1380/1486/1715
f 1841/1947/2102 2363/2469/1845 1621/1727/2103
f 2188/2294/1793 2363/2469/1845 1144/1250/2349
f 1617/1723/2410 2535/2641/2595 2536/2642/1195
f 1514/1620/1196 2096/2202/2271 2365/2471/2400
f 2096/2202/2271 1542/1648/2216 2365/2471/2400
f 1626/1732/1476 2365/2471/2400 1542/1648/2216
f 2003/2109/2411 2366/2472/1477 1626/1732/1476
f 2367/2473/1649 2366/2472/1477 1541/1647/2637
f 2094/2200/1313 2367/2473/1649 1541/1647/2637
f 2359/2465/1695 2367/2473/1649 2095/2201/1648
f 1204/1310/1809 2368/2474/1663 1631/1737/1534
f 2128/2234/1945 2368/2474/1663 1381/1487/1707
f 1635/1741/1499 2369/2475/1137 1634/1740/1139
f 1436/1542/1179 2369/2475/1137 1208/1314/1498
f 1636/1742/1349 2370/2476/2415 1637/1743/1350
f 2379/2485/2417 2370/2476/2415 1638/1744/2166
f 2372/2478/1897 2371/2477/2416 1455/1561/1495
f 1688/1794/1883 2371/2477/2416 1639/1745/1881
f 1643/1749/1497 2372/2478/1897 1455/1561/1495
f 2373/2479/2066 2372/2478/1897 1640/1746/1896
f 2537/2643/2068 2373/2479/2066 1640/1746/1896
f 1644/1750/1882 2373/2479/2066 1456/1562/2408
f 2374/2480/1759 1642/1748/1500 2630/2736/2063
f 1436/1542/1179 2374/2480/1759 1267/1373/1563
f 2381/2487/2421 2375/2481/1898 1643/1749/1497
f 1866/1972/1894 2375/2481/1898 1350/1456/2231
f 1648/1754/2409 2376/2482/2422 1646/1752/2259
f 2043/2149/1565 2376/2482/2422 1131/1237/1566
f 2377/2483/2257 1647/1753/1731 1577/1683/2423
f 2136/2242/2192 2377/2483/2257 1534/1640/2193
f 1378/1484/1147 2378/2484/1729 1190/1296/1148
f 1170/1276/1730 2378/2484/1729 1247/1353/1761
f 2370/2476/2415 2379/2485/2417 1455/1561/1495
f 1517/1623/2418 2379/2485/2417 1638/1744/2166
f 1650/1756/2225 2380/2486/2226 1649/1755/1496
f 2381/2487/2421 1518/1624/1933 1662/1768/1932
f 1518/1624/1933 2381/2487/2421 2380/2486/2226
f 1662/1768/1932 1350/1456/2231 2381/2487/2421
f 2384/2490/2157 2382/2488/1388 1489/1595/2163
f 1654/1760/1389 2392/2498/2161 2383/2489/1387
f 1652/1758/2228 2383/2489/1387 1656/1762/2160
f 1653/1759/2164 2382/2488/1388 2383/2489/1387
f 2020/2126/2158 2384/2490/2157 1489/1595/2163
f 2384/2490/2157 1668/1774/2156 2385/2491/2014
f 2386/2492/2314 2385/2491/2014 1668/1774/2156
f 2388/2494/2015 1363/1469/2159 2392/2498/2161
f 2402/2508/2315 2386/2492/2314 1668/1774/2156
f 1414/1520/2316 2391/2497/2478 2387/2493/2428
f 1414/1520/2316 2387/2493/2428 2386/2492/2314
f 1709/1815/2006 2427/2533/2005 2389/2495/2480
f 2385/2491/2014 1655/1761/2427 2388/2494/2015
f 2646/2752/2425 2388/2494/2015 1655/1761/2427
f 1709/1815/2006 2389/2495/2480 2387/2493/2428
f 2389/2495/2480 1115/1221/2641 2390/2496/2652
f 2405/2511/1999 2390/2496/2652 1115/1221/2641
f 2397/2503/2653 2390/2496/2652 1659/1765/1998
f 2648/2754/2479 1414/1520/2316 1711/1817/2346
f 2423/2529/2010 2391/2497/2478 1708/1814/2008
f 2383/2489/1387 2392/2498/2161 1656/1762/2160
f 2388/2494/2015 2392/2498/2161 1654/1760/1389
f 1363/1469/2159 2393/2499/2233 1656/1762/2160
f 2394/2500/2430 2393/2499/2233 1657/1763/1394
f 1686/1792/1396 2394/2500/2430 1657/1763/1394
f 1520/1626/2229 2394/2500/2430 1661/1767/1936
f 2098/2204/2424 2395/2501/2429 1363/1469/2159
f 1687/1793/1395 2395/2501/2429 1658/1764/2432
f 2397/2503/2653 1658/1764/2432 2098/2204/2424
f 1969/2075/1854 2396/2502/1857 1659/1765/1998
f 1658/1764/2432 2397/2503/2653 2396/2502/1857
f 2390/2496/2652 2397/2503/2653 2098/2204/2424
f 1667/1773/2435 2398/2504/2438 1664/1770/1895
f 1870/1976/2143 2398/2504/2438 1665/1771/2420
f 1349/1455/2146 2410/2516/1891 2400/2506/1404
f 1870/1976/2143 2399/2505/2419 1666/1772/2439
f 1349/1455/2146 2400/2506/1404 2399/2505/2419
f 2649/2755/1405 2400/2506/1404 1680/1786/2456
f 2592/2698/2441 2401/2507/1406 1484/1590/2440
f 2401/2507/1406 2592/2698/2441 2406/2512/2601
f 2020/2126/2158 2402/2508/2315 1668/1774/2156
f 2403/2509/2347 2402/2508/2315 1669/1775/2481
f 1669/1775/2481 1712/1818/2016 2650/2756/2348
f 1414/1520/2316 2403/2509/2347 1711/1817/2346
f 2576/2682/2433 2404/2510/1997 1674/1780/2448
f 1969/2075/1854 2404/2510/1997 1342/1448/2431
f 2390/2496/2652 2405/2511/1999 1659/1765/1998
f 2021/2127/2450 2405/2511/1999 1115/1221/2641
f 1870/1976/2143 2406/2512/2601 1116/1222/2142
f 2401/2507/1406 2406/2512/2601 1666/1772/2439
f 1675/1781/2145 2407/2513/2144 2406/2512/2601
f 1872/1978/2069 2407/2513/2144 1873/1979/2141
f 1519/1625/1935 2408/2514/2434 1663/1769/2230
f 1353/1459/1397 2408/2514/2434 1676/1782/1785
f 2409/2515/1889 1349/1455/2146 2564/2670/2437
f 1678/1784/1892 1679/1785/1890 2409/2515/1889
f 2411/2517/2452 2410/2516/1891 1679/1785/1890
f 2400/2506/1404 2410/2516/1891 1680/1786/2456
f 1689/1795/1874 2411/2517/2452 1679/1785/1890
f 2411/2517/2452 1691/1797/1952 2597/2703/2455
f 1152/1258/2165 2412/2518/2414 1638/1744/2166
f 1681/1787/2064 2412/2518/2414 1682/1788/2065
f 2396/2502/1857 2413/2519/1856 1658/1764/2432
f 1993/2099/2056 2413/2519/1856 1279/1385/1855
f 1951/2057/1879 2414/2520/1873 1352/1458/1875
f 1348/1454/1887 2414/2520/1873 1690/1796/2453
f 1699/1805/2243 2415/2521/1561 1696/1802/1560
f 2223/2329/1736 2415/2521/1561 1698/1804/2459
f 1699/1805/2243 1141/1247/2338 2417/2523/2460
f 1701/1807/2461 2416/2522/2244 1700/1806/2465
f 1141/1247/2338 1933/2039/2337 2417/2523/2460
f 1700/1806/2465 2417/2523/2460 1933/2039/2337
f 1418/1524/2540 1985/2091/2470 2419/2525/2238
f 1846/1952/1372 2418/2524/2469 1702/1808/2582
f 1702/1808/2582 2419/2525/2238 1983/2089/2237
f 1418/1524/2540 2419/2525/2238 2418/2524/2469
f 2421/2527/2477 2420/2526/1455 1705/1811/1454
f 1706/1812/2444 1128/1234/1347 2420/2526/1455
f 1710/1816/2442 2421/2527/2477 1567/1673/2313
f 2420/2526/1455 2421/2527/2477 1706/1812/2444
f 1735/1841/2009 2422/2528/2312 1707/1813/2311
f 2422/2528/2312 1708/1814/2008 2648/2754/2479
f 2424/2530/2007 2423/2529/2010 1413/1519/2485
f 2391/2497/2478 2423/2529/2010 1709/1815/2006
f 1716/1822/2483 2424/2530/2007 1413/1519/2485
f 2424/2530/2007 1715/1821/2451 2427/2533/2005
f 1710/1816/2442 1586/1692/1578 2425/2531/2443
f 2425/2531/2443 1586/1692/1578 2642/2748/2344
f 2157/2263/2152 2426/2532/2482 1712/1818/2016
f 1714/1820/2149 2426/2532/2482 1142/1248/2151
f 2021/2127/2450 2427/2533/2005 1715/1821/2451
f 2389/2495/2480 2427/2533/2005 1115/1221/2641
f 2430/2536/2001 2428/2534/2013 1361/1467/2044
f 2431/2537/2484 2428/2534/2013 1716/1822/2483
f 2430/2536/2001 2429/2535/2486 2428/2534/2013
f 2565/2671/2043 2429/2535/2486 1721/1827/2000
f 1720/1826/2002 2430/2536/2001 1361/1467/2044
f 2429/2535/2486 2430/2536/2001 1721/1827/2000
f 1843/1949/2487 2431/2537/2484 1413/1519/2485
f 2428/2534/2013 2431/2537/2484 1717/1823/2011
f 2428/2534/2013 2432/2538/2012 1361/1467/2044
f 1844/1950/2488 2432/2538/2012 1717/1823/2011
f 2434/2540/1928 2433/2539/1930 1719/1825/2330
f 1724/1830/1803 2433/2539/1930 1718/1824/1929
f 1720/1826/2002 2434/2540/1928 1719/1825/2330
f 2432/2538/2012 2434/2540/1928 1361/1467/2044
f 1722/1828/2329 2435/2541/2489 1719/1825/2330
f 1725/1831/1927 2435/2541/2489 1573/1679/2331
f 1725/1831/1927 2436/2542/2333 1720/1826/2002
f 2437/2543/2490 1441/1547/1926 1955/2061/2363
f 1441/1547/1926 2437/2543/2490 2436/2542/2333
f 2437/2543/2490 1955/2061/2363 2566/2672/1862
f 1360/1466/2327 2438/2544/2332 1722/1828/2329
f 2438/2544/2332 1723/1829/2491 2445/2551/2492
f 2451/2557/2321 2439/2545/1915 1360/1466/2327
f 1732/1838/2320 2453/2559/2503 2440/2546/1916
f 1732/1838/2320 2440/2546/1916 2439/2545/1915
f 1805/1911/2495 2440/2546/1916 1733/1839/2536
f 2442/2548/2384 2441/2547/1925 1725/1831/1927
f 2443/2549/2040 2441/2547/1925 1726/1832/2383
f 1725/1831/1927 1727/1833/2386 2442/2548/2384
f 1119/1225/2385 2442/2548/2384 1727/1833/2386
f 1726/1832/2383 2493/2599/2493 2444/2550/2494
f 2443/2549/2040 1598/1704/2624 2571/2677/2362
f 2260/2366/1393 2444/2550/2494 1440/1546/1391
f 1598/1704/2624 2443/2549/2040 2444/2550/2494
f 2438/2544/2332 2445/2551/2492 1727/1833/2386
f 1608/1714/1914 2445/2551/2492 1723/1829/2491
f 1360/1466/2327 1722/1828/2329 2446/2552/2325
f 1572/1678/1805 2446/2552/2325 1722/1828/2329
f 2449/2555/2498 2447/2553/2499 1729/1835/1804
f 2448/2554/2501 2447/2553/2499 1571/1677/2507
f 2324/2430/1329 2448/2554/2501 1571/1677/2507
f 2450/2556/2326 2448/2554/2501 1731/1837/2500
f 1292/1398/2324 2449/2555/2498 1729/1835/1804
f 2641/2747/2505 2449/2555/2498 1742/1848/2335
f 2448/2554/2501 2450/2556/2326 1730/1836/2328
f 2451/2557/2321 2450/2556/2326 1731/1837/2500
f 2452/2558/2322 2451/2557/2321 1731/1837/2500
f 2439/2545/1915 2451/2557/2321 1732/1838/2320
f 1731/1837/2500 1570/1676/2656 2452/2558/2322
f 1570/1676/2656 2149/2255/2319 2651/2757/2502
f 2454/2560/2504 1550/1656/2284 1779/1885/2545
f 2440/2546/1916 2453/2559/2503 1733/1839/2536
f 1601/1707/1323 2454/2560/2504 1779/1885/2545
f 1733/1839/2536 2453/2559/2503 2454/2560/2504
f 2223/2329/1736 2455/2561/1383 1168/1274/2464
f 2456/2562/2463 2455/2561/1383 1698/1804/2459
f 1699/1805/2243 2456/2562/2463 1698/1804/2459
f 1845/1951/2018 2456/2562/2463 1697/1803/2242
f 1419/1525/2618 2183/2289/1742 2458/2564/1382
f 1845/1951/2018 2457/2563/1650 1736/1842/1381
f 2458/2564/1382 1168/1274/2464 2455/2561/1383
f 1419/1525/2618 2458/2564/1382 2457/2563/1650
f 2459/2565/2304 1565/1671/1799 2012/2118/1798
f 1742/1848/2335 2459/2565/2304 1576/1682/2506
f 1747/1853/1722 1153/1259/1501 2460/2566/1720
f 1999/2105/1837 2460/2566/1720 1153/1259/1501
f 1319/1425/1098 1241/1347/1790 2461/2567/1721
f 1182/1288/1835 2461/2567/1721 1241/1347/1790
f 1759/1865/2180 2462/2568/1379 1757/1863/1378
f 1788/1894/2514 2462/2568/1379 1758/1864/2512
f 1790/1896/2513 2463/2569/2516 1501/1607/2085
f 1758/1864/2512 1759/1865/2180 2463/2569/2516
f 2465/2571/2221 2464/2570/1826 1134/1240/1416
f 1762/1868/1827 2464/2570/1826 1761/1867/2220
f 2072/2178/1418 2465/2571/2221 1134/1240/1416
f 2465/2571/2221 1515/1621/2218 2466/2572/2219
f 1515/1621/2218 2271/2377/2217 2467/2573/2563
f 2466/2572/2219 1460/1566/2560 1825/1931/2518
f 2467/2573/2563 2466/2572/2219 1515/1621/2218
f 2500/2606/2554 2501/2607/2559 1823/1929/2078
f 2469/2575/2520 2468/2574/2084 1762/1868/1827
f 2470/2576/2181 2468/2574/2084 1763/1869/2521
f 2503/2609/2519 2469/2575/2520 1762/1868/1827
f 2469/2575/2520 1521/1627/2517 2474/2580/2524
f 2471/2577/2522 2470/2576/2181 1763/1869/2521
f 1790/1896/2513 2470/2576/2181 1764/1870/2246
f 2471/2577/2522 1312/1418/1448 2482/2588/2523
f 2470/2576/2181 2471/2577/2522 1764/1870/2246
f 2471/2577/2522 2472/2578/1449 1312/1418/1448
f 2469/2575/2520 2472/2578/1449 1763/1869/2521
f 2473/2579/2108 1522/1628/2110 2479/2585/2526
f 2474/2580/2524 2473/2579/2108 1765/1871/2028
f 1820/1926/2234 2474/2580/2524 1521/1627/2517
f 2473/2579/2108 2474/2580/2524 1766/1872/2236
f 2473/2579/2108 2475/2581/1447 1765/1871/2028
f 1770/1876/2182 2475/2581/1447 1767/1873/2525
f 2477/2583/2235 2476/2582/2109 1766/1872/2236
f 1982/2088/2473 2476/2582/2109 1768/1874/2241
f 1820/1926/2234 2477/2583/2235 1766/1872/2236
f 1854/1960/2019 2477/2583/2235 1523/1629/2083
f 2478/2584/2240 1524/1630/2026 2481/2587/2528
f 2479/2585/2526 2478/2584/2240 1767/1873/2525
f 2478/2584/2240 2479/2585/2526 1769/1875/2027
f 2473/2579/2108 2479/2585/2526 1767/1873/2525
f 2480/2586/2249 1525/1631/2373 2484/2590/2531
f 2481/2587/2528 2480/2586/2249 1770/1876/2182
f 1784/1890/1414 2481/2587/2528 1524/1630/2026
f 2480/2586/2249 2481/2587/2528 1771/1877/2250
f 2480/2586/2249 2482/2588/2523 1770/1876/2182
f 2471/2577/2522 2482/2588/2523 1772/1878/2247
f 2483/2589/2245 1772/1878/2247 2484/2590/2531
f 1790/1896/2513 2483/2589/2245 1502/1608/2288
f 2483/2589/2245 2484/2590/2531 1773/1879/2287
f 2480/2586/2249 2484/2590/2531 1772/1878/2247
f 1795/1901/2366 2485/2591/2535 1113/1219/2031
f 2486/2592/2286 2485/2591/2535 1779/1885/2545
f 1550/1656/2284 2486/2592/2286 1779/1885/2545
f 2486/2592/2286 1780/1886/2285 2487/2593/2177
f 2486/2592/2286 2487/2593/2177 1778/1884/2119
f 1819/1925/2318 2487/2593/2177 1780/1886/2285
f 1783/1889/2025 1830/1936/2467 2652/2758/1415
f 1784/1890/1414 1524/1630/2026 2488/2594/2541
f 1940/2046/2542 2489/2595/1413 1582/1688/2466
f 1934/2040/2342 2489/2595/1413 1785/1891/2340
f 2480/2586/2249 2490/2596/2248 1525/1631/2373
f 1934/2040/2342 2490/2596/2248 1771/1877/2250
f 2150/2256/2122 2491/2597/2372 1786/1892/2529
f 2492/2598/2530 2491/2597/2372 1787/1893/2544
f 1975/2081/2533 2492/2598/2530 1787/1893/2544
f 2484/2590/2531 2492/2598/2530 1773/1879/2287
f 2444/2550/2494 2493/2599/2493 1440/1546/1391
f 1119/1225/2385 2493/2599/2493 1726/1832/2383
f 2493/2599/2493 2494/2600/2042 1807/1913/1538
f 2152/2258/2497 2494/2600/2042 1119/1225/2385
f 2099/2205/2047 2495/2601/1539 1442/1548/2048
f 2496/2602/1540 2495/2601/1539 1808/1914/1226
f 2496/2602/1540 1808/1914/1226 2638/2744/2548
f 1807/1913/1538 2496/2602/1540 1440/1546/1391
f 1816/1922/1492 2497/2603/2390 1610/1716/2380
f 1611/1717/2375 2497/2603/2390 1817/1923/2376
f 1821/1927/2081 2500/2606/2554 2502/2608/2555
f 1856/1962/2558 2498/2604/2082 1822/1928/2593
f 1124/1230/2557 2599/2705/2564 2600/2706/2556
f 2502/2608/2555 1822/1928/2593 2498/2604/2082
f 2501/2607/2559 1460/1566/2560 2467/2573/2563
f 2500/2606/2554 1823/1929/2078 2502/2608/2555
f 2467/2573/2563 1824/1930/2562 2501/2607/2559
f 2062/2168/1527 2501/2607/2559 1824/1930/2562
f 1823/1929/2078 2499/2605/2080 2502/2608/2555
f 1822/1928/2593 2502/2608/2555 2499/2605/2080
f 2469/2575/2520 2503/2609/2519 1521/1627/2517
f 1761/1867/2220 2503/2609/2519 1762/1868/1827
f 1820/1926/2234 2504/2610/2553 1821/1927/2081
f 1825/1931/2518 1460/1566/2560 2504/2610/2553
f 2061/2167/1993 2505/2611/1360 1826/1932/1991
f 1828/1934/1361 2505/2611/1360 1827/1933/2569
f 2088/2194/1989 2506/2612/2568 1827/1933/2569
f 2073/2179/2566 2506/2612/2568 1469/1575/2567
f 2418/2524/2469 2507/2613/2468 1418/1524/2540
f 1700/1806/2465 2507/2613/2468 1701/1807/2461
f 2310/2416/2277 2508/2614/2279 1547/1653/2278
f 2510/2616/2197 2508/2614/2279 1111/1217/2650
f 2510/2616/2197 2509/2615/1973 1832/1938/1972
f 1838/1944/1717 2509/2615/1973 1833/1939/2198
f 2508/2614/2279 2510/2616/2197 1832/1938/1972
f 2352/2458/1976 2510/2616/2197 1111/1217/2650
f 2352/2458/1976 2511/2617/2574 2510/2616/2197
f 1404/1510/2575 2606/2712/1458 2512/2618/1457
f 1404/1510/2575 2512/2618/1457 2511/2617/2574
f 2513/2619/2576 2077/2183/1459 1143/1249/1718
f 1143/1249/1718 1838/1944/1717 2513/2619/2576
f 1838/1944/1717 1833/1939/2198 2513/2619/2576
f 2514/2620/2199 1834/1940/1424 1506/1612/2273
f 2508/2614/2279 2514/2620/2199 1547/1653/2278
f 1837/1943/2577 2515/2621/1583 1835/1941/1425
f 2516/2622/2579 2515/2621/1583 1836/1942/2578
f 1201/1307/1053 2516/2622/2579 1836/1942/2578
f 2621/2727/1593 2516/2622/2579 2145/2251/1748
f 2519/2625/2200 2517/2623/2581 1837/1943/2577
f 2229/2335/1749 2517/2623/2581 1177/1283/2580
f 1240/1346/1751 1177/1283/2580 2518/2624/1841
f 2519/2625/2200 2518/2624/1841 1177/1283/2580
f 1838/1944/1717 2519/2625/2200 1837/1943/2577
f 2518/2624/1841 2519/2625/2200 1840/1946/1719
f 2416/2522/2244 2520/2626/2462 1697/1803/2242
f 1846/1952/1372 2520/2626/2462 1701/1807/2461
f 1978/2084/1829 2521/2627/2471 1702/1808/2582
f 2521/2627/2471 1417/1523/1831 2523/2629/2201
f 2521/2627/2471 2522/2628/1370 1846/1952/1372
f 2140/2246/2583 2522/2628/1370 1847/1953/2472
f 2521/2627/2471 2523/2629/2201 1847/1953/2472
f 1849/1955/2207 2523/2629/2201 1417/1523/1831
f 1850/1956/1984 2524/2630/2206 1849/1955/2207
f 1852/1958/2022 2524/2630/2206 1511/1617/2571
f 2526/2632/2591 1854/1960/2019 1856/1962/2558
f 1979/2085/2590 2525/2631/2020 1855/1961/2589
f 2526/2632/2591 1856/1962/2558 2102/2208/1363
f 1855/1961/2589 2525/2631/2020 2526/2632/2591
f 2182/2288/1117 2527/2633/1111 1173/1279/1110
f 1310/1416/1575 2527/2633/1111 1252/1358/1105
f 1485/1591/1121 2528/2634/1675 1310/1416/1575
f 2064/2170/1673 2528/2634/1675 1210/1316/1839
f 2529/2635/1674 1621/1727/2103 2362/2468/1791
f 2064/2170/1673 2529/2635/1674 1858/1964/1109
f 2139/2245/2153 2530/2636/2150 1860/1966/2154
f 2040/2146/1643 2530/2636/2150 1488/1594/1937
f 2319/2425/1801 2531/2637/2305 1861/1967/1802
f 2012/2118/1798 2531/2637/2305 1564/1670/2638
f 2103/2209/2599 2532/2638/2597 1513/1619/1485
f 2356/2462/1980 2532/2638/2597 1863/1969/1981
f 2103/2209/2599 2533/2639/2211 1863/1969/1981
f 2534/2640/2584 1864/1970/2640 2018/2124/2112
f 1864/1970/2640 2534/2640/2584 2533/2639/2211
f 2017/2123/2113 2534/2640/2584 2018/2124/2112
f 2536/2642/1195 2535/2641/2595 1862/1968/2596
f 2361/2467/2399 2535/2641/2595 1617/1723/2410
f 2536/2642/1195 1862/1968/2596 2356/2462/1980
f 1617/1723/2410 2536/2642/1195 2364/2470/1197
f 2373/2479/2066 2537/2643/2068 1456/1562/2408
f 1866/1972/1894 2537/2643/2068 1640/1746/1896
f 2539/2645/2604 2538/2644/1822 1874/1980/1821
f 1886/1992/1965 2538/2644/1822 1875/1981/2605
f 1874/1980/1821 2070/2176/2602 2539/2645/2604
f 1483/1589/2606 2539/2645/2604 2070/2176/2602
f 1878/1984/2073 1457/1563/2609 2540/2646/2405
f 1880/1986/2407 2540/2646/2405 1457/1563/2609
f 1908/2014/2608 2541/2647/2404 1622/1728/2607
f 2540/2646/2405 2541/2647/2404 1878/1984/2073
f 2025/2131/2131 2542/2648/2136 1875/1981/2605
f 1390/1496/2135 1886/1992/1965 2542/2648/2136
f 2010/2116/2125 2543/2649/2126 1478/1584/2610
f 2045/2151/2127 2543/2649/2126 1887/1993/1344
f 1671/1777/1398 2544/2650/2445 1677/1783/1399
f 2153/2259/1884 2544/2650/2445 1888/1994/2054
f 2532/2638/2597 2545/2651/1483 1513/1619/1485
f 2545/2651/1483 1862/1968/2596 2535/2641/2595
f 2545/2651/1483 2546/2652/2397 1893/1999/1484
f 2547/2653/2398 2546/2652/2397 1865/1971/2396
f 2361/2467/2399 2547/2653/2398 1865/1971/2396
f 1149/1255/2600 2547/2653/2398 2109/2215/1689
f 1938/2044/1203 2548/2654/1205 1149/1255/2600
f 1895/2001/1490 2548/2654/1205 1894/2000/1204
f 1895/2001/1490 1894/2000/1204 2549/2655/1491
f 2240/2346/2613 2549/2655/1491 1894/2000/1204
f 2029/2135/2586 2550/2656/2598 1122/1228/2588
f 2103/2209/2599 2550/2656/2598 1864/1970/2640
f 1915/2021/2089 2551/2657/1531 1905/2011/1530
f 1906/2012/2187 2551/2657/1531 1463/1569/2088
f 1466/1572/1817 2552/2658/2094 1903/2009/1154
f 1986/2092/2095 2552/2658/2094 1912/2018/1435
f 2032/2138/1660 2553/2659/2268 1136/1242/1661
f 1463/1569/2088 2553/2659/2268 1539/1645/2264
f 2239/2345/2209 2554/2660/1605 1512/1618/1489
f 1919/2025/1603 2554/2660/1605 1918/2024/2617
f 2046/2152/2343 2555/2661/2458 1151/1257/2552
f 1211/1317/1570 2555/2661/2458 1926/2032/1676
f 1934/2040/2342 2556/2662/2341 1127/1233/2543
f 1583/1689/2388 2556/2662/2341 1785/1891/2340
f 1330/1436/1208 2557/2663/1772 1931/2037/1712
f 2557/2663/1772 1235/1341/1834 1391/1497/1201
f 2558/2664/2551 1151/1257/2552 2562/2668/2457
f 2559/2665/2391 2558/2664/2551 1818/1924/1678
f 1817/1923/2376 2559/2665/2391 1818/1924/1678
f 1936/2042/2389 2559/2665/2391 1604/1710/1494
f 1578/1684/1192 2560/2666/1777 1216/1322/1966
f 1398/1504/1482 1275/1381/1318 2653/2759/1778
f 1814/1920/2550 2561/2667/2392 1133/1239/2049
f 1942/2048/1680 2561/2667/2392 1611/1717/2375
f 1212/1318/1211 2562/2668/2457 1695/1801/1571
f 2562/2668/2457 1944/2050/1679 1818/1924/1678
f 2147/2253/1746 2563/2669/1745 1171/1277/2621
f 1200/1306/1705 2563/2669/1745 1258/1364/1321
f 2399/2505/2419 2564/2670/2437 1349/1455/2146
f 1667/1773/2435 2564/2670/2437 1665/1771/2420
f 2429/2535/2486 2565/2671/2043 1412/1518/1767
f 2437/2543/2490 2565/2671/2043 1721/1827/2000
f 2567/2673/2623 2566/2672/1862 1268/1374/1864
f 2437/2543/2490 2566/2672/1862 1954/2060/1931
f 1961/2067/1763 2567/2673/2623 1268/1374/1864
f 1956/2062/1858 1954/2060/1931 2567/2673/2623
f 2569/2675/2004 2568/2674/1765 1956/2062/1858
f 2570/2676/1766 2568/2674/1765 1957/2063/2003
f 1956/2062/1858 1411/1517/1762 2569/2675/2004
f 1411/1517/1762 2576/2682/2433 2656/2762/2625
f 1957/2063/2003 2021/2127/2450 2654/2760/2449
f 2429/2535/2486 2570/2676/1766 1716/1822/2483
f 1958/2064/1863 1955/2061/2363 2571/2677/2362
f 2571/2677/2362 1955/2061/2363 1441/1547/1926
f 2260/2366/1393 2572/2678/2361 1598/1704/2624
f 2573/2679/2630 2572/2678/2361 1959/2065/1444
f 2573/2679/2630 1959/2065/1444 2215/2321/1446
f 2574/2680/1866 2573/2679/2630 1960/2066/2634
f 2573/2679/2630 2574/2680/1866 1958/2064/1863
f 2575/2681/2631 2574/2680/1866 1960/2066/2634
f 2655/2761/2626 1960/2066/2634 1345/1451/2627
f 1961/2067/1763 1268/1374/1864 2575/2681/2631
f 2404/2510/1997 2576/2682/2433 1342/1448/2431
f 2576/2682/2433 1674/1780/2448 2656/2762/2625
f 2576/2682/2433 2577/2683/1786 1342/1448/2431
f 2578/2684/2633 2577/2683/1786 1963/2069/1865
f 2577/2683/1786 2578/2684/2633 1964/2070/1353
f 2579/2685/2632 2578/2684/2633 1963/2069/1865
f 1962/2068/1764 2579/2685/2632 1963/2069/1865
f 1129/1235/2116 2579/2685/2632 1970/2076/2117
f 2260/2366/1393 2580/2686/1445 1959/2065/1444
f 1140/1246/2039 1966/2072/1734 2580/2686/1445
f 1250/1356/1283 1187/1293/1617 2581/2687/1846
f 2215/2321/1446 2581/2687/1846 1187/1293/1617
f 1345/1451/2627 2582/2688/2629 1972/2078/1516
f 2573/2679/2630 2582/2688/2629 1960/2066/2634
f 1129/1235/2116 2583/2689/2115 1965/2071/1351
f 1973/2079/1861 1473/1579/2114 2583/2689/2115
f 1751/1857/1419 2584/2690/1421 1750/1856/2170
f 2000/2106/2171 2584/2690/1421 2001/2107/1420
f 2267/2373/2058 2585/2691/2057 2006/2112/1537
f 2097/2203/2412 2585/2691/2057 1450/1556/2651
f 2586/2692/2357 2011/2117/1797 1591/1697/2355
f 1114/1220/1920 2012/2118/1798 2586/2692/2357
f 2018/2124/2112 2587/2693/1994 1471/1577/1068
f 2013/2119/1985 2587/2693/1994 1851/1957/2585
f 2074/2180/2105 2588/2694/1070 2015/2121/2111
f 2017/2123/2113 2588/2694/1070 2016/2122/2639
f 2351/2457/2292 2589/2695/2291 1555/1661/2104
f 2357/2463/2213 2589/2695/2291 1613/1719/2293
f 1486/1592/2148 2059/2165/2077 2590/2696/2642
f 2063/2169/2076 2590/2696/2642 2059/2165/2077
f 2591/2697/1956 1389/1495/1520 2617/2723/2139
f 2025/2131/2131 2591/2697/1956 1482/1588/1955
f 2070/2176/2602 2592/2698/2441 2027/2133/1870
f 2592/2698/2441 1675/1781/2145 2406/2512/2601
f 2593/2699/2643 2031/2137/1591 1178/1284/1686
f 2553/2659/2268 2593/2699/2643 1539/1645/2264
f 2032/2138/1660 2594/2700/1662 2033/2139/1754
f 2194/2300/1811 2594/2700/1662 1136/1242/1661
f 1203/1309/1427 2595/2701/1753 1264/1370/1159
f 2595/2701/1753 2033/2139/1754 1306/1412/1810
f 2027/2133/1870 2596/2702/1872 2026/2132/2132
f 1599/1705/1518 2596/2702/1872 2048/2154/1871
f 2411/2517/2452 2597/2703/2455 1680/1786/2456
f 1132/1238/1953 2597/2703/2455 1691/1797/1952
f 2001/2107/1420 2598/2704/2297 1558/1664/1908
f 2055/2161/2295 2598/2704/2297 1126/1232/2300
f 2599/2705/2564 1826/1932/1991 2600/2706/2556
f 1124/1230/2557 2057/2163/1992 2599/2705/2564
f 2102/2208/1363 2600/2706/2556 1826/1932/1991
f 2499/2605/2080 2600/2706/2556 1822/1928/2593
f 2602/2708/1694 2601/2707/2147 1486/1592/2148
f 2061/2167/1993 2601/2707/2147 2058/2164/1693
f 1486/1592/2148 2288/2394/2636 2602/2708/1694
f 1154/1260/1692 2602/2708/1694 2288/2394/2636
f 2499/2605/2080 2603/2709/2079 1124/1230/2557
f 2062/2168/1527 2603/2709/2079 1823/1929/2078
f 2061/2167/1993 1408/1514/2565 2604/2710/2645
f 2088/2194/1989 2604/2710/2645 1408/1514/2565
f 2277/2383/2306 2605/2711/1919 1861/1967/1802
f 2605/2711/1919 2069/2175/1900 1358/1464/2298
f 2351/2457/2292 2606/2712/1458 1404/1510/2575
f 2607/2713/2647 2606/2712/1458 2076/2182/1978
f 2606/2712/1458 2607/2713/2647 2077/2183/1459
f 2245/2351/1974 2607/2713/2647 2076/2182/1978
f 2015/2121/2111 2087/2193/1990 2608/2714/2294
f 1123/1229/2646 2608/2714/2294 2087/2193/1990
f 2609/2715/1741 1255/1361/1317 2610/2716/1355
f 2095/2201/1648 1198/1304/1086 2609/2715/1741
f 1368/1474/1354 2610/2716/1355 1255/1361/1317
f 1167/1273/1601 2610/2716/1355 2224/2330/1356
f 2352/2458/1976 2611/2717/2393 1614/1720/1977
f 2310/2416/2277 2611/2717/2393 1111/1217/2650
f 1307/1413/1724 2612/2718/1726 2105/2211/1430
f 2613/2719/1808 1831/1937/1725 1334/1440/1258
f 1831/1937/1725 2613/2719/1808 2612/2718/1726
f 1432/1538/1291 2613/2719/1808 1334/1440/1258
f 2129/2235/2395 2614/2720/1688 1616/1722/1597
f 1180/1286/1967 2109/2215/1689 2614/2720/1688
f 2115/2221/1948 2615/2721/1704 1526/1632/2402
f 1193/1299/1298 2615/2721/1704 2116/2222/2253
f 1385/1491/1441 2616/2722/1443 1158/1264/1522
f 1386/1492/1338 2616/2722/1443 2119/2225/1442
f 2591/2697/1956 2617/2723/2139 2120/2226/1954
f 2348/2454/1519 2617/2723/2139 1389/1495/1520
f 2093/2199/1638 2618/2724/2138 1530/1636/2137
f 1388/1494/1806 2116/2222/2253 2657/2763/2256
f 2526/2632/2591 2619/2725/2592 1855/1961/2589
f 1828/1934/1361 2619/2725/2592 1470/1576/1362
f 1535/1641/1472 2620/2726/1590 2134/2240/1589
f 1901/2007/2261 2620/2726/1590 2127/2233/2262
f 2516/2622/2579 2621/2727/1593 1135/1241/1582
f 2622/2728/1594 2145/2251/1748 2146/2252/1656
f 2145/2251/1748 2622/2728/1594 2621/2727/1593
f 1202/1308/1422 2622/2728/1594 2146/2252/1656
f 1175/1281/1657 2623/2729/1747 1259/1365/1051
f 2516/2622/2579 2623/2729/1747 2145/2251/1748
f 1780/1886/2285 2624/2730/2538 1819/1925/2318
f 2323/2429/1331 2624/2730/2538 2149/2255/2319
f 1609/1715/2620 2625/2731/2549 2151/2257/2120
f 1812/1918/1493 2625/2731/2549 1935/2041/2374
f 1931/2037/1712 2626/2732/1844 1330/1436/1208
f 1141/1247/2338 2626/2732/1844 2156/2262/1843
f 1915/2021/2089 2627/2733/2086 1136/1242/1661
f 2273/2379/1636 2627/2733/2086 1462/1568/2616
f 2628/2734/2594 1191/1297/1635 2629/2735/2030
f 1306/1412/1810 2628/2734/2594 1859/1965/1608
f 1191/1297/1635 1431/1537/1238 2629/2735/2030
f 1431/1537/1238 1333/1439/1236 2629/2735/2030
f 1170/1276/1730 2630/2736/2063 1645/1751/2336
f 2374/2480/1759 2630/2736/2063 2201/2307/1760
f 1340/1446/1851 2631/2737/1616 2211/2317/1850
f 1339/1445/1514 2631/2737/1616 2210/2316/1783
f 2632/2738/1860 1972/2078/1516 2582/2688/2629
f 1343/1449/1618 2632/2738/1860 2214/2320/1619
f 1367/1473/1369 2633/2739/1738 1256/1362/1194
f 1168/1274/2464 2633/2739/1738 2222/2328/1737
f 2225/2331/1450 2634/2740/2210 1214/1320/1968
f 2239/2345/2209 2634/2740/2210 1918/2024/2617
f 1415/1521/1744 2635/2741/2017 1922/2028/1487
f 1419/1525/2618 2635/2741/2017 2251/2357/1942
f 1225/1331/1303 2636/2742/2401 1620/1726/1297
f 2252/2358/1703 1162/1268/1432 2637/2743/2252
f 2112/2218/1431 2637/2743/2252 1162/1268/1432
f 1526/1632/2402 2637/2743/2252 2113/2219/1949
f 2496/2602/1540 2638/2744/2548 2259/2365/1392
f 2258/2364/1225 2638/2744/2548 1808/1914/1226
f 1482/1588/1955 2639/2745/2255 2287/2393/1440
f 2618/2724/2138 2639/2745/2255 2120/2226/1954
f 2133/2239/1588 2640/2746/2267 1538/1644/2266
f 1906/2012/2187 2640/2746/2267 1536/1642/2615
f 2449/2555/2498 2641/2747/2505 1571/1677/2507
f 1576/1682/2506 2641/2747/2505 1742/1848/2335
f 1589/1695/1327 2642/2748/2344 1734/1840/1580
f 2425/2531/2443 2642/2748/2344 2338/2444/2345
f 1704/1810/1453 2643/2749/1384 1566/1672/1386
f 1593/1699/2308 2643/2749/1384 2345/2451/2476
f 1602/1708/1365 2644/2750/2371 2350/2456/1366
f 2150/2256/2122 2644/2750/2371 1787/1893/2544
f 2609/2715/1741 2645/2751/1740 2095/2201/1648
f 2164/2270/1600 2645/2751/1740 1167/1273/1601
f 2647/2753/2426 2646/2752/2425 1655/1761/2427
f 1363/1469/2159 2646/2752/2425 2098/2204/2424
f 2389/2495/2480 2647/2753/2426 1655/1761/2427
f 2098/2204/2424 2647/2753/2426 2390/2496/2652
f 1414/1520/2316 2648/2754/2479 2391/2497/2478
f 2422/2528/2312 2648/2754/2479 1711/1817/2346
f 2049/2155/1961 2649/2755/1405 1680/1786/2456
f 2401/2507/1406 2649/2755/1405 1484/1590/2440
f 1711/1817/2346 2650/2756/2348 1710/1816/2442
f 1669/1775/2481 2650/2756/2348 2403/2509/2347
f 2651/2757/2502 1550/1656/2284 2453/2559/2503
f 1570/1676/2656 2651/2757/2502 2452/2558/2322
f 2652/2758/1415 1582/1688/2466 2489/2595/1413
f 1783/1889/2025 2652/2758/1415 2488/2594/2541
f 1938/2044/1203 2653/2759/1778 1181/1287/1969
f 1398/1504/1482 2653/2759/1778 2560/2666/1777
f 1716/1822/2483 2654/2760/2449 1715/1821/2451
f 1957/2063/2003 2654/2760/2449 2570/2676/1766
f 1961/2067/1763 2655/2761/2626 1962/2068/1764
f 1960/2066/2634 2655/2761/2626 2575/2681/2631
f 1957/2063/2003 2656/2762/2625 1674/1780/2448
f 1411/1517/1762 2656/2762/2625 2569/2675/2004
f 2639/2745/2255 2657/2763/2256 1139/1245/2654
f 1388/1494/1806 2657/2763/2256 2618/2724/2138
f 2658/2764/2658 2659/2765/2659 3414/3551/2660
f 3413/3550/2661 2778/2915/2662 2779/2916/2663
f 2886/3023/2664 2955/3092/2665 3445/3582/2666
f 2955/3092/2665 2777/2914/2667 2778/2915/2662
f 2955/3092/2665 2778/2915/2662 3413/3550/2661
f 2776/2913/2668 3416/3553/2669 2957/3094/2670
f 3353/3490/2671 2936/3073/2672 2872/3009/2673
f 2775/2912/2674 3038/3175/2675 2774/2911/2676
f 2817/2954/2677 3434/3571/2678 3435/3572/2679
f 3353/3490/2671 2935/3072/2680 2772/2909/2681
f 3421/3558/2682 2767/2904/2683 2768/2905/2684
f 2935/3072/2680 2771/2908/2685 2772/2909/2681
f 3638/3775/2686 3215/3352/2687 3644/3781/2688
f 3421/3558/2682 2978/3115/2689 2767/2904/2683
f 2861/2998/2690 3331/3468/2691 3333/3470/2692
f 2978/3115/2689 2766/2903/2693 2767/2904/2683
f 3022/3159/2694 2768/2905/2684 2769/2906/2695
f 2661/2767/2696 3415/3552/2697 2956/3093/2698
f 3023/3160/2699 2662/2768/2700 2663/2769/2701
f 2938/3075/2702 2663/2769/2701 2664/2770/2703
f 2956/3093/2698 3446/3583/2704 3445/3582/2666
f 2665/2771/2705 2666/2772/2706 3318/3455/2707
f 2669/2775/2708 3420/3557/2709 2668/2774/2710
f 2666/2772/2706 2667/2773/2711 2939/3076/2712
f 2938/3075/2702 3318/3455/2707 2939/3076/2712
f 2776/2913/2668 2777/2914/2667 3416/3553/2669
f 3008/3145/2713 2762/2899/2714 2763/2900/2715
f 3009/3146/2716 3310/3447/2717 2910/3047/2718
f 3341/3478/2719 3342/3479/2720 3338/3475/2721
f 2761/2898/2722 2762/2899/2714 3140/3277/2723
f 3011/3148/2724 3386/3523/2725 2912/3049/2726
f 3010/3147/2727 2758/2895/2728 2759/2896/2729
f 2758/2895/2728 3409/3546/2730 2757/2894/2731
f 3011/3148/2724 2912/3049/2726 2756/2893/2732
f 2763/2900/2715 2764/2901/2733 2909/3046/2734
f 2670/2776/2735 2671/2777/2736 2933/3070/2737
f 2660/2766/2738 2661/2767/2696 2956/3093/2698
f 2749/2886/2739 2750/2887/2740 2928/3065/2741
f 2748/2885/2742 2893/3030/2743 2747/2884/2744
f 2996/3133/2745 2748/2885/2742 2749/2886/2739
f 2753/2890/2746 2754/2891/2747 2911/3048/2748
f 2750/2887/2740 2751/2888/2749 3323/3460/2750
f 2945/3082/2751 2918/3055/2752 52/2873/317
f 2753/2890/2746 3111/3248/2753 2752/2889/2754
f 2870/3007/2755 3323/3460/2750 2927/3064/2756
f 3378/3515/2757 2874/3011/2758 3426/3563/2759
f 46/2879/324 2743/2880/2760 47/2878/323
f 47/2878/323 2743/2880/2760 3424/3561/2761
f 2745/2882/2762 3378/3515/2757 2744/2881/2763
f 47/2878/323 3424/3561/2761 48/2877/321
f 2971/3108/2764 2746/2883/2765 2747/2884/2744
f 2937/3074/2766 49/2876/326 48/2877/321
f 2917/3054/2767 3457/3594/2768 3378/3515/2757
f 50/2875/313 49/2876/326 3203/3340/2769
f 2754/2891/2747 3116/3253/2770 2911/3048/2748
f 3461/3598/2771 2877/3014/2772 3379/3516/2773
f 3321/3458/2774 3095/3232/2775 2822/2959/2776
f 3116/3253/2770 2912/3049/2726 2858/2995/2777
f 56/2869/300 55/2870/299 2954/3091/2778
f 59/2866/262 2963/3100/2779 2898/3035/2780
f 3555/3692/2781 3069/3206/2782 2898/3035/2780
f 3319/3456/2783 2898/3035/2780 2963/3100/2779
f 54/2871/314 2919/3056/2784 55/2870/299
f 2900/3037/2785 3429/3566/2786 3428/3565/2787
f 75/2850/288 3427/3564/2788 76/2849/282
f 2863/3000/2789 3193/3330/2790 2916/3053/2791
f 2899/3036/2792 62/2863/256 61/2864/360
f 3429/3566/2786 2900/3037/2785 3430/3567/2793
f 2860/2997/2794 3106/3243/2795 2908/3045/2796
f 3070/3207/2797 2899/3036/2792 3630/3767/2798
f 72/2853/274 71/2854/276 3106/3243/2795
f 61/2864/360 60/2865/261 3069/3206/2782
f 3354/3491/2799 2922/3059/2800 2873/3010/2801
f 3366/3503/2802 2671/2777/2736 2672/2778/2803
f 2673/2779/2804 2674/2780/2805 2925/3062/2806
f 2869/3006/2807 3019/3156/2808 3138/3275/2809
f 2770/2907/2810 2771/2908/2685 3352/3489/2811
f 2680/2786/2812 3417/3554/2813 2959/3096/2814
f 2835/2972/2815 2925/3062/2806 3242/3379/2816
f 3039/3176/2817 2678/2784/2818 2679/2785/2819
f 2984/3121/2820 2676/2782/2821 2677/2783/2822
f 3214/3351/2823 2765/2902/2824 2766/2903/2693
f 3492/3629/2825 2887/3024/2826 3034/3171/2827
f 2687/2793/2828 3068/3205/2829 2904/3041/2830
f 2686/2792/2831 2904/3041/2830 3006/3143/2832
f 3410/3547/2833 2684/2790/2834 2685/2791/2835
f 3068/3205/2829 2687/2793/2828 2688/2794/2836
f 2921/3058/2837 2691/2797/2838 3213/3350/2839
f 3216/3353/2840 3217/3354/2841 2949/3086/2842
f 2685/2791/2835 2686/2792/2831 3006/3143/2832
f 2950/3087/2843 2682/2788/2844 2683/2789/2845
f 2691/2797/2838 2921/3058/2837 2690/2796/2846
f 2920/3057/2847 2693/2799/2848 3014/3151/2849
f 2864/3001/2850 2920/3057/2847 3127/3264/2851
f 2975/3112/2852 2888/3025/2853 3418/3555/2854
f 2698/2804/2855 2896/3033/2856 2697/2803/2857
f 2700/2806/2858 3396/3533/2859 2699/2805/2860
f 3452/3589/2861 2847/2984/2862 2975/3112/2852
f 3473/3610/2863 2920/3057/2847 3014/3151/2849
f 2701/2807/2864 3017/3154/2865 2700/2806/2858
f 3206/3343/2866 2924/3061/2867 3016/3153/2868
f 2701/2807/2864 2702/2808/2869 2924/3061/2867
f 3314/3451/2870 2703/2809/2871 2704/2810/2872
f 2705/2811/2873 3020/3157/2874 2926/3063/2875
f 2706/2812/2876 2707/2813/2877 2907/3044/2878
f 2942/3079/2879 2711/2817/2880 3395/3532/2881
f 2707/2813/2877 2708/2814/2882 3081/3218/2883
f 3107/3244/2884 2867/3004/2885 2926/3063/2875
f 2985/3122/2886 3270/3407/2887 2896/3033/2856
f 2689/2795/2888 2690/2796/2846 3015/3152/2889
f 2710/2816/2890 2711/2817/2880 2942/3079/2879
f 2908/3045/2796 70/2855/278 2987/3124/2891
f 2889/3026/2892 3419/3556/2893 2976/3113/2894
f 2711/2817/2880 2712/2818/2895 3395/3532/2881
f 3427/3564/2788 3428/3565/2787 2916/3053/2791
f 2930/3067/2896 66/2859/143 65/2860/142
f 3384/3521/2897 2882/3019/2898 2944/3081/2899
f 2882/3019/2898 3411/3548/2900 2943/3080/2901
f 3549/3686/2902 3108/3245/2903 3348/3485/2904
f 2906/3043/2905 2709/2815/2906 3324/3461/2907
f 3411/3548/2900 69/2856/145 68/2857/352
f 3269/3406/2908 2862/2999/2909 2915/3052/2910
f 2915/3052/2910 2862/2999/2909 3192/3329/2911
f 2739/2845/2912 2740/2846/2913 2915/3052/2910
f 3301/3438/2914 2819/2956/2915 3083/3220/2916
f 2737/2843/2917 3419/3556/2893 2736/2842/2918
f 2733/2839/2919 2734/2840/2920 2897/3034/2921
f 2735/2841/2922 3040/3177/2923 2734/2840/2920
f 2735/2841/2922 2736/2842/2918 2977/3114/2924
f 2738/2844/2925 2739/2845/2912 3192/3329/2911
f 2875/3012/2926 2941/3078/2927 3051/3188/2928
f 3137/3274/2929 2717/2823/2930 2952/3089/2931
f 3408/3545/2932 2718/2824/2933 2719/2825/2934
f 2717/2823/2930 2718/2824/2933 2952/3089/2931
f 2982/3119/2935 2892/3029/2936 3422/3559/2937
f 2878/3015/2938 3408/3545/2932 2951/3088/2939
f 2723/2829/2940 2973/3110/2941 3368/3505/2942
f 3368/3505/2942 2902/3039/2943 2722/2828/2944
f 62/2863/256 3070/3207/2797 63/2862/254
f 2721/2827/2945 2722/2828/2944 2902/3039/2943
f 3412/3549/2946 2724/2830/2947 2725/2831/2948
f 2986/3123/2949 2733/2839/2919 2897/3034/2921
f 3356/3493/2950 2731/2837/2951 2732/2838/2952
f 2986/3123/2949 3074/3211/2953 3356/3493/2950
f 3496/3633/2954 3114/3251/2955 3394/3531/2956
f 3073/3210/2957 2728/2834/2958 2895/3032/2959
f 3521/3658/2960 2730/2836/2961 3074/3211/2953
f 2729/2835/2962 3521/3658/2960 2728/2834/2958
f 2972/3109/2963 2726/2832/2964 3135/3272/2965
f 3423/3560/2966 3674/3811/2967 2941/3078/2927
f 3019/3156/2808 2672/2778/2803 2673/2779/2804
f 2985/3122/2886 2896/3033/2856 2698/2804/2855
f 2901/3038/2968 2937/3074/2766 48/2877/321
f 2918/3055/2752 3461/3598/2771 3379/3516/2773
f 3048/3185/2969 3502/3639/2970 3504/3641/2971
f 3213/3350/2839 2691/2797/2838 2692/2798/2972
f 3228/3365/2973 3190/3327/2974 3627/3764/2975
f 3265/3402/2976 2675/2781/2977 2676/2782/2821
f 2984/3121/2820 2677/2783/2822 2894/3031/2978
f 2680/2786/2812 2959/3096/2814 2679/2785/2819
f 2680/2786/2812 2681/2787/2979 3417/3554/2813
f 58/2867/264 57/2868/625 3354/3491/2799
f 2714/2820/2980 3422/3559/2937 3423/3560/2966
f 3400/3537/2981 2908/3045/2796 2987/3124/2891
f 3412/3549/2946 2972/3109/2963 2883/3020/2982
f 3355/3492/2983 2721/2827/2945 2902/3039/2943
f 3367/3504/2984 65/2860/142 64/2861/291
f 2760/2897/2985 3009/3146/2716 2910/3047/2718
f 2686/2792/2831 2687/2793/2828 2904/3041/2830
f 2670/2776/2735 2933/3070/2737 3021/3158/2986
f 2671/2777/2736 3366/3503/2802 2933/3070/2737
f 2735/2841/2922 2977/3114/2924 3040/3177/2923
f 3171/3308/2987 3172/3309/2988 3002/3139/2989
f 2749/2886/2739 2928/3065/2741 2996/3133/2745
f 3122/3259/2990 3557/3694/2991 2913/3050/2992
f 2792/2929/2993 3274/3411/2994 3311/3448/2995
f 3574/3711/2996 2828/2965/2997 3132/3269/2998
f 2924/3061/2867 2702/2808/2869 3016/3153/2868
f 3564/3701/2999 3260/3397/3000 2794/2931/3001
f 2794/2931/3001 3212/3349/3002 3563/3700/3003
f 3379/3516/2773 54/2871/314 53/2872/333
f 2906/3043/2905 2854/2991/3004 3081/3218/2883
f 3523/3660/3005 3524/3661/3006 3076/3213/3007
f 3525/3662/3008 2795/2932/3009 3079/3216/3010
f 3556/3693/3011 3119/3256/3012 3078/3215/3013
f 2973/3110/2941 2723/2829/2940 2724/2830/2947
f 3388/3525/3014 3057/3194/3015 3227/3364/3016
f 3615/3752/3017 3616/3753/3018 3180/3317/3019
f 3186/3323/3020 2948/3085/3021 3618/3755/3022
f 2760/2897/2985 2910/3047/2718 2759/2896/2729
f 3358/3495/3023 3359/3496/3024 3646/3783/3025
f 2903/3040/3026 2855/2992/3027 3068/3205/2829
f 3067/3204/3028 3587/3724/3029 3337/3474/3030
f 3116/3253/2770 2754/2891/2747 2755/2892/3031
f 3642/3779/3032 2962/3099/3033 3230/3367/3034
f 2920/3057/2847 2864/3001/2850 3213/3350/2839
f 3127/3264/2851 2829/2966/3035 3128/3265/3036
f 3641/3778/3037 3365/3502/3038 3104/3241/3039
f 3217/3354/2841 3219/3356/3040 2932/3069/3041
f 3393/3530/3042 3037/3174/3043 3325/3462/3044
f 3134/3271/3045 3643/3780/3046 2946/3083/3047
f 3003/3140/3048 67/2858/102 66/2859/143
f 3603/3740/3049 2969/3106/3050 3172/3309/2988
f 2867/3004/2885 3314/3451/2870 2926/3063/2875
f 3108/3245/2903 3347/3484/3051 3348/3485/2904
f 3562/3699/3052 3679/3816/3053 3126/3263/3054
f 3440/3577/3055 3120/3257/3056 3210/3347/3057
f 2871/3008/3058 3434/3571/2678 3465/3602/3059
f 3021/3158/2986 2669/2775/2708 2670/2776/2735
f 2959/3096/2814 3039/3176/2817 2679/2785/2819
f 3091/3228/3060 3535/3672/3061 3258/3395/3062
f 2934/3071/3063 3022/3159/2694 2769/2906/2695
f 2783/2920/3064 3675/3812/3065 3497/3634/3066
f 2941/3078/2927 2875/3012/2926 3395/3532/2881
f 3027/3164/3067 3486/3623/3068 2839/2976/3069
f 2740/2846/2913 2741/2847/3070 3193/3330/2790
f 73/2852/281 2979/3116/3071 2900/3037/2785
f 3367/3504/2984 2929/3066/3072 3443/3580/3073
f 3238/3375/3074 3263/3400/3075 3264/3401/3076
f 2814/2951/3077 3460/3597/3078 3462/3599/3079
f 3283/3420/3080 3285/3422/3081 2993/3130/3082
f 3515/3652/3083 3390/3527/3084 3391/3528/3085
f 3455/3592/3086 2892/3029/2936 2983/3120/3087
f 3141/3278/3088 3673/3810/3089 2964/3101/3090
f 2893/3030/2743 3235/3372/3091 2843/2980/3092
f 3353/3490/2671 2772/2909/2681 2773/2910/3093
f 3533/3670/3094 3534/3671/3095 2783/2920/3064
f 2681/2787/2979 2682/2788/2844 3334/3471/3096
f 2818/2955/3097 3063/3200/3098 3093/3230/3099
f 3182/3319/3100 3612/3749/3101 3611/3748/3102
f 3072/3209/3103 3277/3414/3104 2790/2927/3105
f 3000/3137/3106 3176/3313/3107 3606/3743/3108
f 3380/3517/3109 2850/2987/3110 2902/3039/2943
f 3500/3637/3111 3501/3638/3112 2821/2958/3113
f 2697/2803/2857 2896/3033/2856 3452/3589/2861
f 2785/2922/3114 3247/3384/3115 3245/3382/3116
f 3194/3331/3117 3630/3767/2798 2899/3036/2792
f 3583/3720/3118 3151/3288/3119 3585/3722/3120
f 3204/3341/3121 2859/2996/3122 2911/3048/2748
f 3590/3727/3123 3156/3293/3124 3155/3292/3125
f 3158/3295/3126 3033/3170/3127 2881/3018/3128
f 2825/2962/3129 3600/3737/3130 3167/3304/3131
f 3082/3219/3132 3305/3442/3133 3306/3443/3134
f 3415/3552/2697 2661/2767/2696 2662/2768/2700
f 3447/3584/3135 2957/3094/2670 2958/3095/3136
f 3203/3340/2769 2905/3042/3137 50/2875/313
f 3637/3774/3138 2827/2964/3139 3211/3348/3140
f 3131/3268/3141 3132/3269/2998 2828/2965/2997
f 3268/3405/3142 3133/3270/3143 3648/3785/3144
f 3418/3555/2854 2694/2800/3145 2695/2801/3146
f 2960/3097/3147 3312/3449/3148 3313/3450/3149
f 3007/3144/3150 2909/3046/2734 2764/2901/2733
f 3641/3778/3037 3364/3501/3151 3365/3502/3038
f 3220/3357/3152 3221/3358/3153 2932/3069/3041
f 2880/3017/3154 3433/3570/3155 2823/2960/3156
f 2667/2773/2711 3024/3161/3157 2939/3076/2712
f 3399/3536/3158 2885/3022/3159 2974/3111/3160
f 2833/2970/3161 3206/3343/2866 3207/3344/3162
f 3143/3280/3163 3500/3637/3111 2879/3016/3164
f 2707/2813/2877 3081/3218/2883 2907/3044/2878
f 3525/3662/3008 3080/3217/3165 3526/3663/3166
f 3018/3155/3167 2925/3062/2806 2674/2780/2805
f 3336/3473/3168 3139/3276/3169 3335/3472/3170
f 2836/2973/3171 3049/3186/3172 3506/3643/3173
f 2939/3076/2712 3483/3620/3174 2832/2969/3175
f 3352/3489/2811 2934/3071/3063 2770/2907/2810
f 3090/3227/3176 3089/3226/3177 3499/3636/3178
f 3422/3559/2937 2714/2820/2980 2715/2821/3179
f 3509/3646/3180 3054/3191/3181 3621/3758/3182
f 2839/2976/3069 3026/3163/3183 3027/3164/3067
f 2854/2991/3004 2906/3043/2905 3315/3452/3184
f 3196/3333/3185 3197/3334/3186 3050/3187/3187
f 2935/3072/2680 3434/3571/2678 2871/3008/3058
f 3520/3657/3188 2849/2986/3189 3073/3210/2957
f 3074/3211/2953 2986/3123/2949 2841/2978/3190
f 2750/2887/2740 3323/3460/2750 2928/3065/2741
f 3470/3607/3191 3471/3608/3192 2842/2979/3193
f 3123/3260/3194 3557/3694/2991 3558/3695/3195
f 3378/3515/2757 3457/3594/2768 2874/3011/2758
f 54/2871/314 3379/3516/2773 2919/3056/2784
f 3296/3433/3196 3281/3418/3197 2844/2981/3198
f 3362/3499/3199 3059/3196/3200 3358/3495/3023
f 2678/2784/2818 2894/3031/2978 2677/2783/2822
f 3033/3170/3127 2950/3087/2843 2683/2789/2845
f 3492/3629/2825 3063/3200/3098 2818/2955/3097
f 3649/3786/3201 3271/3408/3202 2847/2984/2862
f 2829/2966/3035 3473/3610/2863 3448/3585/3203
f 2736/2842/2918 3419/3556/2893 2977/3114/2924
f 3529/3666/3204 3530/3667/3205 2848/2985/3206
f 3060/3197/3207 2849/2986/3189 3517/3654/3208
f 3060/3197/3207 2883/3020/2982 2972/3109/2963
f 3055/3192/3209 2850/2987/3110 3512/3649/3210
f 3055/3192/3209 2878/3015/2938 2951/3088/2939
f 2718/2824/2933 3408/3545/2932 2952/3089/2931
f 2851/2988/3211 3035/3172/3212 3494/3631/3213
f 65/2860/142 3367/3504/2984 2930/3067/2896
f 3451/3588/3214 3238/3375/3074 2852/2989/3215
f 2724/2830/2947 3412/3549/2946 2973/3110/2941
f 3383/3520/3216 2999/3136/3217 3381/3518/3218
f 2708/2814/2882 2709/2815/2906 2906/3043/2905
f 3316/3453/3219 2795/2932/3009 3658/3795/3220
f 2688/2794/2836 2689/2795/2888 2903/3040/3026
f 3647/3784/3221 3267/3404/3222 3156/3293/3124
f 2898/3035/2780 60/2865/261 59/2866/262
f 2898/3035/2780 3319/3456/2783 3555/3692/2781
f 3134/3271/3045 2946/3083/3047 2857/2994/3223
f 3367/3504/2984 3443/3580/3073 2876/3013/3224
f 2912/3049/2726 2755/2892/3031 2756/2893/2732
f 2858/2995/2777 2912/3049/2726 3148/3285/3225
f 2964/3101/3090 3449/3586/3226 3141/3278/3088
f 2964/3101/3090 2870/3007/2755 2927/3064/2756
f 2908/3045/2796 71/2854/276 70/2855/278
f 3167/3304/3131 3082/3219/3132 3406/3543/3227
f 2763/2900/2715 2909/3046/2734 3008/3145/2713
f 3640/3777/3228 3221/3358/3153 3222/3359/3229
f 3083/3220/2916 3302/3439/3230 3301/3438/2914
f 2889/3026/2892 2976/3113/2894 3083/3220/2916
f 2741/2847/3070 2742/2848/3231 2916/3053/2791
f 2900/3037/2785 74/2851/287 73/2852/281
f 2692/2798/2972 2693/2799/2848 2920/3057/2847
f 3131/3268/3141 2828/2965/2997 3474/3611/3232
f 3120/3257/3056 3121/3258/3233 2913/3050/2992
f 50/2875/313 2905/3042/3137 51/2874/311
f 2866/3003/3234 3087/3224/3235 3369/3506/3236
f 3007/3144/3150 3215/3352/2687 3638/3775/2686
f 2704/2810/2872 2705/2811/2873 2926/3063/2875
f 3206/3343/2866 2833/2970/3161 2924/3061/2867
f 3041/3178/3237 3661/3798/3238 3665/3802/3239
f 2925/3062/2806 3018/3155/3167 3242/3379/2816
f 2673/2779/2804 2925/3062/2806 3019/3156/2808
f 3049/3186/3172 2836/2973/3171 3478/3615/3240
f 2751/2888/2749 2752/2889/2754 2927/3064/2756
f 3012/3149/3241 3471/3608/3192 3470/3607/3191
f 3004/3141/3242 3465/3602/3059 3466/3603/3243
f 2770/2907/2810 2934/3071/3063 2769/2906/2695
f 2936/3073/2672 2773/2910/3093 2774/2911/2676
f 2936/3073/2672 3112/3249/3244 2872/3009/2673
f 2922/3059/2800 57/2868/625 56/2869/300
f 2873/3010/2801 2922/3059/2800 3431/3568/3245
f 2745/2882/2762 2746/2883/2765 2917/3054/2767
f 3157/3294/3246 3327/3464/3247 2937/3074/2766
f 2712/2818/2895 2713/2819/3248 2941/3078/2927
f 3026/3163/3183 2839/2976/3069 3659/3796/3249
f 64/2861/291 63/2862/254 2929/3066/3072
f 2967/3104/3250 3238/3375/3074 3451/3588/3214
f 53/2872/333 52/2873/317 2918/3055/2752
f 3463/3600/3251 2919/3056/2784 3379/3516/2773
f 2719/2825/2934 2720/2826/3252 2951/3088/2939
f 2952/3089/2931 3035/3172/3212 2851/2988/3211
f 3017/3154/2865 2701/2807/2864 2924/3061/2867
f 3207/3344/3162 3208/3345/3253 2833/2970/3161
f 3010/3147/2727 2759/2896/2729 2910/3047/2718
f 3010/3147/2727 3113/3250/3254 2880/3017/3154
f 3006/3143/2832 3469/3606/3255 2881/3018/3128
f 3033/3170/3127 3158/3295/3126 3591/3728/3256
f 2943/3080/2901 68/2857/352 67/2858/102
f 2882/3019/2898 2943/3080/2901 2944/3081/2899
f 2725/2831/2948 2726/2832/2964 2972/3109/2963
f 2973/3110/2941 2998/3135/3257 2853/2990/3258
f 3414/3551/2660 2884/3021/3259 3413/3550/2661
f 2884/3021/3259 3414/3551/2660 2660/2766/2738
f 3023/3160/2699 2663/2769/2701 2938/3075/2702
f 3398/3535/3260 2958/3095/3136 3397/3534/3261
f 3397/3534/3261 2958/3095/3136 2886/3023/2664
f 2776/2913/2668 2957/3094/2670 2775/2912/2674
f 2950/3087/2843 3034/3171/2827 3334/3471/3096
f 2887/3024/2826 3058/3195/3262 2959/3096/2814
f 2975/3112/2852 2695/2801/3146 2696/2802/3263
f 2847/2984/2862 3272/3409/3264 3276/3413/3265
f 2737/2843/2917 2738/2844/2925 2976/3113/2894
f 2889/3026/2892 3085/3222/3266 2977/3114/2924
f 3261/3398/3267 3262/3399/3268 3197/3334/3186
f 3024/3161/3157 3025/3162/3269 3483/3620/3174
f 3482/3619/3270 3087/3224/3235 2891/3028/3271
f 3087/3224/3235 2866/3003/3234 2978/3115/2689
f 2982/3119/2935 2715/2821/3179 2716/2822/3272
f 2892/3029/2936 2982/3119/2935 2983/3120/3087
f 3235/3372/3091 2893/3030/2743 2842/2979/3193
f 2971/3108/2764 2893/3030/2743 2843/2980/3092
f 3545/3682/3273 3100/3237/3274 2894/3031/2978
f 3357/3494/3275 2984/3121/2820 3100/3237/3274
f 3520/3657/3188 3519/3656/3276 3072/3209/3103
f 2728/2834/2958 3073/3210/2957 2727/2833/3277
f 2698/2804/2855 2699/2805/2860 2985/3122/2886
f 3270/3407/2887 3271/3408/3202 3649/3786/3201
f 2848/2985/3206 3278/3415/3278 3650/3787/3279
f 2733/2839/2919 2986/3123/2949 2732/2838/2952
f 59/2866/262 58/2867/264 2963/3100/2779
f 3319/3456/2783 3117/3254/3280 3555/3692/2781
f 3069/3206/2782 2899/3036/2792 61/2864/360
f 3194/3331/3117 2899/3036/2792 2856/2993/3281
f 2979/3116/3071 73/2852/281 72/2853/274
f 2900/3037/2785 2979/3116/3071 2980/3117/3282
f 2901/3038/2968 3424/3561/2761 3425/3562/3283
f 3157/3294/3246 2937/3074/2766 2901/3038/2968
f 3380/3517/3109 2902/3039/2943 2853/2990/3258
f 2850/2987/3110 2951/3088/2939 3355/3492/2983
f 3015/3152/2889 2690/2796/2846 2921/3058/2837
f 2903/3040/3026 3475/3612/3284 3268/3405/3142
f 3266/3403/3285 2904/3041/2830 2855/2992/3027
f 2881/3018/3128 3469/3606/3255 3467/3604/3286
f 3120/3257/3056 2905/3042/3137 2865/3002/3287
f 3441/3578/3288 2918/3055/2752 2945/3082/2751
f 3324/3461/2907 2710/2816/2890 2942/3079/2879
f 3315/3452/3184 2906/3043/2905 2839/2976/3069
f 3317/3454/3289 2907/3044/2878 2854/2991/3004
f 3477/3614/3290 2926/3063/2875 3020/3157/2874
f 70/2855/278 69/2856/145 2987/3124/2891
f 2908/3045/2796 3400/3537/2981 3147/3284/3291
f 2764/2901/2733 2765/2902/2824 3007/3144/3150
f 3008/3145/2713 3331/3468/2691 2861/2998/2690
f 2760/2897/2985 2761/2898/2722 3009/3146/2716
f 3433/3570/3155 3113/3250/3254 2931/3068/3292
f 3204/3341/3121 2911/3048/2748 2858/2995/2777
f 3111/3248/2753 2911/3048/2748 2859/2996/3122
f 2756/2893/2732 2757/2894/2731 3011/3148/2724
f 2912/3049/2726 3386/3523/2725 3148/3285/3225
f 2989/3126/3293 3122/3259/2990 3308/3445/3294
f 3440/3577/3055 3210/3347/3057 2827/2964/3139
f 2913/3050/2992 3121/3258/3233 3122/3259/2990
f 3680/3817/3295 3159/3296/3296 3592/3729/3297
f 3193/3330/2790 2915/3052/2910 2740/2846/2913
f 3269/3406/2908 2915/3052/2910 2863/3000/2789
f 3427/3564/2788 2916/3053/2791 2742/2848/3231
f 3429/3566/2786 2863/3000/2789 2916/3053/2791
f 2971/3108/2764 2917/3054/2767 2746/2883/2765
f 3456/3593/3298 2988/3125/3299 2807/2944/3300
f 52/2873/317 51/2874/311 2945/3082/2751
f 2990/3127/3301 3462/3599/3079 3460/3597/3078
f 3460/3597/3078 2995/3132/3302 3463/3600/3251
f 2919/3056/2784 3464/3601/3303 2954/3091/2778
f 2693/2799/2848 2694/2800/3145 3014/3151/2849
f 2920/3057/2847 3473/3610/2863 3127/3264/2851
f 3131/3268/3141 2921/3058/2837 2864/3001/2850
f 3015/3152/2889 3475/3612/3284 2903/3040/3026
f 2954/3091/2778 2922/3059/2800 56/2869/300
f 3432/3569/3304 2923/3060/3305 3431/3568/3245
f 3281/3418/3197 3651/3788/3306 2844/2981/3198
f 2796/2933/3307 3540/3677/3308 3539/3676/3309
f 2702/2808/2869 2703/2809/2871 3016/3153/2868
f 3500/3637/3111 3143/3280/3163 3044/3181/3310
f 2674/2780/2805 2675/2781/2977 3018/3155/3167
f 3138/3275/2809 3019/3156/2808 2925/3062/2806
f 2705/2811/2873 2706/2812/2876 3020/3157/2874
f 2926/3063/2875 3477/3614/3290 3107/3244/2884
f 3111/3248/2753 2927/3064/2756 2752/2889/2754
f 2964/3101/3090 2927/3064/2756 3449/3586/3226
f 3012/3149/3241 2928/3065/2741 2870/3007/2755
f 2842/2979/3193 2893/3030/2743 2996/3133/2745
f 3070/3207/2797 2929/3066/3072 63/2862/254
f 2946/3083/3047 3643/3780/3046 3442/3579/3311
f 2967/3104/3250 2930/3067/2896 2876/3013/3224
f 2930/3067/2896 3451/3588/3214 3003/3140/3048
f 3219/3356/3040 3220/3357/3152 2932/3069/3041
f 2931/3068/3292 3224/3361/3312 3154/3291/3313
f 3677/3814/3314 3547/3684/3315 3064/3201/3316
f 3217/3354/2841 3639/3776/3317 3218/3355/3318
f 3049/3186/3172 2933/3070/2737 2869/3006/2807
f 3021/3158/2986 3479/3616/3319 2890/3027/3320
f 2871/3008/3058 3465/3602/3059 3142/3279/3321
f 3022/3159/2694 3481/3618/3322 2891/3028/3271
f 3434/3571/2678 2935/3072/2680 2872/3009/2673
f 3352/3489/2811 2935/3072/2680 2871/3008/3058
f 3038/3175/2675 2775/2912/2674 2957/3094/2670
f 3112/3249/3244 2940/3077/3323 3435/3572/2679
f 3426/3563/2759 3157/3294/3246 2901/3038/2968
f 2937/3074/2766 3327/3464/3247 3203/3340/2769
f 3318/3455/2707 2938/3075/2702 2664/2770/2703
f 2974/3111/3160 2885/3022/3159 3199/3336/3324
f 2667/2773/2711 2668/2774/2710 3024/3161/3157
f 2938/3075/2702 2939/3076/2712 2832/2969/3175
f 3198/3335/3325 2840/2977/3326 3195/3332/3327
f 3631/3768/3328 3255/3392/3329 2940/3077/3323
f 2713/2819/3248 2714/2820/2980 3423/3560/2966
f 2941/3078/2927 3674/3811/2967 3051/3188/2928
f 3026/3163/3183 2942/3079/2879 2875/3012/2926
f 3324/3461/2907 2839/2976/3069 2906/3043/2905
f 3003/3140/3048 2943/3080/2901 67/2858/102
f 3439/3576/3330 2852/2989/3215 3264/3401/3076
f 3264/3401/3076 2852/2989/3215 3238/3375/3074
f 3168/3305/3331 3384/3521/2897 3385/3522/3332
f 51/2874/311 2905/3042/3137 2945/3082/2751
f 3440/3577/3055 2945/3082/2751 2905/3042/3137
f 2946/3083/3047 3443/3580/3073 3444/3581/3333
f 3241/3378/3334 3643/3780/3046 2947/3084/3335
f 3618/3755/3022 3614/3751/3336 3184/3321/3337
f 2968/3105/3338 3240/3377/3339 3178/3315/3340
f 3326/3463/3341 3184/3321/3337 2804/2941/3342
f 3257/3394/3343 3029/3166/3344 3256/3393/3345
f 3251/3388/3346 3252/3389/3347 2799/2936/3348
f 3587/3724/3029 3067/3204/3028 3584/3721/3349
f 2683/2789/2845 2684/2790/2834 3033/3170/3127
f 3034/3171/2827 2950/3087/2843 2846/2983/3350
f 2720/2826/3252 2721/2827/2945 3355/3492/2983
f 3055/3192/3209 2951/3088/2939 2850/2987/3110
f 3035/3172/3212 2952/3089/2931 2878/3015/2938
f 3454/3591/3351 3137/3274/2929 2851/2988/3211
f 3298/3435/3352 2793/2930/3353 3297/3434/3354
f 3295/3432/3355 3289/3426/3356 3075/3212/3357
f 2919/3056/2784 2954/3091/2778 55/2870/299
f 2954/3091/2778 2844/2981/3198 3432/3569/3304
f 3445/3582/2666 2955/3092/2665 2884/3021/3259
f 3416/3553/2669 2955/3092/2665 2886/3023/2664
f 3446/3583/2704 2956/3093/2698 2885/3022/3159
f 2884/3021/3259 2660/2766/2738 2956/3093/2698
f 2958/3095/3136 2957/3094/2670 2886/3023/2664
f 3038/3175/2675 2840/2977/3326 2936/3073/2672
f 3397/3534/3261 2886/3023/2664 2826/2963/3358
f 3195/3332/3327 2840/2977/3326 2958/3095/3136
f 2887/3024/2826 3492/3629/2825 3058/3195/3262
f 2845/2982/3359 3545/3682/3273 3039/3176/2817
f 2888/3025/2853 2975/3112/2852 3205/3342/3360
f 3312/3449/3148 2792/2929/2993 3311/3448/2995
f 3596/3733/3361 3392/3529/3362 3163/3300/3363
f 3566/3703/3364 3128/3265/3036 3313/3450/3149
f 2997/3134/3365 3228/3365/2973 3229/3366/3366
f 3233/3370/3367 3234/3371/3368 3404/3541/3369
f 3354/3491/2799 2963/3100/2779 58/2867/264
f 3319/3456/2783 3320/3457/3370 2822/2959/2776
f 2965/3102/3371 3404/3541/3369 3673/3810/3089
f 3450/3587/3372 2870/3007/2755 2964/3101/3090
f 3328/3465/3373 3329/3466/3374 3096/3233/3375
f 3233/3370/3367 3098/3235/3376 3232/3369/3377
f 3098/3235/3376 3233/3370/3367 3328/3465/3373
f 3597/3734/3378 3164/3301/3379 3596/3733/3361
f 3442/3579/3311 2967/3104/3250 2876/3013/3224
f 3239/3376/3380 2968/3105/3338 3238/3375/3074
f 3174/3311/3381 3605/3742/3382 3608/3745/3383
f 3382/3519/3384 3514/3651/3385 3056/3193/3386
f 3604/3741/3387 2969/3106/3050 3603/3740/3049
f 3381/3518/3218 3380/3517/3109 2853/2990/3258
f 2970/3107/3388 3487/3624/3389 3489/3626/3390
f 3077/3214/3391 3522/3659/3392 3246/3383/3393
f 2893/3030/2743 2971/3108/2764 2747/2884/2744
f 2971/3108/2764 2843/2980/3092 3458/3595/3394
f 3135/3272/2965 2727/2833/3277 3073/3210/2957
f 3060/3197/3207 2972/3109/2963 2849/2986/3189
f 2998/3135/3257 2973/3110/2941 2883/3020/2982
f 3368/3505/2942 2853/2990/3258 2902/3039/2943
f 3199/3336/3324 2885/3022/3159 3023/3160/2699
f 3025/3162/3269 3200/3337/3395 2832/2969/3175
f 2696/2802/3263 2697/2803/2857 3452/3589/2861
f 3205/3342/3360 2960/3097/3147 3448/3585/3203
f 3192/3329/2911 2976/3113/2894 2738/2844/2925
f 2889/3026/2892 3083/3220/2916 2819/2956/2915
f 3085/3222/3266 2889/3026/2892 2819/2956/2915
f 2848/2985/3206 2897/3034/2921 3040/3177/2923
f 3087/3224/3235 2978/3115/2689 2891/3028/3271
f 3214/3351/2823 2978/3115/2689 2866/3003/3234
f 3106/3243/2795 2979/3116/3071 72/2853/274
f 3407/3544/3396 2860/2997/2794 3406/3543/3227
f 3453/3590/3397 2980/3117/3282 2979/3116/3071
f 2980/3117/3282 2812/2949/3398 3269/3406/2908
f 2970/3107/3388 3489/3626/3390 3490/3627/3399
f 3280/3417/3400 3282/3419/3401 3652/3789/3402
f 2716/2822/3272 2717/2823/2930 3137/3274/2929
f 2983/3120/3087 2982/3119/2935 3454/3591/3351
f 2851/2988/3211 3494/3631/3213 3322/3459/3403
f 2798/2935/3404 3511/3648/3405 3510/3647/3406
f 3100/3237/3274 2984/3121/2820 2894/3031/2978
f 3265/3402/2976 2984/3121/2820 2868/3005/3407
f 3396/3533/2859 2985/3122/2886 2699/2805/2860
f 2879/3016/3164 3500/3637/3111 3270/3407/2887
f 3650/3787/3279 2986/3123/2949 2897/3034/2921
f 3519/3656/3276 3074/3211/2953 2841/2978/3190
f 3411/3548/2900 2987/3124/2891 69/2856/145
f 3400/3537/2981 2882/3019/2898 2825/2962/3129
f 3458/3595/3394 2988/3125/3299 3457/3594/2768
f 2843/2980/3092 3235/3372/3091 3236/3373/3408
f 3459/3596/3409 3236/3373/3408 3309/3446/3410
f 3236/3373/3408 2791/2928/3411 3237/3374/3412
f 2990/3127/3301 3461/3598/2771 3441/3578/3288
f 2827/2964/3139 3210/3347/3057 3211/3348/3140
f 3562/3699/3052 3564/3701/2999 3124/3261/3413
f 3664/3801/3414 3260/3397/3000 3287/3424/3415
f 3290/3427/3416 3075/3212/3357 3289/3426/3356
f 2993/3130/3082 3285/3422/3081 3351/3488/3417
f 3286/3423/3418 3243/3380/3419 3284/3421/3420
f 3299/3436/3421 3300/3437/3422 3136/3273/3423
f 3656/3793/3424 3283/3420/3080 3284/3421/3420
f 3280/3417/3400 3281/3418/3197 2994/3131/3425
f 2814/2951/3077 3285/3422/3081 3405/3542/3426
f 2919/3056/2784 3463/3600/3251 3464/3601/3303
f 2996/3133/2745 2928/3065/2741 3470/3607/3191
f 2893/3030/2743 2748/2885/2742 2996/3133/2745
f 3580/3717/3427 3159/3296/3296 3623/3760/3428
f 3375/3512/3429 2791/2928/3411 3235/3372/3091
f 2883/3020/2982 2820/2957/3430 2998/3135/3257
f 3383/3520/3216 2998/3135/3257 3607/3744/3431
f 3606/3743/3108 3371/3508/3432 3000/3137/3106
f 3225/3362/3433 3226/3363/3434 2999/3136/3217
f 3278/3415/3278 2790/2927/3105 3277/3414/3104
f 3002/3139/2989 3172/3309/2988 3175/3312/3435
f 2820/2957/3430 3372/3509/3436 3607/3744/3431
f 3181/3318/3437 3002/3139/2989 3175/3312/3435
f 3176/3313/3107 3181/3318/3437 3175/3312/3435
f 2786/2923/3438 3304/3441/3439 3169/3306/3440
f 2930/3067/2896 3003/3140/3048 66/2859/143
f 3003/3140/3048 2852/2989/3215 3439/3576/3330
f 3533/3670/3094 2783/2920/3064 3499/3636/3178
f 2871/3008/3058 3142/3279/3321 2934/3071/3063
f 3467/3604/3286 3468/3605/3441 3005/3142/3442
f 3065/3202/3443 3187/3324/3444 3251/3388/3346
f 3469/3606/3255 3006/3143/2832 2904/3041/2830
f 3410/3547/2833 3006/3143/2832 2881/3018/3128
f 3214/3351/2823 3007/3144/3150 2765/2902/2824
f 3007/3144/3150 2866/3003/3234 3215/3352/2687
f 3331/3468/2691 2909/3046/2734 2830/2967/3445
f 3140/3277/2723 3008/3145/2713 2861/2998/2690
f 3140/3277/2723 3009/3146/2716 2761/2898/2722
f 2861/2998/2690 3222/3359/3229 3310/3447/2717
f 2910/3047/2718 3310/3447/2717 3551/3688/3446
f 3409/3546/2730 3010/3147/2727 2880/3017/3154
f 3409/3546/2730 3011/3148/2724 2757/2894/2731
f 3386/3523/2725 2880/3017/3154 2823/2960/3156
f 3450/3587/3372 3012/3149/3241 2870/3007/2755
f 3472/3609/3447 3013/3150/3448 3471/3608/3192
f 3191/3328/3449 2966/3103/3450 3228/3365/2973
f 3189/3326/3451 3190/3327/2974 2997/3134/3365
f 3418/3555/2854 3014/3151/2849 2694/2800/3145
f 3014/3151/2849 2888/3025/2853 3448/3585/3203
f 3474/3611/3232 3015/3152/2889 2921/3058/2837
f 2903/3040/3026 2689/2795/2888 3015/3152/2889
f 3314/3451/2870 3016/3153/2868 2703/2809/2871
f 3016/3153/2868 2867/3004/2885 3206/3343/2866
f 3577/3714/3452 2833/2970/3161 3635/3772/3453
f 3396/3533/2859 3017/3154/2865 2879/3016/3164
f 3265/3402/2976 3018/3155/3167 2675/2781/2977
f 3018/3155/3167 2868/3005/3407 3242/3379/2816
f 3138/3275/2809 2925/3062/2806 2835/2972/2815
f 3366/3503/2802 3019/3156/2808 2869/3006/2807
f 2706/2812/2876 2907/3044/2878 3020/3157/2874
f 3476/3613/3454 3020/3157/2874 2907/3044/2878
f 3478/3615/3240 3021/3158/2986 2933/3070/2737
f 3420/3557/2709 3021/3158/2986 2890/3027/3320
f 3480/3617/3455 3022/3159/2694 2934/3071/3063
f 3421/3558/2682 3022/3159/2694 2891/3028/3271
f 3632/3769/3456 2938/3075/2702 2832/2969/3175
f 3415/3552/2697 3023/3160/2699 2885/3022/3159
f 3420/3557/2709 3024/3161/3157 2668/2774/2710
f 3024/3161/3157 2890/3027/3320 3025/3162/3269
f 3262/3399/3268 2836/2973/3171 3197/3334/3186
f 3200/3337/3395 3633/3770/3457 2974/3111/3160
f 2875/3012/2926 3484/3621/3458 3026/3163/3183
f 3489/3626/3390 3485/3622/3459 3029/3166/3344
f 3485/3622/3459 3027/3164/3067 3026/3163/3183
f 3488/3625/3460 3028/3165/3461 3487/3624/3389
f 3486/3623/3068 3027/3164/3067 3487/3624/3389
f 3315/3452/3184 3316/3453/3219 2854/2991/3004
f 2811/2948/3462 3507/3644/3463 3256/3393/3345
f 3491/3628/3464 3031/3168/3465 3490/3627/3399
f 3052/3189/3466 3507/3644/3463 3051/3188/2928
f 3508/3645/3467 3509/3646/3180 3052/3189/3466
f 3119/3256/3012 3244/3381/3468 3078/3215/3013
f 2970/3107/3388 3490/3627/3399 3076/3213/3007
f 3320/3457/3370 3321/3458/2774 2822/2959/2776
f 3522/3659/3392 2981/3118/3469 3523/3660/3005
f 3410/3547/2833 3033/3170/3127 2684/2790/2834
f 3467/3604/3286 3158/3295/3126 2881/3018/3128
f 3034/3171/2827 2846/2983/3350 3063/3200/3098
f 2887/3024/2826 3417/3554/2813 3334/3471/3096
f 2878/3015/2938 3493/3630/3470 3035/3172/3212
f 3322/3459/3403 2983/3120/3087 2851/2988/3211
f 3495/3632/3471 3036/3173/3472 3494/3631/3213
f 3037/3174/3043 3393/3530/3042 3394/3531/2956
f 2787/2924/3473 3178/3315/3340 3254/3391/3474
f 3325/3462/3044 2948/3085/3021 3622/3759/3475
f 3038/3175/2675 2957/3094/2670 3447/3584/3135
f 2936/3073/2672 2774/2911/2676 3038/3175/2675
f 3039/3176/2817 2959/3096/2814 3516/3653/3476
f 2894/3031/2978 2678/2784/2818 3039/3176/2817
f 3040/3177/2923 2977/3114/2924 3529/3666/3204
f 2897/3034/2921 2734/2840/2920 3040/3177/2923
f 3042/3179/3477 3498/3635/3478 3259/3396/3479
f 3139/3276/3169 3576/3713/3480 3335/3472/3170
f 3042/3179/3477 3259/3396/3479 3258/3395/3062
f 3088/3225/3481 2810/2947/3482 3087/3224/3235
f 3101/3238/3483 2809/2946/3484 3100/3237/3274
f 3248/3385/3485 3250/3387/3486 2784/2921/3487
f 2879/3016/3164 3017/3154/2865 3143/3280/3163
f 3044/3181/3310 3503/3640/3488 3501/3638/3112
f 3075/3212/3357 3290/3427/3416 3291/3428/3489
f 3161/3298/3490 3162/3299/3491 3595/3732/3492
f 3578/3715/3493 3579/3716/3494 3146/3283/3495
f 3593/3730/3496 3161/3298/3490 3595/3732/3492
f 3047/3184/3497 3161/3298/3490 3163/3300/3363
f 3502/3639/2970 2821/2958/3113 3501/3638/3112
f 3330/3467/3498 3273/3410/3499 2792/2929/2993
f 3271/3408/3202 3272/3409/3264 2847/2984/2862
f 2869/3006/2807 3505/3642/3500 3049/3186/3172
f 3645/3782/3501 3506/3643/3173 3049/3186/3172
f 3631/3768/3328 3645/3782/3501 3255/3392/3329
f 3196/3333/3185 3631/3768/3328 3198/3335/3325
f 3052/3189/3466 3051/3188/2928 2838/2975/3502
f 3051/3188/2928 3507/3644/3463 3484/3621/3458
f 3508/3645/3467 3052/3189/3466 2838/2975/3502
f 3052/3189/3466 3030/3167/3503 3256/3393/3345
f 3455/3592/3086 2838/2975/3502 2892/3029/2936
f 3510/3647/3406 3511/3648/3405 3053/3190/3504
f 2798/2935/3404 3393/3530/3042 3325/3462/3044
f 3186/3323/3020 3622/3759/3475 2948/3085/3021
f 3380/3517/3109 3382/3519/3384 2850/2987/3110
f 3493/3630/3470 3055/3192/3209 2815/2952/3505
f 2797/2934/3506 3226/3363/3434 3227/3364/3016
f 3512/3649/3210 3513/3650/3507 3055/3192/3209
f 2969/3106/3050 3389/3526/3508 3388/3525/3014
f 3389/3526/3508 3390/3527/3084 3057/3194/3015
f 2818/2955/3097 3538/3675/3509 3362/3499/3199
f 3516/3653/3476 2959/3096/2814 3058/3195/3262
f 3093/3230/3099 3094/3231/3510 3538/3675/3509
f 3359/3496/3024 3059/3196/3200 3361/3498/3511
f 3517/3654/3208 2849/2986/3189 3518/3655/3512
f 2820/2957/3430 2883/3020/2982 3060/3197/3207
f 3183/3320/3513 3371/3508/3432 3373/3510/3514
f 3060/3197/3207 3517/3654/3208 2820/2957/3430
f 3156/3293/3124 2800/2937/3515 3589/3726/3516
f 2949/3086/2842 3218/3355/3318 3253/3390/3517
f 2846/2983/3350 3065/3202/3443 3063/3200/3098
f 3059/3196/3200 3538/3675/3509 3094/3231/3510
f 3547/3684/3315 3677/3814/3314 3102/3239/3518
f 3677/3814/3314 3093/3230/3099 3537/3674/3519
f 3591/3728/3256 3187/3324/3444 2846/2983/3350
f 3102/3239/3518 3677/3814/3314 3546/3683/3520
f 3568/3705/3521 3569/3706/3522 2802/2939/3523
f 3337/3474/3030 3338/3475/2721 3067/3204/3028
f 3341/3478/2719 3343/3480/3524 3342/3479/2720
f 3586/3723/3525 3584/3721/3349 3151/3288/3119
f 2903/3040/3026 3068/3205/2829 2688/2794/2836
f 2904/3041/2830 3068/3205/2829 2855/2992/3027
f 2898/3035/2780 3069/3206/2782 60/2865/261
f 2899/3036/2792 3069/3206/2782 2856/2993/3281
f 2899/3036/2792 3070/3207/2797 62/2863/256
f 3070/3207/2797 2857/2994/3223 3444/3581/3333
f 3535/3672/3061 2810/2947/3482 3090/3227/3176
f 3248/3385/3485 2784/2921/3487 3144/3281/3526
f 3072/3209/3103 3519/3656/3276 3277/3414/3104
f 3517/3654/3208 3518/3655/3512 3061/3198/3527
f 3520/3657/3188 3073/3210/2957 2895/3032/2959
f 3135/3272/2965 2849/2986/3189 2972/3109/2963
f 3521/3658/2960 3074/3211/2953 2895/3032/2959
f 2730/2836/2961 2731/2837/2951 3356/3493/2950
f 2806/2943/3528 3348/3485/2904 3349/3486/3529
f 3293/3430/3530 3294/3431/3531 3075/3212/3357
f 3031/3168/3465 3245/3382/3116 3246/3383/3393
f 3523/3660/3005 2981/3118/3469 3527/3664/3532
f 3095/3232/2775 3541/3678/3533 3209/3346/3534
f 3077/3214/3391 3540/3677/3308 3279/3416/3535
f 3618/3755/3022 2948/3085/3021 3614/3751/3336
f 3118/3255/3536 2856/2993/3281 3117/3254/3280
f 3525/3662/3008 3527/3664/3532 3080/3217/3165
f 2795/2932/3009 3028/3165/3461 3488/3625/3460
f 3528/3665/3537 3676/3813/3538 3527/3664/3532
f 3201/3338/3539 3108/3245/2903 3550/3687/3540
f 2906/3043/2905 3081/3218/2883 2708/2814/2882
f 2907/3044/2878 3081/3218/2883 2854/2991/3004
f 3147/3284/3291 2860/2997/2794 2908/3045/2796
f 3303/3440/3541 3304/3441/3439 3115/3252/3542
f 2976/3113/2894 2862/2999/2909 3083/3220/2916
f 3301/3438/2914 3302/3439/3230 3084/3221/3543
f 3307/3444/3544 3305/3442/3133 3084/3221/3543
f 2786/2923/3438 3610/3747/3545 3304/3441/3439
f 3530/3667/3205 3085/3222/3266 3554/3691/3546
f 3529/3666/3204 2977/3114/2924 3085/3222/3266
f 3611/3748/3102 3554/3691/3546 3115/3252/3542
f 3611/3748/3102 3183/3320/3513 3613/3750/3547
f 2891/3028/3271 3481/3618/3322 3482/3619/3270
f 3087/3224/3235 2810/2947/3482 3369/3506/3236
f 3531/3668/3548 3088/3225/3481 2837/2974/3549
f 3090/3227/3176 2810/2947/3482 3088/3225/3481
f 3531/3668/3548 3532/3669/3550 3089/3226/3177
f 2783/2920/3064 3497/3634/3066 3499/3636/3178
f 3090/3227/3176 3088/3225/3481 3531/3668/3548
f 3258/3395/3062 3090/3227/3176 3042/3179/3477
f 3360/3497/3551 3043/3180/3552 3359/3496/3024
f 3535/3672/3061 3091/3228/3060 3536/3673/3553
f 2817/2954/2677 3435/3572/2679 3436/3573/3554
f 3438/3575/3555 3575/3712/3556 3139/3276/3169
f 3537/3674/3519 3093/3230/3099 3063/3200/3098
f 3093/3230/3099 3064/3201/3316 3094/3231/3510
f 3144/3281/3526 3094/3231/3510 3064/3201/3316
f 3361/3498/3511 3094/3231/3510 2784/2921/3487
f 3095/3232/2775 3539/3676/3309 3540/3677/3308
f 3209/3346/3534 3032/3169/3557 3244/3381/3468
f 3344/3481/3558 3097/3234/3559 3343/3480/3524
f 3341/3478/2719 3542/3679/3560 3096/3233/3375
f 3150/3287/3561 2858/2995/2777 3148/3285/3225
f 3344/3481/3558 3150/3287/3561 3582/3719/3562
f 3098/3235/3376 3542/3679/3560 3543/3680/3563
f 3229/3366/3366 3230/3367/3034 2962/3099/3033
f 2782/2919/3564 3338/3475/2721 3339/3476/3565
f 3377/3514/3566 3567/3704/3567 3376/3513/3568
f 3101/3238/3483 3545/3682/3273 2845/2982/3359
f 3357/3494/3275 3100/3237/3274 2809/2946/3484
f 3358/3495/3023 3101/3238/3483 2845/2982/3359
f 3259/3396/3479 3646/3783/3025 3043/3180/3552
f 3102/3239/3518 2799/2936/3348 3387/3524/3569
f 3104/3241/3039 3547/3684/3315 3548/3685/3570
f 3217/3354/2841 3218/3355/3318 2949/3086/2842
f 2932/3069/3041 3221/3358/3153 3223/3360/3571
f 3641/3778/3037 3103/3240/3572 3223/3360/3571
f 2830/2967/3445 3332/3469/3573 3331/3468/2691
f 3249/3386/3574 3071/3208/3575 3250/3387/3486
f 3144/3281/3526 2784/2921/3487 3094/3231/3510
f 2908/3045/2796 3106/3243/2795 71/2854/276
f 3106/3243/2795 2860/2997/2794 3453/3590/3397
f 3550/3687/3540 3549/3686/2902 3107/3244/2884
f 3107/3244/2884 3549/3686/2902 3402/3539/3576
f 3550/3687/3540 2834/2971/3577 3317/3454/3289
f 3347/3484/3051 3202/3339/3578 3346/3483/3579
f 3350/3487/3580 3655/3792/3581 3346/3483/3579
f 3293/3430/3530 3145/3282/3582 3294/3431/3531
f 3316/3453/3219 3317/3454/3289 2854/2991/3004
f 2795/2932/3009 3525/3662/3008 3526/3663/3166
f 2911/3048/2748 3111/3248/2753 2753/2890/2746
f 3111/3248/2753 2859/2996/3122 3449/3586/3226
f 2936/3073/2672 2840/2977/3326 3112/3249/3244
f 3198/3335/3325 3112/3249/3244 2840/2977/3326
f 3551/3688/3446 3010/3147/2727 2910/3047/2718
f 3113/3250/3254 3551/3688/3446 3403/3540/3583
f 3391/3528/3085 3390/3527/3084 3114/3251/2955
f 3037/3174/3043 3394/3531/2956 3552/3689/3584
f 2819/2956/2915 3301/3438/2914 3303/3440/3541
f 3182/3319/3100 3610/3747/3545 3345/3482/3585
f 2912/3049/2726 3116/3253/2770 2755/2892/3031
f 2911/3048/2748 3116/3253/2770 2858/2995/2777
f 3119/3256/3012 3117/3254/3280 2822/2959/2776
f 3119/3256/3012 3556/3693/3011 3117/3254/3280
f 3326/3463/3341 3118/3255/3536 3078/3215/3013
f 3628/3765/3586 2804/2941/3342 3194/3331/3117
f 3209/3346/3534 3119/3256/3012 2822/2959/2776
f 3119/3256/3012 3209/3346/3534 3244/3381/3468
f 3327/3464/3247 3660/3797/3587 2865/3002/3287
f 3120/3257/3056 2913/3050/2992 3210/3347/3057
f 2865/3002/3287 3121/3258/3233 3120/3257/3056
f 2807/2944/3300 3308/3445/3294 3122/3259/2990
f 2807/2944/3300 3122/3259/2990 3121/3258/3233
f 3558/3695/3195 2914/3051/3588 3123/3260/3194
f 3560/3697/3589 3123/3260/3194 2914/3051/3588
f 3212/3349/3002 2794/2931/3001 3211/3348/3140
f 3124/3261/3413 3560/3697/3589 3561/3698/3590
f 3653/3790/3591 3260/3397/3000 3126/3263/3054
f 3125/3262/3592 3561/3698/3590 3159/3296/3296
f 3579/3716/3494 3578/3715/3493 2953/3090/3593
f 3562/3699/3052 3124/3261/3413 3561/3698/3590
f 3679/3816/3053 3289/3426/3356 3653/3790/3591
f 2829/2966/3035 3313/3450/3149 3128/3265/3036
f 3565/3702/3594 2864/3001/2850 3127/3264/2851
f 3567/3704/3567 3129/3266/3595 3566/3703/3364
f 3128/3265/3036 3568/3705/3521 3570/3707/3596
f 3572/3709/3597 3129/3266/3595 3099/3236/3598
f 3128/3265/3036 3566/3703/3364 3568/3705/3521
f 3099/3236/3598 3543/3680/3563 3544/3681/3599
f 3066/3203/3600 3132/3269/2998 3571/3708/3601
f 3565/3702/3594 3131/3268/3141 2864/3001/2850
f 3066/3203/3600 3133/3270/3143 3574/3711/2996
f 3131/3268/3141 3573/3710/3602 3132/3269/2998
f 2802/2939/3523 3569/3706/3522 3571/3708/3601
f 3340/3477/3603 3066/3203/3600 3337/3474/3030
f 3267/3404/3222 3268/3405/3142 3648/3785/3144
f 2857/2994/3223 3630/3767/2798 3629/3766/3604
f 3134/3271/3045 3629/3766/3604 3363/3500/3605
f 2727/2833/3277 3135/3272/2965 2726/2832/2964
f 2849/2986/3189 3135/3272/2965 3073/3210/2957
f 2981/3118/3469 3522/3659/3392 3279/3416/3535
f 3136/3273/3423 3652/3789/3402 3282/3419/3401
f 2851/2988/3211 3137/3274/2929 2952/3089/2931
f 2716/2822/3272 3137/3274/2929 2982/3119/2935
f 3576/3713/3480 3138/3275/2809 2835/2972/2815
f 3138/3275/2809 3575/3712/3556 3505/3642/3500
f 3661/3798/3238 2835/2972/2815 3242/3379/2816
f 3438/3575/3555 3092/3229/3606 3437/3574/3607
f 3008/3145/2713 3140/3277/2723 2762/2899/2714
f 3009/3146/2716 3140/3277/2723 2861/2998/2690
f 3634/3771/3608 2859/2996/3122 3204/3341/3121
f 3141/3278/3088 3634/3771/3608 3329/3466/3374
f 3532/3669/3550 3142/3279/3321 3004/3141/3242
f 3480/3617/3455 3142/3279/3321 2837/2974/3549
f 3577/3714/3452 3017/3154/2865 2924/3061/2867
f 3143/3280/3163 3577/3714/3452 3635/3772/3453
f 3104/3241/3039 3668/3805/3609 3547/3684/3315
f 3248/3385/3485 3144/3281/3526 3105/3242/3610
f 3293/3430/3530 3291/3428/3489 3292/3429/3611
f 3635/3772/3453 3044/3181/3310 3143/3280/3163
f 3580/3717/3427 3146/3283/3495 3579/3716/3494
f 3163/3300/3363 3161/3298/3490 3594/3731/3612
f 3167/3304/3131 3147/3284/3291 2825/2962/3129
f 3406/3543/3227 3082/3219/3132 3306/3443/3134
f 3581/3718/3613 3148/3285/3225 2823/2960/3156
f 2801/2938/3614 3204/3341/3121 3150/3287/3561
f 3154/3291/3313 3149/3286/3615 3581/3718/3613
f 3067/3204/3028 3585/3722/3120 3584/3721/3349
f 3581/3718/3613 3150/3287/3561 3148/3285/3225
f 3582/3719/3562 3149/3286/3615 3583/3720/3118
f 3154/3291/3313 3588/3725/3616 3149/3286/3615
f 3152/3289/3617 3586/3723/3525 2788/2925/3618
f 2788/2925/3618 3216/3353/2840 3152/3289/3617
f 3155/3292/3125 3156/3293/3124 3589/3726/3516
f 3152/3289/3617 3216/3353/2840 3374/3511/3619
f 3648/3785/3144 3340/3477/3603 2800/2937/3515
f 3154/3291/3313 2823/2960/3156 3433/3570/3155
f 2788/2925/3618 3586/3723/3525 3588/3725/3616
f 3153/3290/3620 3587/3724/3029 3374/3511/3619
f 3590/3727/3123 3155/3292/3125 2949/3086/2842
f 3647/3784/3221 3062/3199/3621 3468/3605/3441
f 2824/2961/3622 3469/3606/3255 3266/3403/3285
f 3456/3593/3298 3157/3294/3246 2874/3011/2758
f 3327/3464/3247 2865/3002/3287 3203/3340/2769
f 3187/3324/3444 3158/3295/3126 3005/3142/3442
f 2950/3087/2843 3591/3728/3256 2846/2983/3350
f 3592/3729/3297 3159/3296/3296 2914/3051/3588
f 3188/3325/3623 2780/2917/3624 3623/3760/3428
f 3559/3696/3625 3558/3695/3195 2989/3126/3293
f 3188/3325/3623 3189/3326/3451 2997/3134/3365
f 3161/3298/3490 3593/3730/3496 3594/3731/3612
f 3162/3299/3491 3161/3298/3490 3047/3184/3497
f 3162/3299/3491 3047/3184/3497 3275/3412/3626
f 3162/3299/3491 3045/3182/3627 3298/3435/3352
f 2780/2917/3624 3596/3733/3361 3163/3300/3363
f 3165/3302/3628 3596/3733/3361 2780/2917/3624
f 3597/3734/3378 3598/3735/3629 3164/3301/3379
f 3273/3410/3499 3274/3411/2994 2792/2929/2993
f 3624/3761/3630 2780/2917/3624 3188/3325/3623
f 3624/3761/3630 3229/3366/3366 3165/3302/3628
f 3598/3735/3629 3599/3736/3631 3166/3303/3632
f 3311/3448/2995 3166/3303/3632 3376/3513/3568
f 3384/3521/2897 2825/2962/3129 2882/3019/2898
f 3082/3219/3132 3167/3304/3131 3169/3306/3440
f 3002/3139/2989 3170/3307/3633 3171/3308/2987
f 3170/3307/3633 2786/2923/3438 3169/3306/3440
f 3601/3738/3634 3167/3304/3131 3600/3737/3130
f 3002/3139/2989 3181/3318/3437 3345/3482/3585
f 3169/3306/3440 3601/3738/3634 3170/3307/3633
f 3170/3307/3633 3601/3738/3634 3171/3308/2987
f 3168/3305/3331 3602/3739/3635 3171/3308/2987
f 3401/3538/3636 3172/3309/2988 3171/3308/2987
f 3401/3538/3636 2805/2942/3637 3173/3310/3638
f 3175/3312/3435 3370/3507/3639 3001/3138/3640
f 3263/3400/3075 3173/3310/3638 2805/2942/3637
f 3608/3745/3383 3605/3742/3382 3178/3315/3340
f 3174/3311/3381 3604/3741/3387 3605/3742/3382
f 3388/3525/3014 3389/3526/3508 3057/3194/3015
f 3370/3507/3639 3172/3309/2988 2969/3106/3050
f 3176/3313/3107 3175/3312/3435 3001/3138/3640
f 3225/3362/3433 3176/3313/3107 3001/3138/3640
f 3176/3313/3107 3000/3137/3106 3181/3318/3437
f 3606/3743/3108 3225/3362/3433 3177/3314/3641
f 3177/3314/3641 3372/3509/3436 3371/3508/3432
f 3240/3377/3339 2968/3105/3338 3239/3376/3380
f 3254/3391/3474 3241/3378/3334 3609/3746/3642
f 3609/3746/3642 3180/3317/3019 3616/3753/3018
f 3552/3689/3584 3553/3690/3643 3037/3174/3043
f 2947/3084/3335 3134/3271/3045 3363/3500/3605
f 3614/3751/3336 3615/3752/3017 3180/3317/3019
f 3182/3319/3100 3181/3318/3437 3000/3137/3106
f 3170/3307/3633 3345/3482/3585 2786/2923/3438
f 3182/3319/3100 3000/3137/3106 3612/3749/3101
f 3610/3747/3545 3182/3319/3100 3115/3252/3542
f 3612/3749/3101 3371/3508/3432 3183/3320/3513
f 3086/3223/3644 3611/3748/3102 3613/3750/3547
f 3184/3321/3337 3614/3751/3336 3617/3754/3645
f 2804/2941/3342 3118/3255/3536 3326/3463/3341
f 3244/3381/3468 3247/3384/3115 3078/3215/3013
f 3620/3757/3646 3186/3323/3020 3619/3756/3647
f 3619/3756/3647 3186/3323/3020 3185/3322/3648
f 3186/3323/3020 3620/3757/3646 3621/3758/3182
f 3251/3388/3346 3187/3324/3444 3005/3142/3442
f 2846/2983/3350 3187/3324/3444 3065/3202/3443
f 3680/3817/3295 3189/3326/3451 3188/3325/3623
f 3624/3761/3630 3188/3325/3623 2997/3134/3365
f 3160/3297/3649 3625/3762/3650 3189/3326/3451
f 3626/3763/3651 3013/3150/3448 3627/3764/2975
f 3190/3327/2974 3189/3326/3451 3625/3762/3650
f 3626/3763/3651 3627/3764/2975 3190/3327/2974
f 3191/3328/3449 3627/3764/2975 3472/3609/3447
f 3234/3371/3368 3191/3328/3449 2816/2953/3652
f 2915/3052/2910 3192/3329/2911 2739/2845/2912
f 2976/3113/2894 3192/3329/2911 2862/2999/2909
f 2916/3053/2791 3193/3330/2790 2741/2847/3070
f 2915/3052/2910 3193/3330/2790 2863/3000/2789
f 3628/3765/3586 3194/3331/3117 2856/2993/3281
f 3194/3331/3117 2804/2941/3342 3629/3766/3604
f 3398/3535/3260 3195/3332/3327 2958/3095/3136
f 3195/3332/3327 2789/2926/3653 3196/3333/3185
f 3197/3334/3186 3196/3333/3185 2789/2926/3653
f 3631/3768/3328 3196/3333/3185 3050/3187/3187
f 3633/3770/3457 3261/3398/3267 2789/2926/3653
f 3197/3334/3186 2836/2973/3171 3506/3643/3173
f 3196/3333/3185 3198/3335/3325 3195/3332/3327
f 3112/3249/3244 3198/3335/3325 2940/3077/3323
f 3632/3769/3456 3023/3160/2699 2938/3075/2702
f 3200/3337/3395 3199/3336/3324 2832/2969/3175
f 3200/3337/3395 3025/3162/3269 3261/3398/3267
f 3199/3336/3324 3200/3337/3395 2974/3111/3160
f 3202/3339/3578 3201/3338/3539 3080/3217/3165
f 3108/3245/2903 3201/3338/3539 3347/3484/3051
f 3527/3664/3532 3676/3813/3538 3080/3217/3165
f 3346/3483/3579 3202/3339/3578 2781/2918/3654
f 2937/3074/2766 3203/3340/2769 49/2876/326
f 2905/3042/3137 3203/3340/2769 2865/3002/3287
f 3150/3287/3561 3204/3341/3121 2858/2995/2777
f 3204/3341/3121 2801/2938/3614 3634/3771/3608
f 2975/3112/2852 2847/2984/2862 3205/3342/3360
f 3276/3413/3265 3205/3342/3360 2847/2984/2862
f 2867/3004/2885 3402/3539/3576 3206/3343/2866
f 2806/2943/3528 3349/3486/3529 3663/3800/3655
f 3207/3344/3162 3206/3343/2866 3402/3539/3576
f 3292/3429/3611 3208/3345/3253 3654/3791/3656
f 3654/3791/3656 3145/3282/3582 3292/3429/3611
f 3503/3640/3488 3208/3345/3253 2793/2930/3353
f 2822/2959/2776 3095/3232/2775 3209/3346/3534
f 3541/3678/3533 3095/3232/2775 3540/3677/3308
f 3212/3349/3002 3210/3347/3057 2913/3050/2992
f 3211/3348/3140 3636/3773/3657 2991/3128/3658
f 3211/3348/3140 3210/3347/3057 3212/3349/3002
f 2991/3128/3658 3462/3599/3079 3637/3774/3138
f 3557/3694/2991 3212/3349/3002 2913/3050/2992
f 3563/3700/3003 3123/3260/3194 3560/3697/3589
f 2920/3057/2847 3213/3350/2839 2692/2798/2972
f 2921/3058/2837 3213/3350/2839 2864/3001/2850
f 2978/3115/2689 3214/3351/2823 2766/2903/2693
f 3007/3144/3150 3214/3351/2823 2866/3003/3234
f 3669/3806/3659 2866/3003/3234 3369/3506/3236
f 3644/3781/2688 3071/3208/3575 3249/3386/3574
f 3219/3356/3040 3217/3354/2841 3216/3353/2840
f 3374/3511/3619 2949/3086/2842 3155/3292/3125
f 3219/3356/3040 3216/3353/2840 2788/2925/3618
f 3639/3776/3317 3217/3354/2841 2932/3069/3041
f 3103/3240/3572 3387/3524/3569 3218/3355/3318
f 2799/2936/3348 3252/3389/3347 3253/3390/3517
f 2788/2925/3618 3224/3361/3312 3219/3356/3040
f 3219/3356/3040 3224/3361/3312 3220/3357/3152
f 2931/3068/3292 3403/3540/3583 3220/3357/3152
f 3220/3357/3152 3403/3540/3583 3221/3358/3153
f 3222/3359/3229 3221/3358/3153 2831/2968/3660
f 3223/3360/3571 3103/3240/3572 3639/3776/3317
f 3551/3688/3446 3310/3447/2717 2831/2968/3660
f 3222/3359/3229 2861/2998/2690 3333/3470/2692
f 3640/3777/3228 3223/3360/3571 3221/3358/3153
f 3223/3360/3571 3640/3777/3228 3641/3778/3037
f 3154/3291/3313 3224/3361/3312 2788/2925/3618
f 3220/3357/3152 3224/3361/3312 2931/3068/3292
f 3226/3363/3434 3225/3362/3433 3001/3138/3640
f 3225/3362/3433 2999/3136/3217 3607/3744/3431
f 3227/3364/3016 3226/3363/3434 3001/3138/3640
f 3226/3363/3434 2797/2934/3506 3381/3518/3218
f 3227/3364/3016 3001/3138/3640 3370/3507/3639
f 3227/3364/3016 3057/3194/3015 3514/3651/3385
f 3230/3367/3034 3229/3366/3366 3228/3365/2973
f 3190/3327/2974 3228/3365/2973 2997/3134/3365
f 3230/3367/3034 3228/3365/2973 2966/3103/3450
f 3229/3366/3366 2962/3099/3033 3597/3734/3378
f 2966/3103/3450 3232/3369/3377 3230/3367/3034
f 3543/3680/3563 3678/3815/3661 3098/3235/3376
f 3642/3779/3032 3232/3369/3377 3231/3368/3662
f 3678/3815/3661 3377/3514/3566 3231/3368/3662
f 3233/3370/3367 3232/3369/3377 2966/3103/3450
f 3231/3368/3662 3232/3369/3377 3098/3235/3376
f 3234/3371/3368 3233/3370/3367 2966/3103/3450
f 3233/3370/3367 2965/3102/3371 3328/3465/3373
f 3191/3328/3449 3234/3371/3368 2966/3103/3450
f 3404/3541/3369 3234/3371/3368 2816/2953/3652
f 3375/3512/3429 3235/3372/3091 2842/2979/3193
f 3236/3373/3408 3235/3372/3091 2791/2928/3411
f 2791/2928/3411 3625/3762/3650 3237/3374/3412
f 3309/3446/3410 2989/3126/3293 3308/3445/3294
f 3559/3696/3625 3237/3374/3412 3160/3297/3649
f 3309/3446/3410 3237/3374/3412 2989/3126/3293
f 3239/3376/3380 2967/3104/3250 2813/2950/3663
f 3263/3400/3075 3238/3375/3074 2968/3105/3338
f 2967/3104/3250 3239/3376/3380 3238/3375/3074
f 3239/3376/3380 2813/2950/3663 3240/3377/3339
f 3241/3378/3334 3240/3377/3339 2813/2950/3663
f 3254/3391/3474 3178/3315/3340 3240/3377/3339
f 3442/3579/3311 3643/3780/3046 2813/2950/3663
f 3241/3378/3334 2947/3084/3335 3609/3746/3642
f 3665/3802/3239 2868/3005/3407 3357/3494/3275
f 3335/3472/3170 3661/3798/3238 3041/3178/3237
f 3299/3436/3421 3656/3793/3424 2781/2918/3654
f 3288/3425/3664 3243/3380/3419 3286/3423/3418
f 3245/3382/3116 3244/3381/3468 3032/3169/3557
f 3244/3381/3468 3245/3382/3116 3247/3384/3115
f 3246/3383/3393 3245/3382/3116 3032/3169/3557
f 3031/3168/3465 2785/2922/3114 3245/3382/3116
f 3246/3383/3393 3032/3169/3557 3541/3678/3533
f 3031/3168/3465 3246/3383/3393 3076/3213/3007
f 3619/3756/3647 3247/3384/3115 2785/2922/3114
f 3185/3322/3648 3078/3215/3013 3247/3384/3115
f 3249/3386/3574 3248/3385/3485 3105/3242/3610
f 3248/3385/3485 3249/3386/3574 3250/3387/3486
f 3332/3469/3573 3249/3386/3574 3105/3242/3610
f 3644/3781/2688 2830/2967/3445 3638/3775/2686
f 3536/3673/3553 3250/3387/3486 3071/3208/3575
f 3666/3803/3665 3250/3387/3486 3091/3228/3060
f 3005/3142/3442 3468/3605/3441 3252/3389/3347
f 3251/3388/3346 2799/2936/3348 3546/3683/3520
f 3005/3142/3442 3252/3389/3347 3251/3388/3346
f 3253/3390/3517 3252/3389/3347 3062/3199/3621
f 3253/3390/3517 3062/3199/3621 3590/3727/3123
f 3253/3390/3517 3218/3355/3318 3387/3524/3569
f 3241/3378/3334 3254/3391/3474 3240/3377/3339
f 2787/2924/3473 3254/3391/3474 3179/3316/3666
f 3139/3276/3169 3336/3473/3168 3438/3575/3555
f 3437/3574/3607 2817/2954/2677 3436/3573/3554
f 3257/3394/3343 3256/3393/3345 3030/3167/3503
f 3029/3166/3344 2811/2948/3462 3256/3393/3345
f 3030/3167/3503 3621/3758/3182 3620/3757/3646
f 2785/2922/3114 3031/3168/3465 3491/3628/3464
f 3497/3634/3066 3498/3635/3478 3042/3179/3477
f 3258/3395/3062 3043/3180/3552 3667/3804/3667
f 3646/3783/3025 2809/2946/3484 3101/3238/3483
f 3043/3180/3552 3258/3395/3062 3259/3396/3479
f 2992/3129/3668 3286/3423/3418 3287/3424/3415
f 3636/3773/3657 3260/3397/3000 2991/3128/3658
f 3262/3399/3268 3025/3162/3269 2890/3027/3320
f 2789/2926/3653 3261/3398/3267 3197/3334/3186
f 3025/3162/3269 3262/3399/3268 3261/3398/3267
f 3262/3399/3268 2890/3027/3320 3479/3616/3319
f 3263/3400/3075 2968/3105/3338 3605/3742/3382
f 2805/2942/3637 3385/3522/3332 3264/3401/3076
f 2805/2942/3637 3264/3401/3076 3263/3400/3075
f 3264/3401/3076 2944/3081/2899 3439/3576/3330
f 2984/3121/2820 3265/3402/2976 2676/2782/2821
f 3018/3155/3167 3265/3402/2976 2868/3005/3407
f 3267/3404/3222 3266/3403/3285 2855/2992/3027
f 3647/3784/3221 2824/2961/3622 3266/3403/3285
f 3267/3404/3222 2855/2992/3027 3268/3405/3142
f 3156/3293/3124 3267/3404/3222 2800/2937/3515
f 2903/3040/3026 3268/3405/3142 2855/2992/3027
f 3574/3711/2996 3268/3405/3142 2828/2965/2997
f 3269/3406/2908 2863/3000/2789 3430/3567/2793
f 3269/3406/2908 2812/2949/3398 3657/3794/3669
f 2879/3016/3164 3270/3407/2887 2985/3122/2886
f 3270/3407/2887 2821/2958/3113 3271/3408/3202
f 3502/3639/2970 3271/3408/3202 2821/2958/3113
f 3272/3409/3264 3271/3408/3202 3048/3185/2969
f 3273/3410/3499 3272/3409/3264 3048/3185/2969
f 3276/3413/3265 3330/3467/3498 2960/3097/3147
f 3048/3185/2969 3275/3412/3626 3273/3410/3499
f 3274/3411/2994 3392/3529/3362 3164/3301/3379
f 3274/3411/2994 3273/3410/3499 3275/3412/3626
f 3164/3301/3379 3598/3735/3629 3311/3448/2995
f 3275/3412/3626 3048/3185/2969 3504/3641/2971
f 3275/3412/3626 3047/3184/3497 3392/3529/3362
f 3272/3409/3264 3273/3410/3499 3330/3467/3498
f 3205/3342/3360 3276/3413/3265 2960/3097/3147
f 3650/3787/3279 3277/3414/3104 2841/2978/3190
f 3278/3415/3278 3086/3223/3644 3613/3750/3547
f 3650/3787/3279 3278/3415/3278 3277/3414/3104
f 3530/3667/3205 3278/3415/3278 2848/2985/3206
f 3280/3417/3400 3279/3416/3535 2796/2933/3307
f 3279/3416/3535 3652/3789/3402 3528/3665/3537
f 3281/3418/3197 3280/3417/3400 2796/2933/3307
f 3280/3417/3400 2994/3131/3425 3282/3419/3401
f 3281/3418/3197 2796/2933/3307 3539/3676/3309
f 3464/3601/3303 3296/3433/3196 2844/2981/3198
f 3283/3420/3080 3282/3419/3401 2994/3131/3425
f 3299/3436/3421 3136/3273/3423 3282/3419/3401
f 3285/3422/3081 3283/3420/3080 2994/3131/3425
f 3283/3420/3080 2993/3130/3082 3284/3421/3420
f 3286/3423/3418 3284/3421/3420 2993/3130/3082
f 3350/3487/3580 3284/3421/3420 3243/3380/3419
f 2994/3131/3425 3296/3433/3196 3405/3542/3426
f 3285/3422/3081 2814/2951/3077 3351/3488/3417
f 3287/3424/3415 3286/3423/3418 2993/3130/3082
f 3286/3423/3418 2992/3129/3668 3288/3425/3664
f 2993/3130/3082 3351/3488/3417 3664/3801/3414
f 2992/3129/3668 3287/3424/3415 3260/3397/3000
f 3289/3426/3356 3288/3425/3664 2992/3129/3668
f 3295/3432/3355 3243/3380/3419 3288/3425/3664
f 3653/3790/3591 3289/3426/3356 2992/3129/3668
f 3290/3427/3416 3289/3426/3356 2953/3090/3593
f 3578/3715/3493 3290/3427/3416 2953/3090/3593
f 3291/3428/3489 3297/3434/3354 2793/2930/3353
f 3297/3434/3354 3290/3427/3416 3046/3183/3670
f 3292/3429/3611 3291/3428/3489 2793/2930/3353
f 3208/3345/3253 3292/3429/3611 2793/2930/3353
f 3293/3430/3530 3292/3429/3611 3145/3282/3582
f 3145/3282/3582 3349/3486/3529 3294/3431/3531
f 3291/3428/3489 3293/3430/3530 3075/3212/3357
f 3109/3246/3671 3655/3792/3581 3294/3431/3531
f 3655/3792/3581 3295/3432/3355 3294/3431/3531
f 3289/3426/3356 3295/3432/3355 3288/3425/3664
f 3294/3431/3531 3295/3432/3355 3075/3212/3357
f 3405/3542/3426 3296/3433/3196 2995/3132/3302
f 2994/3131/3425 3281/3418/3197 3296/3433/3196
f 3290/3427/3416 3297/3434/3354 3291/3428/3489
f 3298/3435/3352 3297/3434/3354 3046/3183/3670
f 3298/3435/3352 3046/3183/3670 3595/3732/3492
f 3298/3435/3352 3045/3182/3627 3503/3640/3488
f 3656/3793/3424 3282/3419/3401 3283/3420/3080
f 3300/3437/3422 2781/2918/3654 3202/3339/3578
f 2781/2918/3654 3300/3437/3422 3299/3436/3421
f 3676/3813/3538 3202/3339/3578 3080/3217/3165
f 3302/3439/3230 3083/3220/2916 2862/2999/2909
f 3303/3440/3541 3301/3438/2914 3084/3221/3543
f 3657/3794/3669 2862/2999/2909 3269/3406/2908
f 3302/3439/3230 3657/3794/3669 3307/3444/3544
f 3303/3440/3541 3084/3221/3543 3304/3441/3439
f 3303/3440/3541 3115/3252/3542 3554/3691/3546
f 3084/3221/3543 3305/3442/3133 3304/3441/3439
f 3304/3441/3439 3305/3442/3133 3169/3306/3440
f 3306/3443/3134 3307/3444/3544 2812/2949/3398
f 3169/3306/3440 3305/3442/3133 3082/3219/3132
f 3407/3544/3396 2812/2949/3398 2980/3117/3282
f 3147/3284/3291 3406/3543/3227 2860/2997/2794
f 3305/3442/3133 3307/3444/3544 3306/3443/3134
f 3302/3439/3230 3307/3444/3544 3084/3221/3543
f 2807/2944/3300 2988/3125/3299 3308/3445/3294
f 3459/3596/3409 2988/3125/3299 3458/3595/3394
f 3459/3596/3409 3308/3445/3294 2988/3125/3299
f 3237/3374/3412 3309/3446/3410 3236/3373/3408
f 2861/2998/2690 3310/3447/2717 3009/3146/2716
f 2831/2968/3660 3310/3447/2717 3222/3359/3229
f 3164/3301/3379 3311/3448/2995 3274/3411/2994
f 3312/3449/3148 3376/3513/3568 2961/3098/3672
f 3313/3450/3149 3312/3449/3148 2961/3098/3672
f 3330/3467/3498 3312/3449/3148 2960/3097/3147
f 3313/3450/3149 2961/3098/3672 3566/3703/3364
f 3448/3585/3203 3313/3450/3149 2829/2966/3035
f 2926/3063/2875 3314/3451/2870 2704/2810/2872
f 3016/3153/2868 3314/3451/2870 2867/3004/2885
f 3486/3623/3068 3315/3452/3184 2839/2976/3069
f 3316/3453/3219 3028/3165/3461 2795/2932/3009
f 3028/3165/3461 3316/3453/3219 3315/3452/3184
f 3317/3454/3289 3658/3795/3220 3110/3247/3673
f 3550/3687/3540 3317/3454/3289 3110/3247/3673
f 3317/3454/3289 2834/2971/3577 3476/3613/3454
f 2665/2771/2705 3318/3455/2707 2664/2770/2703
f 2939/3076/2712 3318/3455/2707 2666/2772/2706
f 3320/3457/3370 2963/3100/2779 2873/3010/2801
f 3117/3254/3280 3319/3456/2783 2822/2959/2776
f 2963/3100/2779 3320/3457/3370 3319/3456/2783
f 3320/3457/3370 2873/3010/2801 3321/3458/2774
f 3431/3568/3245 3321/3458/2774 2873/3010/2801
f 3539/3676/3309 3321/3458/2774 2923/3060/3305
f 3672/3809/3674 3322/3459/3403 3036/3173/3472
f 3510/3647/3406 3322/3459/3403 2798/2935/3404
f 2927/3064/2756 3323/3460/2750 2751/2888/2749
f 2928/3065/2741 3323/3460/2750 2870/3007/2755
f 2710/2816/2890 3324/3461/2907 2709/2815/2906
f 3659/3796/3249 3324/3461/2907 2942/3079/2879
f 3325/3462/3044 3054/3191/3181 3511/3648/3405
f 3609/3746/3642 3616/3753/3018 3553/3690/3643
f 3078/3215/3013 3185/3322/3648 3326/3463/3341
f 3326/3463/3341 3185/3322/3648 3618/3755/3022
f 2807/2944/3300 3660/3797/3587 3157/3294/3246
f 3121/3258/3233 3660/3797/3587 2807/2944/3300
f 3329/3466/3374 3328/3465/3373 2965/3102/3371
f 3328/3465/3373 3096/3233/3375 3542/3679/3560
f 3141/3278/3088 3329/3466/3374 2965/3102/3371
f 2801/2938/3614 3344/3481/3558 3329/3466/3374
f 3272/3409/3264 3330/3467/3498 3276/3413/3265
f 3312/3449/3148 3330/3467/3498 2792/2929/2993
f 2909/3046/2734 3331/3468/2691 3008/3145/2713
f 3249/3386/3574 3332/3469/3573 2830/2967/3445
f 3105/3242/3610 3364/3501/3151 3332/3469/3573
f 3332/3469/3573 3364/3501/3151 3333/3470/2692
f 3332/3469/3573 3333/3470/2692 3331/3468/2691
f 3333/3470/2692 2803/2940/3675 3640/3777/3228
f 2950/3087/2843 3334/3471/3096 2682/2788/2844
f 2887/3024/2826 3334/3471/3096 3034/3171/2827
f 3675/3812/3065 3041/3178/3237 3497/3634/3066
f 3336/3473/3168 3092/3229/3606 3438/3575/3555
f 3675/3812/3065 3336/3473/3168 3335/3472/3170
f 3534/3671/3095 3336/3473/3168 2783/2920/3064
f 3340/3477/3603 3337/3474/3030 3153/3290/3620
f 3339/3476/3565 3338/3475/2721 3337/3474/3030
f 3337/3474/3030 3066/3203/3600 3339/3476/3565
f 3338/3475/2721 2782/2919/3564 3341/3478/2719
f 3066/3203/3600 3662/3799/3676 3339/3476/3565
f 3339/3476/3565 3130/3267/3677 3544/3681/3599
f 3340/3477/3603 3153/3290/3620 3589/3726/3516
f 3133/3270/3143 3066/3203/3600 3340/3477/3603
f 3542/3679/3560 3341/3478/2719 2782/2919/3564
f 3343/3480/3524 3341/3478/2719 3096/3233/3375
f 3097/3234/3559 3583/3720/3118 3585/3722/3120
f 3067/3204/3028 3338/3475/2721 3342/3479/2720
f 3343/3480/3524 3096/3233/3375 3329/3466/3374
f 3342/3479/2720 3343/3480/3524 3097/3234/3559
f 3329/3466/3374 3344/3481/3558 3343/3480/3524
f 3150/3287/3561 3344/3481/3558 2801/2938/3614
f 3002/3139/2989 3345/3482/3585 3170/3307/3633
f 3182/3319/3100 3345/3482/3585 3181/3318/3437
f 3350/3487/3580 3346/3483/3579 2781/2918/3654
f 3347/3484/3051 3346/3483/3579 3109/3246/3671
f 3347/3484/3051 3109/3246/3671 3348/3485/2904
f 3202/3339/3578 3347/3484/3051 3201/3338/3539
f 3349/3486/3529 3348/3485/2904 3109/3246/3671
f 3549/3686/2902 3348/3485/2904 2806/2943/3528
f 3294/3431/3531 3349/3486/3529 3109/3246/3671
f 3654/3791/3656 3663/3800/3655 3145/3282/3582
f 3284/3421/3420 3350/3487/3580 2781/2918/3654
f 3350/3487/3580 3243/3380/3419 3655/3792/3581
f 3462/3599/3079 3351/3488/3417 2814/2951/3077
f 3664/3801/3414 2991/3128/3658 3260/3397/3000
f 2935/3072/2680 3352/3489/2811 2771/2908/2685
f 2934/3071/3063 3352/3489/2811 2871/3008/3058
f 2936/3073/2672 3353/3490/2671 2773/2910/3093
f 2935/3072/2680 3353/3490/2671 2872/3009/2673
f 2922/3059/2800 3354/3491/2799 57/2868/625
f 2963/3100/2779 3354/3491/2799 2873/3010/2801
f 2850/2987/3110 3355/3492/2983 2902/3039/2943
f 2720/2826/3252 3355/3492/2983 2951/3088/2939
f 2986/3123/2949 3356/3493/2950 2732/2838/2952
f 2730/2836/2961 3356/3493/2950 3074/3211/2953
f 3357/3494/3275 2809/2946/3484 3498/3635/3478
f 2984/3121/2820 3357/3494/3275 2868/3005/3407
f 2845/2982/3359 3516/3653/3476 3362/3499/3199
f 3359/3496/3024 3358/3495/3023 3059/3196/3200
f 3360/3497/3551 3361/3498/3511 2784/2921/3487
f 3359/3496/3024 3043/3180/3552 3646/3783/3025
f 3666/3803/3665 2784/2921/3487 3250/3387/3486
f 3360/3497/3551 3666/3803/3665 3667/3804/3667
f 3359/3496/3024 3361/3498/3511 3360/3497/3551
f 3094/3231/3510 3361/3498/3511 3059/3196/3200
f 2845/2982/3359 3362/3499/3199 3358/3495/3023
f 2818/2955/3097 3362/3499/3199 3058/3195/3262
f 2804/2941/3342 3184/3321/3337 3363/3500/3605
f 3617/3754/3645 3363/3500/3605 3184/3321/3337
f 3364/3501/3151 3105/3242/3610 3365/3502/3038
f 3333/3470/2692 3364/3501/3151 2803/2940/3675
f 3105/3242/3610 3144/3281/3526 3365/3502/3038
f 3064/3201/3316 3668/3805/3609 3144/3281/3526
f 3019/3156/2808 3366/3503/2802 2672/2778/2803
f 2933/3070/2737 3366/3503/2802 2869/3006/2807
f 2929/3066/3072 3367/3504/2984 64/2861/291
f 2930/3067/2896 3367/3504/2984 2876/3013/3224
f 2723/2829/2940 3368/3505/2942 2722/2828/2944
f 2973/3110/2941 2853/2990/3258 3368/3505/2942
f 3536/3673/3553 3369/3506/3236 2810/2947/3482
f 3669/3806/3659 3071/3208/3575 3644/3781/2688
f 3172/3309/2988 3370/3507/3639 3175/3312/3435
f 3370/3507/3639 2969/3106/3050 3388/3525/3014
f 3177/3314/3641 3607/3744/3431 3372/3509/3436
f 3371/3508/3432 3061/3198/3527 3373/3510/3514
f 3517/3654/3208 3372/3509/3436 2820/2957/3430
f 3061/3198/3527 3371/3508/3432 3372/3509/3436
f 3518/3655/3512 3373/3510/3514 3061/3198/3527
f 3373/3510/3514 2790/2927/3105 3613/3750/3547
f 2949/3086/2842 3374/3511/3619 3216/3353/2840
f 3374/3511/3619 3155/3292/3125 3589/3726/3516
f 3471/3608/3192 3375/3512/3429 2842/2979/3193
f 3375/3512/3429 3013/3150/3448 3626/3763/3651
f 3311/3448/2995 3376/3513/3568 3312/3449/3148
f 3377/3514/3566 3376/3513/3568 3166/3303/3632
f 3377/3514/3566 3166/3303/3632 3599/3736/3631
f 3099/3236/3598 3129/3266/3595 3567/3704/3567
f 2917/3054/2767 3378/3515/2757 2745/2882/2762
f 3425/3562/3283 3426/3563/2759 2901/3038/2968
f 2918/3055/2752 3379/3516/2773 53/2872/333
f 3379/3516/2773 2877/3014/2772 3463/3600/3251
f 2998/3135/3257 3383/3520/3216 2853/2990/3258
f 3382/3519/3384 3056/3193/3386 3512/3649/3210
f 3226/3363/3434 3381/3518/3218 2999/3136/3217
f 3382/3519/3384 3381/3518/3218 2797/2934/3506
f 3381/3518/3218 3382/3519/3384 3380/3517/3109
f 3514/3651/3385 3382/3519/3384 2797/2934/3506
f 2853/2990/3258 3383/3520/3216 3381/3518/3218
f 3607/3744/3431 2998/3135/3257 2820/2957/3430
f 3385/3522/3332 3384/3521/2897 2944/3081/2899
f 3600/3737/3130 3384/3521/2897 3168/3305/3331
f 3264/3401/3076 3385/3522/3332 2944/3081/2899
f 3385/3522/3332 2805/2942/3637 3602/3739/3635
f 2880/3017/3154 3386/3523/2725 3011/3148/2724
f 3148/3285/3225 3386/3523/2725 2823/2960/3156
f 3387/3524/3569 3103/3240/3572 3548/3685/3570
f 3253/3390/3517 3387/3524/3569 2799/2936/3348
f 3370/3507/3639 3388/3525/3014 3227/3364/3016
f 2969/3106/3050 3604/3741/3387 3389/3526/3508
f 3670/3807/3678 3174/3311/3381 3608/3745/3383
f 3390/3527/3084 3389/3526/3508 3670/3807/3678
f 3552/3689/3584 3390/3527/3084 2787/2924/3473
f 3114/3251/2955 3671/3808/3679 3391/3528/3085
f 3513/3650/3507 3391/3528/3085 2815/2952/3505
f 3056/3193/3386 3514/3651/3385 3515/3652/3083
f 3275/3412/3626 3392/3529/3362 3274/3411/2994
f 3163/3300/3363 3392/3529/3362 3047/3184/3497
f 2798/2935/3404 3672/3809/3674 3393/3530/3042
f 3394/3531/2956 3114/3251/2955 3552/3689/3584
f 3672/3809/3674 3394/3531/2956 3393/3530/3042
f 3496/3633/2954 3036/3173/3472 3495/3632/3471
f 2941/3078/2927 3395/3532/2881 2712/2818/2895
f 2942/3079/2879 3395/3532/2881 2875/3012/2926
f 3017/3154/2865 3396/3533/2859 2700/2806/2858
f 2985/3122/2886 3396/3533/2859 2879/3016/3164
f 2826/2963/3358 3399/3536/3158 3397/3534/3261
f 2974/3111/3160 3633/3770/3457 3398/3535/3260
f 3398/3535/3260 3397/3534/3261 3399/3536/3158
f 3195/3332/3327 3398/3535/3260 2789/2926/3653
f 3399/3536/3158 2826/2963/3358 3446/3583/2704
f 3398/3535/3260 3399/3536/3158 2974/3111/3160
f 2882/3019/2898 3400/3537/2981 2987/3124/2891
f 3147/3284/3291 3400/3537/2981 2825/2962/3129
f 3401/3538/3636 3171/3308/2987 3602/3739/3635
f 3603/3740/3049 3401/3538/3636 3173/3310/3638
f 3107/3244/2884 3402/3539/3576 2867/3004/2885
f 3207/3344/3162 3402/3539/3576 2806/2943/3528
f 3113/3250/3254 3403/3540/3583 2931/3068/3292
f 3221/3358/3153 3403/3540/3583 2831/2968/3660
f 2816/2953/3652 3450/3587/3372 3673/3810/3089
f 3233/3370/3367 3404/3541/3369 2965/3102/3371
f 2814/2951/3077 3405/3542/3426 2995/3132/3302
f 2994/3131/3425 3405/3542/3426 3285/3422/3081
f 3406/3543/3227 3147/3284/3291 3167/3304/3131
f 3407/3544/3396 3406/3543/3227 3306/3443/3134
f 2812/2949/3398 3407/3544/3396 3306/3443/3134
f 3407/3544/3396 2980/3117/3282 3453/3590/3397
f 2951/3088/2939 3408/3545/2932 2719/2825/2934
f 2952/3089/2931 3408/3545/2932 2878/3015/2938
f 3010/3147/2727 3409/3546/2730 2758/2895/2728
f 3011/3148/2724 3409/3546/2730 2880/3017/3154
f 3006/3143/2832 3410/3547/2833 2685/2791/2835
f 3033/3170/3127 3410/3547/2833 2881/3018/3128
f 2943/3080/2901 3411/3548/2900 68/2857/352
f 2987/3124/2891 3411/3548/2900 2882/3019/2898
f 2972/3109/2963 3412/3549/2946 2725/2831/2948
f 2973/3110/2941 3412/3549/2946 2883/3020/2982
f 2779/2916/2663 2658/2764/2658 3414/3551/2660
f 2955/3092/2665 3413/3550/2661 2884/3021/3259
f 2779/2916/2663 3414/3551/2660 3413/3550/2661
f 2660/2766/2738 3414/3551/2660 2659/2765/2659
f 3023/3160/2699 3415/3552/2697 2662/2768/2700
f 2956/3093/2698 3415/3552/2697 2885/3022/3159
f 2955/3092/2665 3416/3553/2669 2777/2914/2667
f 2957/3094/2670 3416/3553/2669 2886/3023/2664
f 3334/3471/3096 3417/3554/2813 2681/2787/2979
f 2959/3096/2814 3417/3554/2813 2887/3024/2826
f 2975/3112/2852 3418/3555/2854 2695/2801/3146
f 3014/3151/2849 3418/3555/2854 2888/3025/2853
f 2976/3113/2894 3419/3556/2893 2737/2843/2917
f 2977/3114/2924 3419/3556/2893 2889/3026/2892
f 3021/3158/2986 3420/3557/2709 2669/2775/2708
f 3024/3161/3157 3420/3557/2709 2890/3027/3320
f 3022/3159/2694 3421/3558/2682 2768/2905/2684
f 2978/3115/2689 3421/3558/2682 2891/3028/3271
f 2982/3119/2935 3422/3559/2937 2715/2821/3179
f 3423/3560/2966 3422/3559/2937 2892/3029/2936
f 2838/2975/3502 3423/3560/2966 2892/3029/2936
f 2713/2819/3248 3423/3560/2966 2941/3078/2927
f 3425/3562/3283 2743/2880/2760 2744/2881/2763
f 48/2877/321 3424/3561/2761 2901/3038/2968
f 2743/2880/2760 3425/3562/3283 3424/3561/2761
f 3378/3515/2757 3425/3562/3283 2744/2881/2763
f 3378/3515/2757 3426/3563/2759 3425/3562/3283
f 3157/3294/3246 3426/3563/2759 2874/3011/2758
f 76/2849/282 3427/3564/2788 2742/2848/3231
f 3428/3565/2787 75/2850/288 74/2851/287
f 75/2850/288 3428/3565/2787 3427/3564/2788
f 2900/3037/2785 3428/3565/2787 74/2851/287
f 3428/3565/2787 3429/3566/2786 2916/3053/2791
f 3430/3567/2793 2900/3037/2785 2980/3117/3282
f 3269/3406/2908 3430/3567/2793 2980/3117/3282
f 2863/3000/2789 3429/3566/2786 3430/3567/2793
f 3432/3569/3304 3431/3568/3245 2922/3059/2800
f 3321/3458/2774 3431/3568/3245 2923/3060/3305
f 2954/3091/2778 3432/3569/3304 2922/3059/2800
f 3432/3569/3304 2844/2981/3198 3651/3788/3306
f 3113/3250/3254 3433/3570/3155 2880/3017/3154
f 3154/3291/3313 3433/3570/3155 2931/3068/3292
f 3435/3572/2679 3434/3571/2678 2872/3009/2673
f 3434/3571/2678 2817/2954/2677 3465/3602/3059
f 3112/3249/3244 3435/3572/2679 2872/3009/2673
f 2940/3077/3323 3255/3392/3329 3436/3573/3554
f 2940/3077/3323 3436/3573/3554 3435/3572/2679
f 3437/3574/3607 3436/3573/3554 3255/3392/3329
f 3438/3575/3555 3255/3392/3329 2808/2945/3680
f 3437/3574/3607 3092/3229/3606 3466/3603/3243
f 3255/3392/3329 3438/3575/3555 3437/3574/3607
f 3575/3712/3556 3438/3575/3555 2808/2945/3680
f 2944/3081/2899 2943/3080/2901 3439/3576/3330
f 3003/3140/3048 3439/3576/3330 2943/3080/2901
f 3120/3257/3056 3440/3577/3055 2905/3042/3137
f 3441/3578/3288 3440/3577/3055 2827/2964/3139
f 3440/3577/3055 3441/3578/3288 2945/3082/2751
f 3441/3578/3288 2827/2964/3139 3637/3774/3138
f 2967/3104/3250 3442/3579/3311 2813/2950/3663
f 3443/3580/3073 3442/3579/3311 2876/3013/3224
f 3444/3581/3333 3443/3580/3073 2929/3066/3072
f 3442/3579/3311 3443/3580/3073 2946/3083/3047
f 3070/3207/2797 3444/3581/3333 2929/3066/3072
f 2946/3083/3047 3444/3581/3333 2857/2994/3223
f 2956/3093/2698 3445/3582/2666 2884/3021/3259
f 2886/3023/2664 3445/3582/2666 2826/2963/3358
f 3399/3536/3158 3446/3583/2704 2885/3022/3159
f 3445/3582/2666 3446/3583/2704 2826/2963/3358
f 2958/3095/3136 2840/2977/3326 3447/3584/3135
f 3038/3175/2675 3447/3584/3135 2840/2977/3326
f 3205/3342/3360 3448/3585/3203 2888/3025/2853
f 3313/3450/3149 3448/3585/3203 2960/3097/3147
f 3111/3248/2753 3449/3586/3226 2927/3064/2756
f 3141/3278/3088 3449/3586/3226 2859/2996/3122
f 3450/3587/3372 2964/3101/3090 3673/3810/3089
f 3012/3149/3241 3450/3587/3372 2816/2953/3652
f 3003/3140/3048 3451/3588/3214 2852/2989/3215
f 2930/3067/2896 2967/3104/3250 3451/3588/3214
f 3452/3589/2861 2896/3033/2856 3649/3786/3201
f 2696/2802/3263 3452/3589/2861 2975/3112/2852
f 3106/3243/2795 3453/3590/3397 2979/3116/3071
f 3407/3544/3396 3453/3590/3397 2860/2997/2794
f 3137/3274/2929 3454/3591/3351 2982/3119/2935
f 2851/2988/3211 2983/3120/3087 3454/3591/3351
f 3510/3647/3406 3455/3592/3086 2983/3120/3087
f 3508/3645/3467 3455/3592/3086 3053/3190/3504
f 3157/3294/3246 3456/3593/3298 2807/2944/3300
f 3457/3594/2768 3456/3593/3298 2874/3011/2758
f 3458/3595/3394 3457/3594/2768 2917/3054/2767
f 3456/3593/3298 3457/3594/2768 2988/3125/3299
f 2971/3108/2764 3458/3595/3394 2917/3054/2767
f 3459/3596/3409 3309/3446/3410 3308/3445/3294
f 3458/3595/3394 2843/2980/3092 3459/3596/3409
f 3236/3373/3408 3459/3596/3409 2843/2980/3092
f 2995/3132/3302 3460/3597/3078 2814/2951/3077
f 3461/3598/2771 3460/3597/3078 2877/3014/2772
f 3441/3578/3288 3461/3598/2771 2918/3055/2752
f 3460/3597/3078 3461/3598/2771 2990/3127/3301
f 3462/3599/3079 2990/3127/3301 3637/3774/3138
f 3462/3599/3079 2991/3128/3658 3664/3801/3414
f 3460/3597/3078 3463/3600/3251 2877/3014/2772
f 3464/3601/3303 3463/3600/3251 2995/3132/3302
f 3296/3433/3196 3464/3601/3303 2995/3132/3302
f 2954/3091/2778 3464/3601/3303 2844/2981/3198
f 3466/3603/3243 3465/3602/3059 2817/2954/2677
f 3142/3279/3321 3465/3602/3059 3004/3141/3242
f 3437/3574/3607 3466/3603/3243 2817/2954/2677
f 3092/3229/3606 3534/3671/3095 3466/3603/3243
f 3468/3605/3441 3467/3604/3286 2824/2961/3622
f 3158/3295/3126 3467/3604/3286 3005/3142/3442
f 3468/3605/3441 2824/2961/3622 3647/3784/3221
f 3468/3605/3441 3062/3199/3621 3252/3389/3347
f 3266/3403/3285 3469/3606/3255 2904/3041/2830
f 3467/3604/3286 3469/3606/3255 2824/2961/3622
f 2996/3133/2745 3470/3607/3191 2842/2979/3193
f 2928/3065/2741 3012/3149/3241 3470/3607/3191
f 3472/3609/3447 3012/3149/3241 2816/2953/3652
f 3375/3512/3429 3471/3608/3192 3013/3150/3448
f 3012/3149/3241 3472/3609/3447 3471/3608/3192
f 3191/3328/3449 3472/3609/3447 2816/2953/3652
f 3448/3585/3203 3473/3610/2863 3014/3151/2849
f 3127/3264/2851 3473/3610/2863 2829/2966/3035
f 3131/3268/3141 3474/3611/3232 2921/3058/2837
f 3475/3612/3284 3474/3611/3232 2828/2965/2997
f 3474/3611/3232 3475/3612/3284 3015/3152/2889
f 3268/3405/3142 3475/3612/3284 2828/2965/2997
f 3317/3454/3289 3476/3613/3454 2907/3044/2878
f 3477/3614/3290 3476/3613/3454 2834/2971/3577
f 3476/3613/3454 3477/3614/3290 3020/3157/2874
f 3107/3244/2884 3477/3614/3290 2834/2971/3577
f 3049/3186/3172 3478/3615/3240 2933/3070/2737
f 3479/3616/3319 3478/3615/3240 2836/2973/3171
f 3478/3615/3240 3479/3616/3319 3021/3158/2986
f 3262/3399/3268 3479/3616/3319 2836/2973/3171
f 3142/3279/3321 3480/3617/3455 2934/3071/3063
f 3481/3618/3322 3480/3617/3455 2837/2974/3549
f 3480/3617/3455 3481/3618/3322 3022/3159/2694
f 3482/3619/3270 2837/2974/3549 3088/3225/3481
f 2837/2974/3549 3482/3619/3270 3481/3618/3322
f 3087/3224/3235 3482/3619/3270 3088/3225/3481
f 3024/3161/3157 3483/3620/3174 2939/3076/2712
f 3025/3162/3269 2832/2969/3175 3483/3620/3174
f 3051/3188/2928 3484/3621/3458 2875/3012/2926
f 3485/3622/3459 3484/3621/3458 2811/2948/3462
f 3484/3621/3458 3485/3622/3459 3026/3163/3183
f 3029/3166/3344 3485/3622/3459 2811/2948/3462
f 3027/3164/3067 3489/3626/3390 3487/3624/3389
f 3315/3452/3184 3486/3623/3068 3028/3165/3461
f 2970/3107/3388 3524/3661/3006 3488/3625/3460
f 3028/3165/3461 3486/3623/3068 3487/3624/3389
f 2970/3107/3388 3488/3625/3460 3487/3624/3389
f 2795/2932/3009 3488/3625/3460 3079/3216/3010
f 3485/3622/3459 3489/3626/3390 3027/3164/3067
f 3490/3627/3399 3489/3626/3390 3029/3166/3344
f 3491/3628/3464 3490/3627/3399 3029/3166/3344
f 3076/3213/3007 3490/3627/3399 3031/3168/3465
f 3029/3166/3344 3257/3394/3343 3491/3628/3464
f 2785/2922/3114 3491/3628/3464 3257/3394/3343
f 3063/3200/3098 3492/3629/2825 3034/3171/2827
f 3058/3195/3262 3492/3629/2825 2818/2955/3097
f 3055/3192/3209 3493/3630/3470 2878/3015/2938
f 3495/3632/3471 3493/3630/3470 2815/2952/3505
f 3035/3172/3212 3493/3630/3470 3495/3632/3471
f 3322/3459/3403 3494/3631/3213 3036/3173/3472
f 3035/3172/3212 3495/3632/3471 3494/3631/3213
f 3671/3808/3679 3496/3633/2954 3495/3632/3471
f 3036/3173/3472 3496/3633/2954 3394/3531/2956
f 3671/3808/3679 3495/3632/3471 2815/2952/3505
f 3498/3635/3478 3497/3634/3066 3041/3178/3237
f 3499/3636/3178 3497/3634/3066 3042/3179/3477
f 3498/3635/3478 3041/3178/3237 3665/3802/3239
f 3259/3396/3479 3498/3635/3478 2809/2946/3484
f 3090/3227/3176 3499/3636/3178 3042/3179/3477
f 3499/3636/3178 3089/3226/3177 3533/3670/3094
f 3501/3638/3112 3500/3637/3111 3044/3181/3310
f 3270/3407/2887 3500/3637/3111 2821/2958/3113
f 3044/3181/3310 3208/3345/3253 3503/3640/3488
f 3502/3639/2970 3501/3638/3112 3045/3182/3627
f 3504/3641/2971 3045/3182/3627 3162/3299/3491
f 3271/3408/3202 3502/3639/2970 3048/3185/2969
f 3298/3435/3352 3503/3640/3488 2793/2930/3353
f 3045/3182/3627 3501/3638/3112 3503/3640/3488
f 3045/3182/3627 3504/3641/2971 3502/3639/2970
f 3275/3412/3626 3504/3641/2971 3162/3299/3491
f 3138/3275/2809 3505/3642/3500 2869/3006/2807
f 2808/2945/3680 3049/3186/3172 3505/3642/3500
f 3645/3782/3501 3049/3186/3172 2808/2945/3680
f 3197/3334/3186 3506/3643/3173 3050/3187/3187
f 3256/3393/3345 3507/3644/3463 3052/3189/3466
f 3484/3621/3458 3507/3644/3463 2811/2948/3462
f 3455/3592/3086 3508/3645/3467 2838/2975/3502
f 3509/3646/3180 3508/3645/3467 3053/3190/3504
f 3509/3646/3180 3053/3190/3504 3511/3648/3405
f 3030/3167/3503 3052/3189/3466 3509/3646/3180
f 3455/3592/3086 3510/3647/3406 3053/3190/3504
f 3322/3459/3403 3510/3647/3406 2983/3120/3087
f 3325/3462/3044 3511/3648/3405 2798/2935/3404
f 3509/3646/3180 3511/3648/3405 3054/3191/3181
f 3382/3519/3384 3512/3649/3210 2850/2987/3110
f 3513/3650/3507 3512/3649/3210 3056/3193/3386
f 3391/3528/3085 3513/3650/3507 3056/3193/3386
f 3055/3192/3209 3513/3650/3507 2815/2952/3505
f 3227/3364/3016 3514/3651/3385 2797/2934/3506
f 3515/3652/3083 3514/3651/3385 3057/3194/3015
f 3390/3527/3084 3515/3652/3083 3057/3194/3015
f 3056/3193/3386 3515/3652/3083 3391/3528/3085
f 3362/3499/3199 3516/3653/3476 3058/3195/3262
f 3039/3176/2817 3516/3653/3476 2845/2982/3359
f 3518/3655/3512 2849/2986/3189 3072/3209/3103
f 3517/3654/3208 3061/3198/3527 3372/3509/3436
f 3072/3209/3103 2790/2927/3105 3518/3655/3512
f 3373/3510/3514 3518/3655/3512 2790/2927/3105
f 3074/3211/2953 3519/3656/3276 2895/3032/2959
f 3277/3414/3104 3519/3656/3276 2841/2978/3190
f 3519/3656/3276 3520/3657/3188 2895/3032/2959
f 2849/2986/3189 3520/3657/3188 3072/3209/3103
f 2728/2834/2958 3521/3658/2960 2895/3032/2959
f 2730/2836/2961 3521/3658/2960 2729/2835/2962
f 3246/3383/3393 3522/3659/3392 3076/3213/3007
f 3279/3416/3535 3522/3659/3392 3077/3214/3391
f 3524/3661/3006 3523/3660/3005 3079/3216/3010
f 3522/3659/3392 3523/3660/3005 3076/3213/3007
f 3488/3625/3460 3524/3661/3006 3079/3216/3010
f 2970/3107/3388 3076/3213/3007 3524/3661/3006
f 3079/3216/3010 3523/3660/3005 3527/3664/3532
f 3080/3217/3165 3201/3338/3539 3526/3663/3166
f 3201/3338/3539 3110/3247/3673 3526/3663/3166
f 3526/3663/3166 3110/3247/3673 3658/3795/3220
f 3079/3216/3010 3527/3664/3532 3525/3662/3008
f 3528/3665/3537 3527/3664/3532 2981/3118/3469
f 3279/3416/3535 3528/3665/3537 2981/3118/3469
f 3136/3273/3423 3300/3437/3422 3676/3813/3538
f 3530/3667/3205 3529/3666/3204 3085/3222/3266
f 3040/3177/2923 3529/3666/3204 2848/2985/3206
f 3554/3691/3546 3085/3222/3266 2819/2956/2915
f 3278/3415/3278 3530/3667/3205 3086/3223/3644
f 3532/3669/3550 3531/3668/3548 2837/2974/3549
f 3090/3227/3176 3531/3668/3548 3089/3226/3177
f 3142/3279/3321 3532/3669/3550 2837/2974/3549
f 3532/3669/3550 3004/3141/3242 3533/3670/3094
f 3532/3669/3550 3533/3670/3094 3089/3226/3177
f 3004/3141/3242 3466/3603/3243 3534/3671/3095
f 3534/3671/3095 3533/3670/3094 3004/3141/3242
f 3336/3473/3168 3534/3671/3095 3092/3229/3606
f 3258/3395/3062 3535/3672/3061 3090/3227/3176
f 3091/3228/3060 3250/3387/3486 3536/3673/3553
f 3536/3673/3553 3071/3208/3575 3669/3806/3659
f 2810/2947/3482 3535/3672/3061 3536/3673/3553
f 3063/3200/3098 3065/3202/3443 3537/3674/3519
f 3065/3202/3443 3546/3683/3520 3677/3814/3314
f 3362/3499/3199 3538/3675/3509 3059/3196/3200
f 3093/3230/3099 3538/3675/3509 2818/2955/3097
f 3321/3458/2774 3539/3676/3309 3095/3232/2775
f 3539/3676/3309 2923/3060/3305 3651/3788/3306
f 3279/3416/3535 3540/3677/3308 2796/2933/3307
f 3541/3678/3533 3540/3677/3308 3077/3214/3391
f 3246/3383/3393 3541/3678/3533 3077/3214/3391
f 3209/3346/3534 3541/3678/3533 3032/3169/3557
f 3543/3680/3563 3542/3679/3560 2782/2919/3564
f 3328/3465/3373 3542/3679/3560 3098/3235/3376
f 3544/3681/3599 3543/3680/3563 2782/2919/3564
f 3678/3815/3661 3543/3680/3563 3099/3236/3598
f 3339/3476/3565 3544/3681/3599 2782/2919/3564
f 3544/3681/3599 3130/3267/3677 3572/3709/3597
f 3100/3237/3274 3545/3682/3273 3101/3238/3483
f 3039/3176/2817 3545/3682/3273 2894/3031/2978
f 3251/3388/3346 3546/3683/3520 3065/3202/3443
f 2799/2936/3348 3102/3239/3518 3546/3683/3520
f 3548/3685/3570 3547/3684/3315 3102/3239/3518
f 3668/3805/3609 3104/3241/3039 3365/3502/3038
f 3387/3524/3569 3548/3685/3570 3102/3239/3518
f 3104/3241/3039 3548/3685/3570 3103/3240/3572
f 3402/3539/3576 3549/3686/2902 2806/2943/3528
f 3550/3687/3540 3107/3244/2884 2834/2971/3577
f 3201/3338/3539 3550/3687/3540 3110/3247/3673
f 3549/3686/2902 3550/3687/3540 3108/3245/2903
f 3403/3540/3583 3551/3688/3446 2831/2968/3660
f 3010/3147/2727 3551/3688/3446 3113/3250/3254
f 3390/3527/3084 3552/3689/3584 3114/3251/2955
f 3553/3690/3643 2787/2924/3473 3179/3316/3666
f 2787/2924/3473 3553/3690/3643 3552/3689/3584
f 3553/3690/3643 3179/3316/3666 3609/3746/3642
f 3530/3667/3205 3554/3691/3546 3086/3223/3644
f 3303/3440/3541 3554/3691/3546 2819/2956/2915
f 3117/3254/3280 2856/2993/3281 3555/3692/2781
f 3069/3206/2782 3555/3692/2781 2856/2993/3281
f 3078/3215/3013 3118/3255/3536 3556/3693/3011
f 3117/3254/3280 3556/3693/3011 3118/3255/3536
f 3558/3695/3195 3557/3694/2991 3122/3259/2990
f 3212/3349/3002 3557/3694/2991 3123/3260/3194
f 3122/3259/2990 2989/3126/3293 3558/3695/3195
f 3237/3374/3412 3559/3696/3625 2989/3126/3293
f 3592/3729/3297 3559/3696/3625 3160/3297/3649
f 2914/3051/3588 3558/3695/3195 3559/3696/3625
f 3561/3698/3590 3560/3697/3589 2914/3051/3588
f 3563/3700/3003 3560/3697/3589 3124/3261/3413
f 3159/3296/3296 3561/3698/3590 2914/3051/3588
f 3562/3699/3052 3561/3698/3590 3125/3262/3592
f 3562/3699/3052 3125/3262/3592 3579/3716/3494
f 3564/3701/2999 3562/3699/3052 3126/3263/3054
f 3563/3700/3003 3124/3261/3413 3564/3701/2999
f 3212/3349/3002 3123/3260/3194 3563/3700/3003
f 3260/3397/3000 3564/3701/2999 3126/3263/3054
f 3563/3700/3003 3564/3701/2999 2794/2931/3001
f 3570/3707/3596 3127/3264/2851 3128/3265/3036
f 3565/3702/3594 2802/2939/3523 3573/3710/3602
f 3567/3704/3567 3566/3703/3364 2961/3098/3672
f 3568/3705/3521 3566/3703/3364 3129/3266/3595
f 3376/3513/3568 3567/3704/3567 2961/3098/3672
f 3099/3236/3598 3567/3704/3567 3377/3514/3566
f 3569/3706/3522 3568/3705/3521 3129/3266/3595
f 3570/3707/3596 2802/2939/3523 3565/3702/3594
f 3572/3709/3597 3569/3706/3522 3129/3266/3595
f 3571/3708/3601 3569/3706/3522 3130/3267/3677
f 2802/2939/3523 3570/3707/3596 3568/3705/3521
f 3127/3264/2851 3570/3707/3596 3565/3702/3594
f 3571/3708/3601 3130/3267/3677 3662/3799/3676
f 3571/3708/3601 3132/3269/2998 3573/3710/3602
f 3544/3681/3599 3572/3709/3597 3099/3236/3598
f 3569/3706/3522 3572/3709/3597 3130/3267/3677
f 3565/3702/3594 3573/3710/3602 3131/3268/3141
f 3571/3708/3601 3573/3710/3602 2802/2939/3523
f 3066/3203/3600 3574/3711/2996 3132/3269/2998
f 3268/3405/3142 3574/3711/2996 3133/3270/3143
f 3505/3642/3500 3575/3712/3556 2808/2945/3680
f 3576/3713/3480 3575/3712/3556 3138/3275/2809
f 3335/3472/3170 3576/3713/3480 2835/2972/2815
f 3575/3712/3556 3576/3713/3480 3139/3276/3169
f 3017/3154/2865 3577/3714/3452 3143/3280/3163
f 2924/3061/2867 2833/2970/3161 3577/3714/3452
f 3593/3730/3496 3578/3715/3493 3146/3283/3495
f 3290/3427/3416 3578/3715/3493 3046/3183/3670
f 3579/3716/3494 2953/3090/3593 3679/3816/3053
f 3580/3717/3427 3579/3716/3494 3125/3262/3592
f 3159/3296/3296 3580/3717/3427 3125/3262/3592
f 3594/3731/3612 3580/3717/3427 2780/2917/3624
f 3154/3291/3313 3581/3718/3613 2823/2960/3156
f 3581/3718/3613 3149/3286/3615 3582/3719/3562
f 3344/3481/3558 3582/3719/3562 3097/3234/3559
f 3581/3718/3613 3582/3719/3562 3150/3287/3561
f 3582/3719/3562 3583/3720/3118 3097/3234/3559
f 3588/3725/3616 3583/3720/3118 3149/3286/3615
f 3587/3724/3029 3584/3721/3349 3152/3289/3617
f 3585/3722/3120 3067/3204/3028 3342/3479/2720
f 3585/3722/3120 3342/3479/2720 3097/3234/3559
f 3151/3288/3119 3584/3721/3349 3585/3722/3120
f 3584/3721/3349 3586/3723/3525 3152/3289/3617
f 3586/3723/3525 3151/3288/3119 3588/3725/3616
f 3374/3511/3619 3587/3724/3029 3152/3289/3617
f 3337/3474/3030 3587/3724/3029 3153/3290/3620
f 3588/3725/3616 3154/3291/3313 2788/2925/3618
f 3583/3720/3118 3588/3725/3616 3151/3288/3119
f 3340/3477/3603 3589/3726/3516 2800/2937/3515
f 3374/3511/3619 3589/3726/3516 3153/3290/3620
f 3253/3390/3517 3590/3727/3123 2949/3086/2842
f 3156/3293/3124 3590/3727/3123 3062/3199/3621
f 3033/3170/3127 3591/3728/3256 2950/3087/2843
f 3187/3324/3444 3591/3728/3256 3158/3295/3126
f 3559/3696/3625 3592/3729/3297 2914/3051/3588
f 3680/3817/3295 3160/3297/3649 3189/3326/3451
f 3578/3715/3493 3593/3730/3496 3046/3183/3670
f 3594/3731/3612 3593/3730/3496 3146/3283/3495
f 3580/3717/3427 3594/3731/3612 3146/3283/3495
f 3163/3300/3363 3594/3731/3612 2780/2917/3624
f 3298/3435/3352 3595/3732/3492 3162/3299/3491
f 3593/3730/3496 3595/3732/3492 3046/3183/3670
f 3597/3734/3378 3596/3733/3361 3165/3302/3628
f 3392/3529/3362 3596/3733/3361 3164/3301/3379
f 3229/3366/3366 3597/3734/3378 3165/3302/3628
f 3598/3735/3629 3597/3734/3378 2962/3099/3033
f 2962/3099/3033 3642/3779/3032 3599/3736/3631
f 3598/3735/3629 3166/3303/3632 3311/3448/2995
f 2962/3099/3033 3599/3736/3631 3598/3735/3629
f 3377/3514/3566 3599/3736/3631 3231/3368/3662
f 3384/3521/2897 3600/3737/3130 2825/2962/3129
f 3600/3737/3130 3168/3305/3331 3601/3738/3634
f 3601/3738/3634 3169/3306/3440 3167/3304/3131
f 3171/3308/2987 3601/3738/3634 3168/3305/3331
f 3385/3522/3332 3602/3739/3635 3168/3305/3331
f 3401/3538/3636 3602/3739/3635 2805/2942/3637
f 3401/3538/3636 3603/3740/3049 3172/3309/2988
f 3604/3741/3387 3603/3740/3049 3173/3310/3638
f 3173/3310/3638 3263/3400/3075 3605/3742/3382
f 3604/3741/3387 3174/3311/3381 3389/3526/3508
f 3173/3310/3638 3605/3742/3382 3604/3741/3387
f 3178/3315/3340 3605/3742/3382 2968/3105/3338
f 3225/3362/3433 3606/3743/3108 3176/3313/3107
f 3371/3508/3432 3606/3743/3108 3177/3314/3641
f 3225/3362/3433 3607/3744/3431 3177/3314/3641
f 3383/3520/3216 3607/3744/3431 2999/3136/3217
f 3178/3315/3340 2787/2924/3473 3608/3745/3383
f 3608/3745/3383 2787/2924/3473 3670/3807/3678
f 3609/3746/3642 3179/3316/3666 3254/3391/3474
f 3617/3754/3645 3609/3746/3642 2947/3084/3335
f 3304/3441/3439 3610/3747/3545 3115/3252/3542
f 3345/3482/3585 3610/3747/3545 2786/2923/3438
f 3554/3691/3546 3611/3748/3102 3086/3223/3644
f 3182/3319/3100 3611/3748/3102 3115/3252/3542
f 3371/3508/3432 3612/3749/3101 3000/3137/3106
f 3611/3748/3102 3612/3749/3101 3183/3320/3513
f 3373/3510/3514 3613/3750/3547 3183/3320/3513
f 3278/3415/3278 3613/3750/3547 2790/2927/3105
f 3615/3752/3017 2948/3085/3021 3325/3462/3044
f 3617/3754/3645 3614/3751/3336 3180/3317/3019
f 2948/3085/3021 3615/3752/3017 3614/3751/3336
f 3616/3753/3018 3325/3462/3044 3037/3174/3043
f 3325/3462/3044 3616/3753/3018 3615/3752/3017
f 3037/3174/3043 3553/3690/3643 3616/3753/3018
f 3609/3746/3642 3617/3754/3645 3180/3317/3019
f 3363/3500/3605 3617/3754/3645 2947/3084/3335
f 3326/3463/3341 3618/3755/3022 3184/3321/3337
f 3186/3323/3020 3618/3755/3022 3185/3322/3648
f 3247/3384/3115 3619/3756/3647 3185/3322/3648
f 3620/3757/3646 2785/2922/3114 3257/3394/3343
f 2785/2922/3114 3620/3757/3646 3619/3756/3647
f 3030/3167/3503 3620/3757/3646 3257/3394/3343
f 3509/3646/3180 3621/3758/3182 3030/3167/3503
f 3622/3759/3475 3621/3758/3182 3054/3191/3181
f 3621/3758/3182 3622/3759/3475 3186/3323/3020
f 3325/3462/3044 3622/3759/3475 3054/3191/3181
f 3580/3717/3427 3623/3760/3428 2780/2917/3624
f 3680/3817/3295 3623/3760/3428 3159/3296/3296
f 3229/3366/3366 3624/3761/3630 2997/3134/3365
f 2780/2917/3624 3624/3761/3630 3165/3302/3628
f 3237/3374/3412 3625/3762/3650 3160/3297/3649
f 3625/3762/3650 2791/2928/3411 3626/3763/3651
f 3625/3762/3650 3626/3763/3651 3190/3327/2974
f 3375/3512/3429 3626/3763/3651 2791/2928/3411
f 3472/3609/3447 3627/3764/2975 3013/3150/3448
f 3228/3365/2973 3627/3764/2975 3191/3328/3449
f 2856/2993/3281 3118/3255/3536 3628/3765/3586
f 2804/2941/3342 3628/3765/3586 3118/3255/3536
f 3363/3500/3605 3629/3766/3604 2804/2941/3342
f 2857/2994/3223 3629/3766/3604 3134/3271/3045
f 3629/3766/3604 3630/3767/2798 3194/3331/3117
f 3070/3207/2797 3630/3767/2798 2857/2994/3223
f 3631/3768/3328 3050/3187/3187 3645/3782/3501
f 3198/3335/3325 3631/3768/3328 2940/3077/3323
f 2832/2969/3175 3199/3336/3324 3632/3769/3456
f 3023/3160/2699 3632/3769/3456 3199/3336/3324
f 3261/3398/3267 3633/3770/3457 3200/3337/3395
f 3398/3535/3260 3633/3770/3457 2789/2926/3653
f 3329/3466/3374 3634/3771/3608 2801/2938/3614
f 2859/2996/3122 3634/3771/3608 3141/3278/3088
f 2833/2970/3161 3208/3345/3253 3635/3772/3453
f 3044/3181/3310 3635/3772/3453 3208/3345/3253
f 3211/3348/3140 2794/2931/3001 3636/3773/3657
f 3260/3397/3000 3636/3773/3657 2794/2931/3001
f 3637/3774/3138 3211/3348/3140 2991/3128/3658
f 3441/3578/3288 3637/3774/3138 2990/3127/3301
f 2830/2967/3445 2909/3046/2734 3638/3775/2686
f 3007/3144/3150 3638/3775/2686 2909/3046/2734
f 3223/3360/3571 3639/3776/3317 2932/3069/3041
f 3218/3355/3318 3639/3776/3317 3103/3240/3572
f 3333/3470/2692 3640/3777/3228 3222/3359/3229
f 3640/3777/3228 2803/2940/3675 3641/3778/3037
f 3364/3501/3151 3641/3778/3037 2803/2940/3675
f 3103/3240/3572 3641/3778/3037 3104/3241/3039
f 3232/3369/3377 3642/3779/3032 3230/3367/3034
f 3599/3736/3631 3642/3779/3032 3231/3368/3662
f 2947/3084/3335 3643/3780/3046 3134/3271/3045
f 2813/2950/3663 3643/3780/3046 3241/3378/3334
f 3644/3781/2688 3215/3352/2687 3669/3806/3659
f 3249/3386/3574 2830/2967/3445 3644/3781/2688
f 3506/3643/3173 3645/3782/3501 3050/3187/3187
f 2808/2945/3680 3255/3392/3329 3645/3782/3501
f 2809/2946/3484 3646/3783/3025 3259/3396/3479
f 3646/3783/3025 3101/3238/3483 3358/3495/3023
f 3267/3404/3222 3647/3784/3221 3266/3403/3285
f 3647/3784/3221 3156/3293/3124 3062/3199/3621
f 3340/3477/3603 3648/3785/3144 3133/3270/3143
f 3267/3404/3222 3648/3785/3144 2800/2937/3515
f 3452/3589/2861 3649/3786/3201 2847/2984/2862
f 3270/3407/2887 3649/3786/3201 2896/3033/2856
f 2986/3123/2949 3650/3787/3279 2841/2978/3190
f 2848/2985/3206 3650/3787/3279 2897/3034/2921
f 3539/3676/3309 3651/3788/3306 3281/3418/3197
f 3432/3569/3304 3651/3788/3306 2923/3060/3305
f 3528/3665/3537 3652/3789/3402 3136/3273/3423
f 3280/3417/3400 3652/3789/3402 3279/3416/3535
f 3260/3397/3000 3653/3790/3591 2992/3129/3668
f 3653/3790/3591 3126/3263/3054 3679/3816/3053
f 3208/3345/3253 3207/3344/3162 3654/3791/3656
f 3654/3791/3656 3207/3344/3162 3663/3800/3655
f 3655/3792/3581 3109/3246/3671 3346/3483/3579
f 3295/3432/3355 3655/3792/3581 3243/3380/3419
f 2781/2918/3654 3656/3793/3424 3284/3421/3420
f 3282/3419/3401 3656/3793/3424 3299/3436/3421
f 3307/3444/3544 3657/3794/3669 2812/2949/3398
f 2862/2999/2909 3657/3794/3669 3302/3439/3230
f 3316/3453/3219 3658/3795/3220 3317/3454/3289
f 3526/3663/3166 3658/3795/3220 2795/2932/3009
f 3026/3163/3183 3659/3796/3249 2942/3079/2879
f 2839/2976/3069 3324/3461/2907 3659/3796/3249
f 2865/3002/3287 3660/3797/3587 3121/3258/3233
f 3157/3294/3246 3660/3797/3587 3327/3464/3247
f 2835/2972/2815 3661/3798/3238 3335/3472/3170
f 3665/3802/3239 3661/3798/3238 3242/3379/2816
f 3571/3708/3601 3662/3799/3676 3066/3203/3600
f 3130/3267/3677 3339/3476/3565 3662/3799/3676
f 3145/3282/3582 3663/3800/3655 3349/3486/3529
f 3207/3344/3162 2806/2943/3528 3663/3800/3655
f 2993/3130/3082 3664/3801/3414 3287/3424/3415
f 3462/3599/3079 3664/3801/3414 3351/3488/3417
f 2868/3005/3407 3665/3802/3239 3242/3379/2816
f 3498/3635/3478 3665/3802/3239 3357/3494/3275
f 3667/3804/3667 3666/3803/3665 3091/3228/3060
f 2784/2921/3487 3666/3803/3665 3360/3497/3551
f 3258/3395/3062 3667/3804/3667 3091/3228/3060
f 3360/3497/3551 3667/3804/3667 3043/3180/3552
f 3547/3684/3315 3668/3805/3609 3064/3201/3316
f 3365/3502/3038 3144/3281/3526 3668/3805/3609
f 2866/3003/3234 3669/3806/3659 3215/3352/2687
f 3536/3673/3553 3669/3806/3659 3369/3506/3236
f 3670/3807/3678 3389/3526/3508 3174/3311/3381
f 2787/2924/3473 3390/3527/3084 3670/3807/3678
f 3496/3633/2954 3671/3808/3679 3114/3251/2955
f 2815/2952/3505 3391/3528/3085 3671/3808/3679
f 3322/3459/3403 3672/3809/3674 2798/2935/3404
f 3394/3531/2956 3672/3809/3674 3036/3173/3472
f 2965/3102/3371 3673/3810/3089 3141/3278/3088
f 3673/3810/3089 3404/3541/3369 2816/2953/3652
f 3423/3560/2966 2838/2975/3502 3674/3811/2967
f 3051/3188/2928 3674/3811/2967 2838/2975/3502
f 3336/3473/3168 3675/3812/3065 2783/2920/3064
f 3041/3178/3237 3675/3812/3065 3335/3472/3170
f 3136/3273/3423 3676/3813/3538 3528/3665/3537
f 3202/3339/3578 3676/3813/3538 3300/3437/3422
f 3093/3230/3099 3677/3814/3314 3064/3201/3316
f 3677/3814/3314 3537/3674/3519 3065/3202/3443
f 3377/3514/3566 3678/3815/3661 3099/3236/3598
f 3098/3235/3376 3678/3815/3661 3231/3368/3662
f 3579/3716/3494 3679/3816/3053 3562/3699/3052
f 3679/3816/3053 2953/3090/3593 3289/3426/3356
f 3680/3817/3295 3188/3325/3623 3623/3760/3428
f 3160/3297/3649 3680/3817/3295 3592/3729/3297
f 3987/4261/3681 4025/4299/3682 4837/5111/3683
f 2692/3961/2972 4337/4611/3684 2693/3960/2848
f 4893/5167/3685 3791/4065/3686 4837/5111/3683
f 4033/4307/3687 4523/4797/3688 4525/4799/3689
f 4871/5145/3690 3987/4261/3681 4870/5144/3691
f 3866/4140/3692 2687/3966/2828 3972/4246/3693
f 3866/4140/3692 3972/4246/3693 3805/4079/3694
f 3840/4114/3695 3911/4185/3696 3954/4228/3697
f 2685/3968/2835 3973/4247/3698 3867/4141/3699
f 4008/4282/3700 2701/3952/2864 2700/3953/2858
f 2705/3948/2873 2704/3949/2872 4808/5082/3701
f 1099/3883/1456 3914/4188/3702 1100/3882/1180
f 2699/3954/2860 2698/3955/2855 4155/4429/3703
f 2695/3958/3146 2694/3959/3145 4806/5080/3704
f 3940/4214/3705 4838/5112/3706 3850/4124/3707
f 4807/5081/3708 3941/4215/3709 2697/3956/2857
f 2696/3957/3263 4807/5081/3708 2697/3956/2857
f 3829/4103/3710 4168/4442/3711 3900/4174/3712
f 4806/5080/3704 3939/4213/3713 3849/4123/3714
f 2683/3970/2845 4543/4817/3715 2684/3969/2834
f 2666/3987/2706 4584/4858/3716 3908/4182/3717
f 2670/3983/2735 2669/3984/2708 3863/4137/3718
f 2669/3984/2708 3970/4244/3719 3863/4137/3718
f 4755/5029/3720 4221/4495/3721 4756/5030/3722
f 3681/3819/3723 4584/4858/3716 2665/3818/2705
f 4794/5068/3724 3681/3819/3723 3682/3820/3725
f 3968/4242/3726 3683/3821/3727 3860/4134/3728
f 3683/3821/3727 3968/4242/3726 3682/3820/3725
f 2670/3983/2735 3971/4245/3729 2671/3982/2736
f 4184/4458/3730 2678/3975/2818 2677/3976/2822
f 2679/3974/2819 4185/4459/3731 2680/3973/2812
f 2678/3975/2818 3882/4156/3732 2679/3974/2819
f 3907/4181/3733 2677/3976/2822 2676/3977/2821
f 3906/4180/3734 3977/4251/3735 3836/4110/3736
f 3865/4139/3737 2672/3981/2803 4760/5034/3738
f 2676/3977/2821 2675/3978/2977 4793/5067/3739
f 4049/4323/3740 3906/4180/3734 2674/3979/2805
f 4384/4658/3741 3812/4086/3742 3882/4156/3732
f 3867/4141/3699 3973/4247/3698 4157/4431/3743
f 2683/3970/2845 2682/3971/2844 3967/4241/3744
f 4185/4459/3731 3882/4156/3732 3812/4086/3742
f 3864/4138/3745 3998/4272/3746 4204/4478/3747
f 3884/4158/3748 3814/4088/3749 4165/4439/3750
f 2720/3933/3252 2719/3934/2934 3864/4138/3745
f 2716/3937/3272 3881/4155/3751 2717/3936/2930
f 5255/5529/3752 4042/4316/3753 4898/5172/3754
f 3810/4084/3755 4163/4437/3756 3880/4154/3757
f 4042/4316/3753 3880/4154/3757 2714/3939/2980
f 2715/3938/3179 4163/4437/3756 2716/3937/3272
f 3845/4119/3758 4801/5075/3759 3932/4206/3760
f 3757/4031/3761 4792/5066/3762 4791/5065/3763
f 2727/3926/3277 2726/3927/2964 4037/4311/3764
f 2726/3927/2964 2725/3928/2948 3853/4127/3765
f 3884/4158/3748 2723/3930/2940 2722/3931/2944
f 3963/4237/3766 3833/4107/3767 4671/4945/3768
f 2721/3932/2945 2720/3933/3252 3999/4273/3769
f 2722/3931/2944 2721/3932/2945 4164/4438/3770
f 4339/4613/3771 2731/3922/2951 2730/3923/2961
f 2728/3925/2958 3963/4237/3766 2729/3924/2962
f 4385/4659/3772 3814/4088/3749 3884/4158/3748
f 3931/4205/3773 2710/3943/2890 2709/3944/2906
f 4721/4995/3774 4723/4997/3775 3729/4003/3776
f 2730/3923/2961 2729/3924/2962 4671/4945/3768
f 4044/4318/3777 4389/4663/3778 3828/4102/3779
f 2709/3944/2906 2708/3945/2882 4800/5074/3780
f 4800/5074/3780 3930/4204/3781 3844/4118/3782
f 4339/4613/3771 3905/4179/3783 3713/3921/3784
f 2705/3948/2873 4808/5082/3701 3943/4217/3785
f 2707/3946/2877 2706/3947/2876 4377/4651/3786
f 3905/4179/3783 3712/3920/3787 3713/3921/3784
f 3711/3919/3788 3712/3920/3787 4757/5031/3789
f 3943/4217/3785 2706/3947/2876 2705/3948/2873
f 3709/3917/3790 3710/3918/3791 3891/4165/3792
f 3707/3915/3793 3708/3916/3794 4493/4767/3795
f 4441/4715/3796 3893/4167/3797 3703/3911/3798
f 3709/3917/3790 4044/4318/3777 3708/3916/3794
f 4046/4320/3799 3704/3912/3800 3705/3913/3801
f 4441/4715/3796 3703/3911/3798 3704/3912/3800
f 3934/4208/3802 4051/4325/3803 3827/4101/3804
f 3699/3907/3805 3700/3908/3806 4047/4321/3807
f 3702/3910/3808 4442/4716/3809 3701/3909/3810
f 4672/4946/3811 3825/4099/3812 3893/4167/3797
f 2703/3950/2871 4048/4322/3813 2704/3949/2872
f 3885/4159/3814 4009/4283/3815 3685/3823/3816
f 3857/4131/3817 2761/3852/2722 2760/3853/2985
f 3687/3825/3818 4336/4610/3819 3686/3824/3820
f 4007/4281/3821 3687/3825/3818 3688/3826/3822
f 3885/4159/3814 3685/3823/3816 3686/3824/3820
f 3816/4090/3823 4640/4914/3824 4643/4917/3825
f 3862/4136/3826 3969/4243/3827 3692/3830/3828
f 3693/3831/3829 3862/4136/3826 3692/3830/3828
f 3690/3828/3830 3691/3829/3831 4440/4714/3832
f 3689/3827/3833 3878/4152/3834 3688/3826/3822
f 4010/4284/3835 3887/4161/3836 2752/3861/2754
f 3887/4161/3836 3819/4093/3837 4338/4612/3838
f 2750/3863/2740 2749/3864/2739 3974/4248/3839
f 2751/3862/2749 2750/3863/2740 4797/5071/3840
f 4830/5104/3841 4832/5106/3842 3758/4032/3843
f 2757/3856/2731 3944/4218/3844 3854/4128/3845
f 2757/3856/2731 2756/3857/2732 3944/4218/3844
f 2755/3858/3031 3949/4223/3846 3855/4129/3847
f 3946/4220/3848 4633/4907/3849 4847/5121/3850
f 3944/4218/3844 3795/4069/3851 3854/4128/3845
f 2778/3835/2662 2777/3836/2667 4349/4623/3852
f 4587/4861/3853 3990/4264/3854 4586/4860/3855
f 3913/4187/3856 3927/4201/3857 4829/5103/3858
f 4000/4274/3859 2775/3838/2674 2774/3839/2676
f 3868/4142/3860 3806/4080/3861 4079/4353/3862
f 2772/3841/2681 2771/3842/2685 3868/4142/3860
f 3929/4203/3863 4833/5107/3864 4834/5108/3865
f 2658/3833/2658 2779/3834/2663 3694/3832/3866
f 2774/3839/2676 3869/4143/3867 4000/4274/3859
f 3913/4187/3856 2776/3837/2668 4799/5073/3868
f 2778/3835/2662 4349/4623/3852 3886/4160/3869
f 3952/4226/3870 4888/5162/3871 4887/5161/3872
f 2759/3854/2729 4060/4334/3873 2760/3853/2985
f 4868/5142/3874 3981/4255/3875 4867/5141/3876
f 3872/4146/3877 2762/3851/2714 4001/4275/3878
f 4746/5020/3879 2768/3845/2684 2767/3846/2683
f 2770/3843/2810 2769/3844/2695 3965/4239/3880
f 2766/3847/2693 3950/4224/3881 2767/3846/2683
f 4064/4338/3882 4911/5185/3883 3858/4132/3884
f 2766/3847/2693 3861/4135/3885 3950/4224/3881
f 4104/4378/3886 3872/4146/3877 3808/4082/3887
f 3886/4160/3869 2779/3834/2663 2778/3835/2662
f 3995/4269/3888 1090/3892/1149 1089/3893/1174
f 1087/3895/1166 1086/3896/1337 4011/4285/3889
f 4011/4285/3889 1086/3896/1337 3896/4170/3890
f 3909/4183/3891 1088/3894/1167 4798/5072/3892
f 1095/3887/1144 3938/4212/3893 1096/3886/1145
f 4308/4582/3894 5106/5380/3895 3796/4070/3896
f 1093/3889/1286 1092/3890/1151 3936/4210/3897
f 1093/3889/1286 3936/4210/3897 3986/4260/3898
f 1091/3891/1150 3852/4126/3899 1092/3890/1151
f 4495/4769/3900 1085/3897/1175 1084/3898/1158
f 3698/3906/3901 4802/5076/3902 3934/4208/3802
f 4443/4717/3903 3895/4169/3904 3696/3904/3905
f 3875/4149/3906 3975/4249/3907 1083/3899/1157
f 4821/5095/3908 3909/4183/3891 3910/4184/3909
f 4156/4430/3910 3896/4170/3890 3830/4104/3911
f 1083/3899/1157 3975/4249/3907 1084/3898/1158
f 3696/3904/3905 3895/4169/3904 3695/3903/3912
f 3697/3905/3913 4443/4717/3903 3696/3904/3905
f 3894/4168/3914 4047/4321/3807 3700/3908/3806
f 4814/5088/3915 1080/3902/1178 3695/3903/3912
f 4333/4607/3916 4475/4749/3917 5131/5405/3918
f 5114/5388/3919 3953/4227/3920 4316/4590/3921
f 4395/4669/3922 2747/3866/2744 2746/3867/2765
f 3904/4178/3923 4820/5094/3924 3788/4062/3925
f 2744/3869/2763 2743/3870/2760 4804/5078/3926
f 4805/5079/3927 3964/4238/3928 3848/4122/3929
f 4804/5078/3926 4805/5079/3927 3848/4122/3929
f 1108/3874/1118 1107/3875/1114 4470/4744/3930
f 1110/3872/1103 2743/3870/2760 46/3871/324
f 4805/5079/3927 1109/3873/1119 3964/4238/3928
f 3964/4238/3928 4340/4614/3931 3848/4122/3929
f 5047/5321/3932 4242/4516/3933 3919/4193/3934
f 1098/3884/1140 1097/3885/1142 4335/4609/3935
f 3874/4148/3936 1099/3883/1456 1098/3884/1140
f 1105/3877/1122 4378/4652/3937 1106/3876/1113
f 4470/4744/3930 3876/4150/3938 3832/4106/3939
f 3847/4121/3940 4803/5077/3941 3901/4175/3942
f 4566/4840/3943 4568/4842/3944 3917/4191/3945
f 4378/4652/3937 3870/4144/3946 3826/4100/3947
f 1099/3883/1456 3874/4148/3936 3914/4188/3702
f 2692/3961/2972 2691/3962/2838 3912/4186/3948
f 4896/5170/3949 4335/4609/3935 3873/4147/3950
f 3684/3822/3951 3860/4134/3728 3683/3821/3727
f 2748/3865/2742 3953/4227/3920 3871/4145/3952
f 2748/3865/2742 3871/4145/3952 2749/3864/2739
f 2701/3952/2864 4494/4768/3953 2702/3951/2869
f 4012/4286/3954 4741/5015/3955 4742/5016/3956
f 2769/3844/2695 2768/3845/2684 3858/4132/3884
f 2673/3980/2804 2672/3981/2803 3865/4139/3737
f 2758/3855/2728 2757/3856/2731 3854/4128/3845
f 4782/5056/3957 4783/5057/3958 4781/5055/3959
f 1088/3894/1167 1087/3895/1166 4798/5072/3892
f 3892/4166/3960 4045/4319/3961 4390/4664/3962
f 3765/4039/3963 4371/4645/3964 4374/4648/3965
f 4594/4868/3966 4596/4870/3967 4128/4402/3968
f 4256/4530/3969 4590/4864/3970 4249/4523/3971
f 4711/4985/3972 4727/5001/3973 4014/4288/3974
f 1094/3888/1400 3856/4130/3975 1095/3887/1144
f 5017/5291/3976 5018/5292/3977 4244/4518/3978
f 3880/4154/3757 4396/4670/3979 3810/4084/3755
f 5095/5369/3980 4306/4580/3981 4299/4573/3982
f 2724/3929/2947 2723/3930/2940 4165/4439/3750
f 4077/4351/3983 4392/4666/3984 5124/5398/3985
f 3703/3911/3798 3893/4167/3797 3702/3910/3808
f 4282/4556/3986 4291/4565/3987 4183/4457/3988
f 2773/3840/3093 2772/3841/2681 4079/4353/3862
f 5226/5500/3989 3753/4027/3990 5227/5501/3991
f 2690/3963/2846 4796/5070/3992 2691/3962/2838
f 2689/3964/2888 4050/4324/3993 3911/4185/3696
f 4965/5239/3994 3956/4230/3995 4964/5238/3996
f 4436/4710/3997 4062/4336/3998 4435/4709/3999
f 1101/3881/1181 1100/3882/1180 4795/5069/4000
f 4816/5090/4001 4817/5091/4002 3847/4121/3940
f 4483/4757/4003 4780/5054/4004 5188/5462/4005
f 3784/4058/4006 5151/5425/4007 4396/4670/3979
f 4259/4533/4008 2668/3985/2710 2667/3986/2711
f 3685/3823/3816 4009/4283/3815 3684/3822/3951
f 3951/4225/4009 3861/4135/3885 2765/3848/2824
f 4416/4690/4010 4417/4691/4011 3731/4005/4012
f 4326/4600/4013 4021/4295/4014 4324/4598/4015
f 4549/4823/4016 4553/4827/4017 3926/4200/4018
f 3859/4133/4019 2682/3971/2844 2681/3972/2979
f 4110/4384/4020 4943/5217/4021 3991/4265/4022
f 5000/5274/4023 4193/4467/4024 4499/4773/4025
f 4418/4692/4026 4421/4695/4027 4019/4293/4028
f 4496/4770/4029 2717/3936/2930 3881/4155/3751
f 4754/5028/4030 4356/4630/4031 5143/5417/4032
f 4539/4813/4033 4481/4755/4034 4018/4292/4035
f 3856/4130/3975 1094/3888/1400 3986/4260/3898
f 3706/3914/4036 4045/4319/3961 3892/4166/3960
f 4281/4555/4037 4282/4556/3986 4284/4558/4038
f 4010/4284/3835 4761/5035/4039 3887/4161/3836
f 4605/4879/4040 4606/4880/4041 3889/4163/4042
f 3879/4153/4043 4008/4282/3700 2700/3953/2858
f 3996/4270/4044 4875/5149/4045 4876/5150/4046
f 1104/3878/1124 3904/4178/3923 3870/4144/3946
f 4696/4970/4047 4234/4508/4048 4695/4969/4049
f 3866/4140/3692 2688/3965/2836 2687/3966/2828
f 5004/5278/4050 4200/4474/4051 5002/5276/4052
f 4063/4337/4053 4431/4705/4054 4432/4706/4055
f 4631/4905/4056 4632/4906/4057 4427/4701/4058
f 4133/4407/4059 4269/4543/4060 4507/4781/4061
f 3811/4085/4062 4827/5101/4063 4351/4625/4064
f 4039/4313/4065 4303/4577/4066 5101/5375/4067
f 5107/5381/4068 4752/5026/4069 4038/4312/4070
f 4825/5099/4071 4395/4669/3922 3883/4157/4072
f 4610/4884/4073 3889/4163/4042 4606/4880/4041
f 3940/4214/3705 2696/3957/3263 2695/3958/3146
f 4068/4342/4074 4877/5151/4075 4878/5152/4076
f 4472/4746/4077 4682/4956/4078 5181/5455/4079
f 4694/4968/4080 4697/4971/4081 3728/4002/4082
f 4207/4481/4083 4403/4677/4084 4404/4678/4085
f 5019/5293/4086 4204/4478/3747 5006/5280/4087
f 4073/4347/4088 2711/3942/2880 2710/3943/2890
f 4726/5000/4089 5121/5395/4090 4328/4602/4091
f 4077/4351/3983 4391/4665/4092 4392/4666/3984
f 3892/4166/3960 3705/3913/3801 3706/3914/4036
f 4925/5199/4093 4289/4563/4094 4916/5190/4095
f 4276/4550/4096 4277/4551/4097 3777/4051/4098
f 4080/4354/4099 2771/3842/2685 2770/3843/2810
f 5025/5299/4100 4214/4488/4101 5024/5298/4102
f 4869/5143/4103 5021/5295/4104 4129/4403/4105
f 5068/5342/4106 3798/4072/4107 4261/4535/4108
f 4104/4378/3886 2764/3849/2733 2763/3850/2715
f 4020/4294/4109 4419/4693/4110 4420/4694/4111
f 4501/4775/4112 4502/4776/4113 3923/4197/4114
f 4649/4923/4115 4651/4925/4116 3831/4105/4117
f 4466/4740/4118 3756/4030/4119 4465/4739/4120
f 4367/4641/4121 4933/5207/4122 4092/4366/4123
f 4639/4913/4124 2728/3925/2958 2727/3926/3277
f 4149/4423/4125 4530/4804/4126 4531/4805/4127
f 4758/5032/4128 3693/3831/3829 3694/3832/3866
f 2776/3837/2668 2775/3838/2674 4799/5073/3868
f 5134/5408/4129 4344/4618/4130 4033/4307/3687
f 3850/4124/3707 4807/5081/3708 3940/4214/3705
f 4338/4612/3838 2754/3859/2747 2753/3860/2746
f 3989/4263/4131 4587/4861/3853 4586/4860/3855
f 3900/4174/3712 4048/4322/3813 2703/3950/2871
f 4728/5002/4132 4014/4288/3974 4727/5001/3973
f 3906/4180/3734 3836/4110/3736 4793/5067/3739
f 3762/4036/4133 3977/4251/3735 4862/5136/4134
f 4914/5188/4135 4915/5189/4136 4069/4343/4137
f 5256/5530/4138 3724/3998/4139 4919/5193/4140
f 2699/3954/2860 4155/4429/3703 3879/4153/4043
f 4841/5115/4141 4842/5116/4142 4030/4304/4143
f 4615/4889/4144 4243/4517/4145 4614/4888/4146
f 3883/4157/4072 2745/3868/2762 3915/4189/4147
f 4813/5087/4148 1081/3901/1177 4814/5088/3915
f 3698/3906/3901 3699/3907/3805 4802/5076/3902
f 3911/4185/3696 3840/4114/3695 4796/5070/3992
f 3767/4041/4149 3954/4228/3697 4852/5126/4150
f 3903/4177/4151 5037/5311/4152 5038/5312/4153
f 3826/4100/3947 4376/4650/4154 4375/4649/4155
f 3749/4023/4156 4770/5044/4157 4585/4859/4158
f 4626/4900/4159 3845/4119/3758 3933/4207/4160
f 4932/5206/4161 4085/4359/4162 4449/4723/4163
f 4181/4455/4164 4588/4862/4165 4159/4433/4166
f 4266/4540/4167 5072/5346/4168 5073/5347/4169
f 4554/4828/4170 3865/4139/3737 3802/4076/4171
f 4859/5133/4172 5070/5344/4173 3772/4046/4174
f 3908/4182/3717 4584/4858/3716 3837/4111/4175
f 4218/4492/4176 5117/5391/4177 4348/4622/4178
f 3806/4080/3861 3868/4142/3860 4379/4653/4179
f 2681/3972/2979 3966/4240/4180 3859/4133/4019
f 4497/4771/4181 3755/4029/4182 4501/4775/4112
f 3945/4219/4183 4060/4334/3873 2759/3854/2729
f 3754/4028/4184 4888/5162/3871 4849/5123/4185
f 2719/3934/2934 3998/4272/3746 3864/4138/3745
f 4211/4485/4186 4332/4606/4187 4465/4739/4120
f 3935/4209/4188 3852/4126/3899 1091/3891/1150
f 4315/4589/4189 5113/5387/4190 5112/5386/4191
f 4873/5147/4192 3760/4034/4193 3988/4262/4194
f 3949/4223/3846 3988/4262/4194 3855/4129/3847
f 4495/4769/3900 3896/4170/3890 1085/3897/1175
f 4917/5191/4195 4918/5192/4196 3724/3998/4139
f 2725/3928/2948 3997/4271/4197 3853/4127/3765
f 4935/5209/4198 4094/4368/4199 4934/5208/4200
f 4079/4353/3862 3869/4143/3867 2773/3840/3093
f 4546/4820/4201 4830/5104/3841 3758/4032/3843
f 4372/4646/4202 4468/4742/4203 3782/4056/4204
f 3821/4095/4205 4395/4669/3922 4825/5099/4071
f 5114/5388/3919 5115/5389/4206 3783/4057/4207
f 4810/5084/4208 3778/4052/4209 3841/4115/4210
f 4801/5075/3759 2713/3940/3248 2712/3941/2895
f 4328/4602/4091 5121/5395/4090 5122/5396/4211
f 4006/4280/4212 3878/4152/3834 3689/3827/3833
f 3785/4059/4213 4408/4682/4214 4409/4683/4215
f 4442/4716/3809 3894/4168/3914 3701/3909/3810
f 4545/4819/4216 4052/4326/4217 4912/5186/4218
f 1098/3884/1140 4335/4609/3935 3874/4148/3936
f 4488/4762/4219 4002/4276/4220 4489/4763/4221
f 4803/5077/3941 1103/3879/1125 1102/3880/1641
f 5037/5311/4152 3903/4177/4151 5052/5326/4222
f 3710/3918/3791 4043/4317/4223 3891/4165/3792
f 4366/4640/4224 4367/4641/4121 4092/4366/4123
f 4676/4950/4225 3737/4011/4226 4675/4949/4227
f 3763/4037/4228 4672/4946/3811 4673/4947/4229
f 3791/4065/3686 4836/5110/4230 4837/5111/3683
f 3941/4215/3709 3942/4216/4231 4846/5120/4232
f 4494/4768/3953 3900/4174/3712 2702/3951/2869
f 3761/4035/4233 4053/4327/4234 4054/4328/4235
f 3971/4245/3729 4760/5034/3738 2671/3982/2736
f 4554/4828/4170 4272/4546/4236 3793/4067/4237
f 2686/3967/2831 3972/4246/3693 2687/3966/2828
f 4993/5267/4238 4853/5127/4239 4181/4455/4164
f 3855/4129/3847 2756/3857/2732 2755/3858/3031
f 3795/4069/3851 4874/5148/4240 3989/4263/4131
f 3936/4210/3897 1092/3890/1151 3852/4126/3899
f 4624/4898/4241 3777/4051/4098 5090/5364/4242
f 4309/4583/4243 5107/5381/4068 3797/4071/4244
f 3815/4089/4245 4335/4609/3935 4896/5170/3949
f 3686/3824/3820 4336/4610/3819 3885/4159/3814
f 4260/4534/4246 4261/4535/4108 3798/4072/4107
f 3861/4135/3885 2766/3847/2693 2765/3848/2824
f 4019/4293/4028 4421/4695/4027 4887/5161/3872
f 2758/3855/2728 3854/4128/3845 3945/4219/4183
f 4633/4907/3849 3947/4221/4247 4632/4906/4057
f 2716/3937/3272 4163/4437/3756 3881/4155/3751
f 4403/4677/4084 4207/4481/4083 4681/4955/4248
f 3971/4245/3729 2670/3983/2735 3863/4137/3718
f 5074/5348/4249 5072/5346/4168 3771/4045/4250
f 2709/3944/2906 4800/5074/3780 3931/4205/3773
f 4884/5158/4251 4885/5159/4252 3803/4077/4253
f 4277/4551/4097 4280/4554/4254 4182/4456/4255
f 3852/4126/3899 3935/4209/4188 4276/4550/4096
f 3867/4141/3699 2686/3967/2831 2685/3968/2835
f 4982/5256/4256 4981/5255/4257 4158/4432/4258
f 3985/4259/4259 4380/4654/4260 4381/4655/4261
f 2773/3840/3093 3869/4143/3867 2774/3839/2676
f 3965/4239/3880 2769/3844/2695 3858/4132/3884
f 5029/5303/4262 4217/4491/4263 4382/4656/4264
f 3872/4146/3877 2763/3850/2715 2762/3851/2714
f 3808/4082/3887 3872/4146/3877 4383/4657/4265
f 3764/4038/4266 4066/4340/4267 4067/4341/4268
f 2699/3954/2860 3879/4153/4043 2700/3953/2858
f 2715/3938/3179 2714/3939/2980 3880/4154/3757
f 4406/4680/4269 3748/4022/4270 5159/5433/4271
f 2676/3977/2821 4793/5067/3739 3907/4181/3733
f 4828/5102/4272 4351/4625/4064 3921/4195/4273
f 4497/4771/4181 3925/4199/4274 4996/5270/4275
f 3859/4133/4019 3966/4240/4180 4188/4462/4276
f 3999/4273/3769 2720/3933/3252 3864/4138/3745
f 4388/4662/4277 4211/4485/4186 4387/4661/4278
f 3814/4088/3749 4385/4659/3772 4386/4660/4279
f 3853/4127/3765 3997/4271/4197 4127/4401/4280
f 1097/3885/1142 1096/3886/1145 3873/4147/3950
f 4002/4276/4220 3787/4061/4281 4822/5096/4282
f 3688/3826/3822 3878/4152/3834 4007/4281/3821
f 3885/4159/3814 4260/4534/4246 3798/4072/4107
f 4090/4364/4283 4767/5041/4284 3969/4243/3827
f 3886/4160/3869 4758/5032/4128 2779/3834/2663
f 2691/3962/2838 4796/5070/3992 3912/4186/3948
f 3818/4092/4285 3959/4233/4286 4544/4818/4287
f 3887/4161/3836 2753/3860/2746 2752/3861/2754
f 3887/4161/3836 4162/4436/4288 3819/4093/3837
f 4263/4537/4289 5075/5349/4290 4652/4926/4291
f 3863/4137/3718 3970/4244/3719 4415/4689/4292
f 2746/3867/2765 2745/3868/2762 3883/4157/4072
f 5115/5389/4206 5114/5388/3919 4316/4590/3921
f 4410/4684/4293 3929/4203/3863 4409/4683/4215
f 3878/4152/3834 4006/4280/4212 4408/4682/4214
f 3823/4097/4294 4741/5015/3955 4012/4286/3954
f 3844/4118/3782 3930/4204/3781 4012/4286/3954
f 4046/4320/3799 3705/3913/3801 3892/4166/3960
f 3824/4098/4295 4046/4320/3799 4445/4719/4296
f 4072/4346/4297 4923/5197/4298 4924/5198/4299
f 3701/3909/3810 3894/4168/3914 3700/3908/3806
f 3870/4144/3946 1105/3877/1122 1104/3878/1124
f 3826/4100/3947 3870/4144/3946 4818/5092/4300
f 1082/3900/1161 3875/4149/3906 1083/3899/1157
f 3695/3903/3912 3895/4169/3904 4814/5088/3915
f 3709/3917/3790 3891/4165/3792 4044/4318/3777
f 4390/4664/3962 3790/4064/4301 3892/4166/3960
f 3829/4103/3710 5251/5525/4302 4875/5149/4045
f 2702/3951/2869 3900/4174/3712 2703/3950/2871
f 4583/4857/4303 3766/4040/4304 4582/4856/4305
f 1085/3897/1175 3896/4170/3890 1086/3896/1337
f 3967/4241/3744 2682/3971/2844 3859/4133/4019
f 4203/4477/4306 4649/4923/4115 3967/4241/3744
f 1107/3875/1114 1106/3876/1113 3876/4150/3938
f 3832/4106/3939 4371/4645/3964 4370/4644/4307
f 3757/4031/3761 4368/4642/4308 4792/5066/3762
f 3833/4107/3767 3905/4179/3783 4339/4613/3771
f 4037/4311/3764 2726/3927/2964 3853/4127/3765
f 4091/4365/4309 4092/4366/4123 4933/5207/4122
f 3757/4031/3761 4367/4641/4121 4368/4642/4308
f 4043/4317/4223 4161/4435/4310 4987/5261/4311
f 2675/3978/2977 2674/3979/2805 3906/4180/3734
f 3836/4110/3736 3921/4195/4273 3907/4181/3733
f 4653/4927/4312 3772/4046/4174 4652/4926/4291
f 3908/4182/3717 2667/3986/2711 2666/3987/2706
f 4487/4761/4313 4492/4766/4314 4824/5098/4315
f 3901/4175/3942 4815/5089/4316 4816/5090/4001
f 4173/4447/4317 4700/4974/4318 4701/4975/4319
f 4527/4801/4320 4526/4800/4321 4032/4306/4322
f 2690/3963/2846 2689/3964/2888 3911/4185/3696
f 3840/4114/3695 3959/4233/4286 3912/4186/3948
f 3974/4248/3839 2749/3864/2739 3871/4145/3952
f 4638/4912/4323 4811/5085/4324 4637/4911/4325
f 3910/4184/3909 3842/4116/4326 4883/5157/4327
f 1088/3894/1167 3909/4183/3891 1089/3893/1174
f 4830/5104/3841 4831/5105/4328 3928/4202/4329
f 2776/3837/2668 3913/4187/3856 2777/3836/2667
f 2708/3945/2882 2707/3946/2877 3930/4204/3781
f 3844/4118/3782 4016/4290/4330 3931/4205/3773
f 3932/4206/3760 2712/3941/2895 2711/3942/2880
f 3845/4119/3758 3932/4206/3760 3933/4207/4160
f 4903/5177/4331 4051/4325/3803 3846/4120/4332
f 3698/3906/3901 3934/4208/3802 3697/3905/3913
f 1102/3880/1641 1101/3881/1181 3901/4175/3942
f 3788/4062/3925 4820/5094/3924 4817/5091/4002
f 1109/3873/1119 1108/3874/1118 3964/4238/3928
f 4759/5033/4333 3883/4157/4072 3915/4189/4147
f 3939/4213/3713 2694/3959/3145 2693/3960/2848
f 3849/4123/3714 3939/4213/3713 3987/4261/3681
f 4169/4443/4334 3791/4065/3686 4893/5167/3685
f 2697/3956/2857 3941/4215/3709 2698/3955/2855
f 4901/5175/4335 4053/4327/4234 3851/4125/4336
f 4053/4327/4234 3823/4097/4294 3943/4217/3785
f 1091/3891/1150 1090/3892/1149 3935/4209/4188
f 3852/4126/3899 4315/4589/4189 3936/4210/3897
f 2725/3928/2948 2724/3929/2947 3997/4271/4197
f 3853/4127/3765 4091/4365/4309 4037/4311/3764
f 4106/4380/4337 4354/4628/4338 3795/4069/3851
f 2758/3855/2728 3945/4219/4183 2759/3854/2729
f 2755/3858/3031 2754/3859/2747 3949/4223/3846
f 3988/4262/4194 3989/4263/4131 4874/5148/4240
f 4308/4582/3894 3796/4070/3896 4307/4581/4339
f 3856/4130/3975 5106/5380/3895 3938/4212/3893
f 4631/4905/4056 5222/5496/4340 3800/4074/4341
f 5252/5526/4342 4383/4657/4265 3872/4146/3877
f 3950/4224/3881 4064/4338/3882 4746/5020/3879
f 3858/4132/3884 4318/4592/4343 3965/4239/3880
f 2681/3972/2979 2680/3973/2812 3966/4240/4180
f 4203/4477/4306 3967/4241/3744 3859/4133/4019
f 4262/4536/4344 5070/5344/4173 4859/5133/4172
f 4858/5132/4345 3837/4111/4175 3968/4242/3726
f 3951/4225/4009 2765/3848/2824 2764/3849/2733
f 3861/4135/3885 3951/4225/4009 3952/4226/3870
f 4090/4364/4283 4546/4820/4201 3758/4032/3843
f 3692/3830/3828 3969/4243/3827 3691/3829/3831
f 2669/3984/2708 2668/3985/2710 3970/4244/3719
f 3863/4137/3718 4341/4615/4346 3971/4245/3729
f 2719/3934/2934 2718/3935/2933 3998/4272/3746
f 3864/4138/3745 4212/4486/4347 3999/4273/3769
f 4554/4828/4170 3802/4076/4171 4271/4545/4348
f 4049/4323/3740 4902/5176/4349 4861/5135/4350
f 3794/4068/4351 4588/4862/4165 4181/4455/4164
f 4851/5125/4352 4050/4324/3993 3794/4068/4351
f 2685/3968/2835 2684/3969/2834 3973/4247/3698
f 4157/4431/3743 4158/4432/4258 4981/5255/4257
f 4080/4354/4099 3868/4142/3860 2771/3842/2685
f 4379/4653/4179 3868/4142/3860 3807/4081/4353
f 3869/4143/3867 4740/5014/4354 4739/5013/4355
f 4739/5013/4355 3843/4117/4356 4000/4274/3859
f 3904/4178/3923 1104/3878/1124 1103/3879/1125
f 4589/4863/4357 5216/5490/4358 3788/4062/3925
f 2748/3865/2742 2747/3866/2744 3953/4227/3920
f 4810/5084/4208 4160/4434/4359 3888/4162/4360
f 2762/3851/2714 2761/3852/2722 4001/4275/3878
f 4879/5153/4361 5252/5526/4342 4001/4275/3878
f 3938/4212/3893 3873/4147/3950 1096/3886/1145
f 4896/5170/3949 4897/5171/4362 4038/4312/4070
f 3874/4148/3936 4335/4609/3935 4880/5154/4363
f 3914/4188/3702 4823/5097/4364 3838/4112/4365
f 4105/4379/4366 3827/4101/3804 4939/5213/4367
f 4105/4379/4366 3830/4104/3911 3975/4249/3907
f 4378/4652/3937 3876/4150/3938 1106/3876/1113
f 4375/4649/4155 4374/4648/3965 3876/4150/3938
f 5165/5439/4368 4023/4297/4369 4423/4697/4370
f 4750/5024/4371 3924/4198/4372 4749/5023/4373
f 3689/3827/3833 3690/3828/3830 4006/4280/4212
f 4007/4281/3821 4640/4914/3824 3816/4090/3823
f 4772/5046/4374 4066/4340/4267 3879/4153/4043
f 5251/5525/4302 4008/4282/3700 4066/4340/4267
f 2714/3939/2980 2713/3940/3248 4042/4316/3753
f 3880/4154/3757 5255/5529/3752 4396/4670/3979
f 5161/5435/4375 3810/4084/3755 4407/4681/4376
f 3801/4075/4377 3998/4272/3746 4496/4770/4029
f 4184/4458/3730 3882/4156/3732 2678/3975/2818
f 4384/4658/3741 3882/4156/3732 3811/4085/4062
f 2745/3868/2762 2744/3869/2763 3915/4189/4147
f 4759/5033/4333 3916/4190/4378 4825/5099/4071
f 4164/4438/3770 3884/4158/3748 2722/3931/2944
f 4385/4659/3772 3884/4158/3748 3813/4087/4379
f 4260/4534/4246 3885/4159/3814 3816/4090/3823
f 4009/4283/3815 3798/4072/4107 3860/4134/3728
f 3817/4091/4380 4809/5083/4381 3886/4160/3869
f 3862/4136/3826 3693/3831/3829 4758/5032/4128
f 2752/3861/2754 2751/3862/2749 4010/4284/3835
f 4162/4436/4288 4081/4355/4382 5250/5524/4383
f 4160/4434/4359 3841/4115/4210 3974/4248/3839
f 4317/4591/4384 3889/4163/4042 4611/4885/4385
f 4187/4461/4386 4608/4882/4387 4609/4883/4388
f 4618/4892/4389 4619/4893/4390 4112/4386/4391
f 4591/4865/4392 4603/4877/4393 3890/4164/4394
f 5045/5319/4395 5047/5321/3932 3919/4193/3934
f 3710/3918/3791 3711/3919/3788 4043/4317/4223
f 4389/4663/3778 4044/4318/3777 3891/4165/3792
f 3706/3914/4036 3707/3915/3793 4045/4319/3961
f 4445/4719/4296 4046/4320/3799 3892/4166/3960
f 4672/4946/3811 3893/4167/3797 3824/4098/4295
f 4442/4716/3809 3893/4167/3797 3825/4099/3812
f 4762/5036/4396 3894/4168/3914 3825/4099/3812
f 4771/5045/4397 3846/4120/4332 4047/4321/3807
f 4812/5086/4398 3895/4169/3904 4443/4717/3903
f 3875/4149/3906 4813/5087/4148 4812/5086/4398
f 4583/4857/4303 4156/4430/3910 3830/4104/3911
f 4011/4285/3889 4882/5156/4399 3842/4116/4326
f 4961/5235/4400 4963/5237/4401 3897/4171/4402
f 4602/4876/4403 4600/4874/4404 4113/4387/4405
f 3960/4234/4406 4561/4835/4407 4562/4836/4408
f 4169/4443/4334 4989/5263/4409 3746/4020/4410
f 4343/4617/4411 4342/4616/4412 3961/4235/4413
f 4256/4530/3969 4139/4413/4414 4590/4864/3970
f 3829/4103/3710 4875/5149/4045 4168/4442/3711
f 4048/4322/3813 4900/5174/4415 3851/4125/4336
f 4795/5069/4000 3901/4175/3942 1101/3881/1181
f 4815/5089/4316 3901/4175/3942 3838/4112/4365
f 4818/5092/4300 4819/5093/4416 3902/4176/4417
f 5216/5490/4358 4860/5134/4418 3902/4176/4417
f 4684/4958/4419 4685/4959/4420 4693/4967/4421
f 4179/4453/4422 4238/4512/4423 4239/4513/4424
f 3904/4178/3923 1103/3879/1125 4803/5077/3941
f 4819/5093/4416 3904/4178/3923 3788/4062/3925
f 4792/5066/3762 3905/4179/3783 3833/4107/3767
f 4757/5031/3789 3905/4179/3783 3835/4109/4425
f 2674/3979/2805 2673/3980/2804 4049/4323/3740
f 3977/4251/3735 3906/4180/3734 4861/5135/4350
f 4826/5100/4426 3762/4036/4133 4828/5102/4272
f 3907/4181/3733 4827/5101/4063 4184/4458/3730
f 4653/4927/4312 3908/4182/3717 3837/4111/4175
f 4259/4533/4008 3908/4182/3717 3820/4094/4427
f 3910/4184/3909 3909/4183/3891 3842/4116/4326
f 3909/4183/3891 4821/5095/3908 3995/4269/3888
f 3842/4116/4326 4882/5156/4399 4883/5157/4327
f 3751/4025/4428 4281/4555/4037 4293/4567/4429
f 2689/3964/2888 2688/3965/2836 4050/4324/3993
f 3840/4114/3695 3954/4228/3697 4850/5124/4430
f 3840/4114/3695 4850/5124/4430 3959/4233/4286
f 4337/4611/3684 3912/4186/3948 3818/4092/4285
f 3927/4201/3857 3913/4187/3856 3843/4117/4356
f 3913/4187/3856 4829/5103/3858 4349/4623/3852
f 4822/5096/4282 3914/4188/3702 3874/4148/3936
f 4795/5069/4000 3914/4188/3702 3838/4112/4365
f 4804/5078/3926 3915/4189/4147 2744/3869/2763
f 3915/4189/4147 3848/4122/3929 4340/4614/3931
f 4372/4646/4202 4370/4644/4307 4371/4645/3964
f 4734/5008/4431 3916/4190/4378 3745/4019/4432
f 4568/4842/3944 4566/4840/3943 4567/4841/4433
f 4468/4742/4203 4469/4743/4434 3916/4190/4378
f 3765/4039/3963 4374/4648/3965 4375/4649/4155
f 4860/5134/4418 3740/4014/4435 5035/5309/4436
f 4179/4453/4422 5051/5325/4437 4238/4512/4423
f 4609/4883/4388 5050/5324/4438 4187/4461/4386
f 5046/5320/4439 4229/4503/4440 5045/5319/4395
f 4233/4507/4441 4535/4809/4442 4536/4810/4443
f 4826/5100/4426 4828/5102/4272 3921/4195/4273
f 4827/5101/4063 3907/4181/3733 3921/4195/4273
f 4506/4780/4444 4065/4339/4445 4698/4972/4446
f 4504/4778/4447 4502/4776/4113 4503/4777/4448
f 4748/5022/4449 4749/5023/4373 4194/4468/4450
f 4995/5269/4451 4188/4462/4276 4994/5268/4452
f 4665/4939/4453 4428/4702/4454 4429/4703/4455
f 4191/4465/4456 4997/5271/4457 4190/4464/4458
f 4999/5273/4459 3926/4200/4018 4553/4827/4017
f 4189/4463/4460 4996/5270/4275 4995/5269/4451
f 5232/5506/4461 4667/4941/4462 4668/4942/4463
f 3717/3991/4464 4976/5250/4465 4979/5253/4466
f 3781/4055/4467 4865/5139/4468 4831/5105/4328
f 4830/5104/3841 4546/4820/4201 3927/4201/3857
f 3928/4202/4329 4831/5105/4328 4865/5139/4468
f 4833/5107/3864 4832/5106/3842 3928/4202/4329
f 3929/4203/3863 4834/5108/3865 4089/4363/4469
f 3785/4059/4213 3878/4152/3834 4408/4682/4214
f 4377/4651/3786 3930/4204/3781 2707/3946/2877
f 3844/4118/3782 4012/4286/3954 3769/4043/4470
f 4016/4290/4330 3844/4118/3782 3769/4043/4470
f 3931/4205/3773 4884/5158/4251 4073/4347/4088
f 4073/4347/4088 3932/4206/3760 2711/3942/2880
f 4835/5109/4471 3803/4077/4253 4585/4859/4158
f 3933/4207/4160 4835/5109/4471 4585/4859/4158
f 4770/5044/4157 4398/4672/4472 4626/4900/4159
f 4051/4325/3803 3934/4208/3802 3846/4120/4332
f 4443/4717/3903 3934/4208/3802 3827/4101/3804
f 3995/4269/3888 3935/4209/4188 1090/3892/1149
f 3852/4126/3899 4276/4550/4096 3777/4051/4098
f 4315/4589/4189 3852/4126/3899 3777/4051/4098
f 1093/3889/1286 3986/4260/3898 1094/3888/1400
f 5081/5355/4473 4065/4339/4445 4273/4547/4474
f 3984/4258/4475 5027/5301/4476 5028/5302/4477
f 3856/4130/3975 3938/4212/3893 1095/3887/1144
f 3938/4212/3893 3797/4071/4244 4897/5171/4362
f 4337/4611/3684 3939/4213/3713 2693/3960/2848
f 4870/5144/3691 3818/4092/4285 4871/5145/3690
f 4806/5080/3704 3940/4214/3705 2695/3958/3146
f 4836/5110/4230 3940/4214/3705 3849/4123/3714
f 3942/4216/4231 3941/4215/3709 3850/4124/3707
f 3941/4215/3709 4846/5120/4232 4155/4429/3703
f 3850/4124/3707 4838/5112/3706 4839/5113/4478
f 3942/4216/4231 3746/4020/4410 4840/5114/4479
f 4053/4327/4234 3943/4217/3785 3851/4125/4336
f 4377/4651/3786 3943/4217/3785 3823/4097/4294
f 2756/3857/2732 3855/4129/3847 3944/4218/3844
f 3944/4218/3844 3855/4129/3847 4874/5148/4240
f 3946/4220/3848 3945/4219/4183 3854/4128/3845
f 3800/4074/4341 5222/5496/4340 4060/4334/3873
f 3946/4220/3848 4753/5027/4480 4354/4628/4338
f 4354/4628/4338 4476/4750/4481 3946/4220/3848
f 4477/4751/4482 3947/4221/4247 4476/4750/4481
f 5167/5441/4483 3734/4008/4484 4426/4700/4485
f 3742/4016/4486 4106/4380/4337 4107/4381/4487
f 4061/4335/4488 4108/4382/4489 4117/4391/4490
f 4338/4612/3838 3949/4223/3846 2754/3859/2747
f 4873/5147/4192 3988/4262/4194 4872/5146/4491
f 3861/4135/3885 3799/4073/4492 3950/4224/3881
f 4064/4338/3882 3950/4224/3881 3799/4073/4492
f 4104/4378/3886 3951/4225/4009 2764/3849/2733
f 4849/5123/4185 3952/4226/3870 4848/5122/4493
f 4848/5122/4493 3952/4226/3870 3951/4225/4009
f 4849/5123/4185 4888/5162/3871 3952/4226/3870
f 4395/4669/3922 3953/4227/3920 2747/3866/2744
f 3953/4227/3920 3821/4095/4205 4316/4590/3921
f 3911/4185/3696 4851/5125/4352 3954/4228/3697
f 4852/5126/4150 4853/5127/4239 3955/4229/4494
f 4985/5259/4495 5203/5477/4496 3741/4015/4497
f 4852/5126/4150 4854/5128/4498 3767/4041/4149
f 4125/4399/4499 4971/5245/4500 4972/5246/4501
f 3897/4171/4402 4952/5226/4502 4961/5235/4400
f 4449/4723/4163 4085/4359/4162 4448/4722/4503
f 4086/4360/4504 5001/5275/4505 4199/4473/4506
f 3992/4266/4507 4944/5218/4508 4945/5219/4509
f 5064/5338/4510 5065/5339/4511 4254/4528/4512
f 3959/4233/4286 3767/4041/4149 4856/5130/4513
f 3818/4092/4285 3912/4186/3948 3959/4233/4286
f 4565/4839/4514 3960/4234/4406 4857/5131/4515
f 4561/4835/4407 3726/4000/4516 4560/4834/4517
f 4559/4833/4518 4560/4834/4517 3726/4000/4516
f 4894/5168/4519 4890/5164/4520 3898/4172/4521
f 4052/4326/4217 3766/4040/4304 4051/4325/3803
f 4919/5193/4140 3724/3998/4139 4918/5192/4196
f 4639/4913/4124 3963/4237/3766 2728/3925/2958
f 4791/5065/3763 3963/4237/3766 3834/4108/4522
f 4470/4744/3930 3964/4238/3928 1108/3874/1118
f 4340/4614/3931 4370/4644/4307 3782/4056/4204
f 3858/4132/3884 4911/5185/3883 4318/4592/4343
f 4080/4354/4099 3965/4239/3880 3807/4081/4353
f 4185/4459/3731 3966/4240/4180 2680/3973/2812
f 3859/4133/4019 4188/4462/4276 3774/4048/4523
f 4203/4477/4306 3859/4133/4019 3774/4048/4523
f 4543/4817/3715 3967/4241/3744 3831/4105/4117
f 4858/5132/4345 3968/4242/3726 3860/4134/3728
f 4794/5068/3724 3968/4242/3726 3837/4111/4175
f 4090/4364/4283 3969/4243/3827 3862/4136/3826
f 4440/4714/3832 3969/4243/3827 3822/4096/4524
f 4259/4533/4008 3970/4244/3719 2668/3985/2710
f 3820/4094/4427 4267/4541/4525 4415/4689/4292
f 4341/4615/4346 3863/4137/3718 3771/4045/4250
f 4760/5034/3738 3802/4076/4171 3865/4139/3737
f 2686/3967/2831 3867/4141/3699 3972/4246/3693
f 3972/4246/3693 3867/4141/3699 4981/5255/4257
f 4543/4817/3715 3973/4247/3698 2684/3969/2834
f 3831/4105/4117 4651/4925/4116 4157/4431/3743
f 3871/4145/3952 5114/5388/3919 4986/5260/4526
f 4797/5071/3840 3974/4248/3839 3841/4115/4210
f 4105/4379/4366 3975/4249/3907 3875/4149/3906
f 4495/4769/3900 3975/4249/3907 3830/4104/3911
f 4224/4498/4527 5033/5307/4528 5034/5308/4529
f 3976/4250/4530 4988/5262/4531 4567/4841/4433
f 4862/5136/4134 4864/5138/4532 3978/4252/4533
f 4826/5100/4426 3977/4251/3735 3762/4036/4133
f 3743/4017/4534 5078/5352/4535 5079/5353/4536
f 4862/5136/4134 4863/5137/4537 3762/4036/4133
f 4507/4781/4061 4510/4784/4538 4133/4407/4059
f 4275/4549/4539 4751/5025/4540 4747/5021/4541
f 4572/4846/4542 4173/4447/4317 4571/4845/4543
f 4764/5038/4544 4765/5039/4545 4254/4528/4512
f 4740/5014/4354 3781/4055/4467 4739/5013/4355
f 4866/5140/4546 3981/4255/3875 4865/5139/4468
f 5027/5301/4476 4382/4656/4264 4217/4491/4263
f 5023/5297/4547 5022/5296/4548 4214/4488/4101
f 5198/5472/4549 4541/4815/4550 4131/4405/4551
f 4641/4915/4552 4089/4363/4469 4642/4916/4553
f 5024/5298/4102 5027/5301/4476 3984/4258/4475
f 4323/4597/4554 5234/5508/4555 5117/5391/4177
f 3806/4080/3861 4379/4653/4179 4380/4654/4260
f 3981/4255/3875 4866/5140/4546 4867/5141/3876
f 5112/5386/4191 3986/4260/3898 3936/4210/3897
f 3856/4130/3975 3986/4260/3898 3796/4070/3896
f 4870/5144/3691 3987/4261/3681 3939/4213/3713
f 3987/4261/3681 3759/4033/4556 4025/4299/3682
f 4872/5146/4491 3988/4262/4194 3949/4223/3846
f 3988/4262/4194 3760/4034/4193 3989/4263/4131
f 4927/5201/4557 3760/4034/4193 4873/5147/4192
f 4106/4380/4337 3795/4069/3851 3989/4263/4131
f 4110/4384/4020 3991/4265/4022 4109/4383/4558
f 4106/4380/4337 3989/4263/4131 4586/4860/3855
f 4942/5216/4559 4943/5217/4021 4110/4384/4020
f 4117/4391/4490 4955/5229/4560 3948/4222/4561
f 4944/5218/4508 3992/4266/4507 4954/5228/4562
f 3897/4171/4402 4963/5237/4401 4969/5243/4563
f 5257/5531/4564 4931/5205/4565 3727/4001/4566
f 4128/4402/3968 4591/4865/4392 4594/4868/3966
f 4948/5222/4567 4124/4398/4568 4947/5221/4569
f 4956/5230/4570 3948/4222/4561 4955/5229/4560
f 3909/4183/3891 3995/4269/3888 1089/3893/1174
f 3995/4269/3888 3804/4078/4571 5084/5358/4572
f 4876/5150/4046 4877/5151/4075 4345/4619/4573
f 4057/4331/4574 4908/5182/4575 4644/4918/4576
f 4165/4439/3750 3997/4271/4197 2724/3929/2947
f 3853/4127/3765 4127/4401/4280 3780/4054/4577
f 2718/3935/2933 2717/3936/2930 4496/4770/4029
f 3864/4138/3745 4204/4478/3747 3776/4050/4578
f 4212/4486/4347 3864/4138/3745 3776/4050/4578
f 4164/4438/3770 3999/4273/3769 3813/4087/4379
f 4739/5013/4355 4000/4274/3859 3869/4143/3867
f 4799/5073/3868 4000/4274/3859 3843/4117/4356
f 2761/3852/2722 3857/4131/3817 4001/4275/3878
f 4879/5153/4361 4001/4275/3878 3857/4131/3817
f 4881/5155/4579 4002/4276/4220 4880/5154/4363
f 4488/4762/4219 4489/4763/4221 4003/4277/4580
f 4310/4584/4581 5194/5468/4582 5195/5469/4583
f 5267/5541/4584 5129/5403/4585 5130/5404/4586
f 4490/4764/4587 4003/4277/4580 4489/4763/4221
f 3721/3995/4588 5104/5378/4589 4369/4643/4590
f 4041/4315/4591 5097/5371/4592 5096/5370/4593
f 4731/5005/4594 4328/4602/4091 5122/5396/4211
f 4440/4714/3832 4006/4280/4212 3690/3828/3830
f 4006/4280/4212 3822/4096/4524 4408/4682/4214
f 4640/4914/3824 3878/4152/3834 3785/4059/4213
f 4336/4610/3819 4007/4281/3821 3816/4090/3823
f 4066/4340/4267 4008/4282/3700 3879/4153/4043
f 4494/4768/3953 4008/4282/3700 3829/4103/3710
f 3798/4072/4107 4009/4283/3815 3885/4159/3814
f 3860/4134/3728 3684/3822/3951 4009/4283/3815
f 4797/5071/3840 4010/4284/3835 2751/3862/2749
f 4761/5035/4039 3841/4115/4210 3778/4052/4209
f 3896/4170/3890 4156/4430/3910 5254/5528/4595
f 4798/5072/3892 4011/4285/3889 3842/4116/4326
f 3930/4204/3781 3823/4097/4294 4012/4286/3954
f 4730/5004/4596 5242/5516/4597 3761/4035/4233
f 4728/5002/4132 4729/5003/4598 4014/4288/3974
f 4743/5017/4599 4744/5018/4600 4141/4415/4601
f 4904/5178/4602 3761/4035/4233 4054/4328/4235
f 4706/4980/4603 5236/5510/4604 4056/4330/4605
f 4735/5009/4606 4055/4329/4607 4644/4918/4576
f 4692/4966/4608 4412/4686/4609 4691/4965/4610
f 4886/5160/4611 4017/4291/4612 4885/5159/4252
f 4884/5158/4251 3931/4205/3773 4016/4290/4330
f 4141/4415/4601 4017/4291/4612 4886/5160/4611
f 4328/4602/4091 4725/4999/4613 4726/5000/4089
f 4017/4291/4612 4141/4415/4601 4725/4999/4613
f 4779/5053/4614 4539/4813/4033 4151/4425/4615
f 4019/4293/4028 4419/4693/4110 4418/4692/4026
f 4417/4691/4011 4418/4692/4026 4020/4294/4109
f 4422/4696/4616 4023/4297/4369 4420/4694/4111
f 4326/4600/4013 5118/5392/4617 5119/5393/4618
f 4680/4954/4619 4196/4470/4620 4785/5059/4621
f 3716/3990/4622 5030/5304/4623 5031/5305/4624
f 4416/4690/4010 4320/4594/4625 4353/4627/4626
f 3799/4073/4492 4352/4626/4627 4064/4338/3882
f 5165/5439/4368 4423/4697/4370 5164/5438/4628
f 4628/4902/4629 3877/4151/4630 5120/5394/4631
f 4063/4337/4053 4432/4706/4055 4433/4707/4632
f 4669/4943/4633 4668/4942/4463 4430/4704/4634
f 4889/5163/4635 4025/4299/3682 3759/4033/4556
f 4890/5164/4520 4025/4299/3682 4889/5163/4635
f 4026/4300/4636 4889/5163/4635 4891/5165/4637
f 4026/4300/4636 4891/5165/4637 4892/5166/4638
f 4027/4301/4639 4890/5164/4520 4894/5168/4519
f 3942/4216/4231 4169/4443/4334 3746/4020/4410
f 4473/4747/4640 5183/5457/4641 5182/5456/4642
f 5182/5456/4642 4475/4749/3917 4028/4302/4643
f 4895/5169/4644 4029/4303/4645 4894/5168/4519
f 4843/5117/4646 4030/4304/4143 4842/5116/4142
f 4845/5119/4647 5247/5521/4648 4844/5118/4649
f 4878/5152/4076 4841/5115/4141 4068/4342/4074
f 4634/4908/4650 4460/4734/4651 4034/4308/4652
f 4706/4980/4603 3739/4013/4653 4705/4979/4654
f 4342/4616/4412 5134/5408/4129 5135/5409/4655
f 4843/5117/4646 4844/5118/4649 4030/4304/4143
f 4342/4616/4412 3898/4172/4521 4026/4300/4636
f 4344/4618/4130 4523/4797/3688 4033/4307/3687
f 4253/4527/4656 4765/5039/4545 4766/5040/4657
f 4460/4734/4651 4634/4908/4650 4459/4733/4658
f 4454/4728/4659 5174/5448/4660 4456/4730/4661
f 4172/4446/4662 4703/4977/4663 4991/5265/4664
f 4677/4951/4665 4077/4351/3983 4676/4950/4225
f 4675/4949/4227 4145/4419/4666 4674/4948/4667
f 4091/4365/4309 3853/4127/3765 3780/4054/4577
f 4639/4913/4124 4037/4311/3764 3834/4108/4522
f 3797/4071/4244 4308/4582/3894 4309/4583/4243
f 4881/5155/4579 5253/5527/4668 3747/4021/4669
f 5099/5373/4670 4298/4572/4671 4303/4577/4066
f 5101/5375/4067 4310/4584/4581 4039/4313/4065
f 4101/4375/4672 4297/4571/4673 4298/4572/4671
f 4101/4375/4672 4294/4568/4674 4295/4569/4675
f 4101/4375/4672 4295/4569/4675 4296/4570/4676
f 4463/4737/4677 4577/4851/4678 4578/4852/4679
f 4801/5075/3759 4042/4316/3753 2713/3940/3248
f 4898/5172/3754 4042/4316/3753 3845/4119/3758
f 4757/5031/3789 4043/4317/4223 3711/3919/3788
f 4043/4317/4223 3835/4109/4425 4161/4435/4310
f 4389/4663/3778 3891/4165/3792 3789/4063/4680
f 4493/4767/3795 4044/4318/3777 3828/4102/3779
f 4493/4767/3795 4045/4319/3961 3707/3915/3793
f 4045/4319/3961 3828/4102/3779 4390/4664/3962
f 4445/4719/4296 3892/4166/3960 3790/4064/4301
f 4441/4715/3796 4046/4320/3799 3824/4098/4295
f 4771/5045/4397 4047/4321/3807 3894/4168/3914
f 4802/5076/3902 4047/4321/3807 3846/4120/4332
f 4899/5173/4681 4048/4322/3813 3900/4174/3712
f 4808/5082/3701 4048/4322/3813 3851/4125/4336
f 2673/3980/2804 3865/4139/3737 4049/4323/3740
f 4902/5176/4349 4049/4323/3740 3865/4139/3737
f 2688/3965/2836 3866/4140/3692 4050/4324/3993
f 3794/4068/4351 4050/4324/3993 3866/4140/3692
f 3786/4060/4682 4912/5186/4218 4903/5177/4331
f 3766/4040/4304 4105/4379/4366 4939/5213/4367
f 4903/5177/4331 4912/5186/4218 4052/4326/4217
f 4052/4326/4217 4545/4819/4216 4582/4856/4305
f 3851/4125/4336 4900/5174/4415 4901/5175/4335
f 4745/5019/4683 4741/5015/3955 3823/4097/4294
f 4906/5180/4684 4057/4331/4574 4905/5179/4685
f 4730/5004/4596 4014/4288/3974 4729/5003/4598
f 4054/4328/4235 4901/5175/4335 4905/5179/4685
f 4907/5181/4686 4644/4918/4576 4055/4329/4607
f 4704/4978/4687 4705/4979/4654 4171/4445/4688
f 5237/5511/4689 4736/5010/4690 4710/4984/4691
f 4908/5182/4575 4057/4331/4574 3996/4270/4044
f 4907/5181/4686 4904/5178/4602 4054/4328/4235
f 4701/4975/4319 4031/4305/4692 4703/4977/4663
f 4689/4963/4693 4176/4450/4694 4688/4962/4695
f 3903/4177/4151 5038/5312/4153 4696/4970/4047
f 4175/4449/4696 4720/4994/4697 4715/4989/4698
f 4060/4334/3873 3945/4219/4183 4847/5121/3850
f 3857/4131/3817 2760/3853/2985 4060/4334/3873
f 3742/4016/4486 4107/4381/4487 4108/4382/4489
f 4061/4335/4488 4117/4391/4490 4910/5184/4699
f 4437/4711/4700 4063/4337/4053 4433/4707/4632
f 4434/4708/4701 4435/4709/3999 4062/4336/3998
f 4063/4337/4053 4437/4711/4700 4438/4712/4702
f 4429/4703/4455 5170/5444/4703 4137/4411/4704
f 4421/4695/4027 4352/4626/4627 3799/4073/4492
f 4746/5020/3879 3858/4132/3884 2768/3845/2684
f 5079/5353/4536 5265/5539/4705 3978/4252/4533
f 4698/4972/4446 3732/4006/4706 4503/4777/4448
f 4066/4340/4267 4772/5046/4374 4067/4341/4268
f 3764/4038/4266 4875/5149/4045 5251/5525/4302
f 4840/5114/4479 3809/4083/4707 4846/5120/4232
f 4067/4341/4268 4840/5114/4479 4841/5115/4141
f 4170/4444/4708 4709/4983/4709 4990/5264/4710
f 4709/4983/4709 4170/4444/4708 4708/4982/4711
f 4913/5187/4712 4914/5188/4135 4069/4343/4137
f 4069/4343/4137 4912/5186/4218 4913/5187/4712
f 4925/5199/4093 4070/4344/4713 4924/5198/4299
f 5087/5361/4714 5088/5362/4715 4071/4345/4716
f 5088/5362/4715 4738/5012/4717 4071/4345/4716
f 4292/4566/4718 4311/4585/4719 4777/5051/4720
f 3786/4060/4682 4771/5045/4397 4762/5036/4396
f 4072/4346/4297 4762/5036/4396 4923/5197/4298
f 3931/4205/3773 4073/4347/4088 2710/3943/2890
f 4073/4347/4088 3803/4077/4253 4835/5109/4471
f 4688/4962/4695 4177/4451/4721 4687/4961/4722
f 4719/4993/4723 5241/5515/4724 4718/4992/4725
f 4075/4349/4726 4559/4833/4518 4558/4832/4727
f 4564/4838/4728 5065/5339/4511 4255/4529/4729
f 4679/4953/4730 4223/4497/4731 4678/4952/4732
f 4348/4622/4178 5137/5411/4733 5031/5305/4624
f 4391/4665/4092 3790/4064/4301 4390/4664/3962
f 5199/5473/4734 4532/4806/4735 4533/4807/4736
f 4936/5210/4737 4937/5211/4738 4094/4368/4199
f 4148/4422/4739 4658/4932/4740 4657/4931/4741
f 3868/4142/3860 4079/4353/3862 2772/3841/2681
f 3869/4143/3867 4079/4353/3862 3806/4080/3861
f 3965/4239/3880 4080/4354/4099 2770/3843/2810
f 3868/4142/3860 4080/4354/4099 3807/4081/4353
f 4811/5085/4324 3778/4052/4209 4810/5084/4208
f 4116/4390/4742 4597/4871/4743 4618/4892/4389
f 5258/5532/4744 5136/5410/4745 4083/4357/4746
f 5257/5531/4564 4645/4919/4747 4646/4920/4748
f 4927/5201/4557 4928/5202/4749 4082/4356/4750
f 4592/4866/4751 4128/4402/3968 4622/4896/4752
f 3774/4048/4523 4648/4922/4753 4647/4921/4754
f 4648/4922/4753 4650/4924/4755 4084/4358/4756
f 4773/5047/4757 3733/4007/4758 4198/4472/4759
f 5005/5279/4760 3957/4231/4761 5262/5536/4762
f 4138/4412/4763 4549/4823/4016 4550/4824/4764
f 4960/5234/4765 4134/4408/4766 4119/4393/4767
f 4773/5047/4757 4199/4473/4506 4085/4359/4162
f 4982/5256/4256 3805/4079/3694 4981/5255/4257
f 4977/5251/4768 4976/5250/4465 4134/4408/4766
f 4946/5220/4769 3992/4266/4507 4945/5219/4509
f 4642/4916/4553 4973/5247/4770 4129/4403/4105
f 3785/4059/4213 4641/4915/4552 4640/4914/3824
f 3862/4136/3826 4809/5083/4381 4546/4820/4201
f 3758/4032/3843 4410/4684/4293 4767/5041/4284
f 4091/4365/4309 3780/4054/4577 4092/4366/4123
f 3834/4108/4522 4037/4311/3764 4091/4365/4309
f 3780/4054/4577 4934/5208/4200 4092/4366/4123
f 4987/5261/4311 4161/4435/4310 3789/4063/4680
f 4366/4640/4224 4094/4368/4199 4365/4639/4771
f 4530/4804/4126 4532/4806/4735 5148/5422/4772
f 4935/5209/4198 4936/5210/4737 4094/4368/4199
f 4937/5211/4738 4365/4639/4771 4094/4368/4199
f 5019/5293/4086 5020/5294/4773 3776/4050/4578
f 4362/4636/4774 4099/4373/4775 4361/4635/4776
f 5058/5332/4777 4394/4668/4778 4244/4518/3978
f 4466/4740/4118 4467/4741/4779 4095/4369/4780
f 5007/5281/4781 5008/5282/4782 4205/4479/4783
f 4313/4587/4784 4661/4935/4785 4663/4937/4786
f 4244/4518/3978 4394/4668/4778 5057/5331/4787
f 4576/4850/4788 5210/5484/4789 5211/5485/4790
f 4467/4741/4779 4754/5028/4030 4099/4373/4775
f 5143/5417/4032 4361/4635/4776 4099/4373/4775
f 3780/4054/4577 4127/4401/4280 4529/4803/4791
f 4095/4369/4780 4936/5210/4737 4938/5212/4792
f 4279/4553/4793 4305/4579/4794 4307/4581/4339
f 3736/4010/4795 4655/4929/4796 5086/5360/4797
f 3718/3992/4798 4358/4632/4799 4478/4752/4800
f 4296/4570/4676 4297/4571/4673 4101/4375/4672
f 5094/5368/4801 4300/4574/4802 5093/5367/4803
f 5092/5366/4804 4299/4573/3982 4040/4314/4805
f 3872/4146/3877 4104/4378/3886 2763/3850/2715
f 4104/4378/3886 3808/4082/3887 4848/5122/4493
f 4105/4379/4366 3875/4149/3906 4812/5086/4398
f 4105/4379/4366 3766/4040/4304 4583/4857/4303
f 4107/4381/4487 4586/4860/3855 3990/4264/3854
f 4354/4628/4338 4106/4380/4337 3742/4016/4486
f 3990/4264/3854 4109/4383/4558 4107/4381/4487
f 4108/4382/4489 4061/4335/4488 4477/4751/4482
f 4109/4383/4558 4941/5215/4806 4107/4381/4487
f 4117/4391/4490 3948/4222/4561 4910/5184/4699
f 4110/4384/4020 4645/4919/4747 3727/4001/4566
f 4940/5214/4807 4109/4383/4558 3991/4265/4022
f 4645/4919/4747 4109/4383/4558 3990/4264/3854
f 4942/5216/4559 4110/4384/4020 3727/4001/4566
f 4112/4386/4391 4944/5218/4508 4116/4390/4742
f 4944/5218/4508 4954/5228/4562 4111/4385/4808
f 4942/5216/4559 4116/4390/4742 4111/4385/4808
f 4596/4870/3967 4595/4869/4809 3993/4267/4810
f 4967/5241/4811 3958/4232/4812 4962/5236/4813
f 3897/4171/4402 4947/5221/4569 4952/5226/4502
f 4946/5220/4769 5261/5535/4814 3992/4266/4507
f 4959/5233/4815 4118/4392/4816 4958/5232/4817
f 4953/5227/4818 4120/4394/4819 4952/5226/4502
f 4947/5221/4569 4124/4398/4568 4946/5220/4769
f 5259/5533/4820 3727/4001/4566 4931/5205/4565
f 4597/4871/4743 4596/4870/3967 3993/4267/4810
f 4940/5214/4807 4117/4391/4490 4108/4382/4489
f 4960/5234/4765 4119/4393/4767 4956/5230/4570
f 4118/4392/4816 4955/5229/4560 4957/5231/4821
f 4118/4392/4816 4957/5231/4821 4958/5232/4817
f 4447/4721/4822 4978/5252/4823 3994/4268/4824
f 4438/4712/4702 4119/4393/4767 4569/4843/4825
f 4968/5242/4826 4411/4685/4827 4967/5241/4811
f 4961/5235/4400 4962/5236/4813 4121/4395/4828
f 4966/5240/4829 4126/4400/4830 4965/5239/3994
f 4964/5238/3996 4122/4396/4831 4963/5237/4401
f 4972/5246/4501 3956/4230/3995 5202/5476/4832
f 4969/5243/4563 4970/5244/4833 4123/4397/4834
f 4201/4475/4835 5204/5478/4836 4951/5225/4837
f 4446/4720/4838 5173/5447/4839 3994/4268/4824
f 4950/5224/4840 4447/4721/4822 4949/5223/4841
f 4446/4720/4838 4114/4388/4842 4954/5228/4562
f 4450/4724/4843 4985/5259/4495 4984/5258/4844
f 4971/5245/4500 3957/4231/4761 4970/5244/4833
f 4699/4973/4845 4558/4832/4727 4559/4833/4518
f 4781/5055/3959 4166/4440/4846 4548/4822/4847
f 3997/4271/4197 3814/4088/3749 4127/4401/4280
f 3814/4088/3749 4386/4660/4279 4529/4803/4791
f 5136/5410/4745 4346/4620/4848 5224/5498/4849
f 4591/4865/4392 3890/4164/4394 4590/4864/3970
f 3982/4256/4850 4869/5143/4103 4868/5142/3874
f 5021/5295/4104 4974/5248/4851 4129/4403/4105
f 5022/5296/4548 5023/5297/4547 3983/4257/4852
f 4774/5048/4853 4775/5049/4854 4132/4406/4855
f 4133/4407/4059 4510/4784/4538 4511/4785/4856
f 4131/4405/4551 4508/4782/4857 5198/5472/4549
f 4541/4815/4550 4509/4783/4858 5246/5520/4859
f 3772/4046/4174 4858/5132/4345 4859/5133/4172
f 3743/4017/4534 4269/4543/4060 5078/5352/4535
f 3730/4004/4860 4514/4788/4861 5073/5347/4169
f 4088/4362/4862 5204/5478/4836 4977/5251/4768
f 4134/4408/4766 4976/5250/4465 4569/4843/4825
f 4552/4826/4863 5204/5478/4836 4201/4475/4835
f 4550/4824/4764 4551/4825/4864 4138/4412/4763
f 4551/4825/4864 4769/5043/4865 4138/4412/4763
f 4667/4941/4462 4193/4467/4024 4666/4940/4866
f 4750/5024/4371 4331/4605/4867 5231/5505/4868
f 4439/4713/4869 4063/4337/4053 4438/4712/4702
f 3733/4007/4758 4197/4471/4870 4198/4472/4759
f 4191/4465/4456 4197/4471/4870 3733/4007/4758
f 5059/5333/4871 4249/4523/3971 4590/4864/3970
f 4598/4872/4872 4599/4873/4873 5218/5492/4874
f 4252/4526/4875 5062/5336/4876 3980/4254/4877
f 5061/5335/4878 5062/5336/4876 4140/4414/4879
f 3769/4043/4470 4742/5016/3956 4743/5017/4599
f 4723/4997/3775 4724/4998/4880 3729/4003/3776
f 4711/4985/3972 4714/4988/4881 4727/5001/3973
f 4980/5254/4882 4142/4416/4883 4722/4996/4884
f 4015/4289/4885 5162/5436/4886 4482/4756/4887
f 4780/5054/4004 4483/4757/4003 5190/5464/4888
f 5162/5436/4886 4180/4454/4889 4690/4964/4890
f 4484/4758/4891 5191/5465/4892 5192/5466/4893
f 4674/4948/4667 3763/4037/4228 4673/4947/4229
f 4659/4933/4894 3737/4011/4226 5230/5504/4895
f 5229/5503/4896 4657/4931/4741 4330/4604/4897
f 4518/4792/4898 4777/5051/4720 4147/4421/4899
f 4521/4795/4900 4286/4560/4901 4520/4794/4902
f 4281/4555/4037 4284/4558/4038 4182/4456/4255
f 5143/5417/4032 4099/4373/4775 4754/5028/4030
f 4661/4935/4785 5109/5383/4903 4312/4586/4904
f 3723/3997/4905 4364/4638/4906 4365/4639/4771
f 4362/4636/4774 4363/4637/4907 3723/3997/4905
f 4363/4637/4907 4364/4638/4906 3723/3997/4905
f 5229/5503/4896 5125/5399/4908 4078/4352/4909
f 4142/4416/4883 4723/4997/3775 4722/4996/4884
f 4538/4812/4910 4005/4279/4911 4537/4811/4912
f 4537/4811/4912 4005/4279/4911 4486/4760/4913
f 4405/4679/4914 4784/5058/4915 4580/4854/4916
f 4005/4279/4911 5190/5464/4888 4486/4760/4913
f 4299/4573/3982 5093/5367/4803 5095/5369/3980
f 5190/5464/4888 4483/4757/4003 4484/4758/4891
f 4473/4747/4640 5182/5456/4642 4028/4302/4643
f 3941/4215/3709 4155/4429/3703 2698/3955/2855
f 3879/4153/4043 4155/4429/3703 3809/4083/4707
f 4920/5194/4917 4156/4430/3910 3962/4236/4918
f 3779/4053/4919 4882/5156/4399 5254/5528/4595
f 3831/4105/4117 4157/4431/3743 3973/4247/3698
f 4157/4431/3743 3770/4044/4920 4158/4432/4258
f 4449/4723/4163 4158/4432/4258 3770/4044/4920
f 4984/5258/4844 3741/4015/4497 4992/5266/4921
f 4159/4433/4166 4982/5256/4256 4983/5257/4922
f 4992/5266/4921 3741/4015/4497 4993/5267/4238
f 4986/5260/4526 3974/4248/3839 3871/4145/3952
f 4160/4434/4359 4986/5260/4526 4620/4894/4923
f 3835/4109/4425 4792/5066/3762 4368/4642/4308
f 4531/4805/4127 4670/4944/4924 4093/4367/4925
f 4761/5035/4039 4162/4436/4288 3887/4161/3836
f 4930/5204/4926 4162/4436/4288 3778/4052/4209
f 3880/4154/3757 4163/4437/3756 2715/3938/3179
f 3881/4155/3751 4163/4437/3756 3810/4084/3755
f 3999/4273/3769 4164/4438/3770 2721/3932/2945
f 3884/4158/3748 4164/4438/3770 3813/4087/4379
f 3884/4158/3748 4165/4439/3750 2723/3930/2940
f 3997/4271/4197 4165/4439/3750 3814/4088/3749
f 4548/4822/4847 4166/4440/4846 4855/5129/4927
f 4565/4839/4514 3726/4000/4516 4561/4835/4407
f 4167/4441/4928 5033/5307/4528 4242/4516/3933
f 3976/4250/4530 5035/5309/4436 4988/5262/4531
f 4906/5180/4684 3996/4270/4044 4057/4331/4574
f 4899/5173/4681 4168/4442/3711 3792/4066/4929
f 3942/4216/4231 3850/4124/3707 4839/5113/4478
f 4027/4301/4639 4894/5168/4519 4989/5263/4409
f 5247/5521/4648 4845/5119/4647 4991/5265/4664
f 4031/4305/4692 4704/4978/4687 4708/4982/4711
f 4704/4978/4687 4031/4305/4692 4702/4976/4930
f 4908/5182/4575 4909/5183/4931 3739/4013/4653
f 3720/3994/4932 4528/4802/4933 4461/4735/4934
f 4461/4735/4934 4570/4844/4935 4172/4446/4662
f 4570/4844/4935 4571/4845/4543 4173/4447/4317
f 4173/4447/4317 4572/4846/4542 4700/4974/4318
f 5174/5448/4660 4174/4448/4936 5208/5482/4937
f 4452/4726/4938 4453/4727/4939 4451/4725/4940
f 4716/4990/4941 4176/4450/4694 4715/4989/4698
f 4031/4305/4692 4701/4975/4319 4702/4976/4930
f 4180/4454/4889 4689/4963/4693 4690/4964/4890
f 4715/4989/4698 4176/4450/4694 4712/4986/4942
f 4451/4725/4940 4178/4452/4943 4452/4726/4938
f 4074/4348/4944 4685/4959/4420 4686/4960/4945
f 4688/4962/4695 4717/4991/4946 4177/4451/4721
f 4241/4515/4947 4179/4453/4422 4240/4514/4948
f 5043/5317/4949 5045/5319/4395 3919/4193/3934
f 5033/5307/4528 4167/4441/4928 5034/5308/4529
f 4180/4454/4889 4710/4984/4691 4707/4981/4950
f 4707/4981/4950 4712/4986/4942 4713/4987/4951
f 4181/4455/4164 4992/5266/4921 4993/5267/4238
f 3794/4068/4351 3866/4140/3692 4588/4862/4165
f 5085/5359/4952 4291/4565/3987 4282/4556/3986
f 3777/4051/4098 4277/4551/4097 4278/4552/4953
f 4183/4457/3988 4291/4565/3987 5089/5363/4954
f 4655/4929/4796 4654/4928/4955 4284/4558/4038
f 3907/4181/3733 4184/4458/3730 2677/3976/2822
f 3882/4156/3732 4184/4458/3730 3811/4085/4062
f 3882/4156/3732 4185/4459/3731 2679/3974/2819
f 3966/4240/4180 4185/4459/3731 3812/4086/3742
f 4607/4881/4956 4604/4878/4957 4187/4461/4386
f 4591/4865/4392 4592/4866/4751 4603/4877/4393
f 4608/4882/4387 4605/4879/4040 4612/4886/4958
f 5055/5329/4959 5049/5323/4960 3719/3993/4961
f 3966/4240/4180 3812/4086/3742 4188/4462/4276
f 4996/5270/4275 4190/4464/4458 4995/5269/4451
f 4994/5268/4452 4189/4463/4460 4995/5269/4451
f 4497/4771/4181 4500/4774/4962 3755/4029/4182
f 4190/4464/4458 4996/5270/4275 4191/4465/4456
f 4647/4921/4754 4648/4922/4753 4084/4358/4756
f 4998/5272/4963 4191/4465/4456 3925/4199/4274
f 4197/4471/4870 4549/4823/4016 4138/4412/4763
f 4497/4771/4181 4498/4772/4964 3925/4199/4274
f 5000/5274/4023 4499/4773/4025 4194/4468/4450
f 5197/5471/4965 4498/4772/4964 4499/4773/4025
f 3924/4198/4372 5231/5505/4868 4666/4940/4866
f 4504/4778/4447 3923/4197/4114 4502/4776/4113
f 3732/4006/4706 4698/4972/4446 4274/4548/4966
f 4748/5022/4449 3732/4006/4706 4747/5021/4541
f 4786/5060/4967 4751/5025/4540 3937/4211/4968
f 4785/5059/4621 3937/4211/4968 4679/4953/4730
f 3877/4151/4630 5127/5401/4969 5126/5400/4970
f 4998/5272/4963 4553/4827/4017 4191/4465/4456
f 4198/4472/4759 4197/4471/4870 4138/4412/4763
f 4769/5043/4865 4198/4472/4759 4138/4412/4763
f 4198/4472/4759 4086/4360/4504 4199/4473/4506
f 4200/4474/4051 5001/5275/4505 5002/5276/4052
f 4448/4722/4503 4085/4359/4162 4199/4473/4506
f 3957/4231/4761 4971/5245/4500 5262/5536/4762
f 4450/4724/4843 4200/4474/4051 5005/5279/4760
f 4086/4360/4504 4769/5043/4865 4552/4826/4863
f 4950/5224/4840 4951/5225/4837 4088/4362/4862
f 4984/5258/4844 4985/5259/4495 3741/4015/4497
f 4448/4722/4503 4450/4724/4843 4087/4361/4971
f 3774/4048/4523 4647/4921/4754 4203/4477/4306
f 4647/4921/4754 4649/4923/4115 4203/4477/4306
f 3998/4272/3746 3801/4075/4377 4204/4478/3747
f 5006/5280/4087 4204/4478/3747 3801/4075/4377
f 4205/4479/4783 5006/5280/4087 5007/5281/4781
f 5020/5294/4773 5019/5293/4086 4210/4484/4972
f 4406/4680/4269 4407/4681/4376 3810/4084/3755
f 4681/4955/4248 5160/5434/4973 4403/4677/4084
f 3748/4022/4270 4397/4671/4974 4400/4674/4975
f 3735/4009/4976 4210/4484/4972 5010/5284/4977
f 4208/4482/4978 4681/4955/4248 5011/5285/4979
f 5010/5284/4977 4210/4484/4972 5009/5283/4980
f 5012/5286/4981 4209/4483/4982 5011/5285/4979
f 4209/4483/4982 5013/5287/4983 5017/5291/3976
f 5009/5283/4980 4205/4479/4783 5008/5282/4782
f 4332/4606/4187 4211/4485/4186 5020/5294/4773
f 4210/4484/4972 3735/4009/4976 4332/4606/4187
f 3756/4030/4119 4385/4659/3772 4387/4661/4278
f 5020/5294/4773 4388/4662/4277 4212/4486/4347
f 3813/4087/4379 3999/4273/3769 4212/4486/4347
f 4868/5142/3874 4869/5143/4103 3725/3999/4984
f 4216/4490/4985 5027/5301/4476 5024/5298/4102
f 5026/5300/4986 3982/4256/4850 4216/4490/4985
f 4215/4489/4987 4220/4494/4988 5030/5304/4623
f 4131/4405/4551 4513/4787/4989 4510/4784/4538
f 4215/4489/4987 4513/4787/4989 4542/4816/4990
f 4216/4490/4985 5024/5298/4102 5026/5300/4986
f 3982/4256/4850 4381/4655/4261 4382/4656/4264
f 3807/4081/4353 4556/4830/4991 4379/4653/4179
f 4320/4594/4625 4321/4595/4992 3773/4047/4993
f 4219/4493/4994 4321/4595/4992 4325/4599/4995
f 4323/4597/4554 4218/4492/4176 4322/4596/4996
f 4555/4829/4997 4318/4592/4343 4319/4593/4998
f 4321/4595/4992 4319/4593/4998 3773/4047/4993
f 4215/4489/4987 5023/5297/4547 5025/5299/4100
f 4348/4622/4178 4220/4494/4988 3984/4258/4475
f 5032/5306/4999 4221/4495/3721 5137/5411/4733
f 5223/5497/5000 4623/4897/5001 4275/4549/4539
f 4755/5029/3720 4756/5030/3722 4222/4496/5002
f 4511/4785/4856 4512/4786/5003 4133/4407/4059
f 5234/5508/4555 4324/4598/4015 4678/4952/4732
f 4623/4897/5001 3937/4211/4968 4275/4549/4539
f 4224/4498/4527 5034/5308/4529 5036/5310/5004
f 3919/4193/3934 5033/5307/4528 5043/5317/4949
f 4225/4499/5005 5036/5310/5004 4589/4863/4357
f 5054/5328/5006 5053/5327/5007 4237/4511/5008
f 5037/5311/4152 5041/5315/5009 4226/4500/5010
f 5264/5538/5011 4234/4508/4048 5039/5313/5012
f 4225/4499/5005 5044/5318/5013 5036/5310/5004
f 5048/5322/5014 4179/4453/4422 4241/4515/4947
f 4228/4502/5015 5046/5320/4439 5048/5322/5014
f 4458/4732/5016 3839/4113/5017 4456/4730/4661
f 4229/4503/4440 5139/5413/5018 4355/4629/5019
f 4231/4505/5020 5050/5324/4438 4609/4883/4388
f 4230/4504/5021 5047/5321/3932 4355/4629/5019
f 4617/4891/5022 5056/5330/5023 4615/4889/4144
f 4231/4505/5020 5049/5323/4960 4355/4629/5019
f 3890/4164/4394 4603/4877/4393 4607/4881/4956
f 4355/4629/5019 4373/4647/5024 4231/4505/5020
f 4778/5052/5025 5060/5334/5026 4249/4523/3971
f 4454/4728/4659 3839/4113/5017 4453/4727/4939
f 4140/4414/4879 5060/5334/5026 5061/5335/4878
f 5038/5312/4153 4226/4500/5010 5039/5313/5012
f 4694/4968/4080 4695/4969/4049 4697/4971/4081
f 3728/4002/4082 5181/5455/4079 4682/4956/4078
f 4790/5064/5027 4693/4967/4421 4788/5062/5028
f 4694/4968/4080 4683/4957/5029 4684/4958/4419
f 5267/5541/4584 5130/5404/4586 5268/5542/5030
f 4719/4993/4723 4788/5062/5028 4074/4348/4944
f 4239/4513/4424 4240/4514/4948 4179/4453/4422
f 4227/4501/5031 5043/5317/4949 5044/5318/5013
f 5052/5326/4222 4238/4512/4423 4225/4499/5005
f 4239/4513/4424 4238/4512/4423 5052/5326/4222
f 4789/5063/5032 4237/4511/5008 4788/5062/5028
f 5054/5328/5006 4239/4513/4424 5053/5327/5007
f 4241/4515/4947 4451/4725/4940 3839/4113/5017
f 4451/4725/4940 4240/4514/4948 4178/4452/4943
f 4241/4515/4947 3839/4113/5017 4458/4732/5016
f 5055/5329/4959 4242/4516/3933 4230/4504/5021
f 4242/4516/3933 3918/4192/5033 4988/5262/4531
f 3889/4163/4042 4613/4887/5034 4612/4886/4958
f 3916/4190/4378 4469/4743/4434 3745/4019/4432
f 4209/4483/4982 5012/5286/4981 5013/5287/4983
f 5058/5332/4777 4097/4371/5035 4356/4630/4031
f 4478/4752/4800 4574/4848/5036 4246/4520/5037
f 3718/3992/4798 4663/4937/4786 4664/4938/5038
f 4246/4520/5037 4574/4848/5036 4575/4849/5039
f 4522/4796/5040 4463/4737/4677 4102/4376/5041
f 4576/4850/4788 4247/4521/5042 5212/5486/5043
f 5094/5368/4801 4302/4576/5044 5213/5487/5045
f 5058/5332/4777 4356/4630/4031 4248/4522/5046
f 4394/4668/4778 4096/4370/5047 4332/4606/4187
f 4232/4506/5048 4373/4647/5024 4778/5052/5025
f 5060/5334/5026 4256/4530/3969 4249/4523/3971
f 4249/4523/3971 5059/5333/4871 4778/5052/5025
f 4535/4809/4442 4233/4507/4441 4534/4808/5049
f 4250/4524/5050 4778/5052/5025 5200/5474/5051
f 4457/4731/5052 4534/4808/5049 4233/4507/4441
f 3980/4254/4877 5175/5449/5053 4459/4733/4658
f 4257/4531/5054 3714/3988/5055 4621/4895/5056
f 4524/4798/5057 4034/4308/4652 4525/4799/3689
f 4765/5039/4545 5063/5337/5058 4254/4528/4512
f 4557/4831/5059 3899/4173/5060 4344/4618/4130
f 4257/4531/5054 4763/5037/5061 3714/3988/5055
f 4558/4832/4727 4255/4529/4729 4557/4831/5059
f 4558/4832/4727 4563/4837/5062 4255/4529/4729
f 5066/5340/5063 4256/4530/3969 4140/4414/4879
f 4598/4872/4872 4621/4895/5056 3714/3988/5055
f 4257/4531/5054 5066/5340/5063 5067/5341/5064
f 4763/5037/5061 4764/5038/4544 4254/4528/4512
f 4397/4671/4974 5151/5425/4007 5150/5424/5065
f 4258/4532/5066 5155/5429/5067 4400/4674/4975
f 3908/4182/3717 4259/4533/4008 2667/3986/2711
f 3970/4244/3719 4259/4533/4008 3820/4094/4427
f 4776/5050/5068 3816/4090/3823 4643/4917/3825
f 4261/4535/4108 4774/5048/4853 4132/4406/4855
f 4774/5048/4853 4776/5050/5068 3753/4027/3990
f 5069/5343/5069 4516/4790/5070 4517/4791/5071
f 4262/4536/4344 5069/5343/5069 4517/4791/5071
f 4516/4790/5070 3730/4004/4860 4517/4791/5071
f 4264/4538/5072 5075/5349/4290 5071/5345/5073
f 5074/5348/4249 5075/5349/4290 4264/4538/5072
f 4508/4782/4857 4131/4405/4551 4510/4784/4538
f 5074/5348/4249 3771/4045/4250 4415/4689/4292
f 3743/4017/4534 4268/4542/5074 4269/4543/4060
f 4268/4542/5074 4271/4545/4348 4393/4667/5075
f 5076/5350/5076 4265/4539/5077 5077/5351/5078
f 4625/4899/5079 4341/4615/4346 3771/4045/4250
f 3771/4045/4250 3863/4137/3718 4415/4689/4292
f 4267/4541/4525 3820/4094/4427 4652/4926/4291
f 4507/4781/4061 4269/4543/4060 5077/5351/5078
f 4271/4545/4348 4268/4542/5074 3743/4017/4534
f 5077/5351/5078 4269/4543/4060 4268/4542/5074
f 4133/4407/4059 4512/4786/5003 4636/4910/5080
f 4636/4910/5080 4269/4543/4060 4133/4407/4059
f 4273/4547/4474 5265/5539/4705 5080/5354/5081
f 4271/4545/4348 3743/4017/4534 4272/4546/4236
f 4393/4667/5075 4271/4545/4348 3802/4076/4171
f 5079/5353/4536 4272/4546/4236 3743/4017/4534
f 4864/5138/4532 4272/4546/4236 3978/4252/4533
f 5080/5354/5081 5082/5356/5082 4273/4547/4474
f 4273/4547/4474 4065/4339/4445 4863/5137/4537
f 5082/5356/5082 5083/5357/5083 4274/4548/4966
f 4747/5021/4541 3732/4006/4706 4274/4548/4966
f 5223/5497/5000 5083/5357/5083 3979/4253/5084
f 4747/5021/4541 4751/5025/4540 4195/4469/5085
f 3935/4209/4188 5084/5358/4572 4276/4550/4096
f 4277/4551/4097 4276/4550/4096 5084/5358/4572
f 5084/5358/4572 4280/4554/4254 4277/4551/4097
f 4284/4558/4038 4654/4928/4955 4182/4456/4255
f 4182/4456/4255 4278/4552/4953 4277/4551/4097
f 5091/5365/5086 5090/5364/4242 4278/4552/4953
f 5090/5364/4242 5091/5365/5086 4294/4568/4674
f 4305/4579/4794 4101/4375/4672 4298/4572/4671
f 3804/4078/4571 4821/5095/3908 4293/4567/4429
f 4281/4555/4037 4182/4456/4255 4280/4554/4254
f 4293/4567/4429 4281/4555/4037 4280/4554/4254
f 4282/4556/3986 4281/4555/4037 3751/4025/4428
f 4282/4556/3986 3751/4025/4428 5085/5359/4952
f 4282/4556/3986 4183/4457/3988 4284/4558/4038
f 3751/4025/4428 5138/5412/5087 4350/4624/5088
f 5088/5362/4715 5087/5361/4714 4288/4562/5089
f 4655/4929/4796 4183/4457/3988 4285/4559/5090
f 4182/4456/4255 4654/4928/4955 4278/4552/4953
f 4292/4566/4718 4518/4792/4898 4183/4457/3988
f 4285/4559/5090 4519/4793/5091 4520/4794/4902
f 4518/4792/4898 4147/4421/4899 4519/4793/5091
f 4462/4736/5092 4103/4377/5093 4296/4570/4676
f 5110/5384/5094 4147/4421/4899 5109/5383/4903
f 5178/5452/5095 4246/4520/5037 4577/4851/4678
f 4918/5192/4196 4283/4557/5096 4290/4564/5097
f 3724/3998/4139 4069/4343/4137 4915/5189/4136
f 4916/5190/4095 4915/5189/4136 4070/4344/4713
f 4145/4419/4666 4659/4933/4894 4737/5011/5098
f 4922/5196/5099 3751/4025/4428 4350/4624/5088
f 4290/4564/5097 4920/5194/4917 4919/5193/4140
f 5087/5361/4714 4291/4565/3987 4283/4557/5096
f 4183/4457/3988 5089/5363/4954 4292/4566/4718
f 4292/4566/4718 5089/5363/4954 4311/4585/4719
f 4292/4566/4718 4777/5051/4720 4518/4792/4898
f 3804/4078/4571 4293/4567/4429 4280/4554/4254
f 4293/4567/4429 3910/4184/3909 5138/5412/5087
f 4295/4569/4675 4294/4568/4674 3736/4010/4795
f 5103/5377/5100 4101/4375/4672 4305/4579/4794
f 5086/5360/4797 4295/4569/4675 3736/4010/4795
f 4296/4570/4676 4103/4377/5093 4297/4571/4673
f 4286/4560/4901 4573/4847/5101 4295/4569/4675
f 4573/4847/5101 4102/4376/5041 4462/4736/5092
f 4299/4573/3982 4297/4571/4673 4103/4377/5093
f 4298/4572/4671 5092/5366/4804 4040/4314/4805
f 4303/4577/4066 4298/4572/4671 4040/4314/4805
f 4298/4572/4671 5099/5373/4670 4305/4579/4794
f 4103/4377/5093 5093/5367/4803 4299/4573/3982
f 4299/4573/3982 4306/4580/3981 4040/4314/4805
f 5094/5368/4801 4462/4736/5092 5177/5451/5102
f 5098/5372/5103 5096/5370/4593 5097/5371/4592
f 5095/5369/3980 4300/4574/4802 5096/5370/4593
f 4474/4748/5104 5183/5457/4641 5184/5458/5105
f 4302/4576/5044 5177/5451/5102 4463/4737/4677
f 4302/4576/5044 4578/4852/4679 4579/4853/5106
f 5105/5379/5107 5102/5376/5108 4306/4580/3981
f 4039/4313/4065 4309/4583/4243 5100/5374/5109
f 4304/4578/5110 5101/5375/4067 5102/5376/5108
f 4310/4584/4581 4473/4747/4640 4028/4302/4643
f 4307/4581/4339 4305/4579/4794 3744/4018/5111
f 5103/5377/5100 4279/4553/4793 5090/5364/4242
f 4301/4575/5112 5104/5378/4589 4306/4580/3981
f 4306/4580/3981 5104/5378/4589 5105/5379/5107
f 4308/4582/3894 4307/4581/4339 3744/4018/5111
f 4307/4581/4339 3796/4070/3896 5113/5387/4190
f 5099/5373/4670 5100/5374/5109 3744/4018/5111
f 5106/5380/3895 4308/4582/3894 3797/4071/4244
f 3744/4018/5111 4309/4583/4243 4308/4582/3894
f 4309/4583/4243 4039/4313/4065 4752/5026/4069
f 4304/4578/5110 5105/5379/5107 4473/4747/4640
f 4028/4302/4643 4490/4764/4587 5194/5468/4582
f 4738/5012/4717 4289/4563/4094 4737/5011/5098
f 4311/4585/4719 4146/4420/5113 5108/5382/5114
f 4660/4934/5115 4146/4420/5113 4658/4932/4740
f 5109/5383/4903 4661/4935/4785 4313/4587/4784
f 4312/4586/4904 4660/4934/5115 4661/4935/4785
f 5111/5385/5116 5110/5384/5094 4313/4587/4784
f 5228/5502/5117 4360/4634/5118 4656/4930/5119
f 5145/5419/5120 5142/5416/5121 4358/4632/4799
f 4624/4898/4241 4315/4589/4189 3777/4051/4098
f 5112/5386/4191 3936/4210/3897 4315/4589/4189
f 3745/4019/4432 4733/5007/5122 4734/5008/4431
f 4733/5007/5122 3745/4019/4432 4732/5006/5123
f 4612/4886/4958 4613/4887/5034 4243/4517/4145
f 4611/4885/4385 3889/4163/4042 4610/4884/4073
f 4319/4593/4998 4318/4592/4343 3773/4047/4993
f 3807/4081/4353 3965/4239/3880 4318/4592/4343
f 3773/4047/4993 4352/4626/4627 4353/4627/4626
f 4555/4829/4997 4319/4593/4998 4219/4493/4994
f 5116/5390/5124 4322/4596/4996 4320/4594/4625
f 4319/4593/4998 4321/4595/4992 4219/4493/4994
f 4320/4594/4625 4322/4596/4996 4321/4595/4992
f 4321/4595/4992 4322/4596/4996 4325/4599/4995
f 4323/4597/4554 5116/5390/5124 3731/4005/4012
f 4218/4492/4176 5028/5302/4477 4325/4599/4995
f 4324/4598/4015 4323/4597/4554 3731/4005/4012
f 5117/5391/4177 4218/4492/4176 4323/4597/4554
f 3731/4005/4012 4417/4691/4011 4768/5042/5125
f 4324/4598/4015 4021/4295/4014 4678/4952/4732
f 4218/4492/4176 4325/4599/4995 4322/4596/4996
f 4325/4599/4995 4217/4491/4263 5029/5303/4262
f 4768/5042/5125 4324/4598/4015 3731/4005/4012
f 5118/5392/4617 4326/4600/4013 4020/4294/4109
f 4020/4294/4109 4420/4694/4111 4627/4901/5126
f 5120/5394/4631 4680/4954/4619 5119/5393/4618
f 4141/4415/4601 4724/4998/4880 4725/4999/4613
f 4152/4426/5127 5187/5461/5128 4481/4755/4034
f 5153/5427/5129 4401/4675/5130 5152/5426/5131
f 4399/4673/5132 4258/4532/5066 4398/4672/4472
f 5123/5397/5133 5124/5398/3985 4330/4604/4897
f 4359/4633/5134 5228/5502/5117 4078/4352/4909
f 4428/4702/4454 5127/5401/4969 5128/5402/5135
f 4665/4939/4453 4666/4940/4866 5231/5505/4868
f 4394/4668/4778 4332/4606/4187 3735/4009/4976
f 4465/4739/4120 4332/4606/4187 4096/4370/5047
f 4682/4956/4078 4683/4957/5029 3728/4002/4082
f 4003/4277/4580 4490/4764/4587 4491/4765/5136
f 3734/4008/4484 4423/4697/4370 4426/4700/4485
f 4422/4696/4616 4423/4697/4370 4023/4297/4369
f 3873/4147/3950 4335/4609/3935 1097/3885/1142
f 4335/4609/3935 3815/4089/4245 4880/5154/4363
f 4007/4281/3821 4336/4610/3819 3687/3825/3818
f 3885/4159/3814 4336/4610/3819 3816/4090/3823
f 3912/4186/3948 4337/4611/3684 2692/3961/2972
f 4337/4611/3684 3818/4092/4285 4870/5144/3691
f 3887/4161/3836 4338/4612/3838 2753/3860/2746
f 4338/4612/3838 3819/4093/3837 4872/5146/4491
f 2731/3922/2951 4339/4613/3771 3713/3921/3784
f 4339/4613/3771 2730/3923/2961 4671/4945/3768
f 4370/4644/4307 3964/4238/3928 3832/4106/3939
f 4340/4614/3931 3782/4056/4204 4759/5033/4333
f 4625/4899/5079 4266/4540/4167 4393/4667/5075
f 3802/4076/4171 3971/4245/3729 4341/4615/4346
f 3961/4235/4413 4560/4834/4517 4343/4617/4411
f 4033/4307/3687 5135/5409/4655 5134/5408/4129
f 4344/4618/4130 4343/4617/4411 4075/4349/4726
f 5134/5408/4129 4342/4616/4412 4343/4617/4411
f 4557/4831/5059 4344/4618/4130 4075/4349/4726
f 4344/4618/4130 3899/4173/5060 4523/4797/3688
f 4345/4619/4573 4877/5151/4075 4709/4983/4709
f 4909/5183/4931 4171/4445/4688 3739/4013/4653
f 4930/5204/4926 4638/4912/4323 4929/5203/5137
f 4638/4912/4323 3738/4012/5138 5224/5498/4849
f 4592/4866/4751 4593/4867/5139 4186/4460/5140
f 4601/4875/5141 4128/4402/3968 4596/4870/3967
f 4348/4622/4178 3984/4258/4475 5028/5302/4477
f 5137/5411/4733 4348/4622/4178 4076/4350/5142
f 3913/4187/3856 4349/4623/3852 2777/3836/2667
f 3886/4160/3869 4349/4623/3852 3817/4091/4380
f 4921/5195/5143 3779/4053/4919 4920/5194/4917
f 4350/4624/5088 4921/5195/5143 4922/5196/5099
f 4505/4779/5144 4351/4625/4064 3922/4196/5145
f 4384/4658/3741 5147/5421/5146 3755/4029/4182
f 4353/4627/4626 4352/4626/4627 4022/4296/5147
f 4911/5185/3883 4352/4626/4627 3773/4047/4993
f 4416/4690/4010 4353/4627/4626 4022/4296/5147
f 3773/4047/4993 4353/4627/4626 4320/4594/4625
f 4476/4750/4481 4354/4628/4338 3742/4016/4486
f 3946/4220/3848 3854/4128/3845 4753/5027/4480
f 5139/5413/5018 4229/4503/4440 4228/4502/5015
f 4355/4629/5019 3920/4194/5148 4373/4647/5024
f 4097/4371/5035 5140/5414/5149 4356/4630/4031
f 4078/4352/4909 4361/4635/4776 4359/4633/5134
f 5142/5416/5121 4357/4631/5150 5140/5414/5149
f 4360/4634/5118 5144/5418/5151 4662/4936/5152
f 4097/4371/5035 5058/5332/4777 5018/5292/3977
f 4574/4848/5036 4478/4752/4800 5186/5460/5153
f 5140/5414/5149 5141/5415/5154 4356/4630/4031
f 5141/5415/5154 5144/5418/5151 4360/4634/5118
f 4360/4634/5118 4148/4422/4739 4656/4930/5119
f 4360/4634/5118 5228/5502/5117 5141/5415/5154
f 4363/4637/4907 5146/5420/5155 4150/4424/5156
f 4361/4635/4776 4363/4637/4907 4362/4636/4774
f 5260/5534/5157 3723/3997/4905 4937/5211/4738
f 5180/5454/5158 4095/4369/4780 4467/4741/4779
f 5146/5420/5155 4361/4635/4776 4078/4352/4909
f 4150/4424/5156 4533/4807/4736 4364/4638/4906
f 4150/4424/5156 4364/4638/4906 4363/4637/4907
f 4149/4423/4125 4531/4805/4127 4365/4639/4771
f 4149/4423/4125 4365/4639/4771 4364/4638/4906
f 4365/4639/4771 4093/4367/4925 4366/4640/4224
f 4367/4641/4121 4366/4640/4224 4093/4367/4925
f 4366/4640/4224 4092/4366/4123 4934/5208/4200
f 4093/4367/4925 4670/4944/4924 4368/4642/4308
f 4367/4641/4121 3757/4031/3761 4933/5207/4122
f 4093/4367/4925 4368/4642/4308 4367/4641/4121
f 3835/4109/4425 4368/4642/4308 4161/4435/4310
f 5098/5372/5103 4369/4643/4590 4301/4575/5112
f 5193/5467/5159 4153/4427/5160 4486/4760/4913
f 3964/4238/3928 4370/4644/4307 4340/4614/3931
f 4374/4648/3965 3832/4106/3939 3876/4150/3938
f 3765/4039/3963 4566/4840/3943 4371/4645/3964
f 4370/4644/4307 4372/4646/4202 3782/4056/4204
f 4566/4840/3943 4372/4646/4202 4371/4645/3964
f 4468/4742/4203 4372/4646/4202 3917/4191/3945
f 3920/4194/5148 5200/5474/5051 4778/5052/5025
f 5050/5324/4438 4373/4647/5024 4232/4506/5048
f 3832/4106/3939 4374/4648/3965 4371/4645/3964
f 4375/4649/4155 3876/4150/3938 3826/4100/3947
f 3826/4100/3947 4818/5092/4300 4376/4650/4154
f 3976/4250/4530 3765/4039/3963 4375/4649/4155
f 4860/5134/4418 4376/4650/4154 3902/4176/4417
f 3976/4250/4530 4375/4649/4155 4376/4650/4154
f 3943/4217/3785 4377/4651/3786 2706/3947/2876
f 3930/4204/3781 4377/4651/3786 3823/4097/4294
f 3870/4144/3946 4378/4652/3937 1105/3877/1122
f 3876/4150/3938 4378/4652/3937 3826/4100/3947
f 3807/4081/4353 4555/4829/4997 4556/4830/4991
f 4380/4654/4260 3985/4259/4259 4740/5014/4354
f 4379/4653/4179 3752/4026/5161 4380/4654/4260
f 4381/4655/4261 4380/4654/4260 3752/4026/5161
f 4382/4656/4264 4381/4655/4261 3752/4026/5161
f 4381/4655/4261 3982/4256/4850 4867/5141/3876
f 4382/4656/4264 3752/4026/5161 5029/5303/4262
f 3982/4256/4850 4382/4656/4264 4216/4490/4985
f 4629/4903/5162 4383/4657/4265 3775/4049/5163
f 5248/5522/5164 4383/4657/4265 4334/4608/5165
f 5147/5421/5146 3811/4085/4062 4351/4625/4064
f 4384/4658/3741 3755/4029/4182 4500/4774/4962
f 4387/4661/4278 4385/4659/3772 3813/4087/4379
f 3756/4030/4119 4938/5212/4792 4386/4660/4279
f 3756/4030/4119 4386/4660/4279 4385/4659/3772
f 4529/4803/4791 4386/4660/4279 4100/4374/5166
f 4388/4662/4277 3813/4087/4379 4212/4486/4347
f 4387/4661/4278 4211/4485/4186 4465/4739/4120
f 3813/4087/4379 4388/4662/4277 4387/4661/4278
f 5020/5294/4773 4212/4486/4347 3776/4050/4578
f 4530/4804/4126 4389/4663/3778 3789/4063/4680
f 5148/5422/4772 3828/4102/3779 4389/4663/3778
f 5149/5423/5167 3828/4102/3779 5148/5422/4772
f 4391/4665/4092 4077/4351/3983 4677/4951/4665
f 4390/4664/3962 5149/5423/5167 4391/4665/4092
f 4391/4665/4092 5149/5423/5167 4392/4666/3984
f 5199/5473/4734 4392/4666/3984 3750/4024/5168
f 5124/5398/3985 5125/5399/4908 4330/4604/4897
f 4625/4899/5079 3802/4076/4171 4341/4615/4346
f 4393/4667/5075 4266/4540/4167 5076/5350/5076
f 4394/4668/4778 3735/4009/4976 5057/5331/4787
f 4248/4522/5046 4096/4370/5047 4394/4668/4778
f 3883/4157/4072 4395/4669/3922 2746/3867/2765
f 3953/4227/3920 4395/4669/3922 3821/4095/4205
f 4398/4672/4472 5150/5424/5065 5151/5425/4007
f 4406/4680/4269 3810/4084/3755 4396/4670/3979
f 4397/4671/4974 5150/5424/5065 4400/4674/4975
f 4406/4680/4269 4397/4671/4974 3748/4022/4270
f 4398/4672/4472 5151/5425/4007 4626/4900/4159
f 4398/4672/4472 4770/5044/4157 4399/4673/5132
f 3749/4023/4156 4731/5005/4594 5122/5396/4211
f 5152/5426/5131 4399/4673/5132 4329/4603/5169
f 4399/4673/5132 5152/5426/5131 4258/4532/5066
f 4403/4677/4084 3748/4022/4270 4400/4674/4975
f 5157/5431/5170 4401/4675/5130 3722/3996/5171
f 5156/5430/5172 5157/5431/5170 4404/4678/4085
f 5158/5432/5173 4402/4676/5174 5157/5431/5170
f 5015/5289/5175 5012/5286/4981 5014/5288/5176
f 4400/4674/4975 5155/5429/5067 5156/5430/5172
f 5011/5285/4979 4681/4955/4248 4207/4481/4083
f 4403/4677/4084 4400/4674/4975 5156/5430/5172
f 4207/4481/4083 5014/5288/5176 5012/5286/4981
f 4405/4679/4914 5158/5432/5173 4479/4753/5177
f 4579/4853/5106 4580/4854/4916 4041/4315/4591
f 4397/4671/4974 4406/4680/4269 4396/4670/3979
f 4407/4681/4376 5159/5433/4271 4206/4480/5178
f 5007/5281/4781 4407/4681/4376 4206/4480/5178
f 4407/4681/4376 5007/5281/4781 5161/5435/4375
f 4410/4684/4293 4408/4682/4214 3822/4096/4524
f 4408/4682/4214 4410/4684/4293 4409/4683/4215
f 3929/4203/3863 4089/4363/4469 4409/4683/4215
f 5225/5499/5179 4409/4683/4215 4089/4363/4469
f 4767/5041/4284 4410/4684/4293 3822/4096/4524
f 4832/5106/3842 4410/4684/4293 3758/4032/3843
f 4600/4874/4404 5218/5492/4874 4113/4387/4405
f 4563/4837/5062 4564/4838/4728 4255/4529/4729
f 4690/4964/4890 4691/4965/4610 4412/4686/4609
f 4412/4686/4609 4692/4966/4608 4482/4756/4887
f 4691/4965/4610 3715/3989/5180 5269/5543/5181
f 5130/5404/4586 4004/4278/5182 5132/5406/5183
f 4414/4688/5184 4687/4961/4722 4686/4960/4945
f 4685/4959/4420 4074/4348/4944 4693/4967/4421
f 3820/4094/4427 4415/4689/4292 3970/4244/3719
f 4415/4689/4292 4267/4541/4525 5074/5348/4249
f 4417/4691/4011 4416/4690/4010 4022/4296/5147
f 4416/4690/4010 3731/4005/4012 5116/5390/5124
f 4418/4692/4026 4417/4691/4011 4022/4296/5147
f 4768/5042/5125 4020/4294/4109 4326/4600/4013
f 4421/4695/4027 4418/4692/4026 4022/4296/5147
f 4888/5162/3871 4419/4693/4110 4019/4293/4028
f 4420/4694/4111 4419/4693/4110 3754/4028/4184
f 4020/4294/4109 4418/4692/4026 4419/4693/4110
f 5270/5544/5185 4422/4696/4616 5163/5437/5186
f 4420/4694/4111 4023/4297/4369 4627/4901/5126
f 4352/4626/4627 4421/4695/4027 4022/4296/5147
f 4421/4695/4027 3799/4073/4492 4887/5161/3872
f 5163/5437/5186 4422/4696/4616 4420/4694/4111
f 4426/4700/4485 4423/4697/4370 4422/4696/4616
f 4426/4700/4485 4422/4696/4616 4334/4608/5165
f 5164/5438/4628 4423/4697/4370 3734/4008/4484
f 4433/4707/4632 4434/4708/4701 4062/4336/3998
f 5166/5440/5187 4424/4698/5188 5171/5445/5189
f 4024/4298/5190 5169/5443/5191 5166/5440/5187
f 4628/4902/4629 4327/4601/5192 4627/4901/5126
f 4334/4608/5165 4629/4903/5162 4426/4700/4485
f 4629/4903/5162 4630/4904/5193 4426/4700/4485
f 4630/4904/5193 4631/4905/4056 4427/4701/4058
f 4910/5184/4699 4436/4710/3997 4061/4335/4488
f 5168/5442/5194 4024/4298/5190 4431/4705/4054
f 4331/4605/4867 5126/5400/4970 5127/5401/4969
f 4431/4705/4054 4430/4704/4634 5170/5444/4703
f 4665/4939/4453 4429/4703/4455 4137/4411/4704
f 5168/5442/5194 4431/4705/4054 4429/4703/4455
f 4668/4942/4463 4669/4943/4633 4136/4410/5195
f 4432/4706/4055 4431/4705/4054 4024/4298/5190
f 4439/4713/4869 4431/4705/4054 4063/4337/4053
f 5171/5445/5189 4024/4298/5190 5166/5440/5187
f 4434/4708/4701 4424/4698/5188 5164/5438/4628
f 4434/4708/4701 5171/5445/5189 4424/4698/5188
f 4062/4336/3998 4910/5184/4699 4437/4711/4700
f 4433/4707/4632 4432/4706/4055 5171/5445/5189
f 4435/4709/3999 4434/4708/4701 3734/4008/4484
f 5167/5441/4483 4435/4709/3999 3734/4008/4484
f 5172/5446/5196 3947/4221/4247 5185/5459/5197
f 5172/5446/5196 4435/4709/3999 4427/4701/4058
f 4477/4751/4482 5185/5459/5197 3947/4221/4247
f 4062/4336/3998 4437/4711/4700 4433/4707/4632
f 3948/4222/4561 4956/5230/4570 4438/4712/4702
f 3948/4222/4561 4438/4712/4702 4437/4711/4700
f 4439/4713/4869 4569/4843/4825 3717/3991/4464
f 3717/3991/4464 4430/4704/4634 4439/4713/4869
f 4431/4705/4054 4439/4713/4869 4430/4704/4634
f 3969/4243/3827 4440/4714/3832 3691/3829/3831
f 4006/4280/4212 4440/4714/3832 3822/4096/4524
f 4046/4320/3799 4441/4715/3796 3704/3912/3800
f 3893/4167/3797 4441/4715/3796 3824/4098/4295
f 3893/4167/3797 4442/4716/3809 3702/3910/3808
f 3894/4168/3914 4442/4716/3809 3825/4099/3812
f 3934/4208/3802 4443/4717/3903 3697/3905/3913
f 4443/4717/3903 3827/4101/3804 4812/5086/4398
f 4242/4516/3933 5055/5329/4959 5056/5330/5023
f 4613/4887/5034 4614/4888/4146 4243/4517/4145
f 4677/4951/4665 4445/4719/4296 3790/4064/4301
f 4673/4947/4229 4445/4719/4296 4036/4310/5198
f 4446/4720/4838 5261/5535/4814 5173/5447/4839
f 4959/5233/4815 4446/4720/4838 3994/4268/4824
f 4949/5223/4841 4124/4398/4568 4948/5222/4567
f 4977/5251/4768 4978/5252/4823 4088/4362/4862
f 4199/4473/4506 5001/5275/4505 5003/5277/5199
f 4449/4723/4163 4448/4722/4503 4087/4361/4971
f 4449/4723/4163 4087/4361/4971 4983/5257/4922
f 4449/4723/4163 3770/4044/4920 4932/5206/4161
f 5003/5277/5199 5001/5275/4505 4200/4474/4051
f 4450/4724/4843 4202/4476/5200 4985/5259/4495
f 4240/4514/4948 4451/4725/4940 4241/4515/4947
f 4717/4991/4946 4718/4992/4725 4177/4451/4721
f 5209/5483/5201 4059/4333/5202 4572/4846/4542
f 4451/4725/4940 4453/4727/4939 3839/4113/5017
f 5209/5483/5201 4453/4727/4939 4452/4726/4938
f 4454/4728/4659 4453/4727/4939 4174/4448/4936
f 4571/4845/4543 5208/5482/4937 4174/4448/4936
f 4456/4730/4661 3839/4113/5017 4454/4728/4659
f 4459/4733/4658 5176/5450/5203 4035/4309/5204
f 4456/4730/4661 4457/4731/5052 4233/4507/4441
f 4457/4731/5052 5174/5448/4660 4455/4729/5205
f 4233/4507/4441 4536/4810/4443 4458/4732/5016
f 4455/4729/5205 5175/5449/5053 4457/4731/5052
f 4534/4808/5049 3980/4254/4877 4251/4525/5206
f 4233/4507/4441 4458/4732/5016 4456/4730/4661
f 4458/4732/5016 4228/4502/5015 5048/5322/5014
f 4459/4733/4658 4035/4309/5204 4460/4734/4651
f 4459/4733/4658 4634/4908/4650 5245/5519/5207
f 4461/4735/4934 4460/4734/4651 4035/4309/5204
f 4526/4800/4321 4528/4802/4933 3720/3994/4932
f 4570/4844/4935 4461/4735/4934 4035/4309/5204
f 4461/4735/4934 4172/4446/4662 4845/5119/4647
f 4573/4847/5101 4462/4736/5092 4296/4570/4676
f 5177/5451/5102 4462/4736/5092 4102/4376/5041
f 4102/4376/5041 4521/4795/4900 4522/4796/5040
f 4246/4520/5037 4575/4849/5039 4577/4851/4678
f 5110/5384/5094 5111/5385/5116 5266/5540/5208
f 5179/5453/5209 3718/3992/4798 4478/4752/4800
f 4466/4740/4118 4465/4739/4120 4096/4370/5047
f 4387/4661/4278 4465/4739/4120 3756/4030/4119
f 4467/4741/4779 4466/4740/4118 4096/4370/5047
f 4466/4740/4118 4095/4369/4780 4938/5212/4792
f 4754/5028/4030 4096/4370/5047 4248/4522/5046
f 4467/4741/4779 4099/4373/4775 5180/5454/5158
f 4468/4742/4203 3917/4191/3945 4469/4743/4434
f 3782/4056/4204 4468/4742/4203 3916/4190/4378
f 5207/5481/5210 3917/4191/3945 4568/4842/3944
f 4469/4743/4434 5207/5481/5210 4616/4890/5211
f 3876/4150/3938 4470/4744/3930 1107/3875/1114
f 3964/4238/3928 4470/4744/3930 3832/4106/3939
f 4471/4745/5212 4492/4766/4314 4487/4761/4313
f 4488/4762/4219 4472/4746/4077 4487/4761/4313
f 4472/4746/4077 5181/5455/4079 4487/4761/4313
f 4003/4277/4580 4491/4765/5136 5235/5509/5213
f 4304/4578/5110 4473/4747/4640 4310/4584/4581
f 5183/5457/4641 4474/4748/5104 5182/5456/4642
f 4154/4428/5214 5192/5466/4893 4581/4855/5215
f 4004/4278/5182 5129/5403/4585 5131/5405/3918
f 5215/5489/5216 4474/4748/5104 4581/4855/5215
f 4682/4956/4078 5235/5509/5213 4333/4607/3916
f 4477/4751/4482 4476/4750/4481 3742/4016/4486
f 4476/4750/4481 3947/4221/4247 4633/4907/3849
f 4108/4382/4489 4477/4751/4482 3742/4016/4486
f 4061/4335/4488 4436/4710/3997 5185/5459/5197
f 5186/5460/5153 4478/4752/4800 4358/4632/4799
f 5179/5453/5209 4246/4520/5037 5178/5452/5095
f 3722/3996/5171 5153/5427/5129 5154/5428/5217
f 4479/4753/5177 4481/4755/4034 5187/5461/5128
f 4540/4814/5218 4537/4811/4912 4153/4427/5160
f 5214/5488/5219 4041/4315/4591 4580/4854/4916
f 5154/5428/5217 4479/4753/5177 3722/3996/5171
f 5121/5395/4090 4481/4755/4034 4329/4603/5169
f 5189/5463/5220 4482/4756/4887 4144/4418/5221
f 4143/4417/5222 5239/5513/5223 5188/5462/4005
f 4483/4757/4003 5189/5463/5220 4484/4758/4891
f 4005/4279/4911 4779/5053/4614 4780/5054/4004
f 5191/5465/4892 4144/4418/5221 5133/5407/5224
f 5192/5466/4893 4486/4760/4913 4484/4758/4891
f 5132/5406/5183 5133/5407/5224 4413/4687/5225
f 4485/4759/5226 4004/4278/5182 4581/4855/5215
f 5193/5467/5159 4486/4760/4913 4154/4428/5214
f 4537/4811/4912 4486/4760/4913 4153/4427/5160
f 5264/5538/5011 4492/4766/4314 4471/4745/5212
f 4488/4762/4219 4487/4761/4313 3787/4061/4281
f 4002/4276/4220 4488/4762/4219 3787/4061/4281
f 4472/4746/4077 4488/4762/4219 4003/4277/4580
f 4881/5155/4579 4489/4763/4221 4002/4276/4220
f 3747/4021/4669 5194/5468/4582 4490/4764/4587
f 3747/4021/4669 4490/4764/4587 4489/4763/4221
f 4491/4765/5136 4028/4302/4643 4475/4749/3917
f 4028/4302/4643 4491/4765/5136 4490/4764/4587
f 4333/4607/3916 4491/4765/5136 4475/4749/3917
f 4815/5089/4316 4492/4766/4314 3768/4042/5227
f 3838/4112/4365 4823/5097/4364 4824/5098/4315
f 4044/4318/3777 4493/4767/3795 3708/3916/3794
f 4045/4319/3961 4493/4767/3795 3828/4102/3779
f 4008/4282/3700 4494/4768/3953 2701/3952/2864
f 3900/4174/3712 4494/4768/3953 3829/4103/3710
f 3975/4249/3907 4495/4769/3900 1084/3898/1158
f 3896/4170/3890 4495/4769/3900 3830/4104/3911
f 4496/4770/4029 3881/4155/3751 5161/5435/4375
f 2718/3935/2933 4496/4770/4029 3998/4272/3746
f 4189/4463/4460 4994/5268/4452 4500/4774/4962
f 4498/4772/4964 4501/4775/4112 3923/4197/4114
f 4499/4773/4025 4498/4772/4964 3923/4197/4114
f 5197/5471/4965 4998/5272/4963 3925/4199/4274
f 5196/5470/5228 4499/4773/4025 3923/4197/4114
f 4499/4773/4025 4193/4467/4024 4999/5273/4459
f 4189/4463/4460 4500/4774/4962 4497/4771/4181
f 4384/4658/3741 4500/4774/4962 3812/4086/3742
f 4497/4771/4181 4501/4775/4112 4498/4772/4964
f 4502/4776/4113 4505/4779/5144 3922/4196/5145
f 4505/4779/5144 4501/4775/4112 3755/4029/4182
f 4503/4777/4448 4502/4776/4113 3922/4196/5145
f 4503/4777/4448 3922/4196/5145 4506/4780/4444
f 4503/4777/4448 3732/4006/4706 4504/4778/4447
f 4748/5022/4449 4504/4778/4447 3732/4006/4706
f 5196/5470/5228 4504/4778/4447 4194/4468/4450
f 4501/4775/4112 4505/4779/5144 4502/4776/4113
f 4505/4779/5144 3755/4029/4182 5147/5421/5146
f 4828/5102/4272 4506/4780/4444 3922/4196/5145
f 4863/5137/4537 5249/5523/5229 3762/4036/4133
f 4508/4782/4857 4507/4781/4061 4265/4539/5077
f 4507/4781/4061 4508/4782/4857 4510/4784/4538
f 4265/4539/5077 4514/4788/4861 4508/4782/4857
f 4516/4790/5070 4509/4783/4858 4515/4789/5230
f 4508/4782/4857 4514/4788/4861 4515/4789/5230
f 4132/4406/4855 4775/5049/4854 5246/5520/4859
f 4541/4815/4550 4542/4816/4990 4131/4405/4551
f 4510/4784/4538 4513/4787/4989 4511/4785/4856
f 3716/3990/4622 4755/5029/3720 4511/4785/4856
f 4511/4785/4856 4755/5029/3720 4512/4786/5003
f 4222/4496/5002 4635/4909/5231 4512/4786/5003
f 3979/4253/5084 5080/5354/5081 4636/4910/5080
f 5030/5304/4623 4513/4787/4989 4215/4489/4987
f 4511/4785/4856 4513/4787/4989 3716/3990/4622
f 5076/5350/5076 5073/5347/4169 4265/4539/5077
f 4515/4789/5230 4514/4788/4861 3730/4004/4860
f 4516/4790/5070 4515/4789/5230 3730/4004/4860
f 4515/4789/5230 4509/4783/4858 5198/5472/4549
f 5071/5345/5073 4517/4791/5071 3730/4004/4860
f 4509/4783/4858 4516/4790/5070 4132/4406/4855
f 5070/5344/4173 4517/4791/5071 4263/4537/4289
f 5068/5342/4106 5069/5343/5069 4262/4536/4344
f 4147/4421/4899 5110/5384/5094 4519/4793/5091
f 4285/4559/5090 4183/4457/3988 4518/4792/4898
f 4520/4794/4902 4519/4793/5091 4287/4561/5232
f 4285/4559/5090 4518/4792/4898 4519/4793/5091
f 4521/4795/4900 4520/4794/4902 4287/4561/5232
f 4520/4794/4902 4286/4560/4901 5086/5360/4797
f 4287/4561/5232 5266/5540/5208 4522/4796/5040
f 4521/4795/4900 4102/4376/5041 4573/4847/5101
f 4287/4561/5232 4522/4796/5040 4521/4795/4900
f 4522/4796/5040 4464/4738/5233 5178/5452/5095
f 4524/4798/5057 4523/4797/3688 3899/4173/5060
f 4523/4797/3688 4524/4798/5057 4525/4799/3689
f 5063/5337/5058 4524/4798/5057 3899/4173/5060
f 4634/4908/4650 4524/4798/5057 4253/4527/4656
f 4526/4800/4321 4525/4799/3689 4034/4308/4652
f 4527/4801/4320 4033/4307/3687 4525/4799/3689
f 4528/4802/4933 4034/4308/4652 4460/4734/4651
f 4032/4306/4322 4526/4800/4321 3720/3994/4932
f 4526/4800/4321 4527/4801/4320 4525/4799/3689
f 4527/4801/4320 4032/4306/4322 4895/5169/4644
f 4034/4308/4652 4528/4802/4933 4526/4800/4321
f 4461/4735/4934 4528/4802/4933 4460/4734/4651
f 4529/4803/4791 4100/4374/5166 4935/5209/4198
f 3814/4088/3749 4529/4803/4791 4127/4401/4280
f 4531/4805/4127 4530/4804/4126 3789/4063/4680
f 4532/4806/4735 4530/4804/4126 4149/4423/4125
f 4670/4944/4924 3789/4063/4680 4161/4435/4310
f 4365/4639/4771 4531/4805/4127 4093/4367/4925
f 4533/4807/4736 4532/4806/4735 4149/4423/4125
f 4532/4806/4735 3750/4024/5168 5148/5422/4772
f 4364/4638/4906 4533/4807/4736 4149/4423/4125
f 5125/5399/4908 5199/5473/4734 4150/4424/5156
f 4534/4808/5049 4457/4731/5052 5175/5449/5053
f 4535/4809/4442 4534/4808/5049 4251/4525/5206
f 4535/4809/4442 4251/4525/5206 5061/5335/4878
f 4535/4809/4442 5200/5474/5051 4536/4810/4443
f 5139/5413/5018 3920/4194/5148 4355/4629/5019
f 4458/4732/5016 4536/4810/4443 4228/4502/5015
f 4153/4427/5160 5097/5371/4592 4540/4814/5218
f 4537/4811/4912 4540/4814/5218 4538/4812/4910
f 4539/4813/4033 4538/4812/4910 4152/4426/5127
f 4779/5053/4614 4005/4279/4911 4538/4812/4910
f 4481/4755/4034 4539/4813/4033 4152/4426/5127
f 4980/5254/4882 4539/4813/4033 4018/4292/4035
f 5187/5461/5128 4540/4814/5218 4480/4754/5234
f 4538/4812/4910 4540/4814/5218 4152/4426/5127
f 4975/5249/5235 4130/4404/5236 4974/5248/4851
f 3983/4257/4852 5023/5297/4547 4542/4816/4990
f 4131/4405/4551 4542/4816/4990 4513/4787/4989
f 4542/4816/4990 4541/4815/4550 4975/5249/5235
f 3967/4241/3744 4543/4817/3715 2683/3970/2845
f 3973/4247/3698 4543/4817/3715 3831/4105/4117
f 4856/5130/4513 4544/4818/4287 3959/4233/4286
f 3960/4234/4406 4562/4836/4408 5205/5479/5237
f 3724/3998/4139 4545/4819/4216 4069/4343/4137
f 4582/4856/4305 4545/4819/4216 3962/4236/4918
f 3862/4136/3826 4546/4820/4201 4090/4364/4283
f 4546/4820/4201 3817/4091/4380 4829/5103/3858
f 4855/5129/4927 5201/5475/5238 4548/4822/4847
f 4547/4821/5239 4855/5129/4927 4993/5267/4238
f 4782/5056/3957 4126/4400/4830 4783/5057/3958
f 4166/4440/4846 4854/5128/4498 4855/5129/4927
f 4553/4827/4017 4549/4823/4016 4197/4471/4870
f 3926/4200/4018 5232/5506/4461 4550/4824/4764
f 3926/4200/4018 4550/4824/4764 4549/4823/4016
f 4136/4410/5195 4979/5253/4466 4551/4825/4864
f 4136/4410/5195 4551/4825/4864 4550/4824/4764
f 4551/4825/4864 4135/4409/5240 4552/4826/4863
f 4135/4409/5240 4977/5251/4768 5204/5478/4836
f 5002/5276/4052 4552/4826/4863 4201/4475/4835
f 4191/4465/4456 4553/4827/4017 4197/4471/4870
f 4553/4827/4017 4192/4466/5241 4999/5273/4459
f 4272/4546/4236 4554/4828/4170 4271/4545/4348
f 4902/5176/4349 4554/4828/4170 3793/4067/4237
f 4555/4829/4997 4219/4493/4994 4556/4830/4991
f 4318/4592/4343 4555/4829/4997 3807/4081/4353
f 5029/5303/4262 4556/4830/4991 4219/4493/4994
f 3752/4026/5161 4379/4653/4179 4556/4830/4991
f 4558/4832/4727 4557/4831/5059 4075/4349/4726
f 4557/4831/5059 4255/4529/4729 5064/5338/4510
f 4560/4834/4517 4559/4833/4518 4075/4349/4726
f 4558/4832/4727 4699/4973/4845 4563/4837/5062
f 4783/5057/3958 4559/4833/4518 3726/4000/4516
f 4699/4973/4845 4559/4833/4518 4126/4400/4830
f 4343/4617/4411 4560/4834/4517 4075/4349/4726
f 4560/4834/4517 3961/4235/4413 4561/4835/4407
f 4562/4836/4408 4561/4835/4407 3961/4235/4413
f 4856/5130/4513 4857/5131/4515 3960/4234/4406
f 4892/5166/4638 4891/5165/4637 4562/4836/4408
f 4562/4836/4408 3759/4033/4556 5205/5479/5237
f 5206/5480/5242 3958/4232/4812 4967/5241/4811
f 4599/4873/4873 5217/5491/5243 4411/4685/4827
f 5206/5480/5242 4564/4838/4728 4563/4837/5062
f 5217/5491/5243 4763/5037/5061 4564/4838/4728
f 3960/4234/4406 4565/4839/4514 4561/4835/4407
f 4781/5055/3959 4565/4839/4514 4166/4440/4846
f 4567/4841/4433 4566/4840/3943 3765/4039/3963
f 4372/4646/4202 4566/4840/3943 3917/4191/3945
f 3976/4250/4530 4567/4841/4433 3765/4039/3963
f 4567/4841/4433 3918/4192/5033 4568/4842/3944
f 4617/4891/5022 4568/4842/3944 3918/4192/5033
f 5207/5481/5210 4568/4842/3944 4444/4718/5244
f 4438/4712/4702 4569/4843/4825 4439/4713/4869
f 4134/4408/4766 4569/4843/4825 4119/4393/4767
f 4571/4845/4543 4570/4844/4935 4035/4309/5204
f 4570/4844/4935 4173/4447/4317 4703/4977/4663
f 4035/4309/5204 5176/5450/5203 5208/5482/4937
f 4571/4845/4543 4174/4448/4936 4572/4846/4542
f 5209/5483/5201 4572/4846/4542 4174/4448/4936
f 4059/4333/5202 4720/4994/4697 4700/4974/4318
f 4295/4569/4675 4573/4847/5101 4296/4570/4676
f 4573/4847/5101 4286/4560/4901 4521/4795/4900
f 5263/5537/5245 4245/4519/5246 5013/5287/4983
f 4574/4848/5036 5263/5537/5245 4575/4849/5039
f 4576/4850/4788 4575/4849/5039 4098/4372/5247
f 4577/4851/4678 4463/4737/4677 5178/5452/5095
f 5016/5290/5248 4576/4850/4788 4098/4372/5247
f 4576/4850/4788 5016/5290/5248 5210/5484/4789
f 5212/5486/5043 4575/4849/5039 4576/4850/4788
f 4577/4851/4678 5212/5486/5043 4578/4852/4679
f 4579/4853/5106 4578/4852/4679 4247/4521/5042
f 4302/4576/5044 4463/4737/4677 4578/4852/4679
f 4247/4521/5042 5211/5485/4790 4580/4854/4916
f 5213/5487/5045 4579/4853/5106 4041/4315/4591
f 4247/4521/5042 4580/4854/4916 4579/4853/5106
f 4405/4679/4914 4479/4753/5177 4784/5058/4915
f 4004/4278/5182 5131/5405/3918 5215/5489/5216
f 4581/4855/5215 4474/4748/5104 5184/5458/5105
f 3962/4236/4918 4156/4430/3910 4583/4857/4303
f 4052/4326/4217 4582/4856/4305 3766/4040/4304
f 4583/4857/4303 4582/4856/4305 3962/4236/4918
f 4105/4379/4366 4583/4857/4303 3830/4104/3911
f 2665/3818/2705 4584/4858/3716 2666/3987/2706
f 4584/4858/3716 3681/3819/3723 4794/5068/3724
f 4885/5159/4252 4585/4859/4158 3803/4077/4253
f 4731/5005/4594 3749/4023/4156 4585/4859/4158
f 4106/4380/4337 4586/4860/3855 4107/4381/4487
f 4587/4861/3853 3989/4263/4131 3760/4034/4193
f 4927/5201/4557 4587/4861/3853 3760/4034/4193
f 4646/4920/4748 4587/4861/3853 4082/4356/4750
f 3866/4140/3692 3805/4079/3694 4588/4862/4165
f 4588/4862/4165 3805/4079/3694 4982/5256/4256
f 5216/5490/4358 4589/4863/4357 3740/4014/4435
f 3788/4062/3925 4817/5091/4002 5042/5316/5249
f 4139/4413/4414 4594/4868/3966 4591/4865/4392
f 4590/4864/3970 3890/4164/4394 5059/5333/4871
f 4139/4413/4414 4591/4865/4392 4590/4864/3970
f 4592/4866/4751 4591/4865/4392 4128/4402/3968
f 4128/4402/3968 4601/4875/5141 4622/4896/4752
f 4592/4866/4751 4186/4460/5140 4603/4877/4393
f 4347/4621/5250 3738/4012/5138 4593/4867/5139
f 3738/4012/5138 4606/4880/4041 5219/5493/5251
f 4595/4869/4809 4594/4868/3966 4139/4413/4414
f 4594/4868/3966 4595/4869/4809 4596/4870/3967
f 4598/4872/4872 4595/4869/4809 4139/4413/4414
f 4600/4874/4404 3993/4267/4810 4595/4869/4809
f 3993/4267/4810 4618/4892/4389 4597/4871/4743
f 4347/4621/5250 4593/4867/5139 4622/4896/4752
f 5259/5533/4820 4597/4871/4743 4116/4390/4742
f 4601/4875/5141 4597/4871/4743 4083/4357/4746
f 4621/4895/5056 4139/4413/4414 4256/4530/3969
f 4598/4872/4872 3714/3988/5055 4599/4873/4873
f 5217/5491/5243 4599/4873/4873 3714/3988/5055
f 4968/5242/4826 4599/4873/4873 4411/4685/4827
f 4595/4869/4809 4598/4872/4872 5218/5492/4874
f 4115/4389/5252 4953/5227/4818 4952/5226/4502
f 4597/4871/4743 4601/4875/5141 4596/4870/3967
f 5136/5410/4745 4601/4875/5141 4083/4357/4746
f 4945/5219/4509 4602/4876/4403 4115/4389/5252
f 4619/4893/4390 4602/4876/4403 4112/4386/4391
f 4604/4878/4957 4603/4877/4393 4186/4460/5140
f 4607/4881/4956 4232/4506/5048 5059/5333/4871
f 4605/4879/4040 4604/4878/4957 4186/4460/5140
f 4608/4882/4387 4187/4461/4386 4604/4878/4957
f 4186/4460/5140 4593/4867/5139 5219/5493/5251
f 4612/4886/4958 4605/4879/4040 3889/4163/4042
f 4605/4879/4040 4186/4460/5140 5219/5493/5251
f 4610/4884/4073 4637/4911/4325 3888/4162/4360
f 4604/4878/4957 4607/4881/4956 4603/4877/4393
f 5050/5324/4438 4607/4881/4956 4187/4461/4386
f 4605/4879/4040 4608/4882/4387 4604/4878/4957
f 4243/4517/4145 4615/4889/4144 4609/4883/4388
f 4243/4517/4145 4609/4883/4388 4608/4882/4387
f 4609/4883/4388 3719/3993/4961 5049/5323/4960
f 4637/4911/4325 4606/4880/4041 3738/4012/5138
f 4620/4894/4923 4610/4884/4073 3888/4162/4360
f 4620/4894/4923 4611/4885/4385 4610/4884/4073
f 5115/5389/4206 4611/4885/4385 3783/4057/4207
f 4613/4887/5034 3889/4163/4042 4317/4591/4384
f 4608/4882/4387 4612/4886/4958 4243/4517/4145
f 4317/4591/4384 4732/5006/5123 4613/4887/5034
f 4614/4888/4146 4616/4890/5211 4444/4718/5244
f 4732/5006/5123 4616/4890/5211 4614/4888/4146
f 4615/4889/4144 4614/4888/4146 4444/4718/5244
f 4617/4891/5022 4615/4889/4144 4444/4718/5244
f 4615/4889/4144 3719/3993/4961 4609/4883/4388
f 4732/5006/5123 4614/4888/4146 4613/4887/5034
f 4469/4743/4434 4616/4890/5211 3745/4019/4432
f 4568/4842/3944 4617/4891/5022 4444/4718/5244
f 5056/5330/5023 3918/4192/5033 4242/4516/3933
f 4619/4893/4390 3993/4267/4810 4600/4874/4404
f 4116/4390/4742 4618/4892/4389 4112/4386/4391
f 3993/4267/4810 4619/4893/4390 4618/4892/4389
f 4602/4876/4403 4619/4893/4390 4600/4874/4404
f 4160/4434/4359 4620/4894/4923 3888/4162/4360
f 4611/4885/4385 4620/4894/4923 3783/4057/4207
f 4139/4413/4414 4621/4895/5056 4598/4872/4872
f 4621/4895/5056 4256/4530/3969 5066/5340/5063
f 4347/4621/5250 4622/4896/4752 4601/4875/5141
f 4592/4866/4751 4622/4896/4752 4593/4867/5139
f 5244/5518/5253 4222/4496/5002 4756/5030/3722
f 5220/5494/5254 3937/4211/4968 4623/4897/5001
f 5090/5364/4242 3777/4051/4098 4278/4552/4953
f 5112/5386/4191 5113/5387/4190 3796/4070/3896
f 4625/4899/5079 3771/4045/4250 5072/5346/4168
f 3802/4076/4171 4625/4899/5079 4393/4667/5075
f 4626/4900/4159 3784/4058/4006 4898/5172/3754
f 3933/4207/4160 4585/4859/4158 4770/5044/4157
f 5221/5495/5255 4425/4699/5256 5128/5402/5135
f 4627/4901/5126 4327/4601/5192 5118/5392/4617
f 5221/5495/5255 4627/4901/5126 4023/4297/4369
f 4628/4902/4629 5221/5495/5255 5128/5402/5135
f 4383/4657/4265 4629/4903/5162 4334/4608/5165
f 4630/4904/5193 4629/4903/5162 3775/4049/5163
f 4631/4905/4056 4630/4904/5193 3775/4049/5163
f 4630/4904/5193 4427/4701/4058 5167/5441/4483
f 4631/4905/4056 3775/4049/5163 4879/5153/4361
f 4631/4905/4056 3800/4074/4341 4632/4906/4057
f 3800/4074/4341 4847/5121/3850 4633/4907/3849
f 4632/4906/4057 3947/4221/4247 5172/5446/5196
f 3800/4074/4341 4633/4907/3849 4632/4906/4057
f 4476/4750/4481 4633/4907/3849 3946/4220/3848
f 4524/4798/5057 4634/4908/4650 4034/4308/4652
f 4253/4527/4656 4766/5040/4657 5245/5519/5207
f 4222/4496/5002 4623/4897/5001 5223/5497/5000
f 4636/4910/5080 4635/4909/5231 3979/4253/5084
f 4636/4910/5080 4512/4786/5003 4635/4909/5231
f 4636/4910/5080 4270/4544/5257 5078/5352/4535
f 4606/4880/4041 4637/4911/4325 4610/4884/4073
f 4637/4911/4325 3738/4012/5138 4638/4912/4323
f 5224/5498/4849 3738/4012/5138 4347/4621/5250
f 4929/5203/5137 4346/4620/4848 4928/5202/4749
f 4037/4311/3764 4639/4913/4124 2727/3926/3277
f 3963/4237/3766 4639/4913/4124 3834/4108/4522
f 3878/4152/3834 4640/4914/3824 4007/4281/3821
f 3785/4059/4213 5225/5499/5179 4641/4915/4552
f 4089/4363/4469 4973/5247/4770 4642/4916/4553
f 4641/4915/4552 5227/5501/3991 4643/4917/3825
f 4642/4916/4553 4129/4403/4105 4974/5248/4851
f 5227/5501/3991 4641/4915/4552 4642/4916/4553
f 4641/4915/4552 4643/4917/3825 4640/4914/3824
f 4643/4917/3825 3753/4027/3990 4776/5050/5068
f 4787/5061/5258 3739/4013/4653 4706/4980/4603
f 4644/4918/4576 4787/5061/5258 4735/5009/4606
f 4109/4383/4558 4645/4919/4747 4110/4384/4020
f 4646/4920/4748 4645/4919/4747 3990/4264/3854
f 4587/4861/3853 4646/4920/4748 3990/4264/3854
f 4082/4356/4750 4931/5205/4565 5257/5531/4564
f 3774/4048/4523 4995/5269/4451 4648/4922/4753
f 4649/4923/4115 4647/4921/4754 4084/4358/4756
f 4997/5271/4457 4648/4922/4753 4190/4464/4458
f 4650/4924/4755 4085/4359/4162 4932/5206/4161
f 4084/4358/4756 4932/5206/4161 4651/4925/4116
f 4649/4923/4115 3831/4105/4117 3967/4241/3744
f 4997/5271/4457 4650/4924/4755 4648/4922/4753
f 4773/5047/4757 4650/4924/4755 3733/4007/4758
f 4084/4358/4756 4651/4925/4116 4649/4923/4115
f 4157/4431/3743 4651/4925/4116 3770/4044/4920
f 4653/4927/4312 4652/4926/4291 3820/4094/4427
f 4652/4926/4291 3772/4046/4174 5070/5344/4173
f 3908/4182/3717 4653/4927/4312 3820/4094/4427
f 3772/4046/4174 4653/4927/4312 3837/4111/4175
f 4284/4558/4038 4183/4457/3988 4655/4929/4796
f 5091/5365/5086 4654/4928/4955 3736/4010/4795
f 5086/5360/4797 4655/4929/4796 4285/4559/5090
f 3736/4010/4795 4654/4928/4955 4655/4929/4796
f 4657/4931/4741 4656/4930/5119 4148/4422/4739
f 5229/5503/4896 4078/4352/4909 4656/4930/5119
f 4148/4422/4739 4660/4934/5115 4658/4932/4740
f 4657/4931/4741 5230/5504/4895 5123/5397/5133
f 4659/4933/4894 4658/4932/4740 4146/4420/5113
f 5230/5504/4895 4657/4931/4741 4658/4932/4740
f 4737/5011/5098 4659/4933/4894 4146/4420/5113
f 4659/4933/4894 4145/4419/4666 5233/5507/5259
f 4661/4935/4785 4662/4936/5152 4314/4588/5260
f 4660/4934/5115 4312/4586/4904 5108/5382/5114
f 4662/4936/5152 4660/4934/5115 4148/4422/4739
f 4661/4935/4785 4314/4588/5260 4663/4937/4786
f 4660/4934/5115 4662/4936/5152 4661/4935/4785
f 4360/4634/5118 4662/4936/5152 4148/4422/4739
f 4664/4938/5038 4663/4937/4786 4314/4588/5260
f 3718/3992/4798 4313/4587/4784 4663/4937/4786
f 4314/4588/5260 5144/5418/5151 5145/5419/5120
f 4358/4632/4799 3718/3992/4798 4664/4938/5038
f 4665/4939/4453 4137/4411/4704 4666/4940/4866
f 4428/4702/4454 4665/4939/4453 4331/4605/4867
f 4667/4941/4462 4666/4940/4866 4137/4411/4704
f 5000/5274/4023 4666/4940/4866 4193/4467/4024
f 4668/4942/4463 4667/4941/4462 4137/4411/4704
f 4667/4941/4462 3926/4200/4018 4999/5273/4459
f 4668/4942/4463 4137/4411/4704 5170/5444/4703
f 4136/4410/5195 4550/4824/4764 5232/5506/4461
f 4430/4704/4634 3717/3991/4464 4669/4943/4633
f 4979/5253/4466 4669/4943/4633 3717/3991/4464
f 3789/4063/4680 4670/4944/4924 4531/4805/4127
f 4368/4642/4308 4670/4944/4924 4161/4435/4310
f 3963/4237/3766 4671/4945/3768 2729/3924/2962
f 4339/4613/3771 4671/4945/3768 3833/4107/3767
f 4673/4947/4229 4672/4946/3811 3824/4098/4295
f 4672/4946/3811 3763/4037/4228 4923/5197/4298
f 4445/4719/4296 4673/4947/4229 3824/4098/4295
f 4673/4947/4229 4036/4310/5198 4674/4948/4667
f 4675/4949/4227 4674/4948/4667 4036/4310/5198
f 4145/4419/4666 4925/5199/4093 4926/5200/5261
f 4676/4950/4225 4675/4949/4227 4036/4310/5198
f 3737/4011/4226 4659/4933/4894 5233/5507/5259
f 4677/4951/4665 4676/4950/4225 4036/4310/5198
f 4676/4950/4225 4077/4351/3983 5123/5397/5133
f 4445/4719/4296 4677/4951/4665 4036/4310/5198
f 4677/4951/4665 3790/4064/4301 4391/4665/4092
f 4679/4953/4730 4678/4952/4732 4021/4295/4014
f 4678/4952/4732 4223/4497/4731 5032/5306/4999
f 4679/4953/4730 4021/4295/4014 4680/4954/4619
f 4679/4953/4730 3937/4211/4968 5220/5494/5254
f 4680/4954/4619 4021/4295/4014 5119/5393/4618
f 4680/4954/4619 5120/5394/4631 5126/5400/4970
f 5008/5282/4782 4681/4955/4248 4208/4482/4978
f 4206/4480/5178 5159/5433/4271 5160/5434/4973
f 5235/5509/5213 4472/4746/4077 4003/4277/4580
f 4333/4607/3916 5129/5403/4585 4683/4957/5029
f 4333/4607/3916 4683/4957/5029 4682/4956/4078
f 4684/4958/4419 4683/4957/5029 4236/4510/5262
f 4684/4958/4419 4236/4510/5262 4685/4959/4420
f 4694/4968/4080 4684/4958/4419 4235/4509/5263
f 5267/5541/4584 4685/4959/4420 4236/4510/5262
f 4686/4960/4945 4685/4959/4420 4414/4688/5184
f 4414/4688/5184 5269/5543/5181 4687/4961/4722
f 5241/5515/4724 4686/4960/4945 4177/4451/4721
f 4688/4962/4695 4687/4961/4722 3715/3989/5180
f 4177/4451/4721 4686/4960/4945 4687/4961/4722
f 4689/4963/4693 4688/4962/4695 3715/3989/5180
f 4688/4962/4695 4176/4450/4694 4716/4990/4941
f 4690/4964/4890 4689/4963/4693 3715/3989/5180
f 4689/4963/4693 4180/4454/4889 4713/4987/4951
f 4691/4965/4610 4690/4964/4890 3715/3989/5180
f 4690/4964/4890 4412/4686/4609 5162/5436/4886
f 5268/5542/5030 5269/5543/5181 4414/4688/5184
f 4691/4965/4610 4413/4687/5225 4692/4966/4608
f 5133/5407/5224 4692/4966/4608 4413/4687/5225
f 4482/4756/4887 4692/4966/4608 4144/4418/5221
f 4693/4967/4421 4074/4348/4944 4788/5062/5028
f 4684/4958/4419 4693/4967/4421 4235/4509/5263
f 4695/4969/4049 4694/4968/4080 4235/4509/5263
f 4683/4957/5029 4694/4968/4080 3728/4002/4082
f 4695/4969/4049 4235/4509/5263 4696/4970/4047
f 4695/4969/4049 4234/4508/4048 4697/4971/4081
f 4790/5064/5027 4696/4970/4047 4235/4509/5263
f 5053/5327/5007 4696/4970/4047 4237/4511/5008
f 5264/5538/5011 4697/4971/4081 4234/4508/4048
f 5181/5455/4079 4697/4971/4081 4471/4745/5212
f 4506/4780/4444 4698/4972/4446 4503/4777/4448
f 4698/4972/4446 4065/4339/4445 5081/5355/4473
f 4966/5240/4829 4699/4973/4845 4126/4400/4830
f 4563/4837/5062 4699/4973/4845 3958/4232/4812
f 4059/4333/5202 4700/4974/4318 4572/4846/4542
f 4701/4975/4319 4700/4974/4318 4175/4449/4696
f 4702/4976/4930 4701/4975/4319 4175/4449/4696
f 4991/5265/4664 4703/4977/4663 4031/4305/4692
f 5238/5512/5264 4702/4976/4930 4175/4449/4696
f 4058/4332/5265 4705/4979/4654 4704/4978/4687
f 4570/4844/4935 4703/4977/4663 4172/4446/4662
f 4173/4447/4317 4701/4975/4319 4703/4977/4663
f 4058/4332/5265 4704/4978/4687 4702/4976/4930
f 4708/4982/4711 4704/4978/4687 4171/4445/4688
f 4706/4980/4603 4705/4979/4654 4058/4332/5265
f 3739/4013/4653 4171/4445/4688 4705/4979/4654
f 4707/4981/4950 4706/4980/4603 4058/4332/5265
f 4706/4980/4603 4056/4330/4605 4787/5061/5258
f 4712/4986/4942 4707/4981/4950 4058/4332/5265
f 5162/5436/4886 4710/4984/4691 4180/4454/4889
f 4709/4983/4709 4708/4982/4711 4171/4445/4688
f 4708/4982/4711 4170/4444/4708 4991/5265/4664
f 4345/4619/4573 4709/4983/4709 4171/4445/4688
f 4709/4983/4709 4068/4342/4074 4990/5264/4710
f 5237/5511/4689 4710/4984/4691 4015/4289/4885
f 5236/5510/4604 4710/4984/4691 4056/4330/4605
f 5237/5511/4689 4714/4988/4881 4711/4985/3972
f 4014/4288/3974 4735/5009/4606 4736/5010/4690
f 5238/5512/5264 4712/4986/4942 4058/4332/5265
f 4176/4450/4694 4689/4963/4693 4713/4987/4951
f 4707/4981/4950 4713/4987/4951 4180/4454/4889
f 4176/4450/4694 4713/4987/4951 4712/4986/4942
f 5239/5513/5223 4714/4988/4881 4015/4289/4885
f 4721/4995/3774 4714/4988/4881 4143/4417/5222
f 5238/5512/5264 4715/4989/4698 4712/4986/4942
f 4716/4990/4941 4720/4994/4697 4059/4333/5202
f 4717/4991/4946 4716/4990/4941 4059/4333/5202
f 4716/4990/4941 4717/4991/4946 4688/4962/4695
f 4452/4726/4938 5240/5514/5266 4059/4333/5202
f 5240/5514/5266 4178/4452/4943 4718/4992/4725
f 5240/5514/5266 4718/4992/4725 4717/4991/4946
f 4719/4993/4723 4718/4992/4725 4178/4452/4943
f 4178/4452/4943 4240/4514/4948 4789/5063/5032
f 4074/4348/4944 4686/4960/4945 5241/5515/4724
f 4715/4989/4698 4720/4994/4697 4716/4990/4941
f 4700/4974/4318 4720/4994/4697 4175/4449/4696
f 4721/4995/3774 4143/4417/5222 4722/4996/4884
f 4727/5001/3973 4721/4995/3774 3729/4003/3776
f 4780/5054/4004 4722/4996/4884 4143/4417/5222
f 4980/5254/4882 4722/4996/4884 4151/4425/4615
f 4722/4996/4884 4723/4997/3775 4721/4995/3774
f 4724/4998/4880 4723/4997/3775 4142/4416/4883
f 4726/5000/4089 4725/4999/4613 4724/4998/4880
f 4724/4998/4880 4141/4415/4601 4744/5018/4600
f 4726/5000/4089 4724/4998/4880 4142/4416/4883
f 4328/4602/4091 4017/4291/4612 4725/4999/4613
f 4980/5254/4882 4726/5000/4089 4142/4416/4883
f 5121/5395/4090 4726/5000/4089 4018/4292/4035
f 4721/4995/3774 4727/5001/3973 4714/4988/4881
f 4727/5001/3973 3729/4003/3776 4728/5002/4132
f 3729/4003/3776 4744/5018/4600 5243/5517/5267
f 4728/5002/4132 5243/5517/5267 4729/5003/4598
f 5242/5516/4597 4013/4287/5268 4741/5015/3955
f 3761/4035/4233 4904/5178/4602 4730/5004/4596
f 4730/5004/4596 4729/5003/4598 5242/5516/4597
f 4735/5009/4606 4730/5004/4596 4055/4329/4607
f 4885/5159/4252 4731/5005/4594 4585/4859/4158
f 4328/4602/4091 4731/5005/4594 4017/4291/4612
f 4733/5007/5122 4732/5006/5123 4317/4591/4384
f 4616/4890/5211 4732/5006/5123 3745/4019/4432
f 5115/5389/4206 4733/5007/5122 4317/4591/4384
f 4734/5008/4431 4316/4590/3921 3821/4095/4205
f 4316/4590/3921 4734/5008/4431 4733/5007/5122
f 4734/5008/4431 3821/4095/4205 4825/5099/4071
f 4736/5010/4690 4735/5009/4606 4056/4330/4605
f 4730/5004/4596 4735/5009/4606 4014/4288/3974
f 4710/4984/4691 4736/5010/4690 4056/4330/4605
f 4014/4288/3974 4736/5010/4690 4711/4985/3972
f 4738/5012/4717 4146/4420/5113 4311/4585/4719
f 4145/4419/4666 4737/5011/5098 4289/4563/4094
f 4146/4420/5113 4738/5012/4717 4737/5011/5098
f 4311/4585/4719 4071/4345/4716 4738/5012/4717
f 3869/4143/3867 3806/4080/3861 4740/5014/4354
f 3843/4117/4356 4739/5013/4355 3781/4055/4467
f 4380/4654/4260 4740/5014/4354 3806/4080/3861
f 4740/5014/4354 3985/4259/4259 4866/5140/4546
f 3823/4097/4294 4053/4327/4234 4745/5019/4683
f 4742/5016/3956 4741/5015/3955 4013/4287/5268
f 4743/5017/4599 4742/5016/3956 4013/4287/5268
f 4012/4286/3954 4742/5016/3956 3769/4043/4470
f 4728/5002/4132 3729/4003/3776 5243/5517/5267
f 3769/4043/4470 4743/5017/4599 4141/4415/4601
f 4743/5017/4599 4013/4287/5268 5243/5517/5267
f 4724/4998/4880 4744/5018/4600 3729/4003/3776
f 4053/4327/4234 3761/4035/4233 4745/5019/4683
f 5242/5516/4597 4745/5019/4683 3761/4035/4233
f 3950/4224/3881 4746/5020/3879 2767/3846/2683
f 3858/4132/3884 4746/5020/3879 4064/4338/3882
f 4747/5021/4541 4274/4548/4966 5083/5357/5083
f 4748/5022/4449 4747/5021/4541 4195/4469/5085
f 4749/5023/4373 4748/5022/4449 4195/4469/5085
f 4748/5022/4449 4194/4468/4450 4504/4778/4447
f 4195/4469/5085 4786/5060/4967 4750/5024/4371
f 4749/5023/4373 3924/4198/4372 5000/5274/4023
f 4195/4469/5085 4750/5024/4371 4749/5023/4373
f 4750/5024/4371 4196/4470/4620 5126/5400/4970
f 4275/4549/4539 3937/4211/4968 4751/5025/4540
f 4786/5060/4967 3937/4211/4968 4785/5059/4621
f 5195/5469/4583 4039/4313/4065 4310/4584/4581
f 4752/5026/4069 5195/5469/4583 5253/5527/4668
f 3854/4128/3845 3795/4069/3851 4753/5027/4480
f 3795/4069/3851 4354/4628/4338 4753/5027/4480
f 4096/4370/5047 4754/5028/4030 4467/4741/4779
f 4356/4630/4031 4754/5028/4030 4248/4522/5046
f 4755/5029/3720 3716/3990/4622 5031/5305/4624
f 4512/4786/5003 4755/5029/3720 4222/4496/5002
f 5032/5306/4999 4756/5030/3722 4221/4495/3721
f 5244/5518/5253 4223/4497/4731 5220/5494/5254
f 3905/4179/3783 4757/5031/3789 3712/3920/3787
f 4043/4317/4223 4757/5031/3789 3835/4109/4425
f 2779/3834/2663 4758/5032/4128 3694/3832/3866
f 4758/5032/4128 3886/4160/3869 4809/5083/4381
f 4340/4614/3931 4759/5033/4333 3915/4189/4147
f 3916/4190/4378 4759/5033/4333 3782/4056/4204
f 2671/3982/2736 4760/5034/3738 2672/3981/2803
f 3802/4076/4171 4760/5034/3738 3971/4245/3729
f 3841/4115/4210 4761/5035/4039 4010/4284/3835
f 4162/4436/4288 4761/5035/4039 3778/4052/4209
f 4923/5197/4298 4762/5036/4396 3825/4099/3812
f 4762/5036/4396 4072/4346/4297 4913/5187/4712
f 4257/4531/5054 5067/5341/5064 4764/5038/4544
f 4763/5037/5061 4254/4528/4512 5065/5339/4511
f 4257/4531/5054 4764/5038/4544 4763/5037/5061
f 4765/5039/4545 4764/5038/4544 4252/4526/4875
f 4766/5040/4657 4252/4526/4875 3980/4254/4877
f 4765/5039/4545 4253/4527/4656 5063/5337/5058
f 4252/4526/4875 4766/5040/4657 4765/5039/4545
f 5245/5519/5207 3980/4254/4877 4459/4733/4658
f 3969/4243/3827 4767/5041/4284 3822/4096/4524
f 3758/4032/3843 4767/5041/4284 4090/4364/4283
f 4020/4294/4109 4768/5042/5125 4417/4691/4011
f 4324/4598/4015 4768/5042/5125 4326/4600/4013
f 4552/4826/4863 4769/5043/4865 4551/4825/4864
f 4198/4472/4759 4769/5043/4865 4086/4360/4504
f 3933/4207/4160 4770/5044/4157 4626/4900/4159
f 4399/4673/5132 4770/5044/4157 3749/4023/4156
f 4762/5036/4396 4771/5045/4397 3894/4168/3914
f 3846/4120/4332 4771/5045/4397 3786/4060/4682
f 3879/4153/4043 3809/4083/4707 4772/5046/4374
f 3809/4083/4707 4067/4341/4268 4772/5046/4374
f 4199/4473/4506 4773/5047/4757 4198/4472/4759
f 4650/4924/4755 4773/5047/4757 4085/4359/4162
f 4776/5050/5068 4261/4535/4108 4260/4534/4246
f 5226/5500/3989 4775/5049/4854 4774/5048/4853
f 5226/5500/3989 4774/5048/4853 3753/4027/3990
f 4130/4404/5236 4541/4815/4550 5246/5520/4859
f 4261/4535/4108 4776/5050/5068 4774/5048/4853
f 4776/5050/5068 4260/4534/4246 3816/4090/3823
f 5108/5382/5114 4777/5051/4720 4311/4585/4719
f 5109/5383/4903 4777/5051/4720 4312/4586/4904
f 3920/4194/5148 4778/5052/5025 4373/4647/5024
f 4778/5052/5025 4250/4524/5050 5060/5334/5026
f 4539/4813/4033 4779/5053/4614 4538/4812/4910
f 4779/5053/4614 4151/4425/4615 4780/5054/4004
f 4722/4996/4884 4780/5054/4004 4151/4425/4615
f 5188/5462/4005 4780/5054/4004 4143/4417/5222
f 4781/5055/3959 4548/4822/4847 4782/5056/3957
f 4565/4839/4514 4781/5055/3959 3726/4000/4516
f 4548/4822/4847 3956/4230/3995 4782/5056/3957
f 4965/5239/3994 4782/5056/3957 3956/4230/3995
f 4559/4833/4518 4783/5057/3958 4126/4400/4830
f 4781/5055/3959 4783/5057/3958 3726/4000/4516
f 5187/5461/5128 4784/5058/4915 4479/4753/5177
f 5214/5488/5219 4784/5058/4915 4480/4754/5234
f 4680/4954/4619 4785/5059/4621 4679/4953/4730
f 4786/5060/4967 4785/5059/4621 4196/4470/4620
f 4750/5024/4371 4786/5060/4967 4196/4470/4620
f 4751/5025/4540 4786/5060/4967 4195/4469/5085
f 4735/5009/4606 4787/5061/5258 4056/4330/4605
f 3739/4013/4653 4787/5061/5258 4644/4918/4576
f 4789/5063/5032 4788/5062/5028 4719/4993/4723
f 4788/5062/5028 4237/4511/5008 4790/5064/5027
f 4178/4452/4943 4789/5063/5032 4719/4993/4723
f 4789/5063/5032 4240/4514/4948 5054/5328/5006
f 4696/4970/4047 4790/5064/5027 4237/4511/5008
f 4693/4967/4421 4790/5064/5027 4235/4509/5263
f 3963/4237/3766 4791/5065/3763 3833/4107/3767
f 4933/5207/4122 4791/5065/3763 3834/4108/4522
f 3905/4179/3783 4792/5066/3762 3835/4109/4425
f 4791/5065/3763 4792/5066/3762 3833/4107/3767
f 3906/4180/3734 4793/5067/3739 2675/3978/2977
f 3907/4181/3733 4793/5067/3739 3836/4110/3736
f 3968/4242/3726 4794/5068/3724 3682/3820/3725
f 4584/4858/3716 4794/5068/3724 3837/4111/4175
f 3914/4188/3702 4795/5069/4000 1100/3882/1180
f 3901/4175/3942 4795/5069/4000 3838/4112/4365
f 3911/4185/3696 4796/5070/3992 2690/3963/2846
f 3912/4186/3948 4796/5070/3992 3840/4114/3695
f 3974/4248/3839 4797/5071/3840 2750/3863/2740
f 4010/4284/3835 4797/5071/3840 3841/4115/4210
f 4011/4285/3889 4798/5072/3892 1087/3895/1166
f 3909/4183/3891 4798/5072/3892 3842/4116/4326
f 4000/4274/3859 4799/5073/3868 2775/3838/2674
f 3913/4187/3856 4799/5073/3868 3843/4117/4356
f 3930/4204/3781 4800/5074/3780 2708/3945/2882
f 3931/4205/3773 4800/5074/3780 3844/4118/3782
f 3932/4206/3760 4801/5075/3759 2712/3941/2895
f 4042/4316/3753 4801/5075/3759 3845/4119/3758
f 4047/4321/3807 4802/5076/3902 3699/3907/3805
f 3934/4208/3802 4802/5076/3902 3846/4120/4332
f 3901/4175/3942 4803/5077/3941 1102/3880/1641
f 3904/4178/3923 4803/5077/3941 3847/4121/3940
f 4805/5079/3927 2743/3870/2760 1110/3872/1103
f 3915/4189/4147 4804/5078/3926 3848/4122/3929
f 2743/3870/2760 4805/5079/3927 4804/5078/3926
f 1109/3873/1119 4805/5079/3927 1110/3872/1103
f 3939/4213/3713 4806/5080/3704 2694/3959/3145
f 3940/4214/3705 4806/5080/3704 3849/4123/3714
f 3940/4214/3705 4807/5081/3708 2696/3957/3263
f 3941/4215/3709 4807/5081/3708 3850/4124/3707
f 4048/4322/3813 4808/5082/3701 2704/3949/2872
f 3943/4217/3785 4808/5082/3701 3851/4125/4336
f 4546/4820/4201 4809/5083/4381 3817/4091/4380
f 4758/5032/4128 4809/5083/4381 3862/4136/3826
f 4160/4434/4359 4810/5084/4208 3841/4115/4210
f 4811/5085/4324 4810/5084/4208 3888/4162/4360
f 4637/4911/4325 4811/5085/4324 3888/4162/4360
f 3778/4052/4209 4811/5085/4324 4638/4912/4323
f 4105/4379/4366 4812/5086/4398 3827/4101/3804
f 4813/5087/4148 3875/4149/3906 1082/3900/1161
f 1081/3901/1177 4813/5087/4148 1082/3900/1161
f 3895/4169/3904 4812/5086/4398 4813/5087/4148
f 4813/5087/4148 4814/5088/3915 3895/4169/3904
f 1080/3902/1178 4814/5088/3915 1081/3901/1177
f 4815/5089/4316 3838/4112/4365 4824/5098/4315
f 4816/5090/4001 4815/5089/4316 3768/4042/5227
f 3768/4042/5227 5039/5313/5012 5040/5314/5269
f 3901/4175/3942 4816/5090/4001 3847/4121/3940
f 5040/5314/5269 4816/5090/4001 3768/4042/5227
f 4226/4500/5010 5041/5315/5009 5042/5316/5249
f 4819/5093/4416 4818/5092/4300 3870/4144/3946
f 4376/4650/4154 4818/5092/4300 3902/4176/4417
f 3904/4178/3923 4819/5093/4416 3870/4144/3946
f 4819/5093/4416 3788/4062/3925 5216/5490/4358
f 3904/4178/3923 3847/4121/3940 4820/5094/3924
f 4817/5091/4002 4820/5094/3924 3847/4121/3940
f 4293/4567/4429 4821/5095/3908 3910/4184/3909
f 3995/4269/3888 4821/5095/3908 3804/4078/4571
f 4822/5096/4282 3874/4148/3936 4880/5154/4363
f 4823/5097/4364 4822/5096/4282 3787/4061/4281
f 4822/5096/4282 4823/5097/4364 3914/4188/3702
f 3787/4061/4281 4487/4761/4313 4824/5098/4315
f 4824/5098/4315 4492/4766/4314 4815/5089/4316
f 3787/4061/4281 4824/5098/4315 4823/5097/4364
f 4759/5033/4333 4825/5099/4071 3883/4157/4072
f 4734/5008/4431 4825/5099/4071 3916/4190/4378
f 3921/4195/4273 3836/4110/3736 4826/5100/4426
f 3977/4251/3735 4826/5100/4426 3836/4110/3736
f 4351/4625/4064 4827/5101/4063 3921/4195/4273
f 4184/4458/3730 4827/5101/4063 3811/4085/4062
f 4828/5102/4272 3762/4036/4133 5249/5523/5229
f 4351/4625/4064 4828/5102/4272 3922/4196/5145
f 4546/4820/4201 4829/5103/3858 3927/4201/3857
f 4349/4623/3852 4829/5103/3858 3817/4091/4380
f 4831/5105/4328 4830/5104/3841 3927/4201/3857
f 4832/5106/3842 4830/5104/3841 3928/4202/4329
f 3927/4201/3857 3843/4117/4356 4831/5105/4328
f 3781/4055/4467 4831/5105/4328 3843/4117/4356
f 3928/4202/4329 4865/5139/4468 4833/5107/3864
f 4410/4684/4293 4832/5106/3842 3929/4203/3863
f 4834/5108/3865 3981/4255/3875 3725/3999/4984
f 3929/4203/3863 4832/5106/3842 4833/5107/3864
f 3981/4255/3875 4834/5108/3865 4833/5107/3864
f 4834/5108/3865 3725/3999/4984 4973/5247/4770
f 3933/4207/4160 3932/4206/3760 4835/5109/4471
f 4073/4347/4088 4835/5109/4471 3932/4206/3760
f 4837/5111/3683 4836/5110/4230 3849/4123/3714
f 4838/5112/3706 4836/5110/4230 3791/4065/3686
f 3987/4261/3681 4837/5111/3683 3849/4123/3714
f 4837/5111/3683 4025/4299/3682 4893/5167/3685
f 4836/5110/4230 4838/5112/3706 3940/4214/3705
f 4839/5113/4478 3791/4065/3686 4169/4443/4334
f 3791/4065/3686 4839/5113/4478 4838/5112/3706
f 3942/4216/4231 4839/5113/4478 4169/4443/4334
f 4841/5115/4141 4840/5114/4479 3746/4020/4410
f 4067/4341/4268 3809/4083/4707 4840/5114/4479
f 4842/5116/4142 4841/5115/4141 3746/4020/4410
f 4841/5115/4141 4030/4304/4143 4990/5264/4710
f 4989/5263/4409 4842/5116/4142 3746/4020/4410
f 4029/4303/4645 4895/5169/4644 4843/5117/4646
f 4029/4303/4645 4843/5117/4646 4842/5116/4142
f 4844/5118/4649 4032/4306/4322 3720/3994/4932
f 4032/4306/4322 4844/5118/4649 4843/5117/4646
f 4845/5119/4647 4844/5118/4649 3720/3994/4932
f 4461/4735/4934 4845/5119/4647 3720/3994/4932
f 4845/5119/4647 4172/4446/4662 4991/5265/4664
f 4840/5114/4479 4846/5120/4232 3942/4216/4231
f 4155/4429/3703 4846/5120/4232 3809/4083/4707
f 4060/4334/3873 4847/5121/3850 3800/4074/4341
f 3945/4219/4183 3946/4220/3848 4847/5121/3850
f 4104/4378/3886 4848/5122/4493 3951/4225/4009
f 4849/5123/4185 4848/5122/4493 3808/4082/3887
f 5248/5522/5164 3808/4082/3887 4383/4657/4265
f 3754/4028/4184 5270/5544/5185 5163/5437/5186
f 3954/4228/3697 3767/4041/4149 4850/5124/4430
f 3959/4233/4286 4850/5124/4430 3767/4041/4149
f 4050/4324/3993 4851/5125/4352 3911/4185/3696
f 3794/4068/4351 3954/4228/3697 4851/5125/4352
f 4853/5127/4239 3954/4228/3697 3794/4068/4351
f 4854/5128/4498 4852/5126/4150 3955/4229/4494
f 3954/4228/3697 4853/5127/4239 4852/5126/4150
f 4181/4455/4164 4853/5127/4239 3794/4068/4351
f 4854/5128/4498 3955/4229/4494 4855/5129/4927
f 4854/5128/4498 4166/4440/4846 4857/5131/4515
f 4993/5267/4238 4855/5129/4927 3955/4229/4494
f 5201/5475/5238 4855/5129/4927 4547/4821/5239
f 4857/5131/4515 4856/5130/4513 3767/4041/4149
f 4544/4818/4287 4856/5130/4513 3960/4234/4406
f 4854/5128/4498 4857/5131/4515 3767/4041/4149
f 4565/4839/4514 4857/5131/4515 4166/4440/4846
f 4858/5132/4345 3860/4134/3728 4859/5133/4172
f 3837/4111/4175 4858/5132/4345 3772/4046/4174
f 3860/4134/3728 3798/4072/4107 4859/5133/4172
f 5068/5342/4106 4859/5133/4172 3798/4072/4107
f 3740/4014/4435 5034/5308/4529 5035/5309/4436
f 4376/4650/4154 4860/5134/4418 3976/4250/4530
f 4049/4323/3740 4861/5135/4350 3906/4180/3734
f 3793/4067/4237 3977/4251/3735 4861/5135/4350
f 4864/5138/4532 3977/4251/3735 3793/4067/4237
f 4863/5137/4537 4862/5136/4134 3978/4252/4533
f 4863/5137/4537 3978/4252/4533 5265/5539/4705
f 4065/4339/4445 4506/4780/4444 5249/5523/5229
f 3977/4251/3735 4864/5138/4532 4862/5136/4134
f 4272/4546/4236 4864/5138/4532 3793/4067/4237
f 4866/5140/4546 4865/5139/4468 3781/4055/4467
f 4833/5107/3864 4865/5139/4468 3981/4255/3875
f 4740/5014/4354 4866/5140/4546 3781/4055/4467
f 4867/5141/3876 4866/5140/4546 3985/4259/4259
f 4381/4655/4261 4867/5141/3876 3985/4259/4259
f 4868/5142/3874 4867/5141/3876 3982/4256/4850
f 4869/5143/4103 3982/4256/4850 4213/4487/5270
f 3981/4255/3875 4868/5142/3874 3725/3999/4984
f 5021/5295/4104 4869/5143/4103 4213/4487/5270
f 4973/5247/4770 4869/5143/4103 4129/4403/4105
f 4337/4611/3684 4870/5144/3691 3939/4213/3713
f 4871/5145/3690 3818/4092/4285 4544/4818/4287
f 5205/5479/5237 4871/5145/3690 4544/4818/4287
f 3759/4033/4556 3987/4261/3681 4871/5145/3690
f 4338/4612/3838 4872/5146/4491 3949/4223/3846
f 4872/5146/4491 3819/4093/3837 4873/5147/4192
f 5250/5524/4383 3819/4093/3837 4162/4436/4288
f 4873/5147/4192 5250/5524/4383 4927/5201/4557
f 3944/4218/3844 4874/5148/4240 3795/4069/3851
f 3988/4262/4194 4874/5148/4240 3855/4129/3847
f 4876/5150/4046 4875/5149/4045 3764/4038/4266
f 4168/4442/3711 4875/5149/4045 3996/4270/4044
f 4877/5151/4075 4876/5150/4046 3764/4038/4266
f 4876/5150/4046 4345/4619/4573 4909/5183/4931
f 4878/5152/4076 3764/4038/4266 4067/4341/4268
f 4709/4983/4709 4877/5151/4075 4068/4342/4074
f 3764/4038/4266 4878/5152/4076 4877/5151/4075
f 4841/5115/4141 4878/5152/4076 4067/4341/4268
f 4879/5153/4361 3857/4131/3817 5222/5496/4340
f 5252/5526/4342 3775/4049/5163 4383/4657/4265
f 4881/5155/4579 4880/5154/4363 3815/4089/4245
f 4822/5096/4282 4880/5154/4363 4002/4276/4220
f 3815/4089/4245 4896/5170/3949 5253/5527/4668
f 4489/4763/4221 4881/5155/4579 3747/4021/4669
f 4011/4285/3889 3896/4170/3890 5254/5528/4595
f 4883/5157/4327 3779/4053/4919 4350/4624/5088
f 3779/4053/4919 4883/5157/4327 4882/5156/4399
f 4883/5157/4327 4350/4624/5088 5138/5412/5087
f 4885/5159/4252 4884/5158/4251 4016/4290/4330
f 4073/4347/4088 4884/5158/4251 3803/4077/4253
f 4886/5160/4611 4016/4290/4330 3769/4043/4470
f 4885/5159/4252 4017/4291/4612 4731/5005/4594
f 4016/4290/4330 4886/5160/4611 4885/5159/4252
f 4141/4415/4601 4886/5160/4611 3769/4043/4470
f 3799/4073/4492 3861/4135/3885 4887/5161/3872
f 3952/4226/3870 4887/5161/3872 3861/4135/3885
f 4419/4693/4110 4888/5162/3871 3754/4028/4184
f 4887/5161/3872 4888/5162/3871 4019/4293/4028
f 4891/5165/4637 3759/4033/4556 4562/4836/4408
f 4890/5164/4520 4889/5163/4635 4026/4300/4636
f 3898/4172/4521 4890/5164/4520 4026/4300/4636
f 4890/5164/4520 4027/4301/4639 4893/5167/3685
f 3759/4033/4556 4891/5165/4637 4889/5163/4635
f 4892/5166/4638 4562/4836/4408 3961/4235/4413
f 3961/4235/4413 4342/4616/4412 4892/5166/4638
f 4342/4616/4412 4026/4300/4636 4892/5166/4638
f 4890/5164/4520 4893/5167/3685 4025/4299/3682
f 4169/4443/4334 4893/5167/3685 4027/4301/4639
f 4895/5169/4644 4894/5168/4519 3898/4172/4521
f 4894/5168/4519 4029/4303/4645 4989/5263/4409
f 4895/5169/4644 3898/4172/4521 5135/5409/4655
f 4843/5117/4646 4895/5169/4644 4032/4306/4322
f 4897/5171/4362 4896/5170/3949 3873/4147/3950
f 4896/5170/3949 4038/4312/4070 5253/5527/4668
f 3938/4212/3893 4897/5171/4362 3873/4147/3950
f 5107/5381/4068 4897/5171/4362 3797/4071/4244
f 4626/4900/4159 4898/5172/3754 3845/4119/3758
f 3784/4058/4006 4396/4670/3979 5255/5529/3752
f 4168/4442/3711 4899/5173/4681 3900/4174/3712
f 4900/5174/4415 4899/5173/4681 3792/4066/4929
f 4899/5173/4681 4900/5174/4415 4048/4322/3813
f 3792/4066/4929 4905/5179/4685 4901/5175/4335
f 3792/4066/4929 4901/5175/4335 4900/5174/4415
f 4053/4327/4234 4901/5175/4335 4054/4328/4235
f 4554/4828/4170 4902/5176/4349 3865/4139/3737
f 4861/5135/4350 4902/5176/4349 3793/4067/4237
f 3786/4060/4682 4903/5177/4331 3846/4120/4332
f 4052/4326/4217 4051/4325/3803 4903/5177/4331
f 4054/4328/4235 4905/5179/4685 4907/5181/4686
f 4730/5004/4596 4904/5178/4602 4055/4329/4607
f 4906/5180/4684 4905/5179/4685 3792/4066/4929
f 4905/5179/4685 4057/4331/4574 4907/5181/4686
f 3792/4066/4929 4168/4442/3711 4906/5180/4684
f 3996/4270/4044 4906/5180/4684 4168/4442/3711
f 4644/4918/4576 4907/5181/4686 4057/4331/4574
f 4055/4329/4607 4904/5178/4602 4907/5181/4686
f 3996/4270/4044 4876/5150/4046 4909/5183/4931
f 4644/4918/4576 4908/5182/4575 3739/4013/4653
f 3996/4270/4044 4909/5183/4931 4908/5182/4575
f 4171/4445/4688 4909/5183/4931 4345/4619/4573
f 4437/4711/4700 4910/5184/4699 3948/4222/4561
f 4436/4710/3997 4910/5184/4699 4062/4336/3998
f 4352/4626/4627 4911/5185/3883 4064/4338/3882
f 4318/4592/4343 4911/5185/3883 3773/4047/4993
f 4913/5187/4712 4912/5186/4218 3786/4060/4682
f 4545/4819/4216 4912/5186/4218 4069/4343/4137
f 4762/5036/4396 4913/5187/4712 3786/4060/4682
f 4914/5188/4135 4913/5187/4712 4072/4346/4297
f 4072/4346/4297 4070/4344/4713 4914/5188/4135
f 4914/5188/4135 4070/4344/4713 4915/5189/4136
f 4070/4344/4713 4925/5199/4093 4916/5190/4095
f 4917/5191/4195 3724/3998/4139 4915/5189/4136
f 5088/5362/4715 4916/5190/4095 4289/4563/4094
f 4917/5191/4195 4916/5190/4095 4288/4562/5089
f 4916/5190/4095 4917/5191/4195 4915/5189/4136
f 4918/5192/4196 4917/5191/4195 4288/4562/5089
f 4918/5192/4196 4288/4562/5089 5087/5361/4714
f 4918/5192/4196 4290/4564/5097 4919/5193/4140
f 4290/4564/5097 4921/5195/5143 4920/5194/4917
f 4545/4819/4216 5256/5530/4138 3962/4236/4918
f 4156/4430/3910 4920/5194/4917 3779/4053/4919
f 5256/5530/4138 4920/5194/4917 3962/4236/4918
f 4922/5196/5099 4921/5195/5143 4290/4564/5097
f 3779/4053/4919 4921/5195/5143 4350/4624/5088
f 4290/4564/5097 4283/4557/5096 4922/5196/5099
f 4922/5196/5099 4283/4557/5096 5085/5359/4952
f 4672/4946/3811 4923/5197/4298 3825/4099/3812
f 4924/5198/4299 4923/5197/4298 3763/4037/4228
f 3763/4037/4228 4674/4948/4667 4926/5200/5261
f 4072/4346/4297 4924/5198/4299 4070/4344/4713
f 4924/5198/4299 3763/4037/4228 4926/5200/5261
f 4289/4563/4094 4925/5199/4093 4145/4419/4666
f 4145/4419/4666 4926/5200/5261 4674/4948/4667
f 4924/5198/4299 4926/5200/5261 4925/5199/4093
f 4928/5202/4749 4927/5201/4557 4081/4355/4382
f 4587/4861/3853 4927/5201/4557 4082/4356/4750
f 4929/5203/5137 4928/5202/4749 4081/4355/4382
f 4928/5202/4749 4346/4620/4848 5258/5532/4744
f 4930/5204/4926 4929/5203/5137 4081/4355/4382
f 5224/5498/4849 4929/5203/5137 4638/4912/4323
f 4162/4436/4288 4930/5204/4926 4081/4355/4382
f 4638/4912/4323 4930/5204/4926 3778/4052/4209
f 5258/5532/4744 4931/5205/4565 4082/4356/4750
f 5259/5533/4820 4931/5205/4565 4083/4357/4746
f 4651/4925/4116 4932/5206/4161 3770/4044/4920
f 4650/4924/4755 4932/5206/4161 4084/4358/4756
f 4791/5065/3763 4933/5207/4122 3757/4031/3761
f 4091/4365/4309 4933/5207/4122 3834/4108/4522
f 4935/5209/4198 4934/5208/4200 3780/4054/4577
f 4366/4640/4224 4934/5208/4200 4094/4368/4199
f 4529/4803/4791 4935/5209/4198 3780/4054/4577
f 4935/5209/4198 4100/4374/5166 4936/5210/4737
f 4938/5212/4792 4936/5210/4737 4100/4374/5166
f 4937/5211/4738 3723/3997/4905 4365/4639/4771
f 4936/5210/4737 4095/4369/4780 4937/5211/4738
f 5260/5534/5157 4937/5211/4738 4095/4369/4780
f 4386/4660/4279 4938/5212/4792 4100/4374/5166
f 4466/4740/4118 4938/5212/4792 3756/4030/4119
f 3827/4101/3804 4051/4325/3803 4939/5213/4367
f 3766/4040/4304 4939/5213/4367 4051/4325/3803
f 4940/5214/4807 3991/4265/4022 4957/5231/4821
f 4941/5215/4806 4940/5214/4807 4108/4382/4489
f 4940/5214/4807 4941/5215/4806 4109/4383/4558
f 4108/4382/4489 4107/4381/4487 4941/5215/4806
f 4116/4390/4742 4942/5216/4559 3727/4001/4566
f 4111/4385/4808 4954/5228/4562 4943/5217/4021
f 4111/4385/4808 4943/5217/4021 4942/5216/4559
f 4943/5217/4021 4114/4388/4842 4958/5232/4817
f 4116/4390/4742 4944/5218/4508 4111/4385/4808
f 4945/5219/4509 4944/5218/4508 4112/4386/4391
f 4602/4876/4403 4945/5219/4509 4112/4386/4391
f 4945/5219/4509 4115/4389/5252 4946/5220/4769
f 4947/5221/4569 4946/5220/4769 4115/4389/5252
f 5261/5535/4814 4946/5220/4769 4124/4398/4568
f 4952/5226/4502 4947/5221/4569 4115/4389/5252
f 4947/5221/4569 3897/4171/4402 4948/5222/4567
f 4969/5243/4563 4948/5222/4567 3897/4171/4402
f 4948/5222/4567 4969/5243/4563 4949/5223/4841
f 4950/5224/4840 4949/5223/4841 4123/4397/4834
f 5173/5447/4839 4949/5223/4841 4447/4721/4822
f 4950/5224/4840 4123/4397/4834 4951/5225/4837
f 4950/5224/4840 4088/4362/4862 4978/5252/4823
f 4970/5244/4833 4951/5225/4837 4123/4397/4834
f 5004/5278/4050 4951/5225/4837 3957/4231/4761
f 4115/4389/5252 4602/4876/4403 4953/5227/4818
f 4952/5226/4502 4120/4394/4819 4961/5235/4400
f 4602/4876/4403 4113/4387/4405 4953/5227/4818
f 4953/5227/4818 4113/4387/4405 4968/5242/4826
f 4446/4720/4838 4954/5228/4562 3992/4266/4507
f 4943/5217/4021 4954/5228/4562 4114/4388/4842
f 4957/5231/4821 4955/5229/4560 4117/4391/4490
f 4956/5230/4570 4955/5229/4560 4118/4392/4816
f 4118/4392/4816 4959/5233/4815 4960/5234/4765
f 4956/5230/4570 4119/4393/4767 4438/4712/4702
f 4940/5214/4807 4957/5231/4821 4117/4391/4490
f 4957/5231/4821 3991/4265/4022 4958/5232/4817
f 4943/5217/4021 4958/5232/4817 3991/4265/4022
f 4959/5233/4815 3994/4268/4824 4960/5234/4765
f 4958/5232/4817 4114/4388/4842 4959/5233/4815
f 4446/4720/4838 4959/5233/4815 4114/4388/4842
f 4118/4392/4816 4960/5234/4765 4956/5230/4570
f 4134/4408/4766 4960/5234/4765 3994/4268/4824
f 4962/5236/4813 4961/5235/4400 4120/4394/4819
f 4963/5237/4401 4961/5235/4400 4121/4395/4828
f 4967/5241/4811 4962/5236/4813 4120/4394/4819
f 4966/5240/4829 4962/5236/4813 3958/4232/4812
f 4964/5238/3996 4963/5237/4401 4121/4395/4828
f 4963/5237/4401 4122/4396/4831 4969/5243/4563
f 4965/5239/3994 4964/5238/3996 4121/4395/4828
f 3956/4230/3995 4972/5246/4501 4964/5238/3996
f 4966/5240/4829 4965/5239/3994 4121/4395/4828
f 4965/5239/3994 4126/4400/4830 4782/5056/3957
f 4962/5236/4813 4966/5240/4829 4121/4395/4828
f 4966/5240/4829 3958/4232/4812 4699/4973/4845
f 4968/5242/4826 4967/5241/4811 4120/4394/4819
f 4967/5241/4811 4411/4685/4827 5206/5480/5242
f 4953/5227/4818 4968/5242/4826 4120/4394/4819
f 4968/5242/4826 4113/4387/4405 4599/4873/4873
f 4970/5244/4833 4969/5243/4563 4122/4396/4831
f 4969/5243/4563 4123/4397/4834 4949/5223/4841
f 4971/5245/4500 4970/5244/4833 4122/4396/4831
f 4951/5225/4837 4970/5244/4833 3957/4231/4761
f 4122/4396/4831 4964/5238/3996 4972/5246/4501
f 4125/4399/4499 4202/4476/5200 5262/5536/4762
f 4972/5246/4501 4971/5245/4500 4122/4396/4831
f 3956/4230/3995 5201/5475/5238 5202/5476/4832
f 4834/5108/3865 4973/5247/4770 4089/4363/4469
f 4869/5143/4103 4973/5247/4770 3725/3999/4984
f 4975/5249/5235 4974/5248/4851 3983/4257/4852
f 4642/4916/4553 4974/5248/4851 4130/4404/5236
f 4542/4816/4990 4975/5249/5235 3983/4257/4852
f 4130/4404/5236 4975/5249/5235 4541/4815/4550
f 4979/5253/4466 4976/5250/4465 4135/4409/5240
f 4569/4843/4825 4976/5250/4465 3717/3991/4464
f 4976/5250/4465 4977/5251/4768 4135/4409/5240
f 4978/5252/4823 4977/5251/4768 4134/4408/4766
f 3994/4268/4824 4978/5252/4823 4134/4408/4766
f 4978/5252/4823 4447/4721/4822 4950/5224/4840
f 4551/4825/4864 4979/5253/4466 4135/4409/5240
f 4669/4943/4633 4979/5253/4466 4136/4410/5195
f 4539/4813/4033 4980/5254/4882 4151/4425/4615
f 4726/5000/4089 4980/5254/4882 4018/4292/4035
f 3972/4246/3693 4981/5255/4257 3805/4079/3694
f 4157/4431/3743 4981/5255/4257 3867/4141/3699
f 4983/5257/4922 4982/5256/4256 4158/4432/4258
f 4588/4862/4165 4982/5256/4256 4159/4433/4166
f 4449/4723/4163 4983/5257/4922 4158/4432/4258
f 4984/5258/4844 4983/5257/4922 4087/4361/4971
f 4983/5257/4922 4984/5258/4844 4159/4433/4166
f 4984/5258/4844 4087/4361/4971 4450/4724/4843
f 4202/4476/5200 4125/4399/4499 4985/5259/4495
f 5203/5477/4496 4125/4399/4499 5202/5476/4832
f 4620/4894/4923 4986/5260/4526 3783/4057/4207
f 3974/4248/3839 4986/5260/4526 4160/4434/4359
f 3789/4063/4680 3891/4165/3792 4987/5261/4311
f 4043/4317/4223 4987/5261/4311 3891/4165/3792
f 4242/4516/3933 4988/5262/4531 4167/4441/4928
f 4567/4841/4433 4988/5262/4531 3918/4192/5033
f 4989/5263/4409 4169/4443/4334 4027/4301/4639
f 4842/5116/4142 4989/5263/4409 4029/4303/4645
f 4841/5115/4141 4990/5264/4710 4068/4342/4074
f 5247/5521/4648 4990/5264/4710 4030/4304/4143
f 4708/4982/4711 4991/5265/4664 4031/4305/4692
f 4991/5265/4664 4170/4444/4708 5247/5521/4648
f 4181/4455/4164 4159/4433/4166 4992/5266/4921
f 4984/5258/4844 4992/5266/4921 4159/4433/4166
f 4993/5267/4238 3741/4015/4497 5203/5477/4496
f 4853/5127/4239 4993/5267/4238 3955/4229/4494
f 4188/4462/4276 3812/4086/3742 4994/5268/4452
f 4500/4774/4962 4994/5268/4452 3812/4086/3742
f 4648/4922/4753 4995/5269/4451 4190/4464/4458
f 4188/4462/4276 4995/5269/4451 3774/4048/4523
f 4497/4771/4181 4996/5270/4275 4189/4463/4460
f 4191/4465/4456 4996/5270/4275 3925/4199/4274
f 4191/4465/4456 3733/4007/4758 4997/5271/4457
f 4997/5271/4457 3733/4007/4758 4650/4924/4755
f 5197/5471/4965 3925/4199/4274 4498/4772/4964
f 4553/4827/4017 4998/5272/4963 4192/4466/5241
f 4499/4773/4025 4999/5273/4459 4192/4466/5241
f 4667/4941/4462 4999/5273/4459 4193/4467/4024
f 4749/5023/4373 5000/5274/4023 4194/4468/4450
f 4666/4940/4866 5000/5274/4023 3924/4198/4372
f 5002/5276/4052 5001/5275/4505 4086/4360/4504
f 4200/4474/4051 4450/4724/4843 5003/5277/5199
f 4552/4826/4863 5002/5276/4052 4086/4360/4504
f 5002/5276/4052 4201/4475/4835 5004/5278/4050
f 4450/4724/4843 4448/4722/4503 5003/5277/5199
f 4199/4473/4506 5003/5277/5199 4448/4722/4503
f 4951/5225/4837 5004/5278/4050 4201/4475/4835
f 5005/5279/4760 5004/5278/4050 3957/4231/4761
f 4450/4724/4843 5005/5279/4760 4202/4476/5200
f 5004/5278/4050 5005/5279/4760 4200/4474/4051
f 5007/5281/4781 5006/5280/4087 3801/4075/4377
f 5006/5280/4087 4205/4479/4783 5019/5293/4086
f 5007/5281/4781 3801/4075/4377 5161/5435/4375
f 5008/5282/4782 5007/5281/4781 4206/4480/5178
f 4681/4955/4248 5008/5282/4782 4206/4480/5178
f 5009/5283/4980 5008/5282/4782 4208/4482/4978
f 5009/5283/4980 4208/4482/4978 5010/5284/4977
f 5019/5293/4086 5009/5283/4980 4210/4484/4972
f 5011/5285/4979 5010/5284/4977 4208/4482/4978
f 5057/5331/4787 5010/5284/4977 4209/4483/4982
f 5012/5286/4981 5011/5285/4979 4207/4481/4083
f 5010/5284/4977 5011/5285/4979 4209/4483/4982
f 4207/4481/4083 4404/4678/4085 5014/5288/5176
f 4575/4849/5039 5263/5537/5245 4098/4372/5247
f 5013/5287/4983 5012/5286/4981 5015/5289/5175
f 5017/5291/3976 5013/5287/4983 4245/4519/5246
f 4404/4678/4085 4402/4676/5174 5014/5288/5176
f 5015/5289/5175 5016/5290/5248 4098/4372/5247
f 5016/5290/5248 5015/5289/5175 5014/5288/5176
f 5015/5289/5175 4098/4372/5247 5263/5537/5245
f 5014/5288/5176 4402/4676/5174 5016/5290/5248
f 5016/5290/5248 4402/4676/5174 5210/5484/4789
f 5017/5291/3976 4245/4519/5246 5018/5292/3977
f 5017/5291/3976 4244/4518/3978 5057/5331/4787
f 5186/5460/5153 5018/5292/3977 4245/4519/5246
f 5142/5416/5121 5018/5292/3977 4358/4632/4799
f 5019/5293/4086 3776/4050/4578 4204/4478/3747
f 5009/5283/4980 5019/5293/4086 4205/4479/4783
f 4332/4606/4187 5020/5294/4773 4210/4484/4972
f 4388/4662/4277 5020/5294/4773 4211/4485/4186
f 5022/5296/4548 5021/5295/4104 4213/4487/5270
f 4974/5248/4851 5021/5295/4104 3983/4257/4852
f 5021/5295/4104 5022/5296/4548 3983/4257/4852
f 5026/5300/4986 5022/5296/4548 4213/4487/5270
f 5023/5297/4547 4214/4488/4101 5025/5299/4100
f 4542/4816/4990 5023/5297/4547 4215/4489/4987
f 5025/5299/4100 3984/4258/4475 4220/4494/4988
f 5026/5300/4986 5024/5298/4102 4214/4488/4101
f 3984/4258/4475 5025/5299/4100 5024/5298/4102
f 5025/5299/4100 4220/4494/4988 4215/4489/4987
f 5022/5296/4548 5026/5300/4986 4214/4488/4101
f 3982/4256/4850 5026/5300/4986 4213/4487/5270
f 4382/4656/4264 5027/5301/4476 4216/4490/4985
f 5028/5302/4477 5027/5301/4476 4217/4491/4263
f 4325/4599/4995 5028/5302/4477 4217/4491/4263
f 4348/4622/4178 5028/5302/4477 4218/4492/4176
f 4556/4830/4991 5029/5303/4262 3752/4026/5161
f 4325/4599/4995 5029/5303/4262 4219/4493/4994
f 5031/5305/4624 5030/5304/4623 4220/4494/4988
f 4513/4787/4989 5030/5304/4623 3716/3990/4622
f 4348/4622/4178 5031/5305/4624 4220/4494/4988
f 4755/5029/3720 5031/5305/4624 4221/4495/3721
f 5032/5306/4999 4076/4350/5142 5234/5508/4555
f 5032/5306/4999 4223/4497/4731 5244/5518/5253
f 5043/5317/4949 5033/5307/4528 4224/4498/4527
f 4242/4516/3933 5033/5307/4528 3919/4193/3934
f 5034/5308/4529 4167/4441/4928 5035/5309/4436
f 5036/5310/5004 5034/5308/4529 3740/4014/4435
f 4988/5262/4531 5035/5309/4436 4167/4441/4928
f 4860/5134/4418 5035/5309/4436 3976/4250/4530
f 4589/4863/4357 5036/5310/5004 3740/4014/4435
f 5044/5318/5013 4225/4499/5005 4238/4512/4423
f 5041/5315/5009 4225/4499/5005 4589/4863/4357
f 5038/5312/4153 5037/5311/4152 4226/4500/5010
f 4817/5091/4002 5040/5314/5269 4226/4500/5010
f 5038/5312/4153 4234/4508/4048 4696/4970/4047
f 3768/4042/5227 4492/4766/4314 5264/5538/5011
f 4234/4508/4048 5038/5312/4153 5039/5313/5012
f 4226/4500/5010 5040/5314/5269 5039/5313/5012
f 4816/5090/4001 5040/5314/5269 4817/5091/4002
f 4225/4499/5005 5041/5315/5009 5037/5311/4152
f 5042/5316/5249 5041/5315/5009 4589/4863/4357
f 3788/4062/3925 5042/5316/5249 4589/4863/4357
f 4226/4500/5010 5042/5316/5249 4817/5091/4002
f 5044/5318/5013 5043/5317/4949 4224/4498/4527
f 5045/5319/4395 5043/5317/4949 4227/4501/5031
f 5036/5310/5004 5044/5318/5013 4224/4498/4527
f 5044/5318/5013 4238/4512/4423 5051/5325/4437
f 5046/5320/4439 5045/5319/4395 4227/4501/5031
f 5045/5319/4395 4229/4503/4440 5047/5321/3932
f 5051/5325/4437 5048/5322/5014 5046/5320/4439
f 4228/4502/5015 4229/4503/4440 5046/5320/4439
f 4355/4629/5019 5047/5321/3932 4229/4503/4440
f 4242/4516/3933 5047/5321/3932 4230/4504/5021
f 5046/5320/4439 4227/4501/5031 5051/5325/4437
f 4458/4732/5016 5048/5322/5014 4241/4515/4947
f 4355/4629/5019 5049/5323/4960 4230/4504/5021
f 4609/4883/4388 5049/5323/4960 4231/4505/5020
f 4373/4647/5024 5050/5324/4438 4231/4505/5020
f 4607/4881/4956 5050/5324/4438 4232/4506/5048
f 5048/5322/5014 5051/5325/4437 4179/4453/4422
f 5044/5318/5013 5051/5325/4437 4227/4501/5031
f 5037/5311/4152 5052/5326/4222 4225/4499/5005
f 5052/5326/4222 3903/4177/4151 5053/5327/5007
f 5052/5326/4222 5053/5327/5007 4239/4513/4424
f 4696/4970/4047 5053/5327/5007 3903/4177/4151
f 4789/5063/5032 5054/5328/5006 4237/4511/5008
f 4240/4514/4948 4239/4513/4424 5054/5328/5006
f 5049/5323/4960 5055/5329/4959 4230/4504/5021
f 5056/5330/5023 5055/5329/4959 3719/3993/4961
f 4615/4889/4144 5056/5330/5023 3719/3993/4961
f 5056/5330/5023 4617/4891/5022 3918/4192/5033
f 5010/5284/4977 5057/5331/4787 3735/4009/4976
f 5017/5291/3976 5057/5331/4787 4209/4483/4982
f 4394/4668/4778 5058/5332/4777 4248/4522/5046
f 5018/5292/3977 5058/5332/4777 4244/4518/3978
f 4607/4881/4956 5059/5333/4871 3890/4164/4394
f 4778/5052/5025 5059/5333/4871 4232/4506/5048
f 5061/5335/4878 5060/5334/5026 4250/4524/5050
f 4256/4530/3969 5060/5334/5026 4140/4414/4879
f 5061/5335/4878 4250/4524/5050 5200/5474/5051
f 5062/5336/4876 5061/5335/4878 4251/4525/5206
f 3980/4254/4877 5062/5336/4876 4251/4525/5206
f 4764/5038/4544 5067/5341/5064 4252/4526/4875
f 4524/4798/5057 5063/5337/5058 4253/4527/4656
f 5064/5338/4510 5063/5337/5058 3899/4173/5060
f 5063/5337/5058 5064/5338/4510 4254/4528/4512
f 4557/4831/5059 5064/5338/4510 3899/4173/5060
f 4255/4529/4729 5065/5339/4511 5064/5338/4510
f 4763/5037/5061 5065/5339/4511 4564/4838/4728
f 5067/5341/5064 4140/4414/4879 5062/5336/4876
f 4621/4895/5056 5066/5340/5063 4257/4531/5054
f 4140/4414/4879 5067/5341/5064 5066/5340/5063
f 4252/4526/4875 5067/5341/5064 5062/5336/4876
f 5069/5343/5069 5068/5342/4106 4261/4535/4108
f 4859/5133/4172 5068/5342/4106 4262/4536/4344
f 4261/4535/4108 4132/4406/4855 5069/5343/5069
f 4516/4790/5070 5069/5343/5069 4132/4406/4855
f 4517/4791/5071 5070/5344/4173 4262/4536/4344
f 4652/4926/4291 5070/5344/4173 4263/4537/4289
f 4517/4791/5071 5071/5345/5073 4263/4537/4289
f 5073/5347/4169 5071/5345/5073 3730/4004/4860
f 5073/5347/4169 5072/5346/4168 4264/4538/5072
f 4625/4899/5079 5072/5346/4168 4266/4540/4167
f 5073/5347/4169 4264/4538/5072 5071/5345/5073
f 4265/4539/5077 5073/5347/4169 4514/4788/4861
f 5075/5349/4290 5074/5348/4249 4267/4541/4525
f 5072/5346/4168 5074/5348/4249 4264/4538/5072
f 4652/4926/4291 5075/5349/4290 4267/4541/4525
f 5071/5345/5073 5075/5349/4290 4263/4537/4289
f 4393/4667/5075 5076/5350/5076 4268/4542/5074
f 5073/5347/4169 5076/5350/5076 4266/4540/4167
f 5076/5350/5076 5077/5351/5078 4268/4542/5074
f 4507/4781/4061 5077/5351/5078 4265/4539/5077
f 4636/4910/5080 5078/5352/4535 4269/4543/4060
f 5079/5353/4536 5078/5352/4535 4270/4544/5257
f 4270/4544/5257 5080/5354/5081 5265/5539/4705
f 4272/4546/4236 5079/5353/4536 3978/4252/4533
f 4636/4910/5080 5080/5354/5081 4270/4544/5257
f 5082/5356/5082 5080/5354/5081 3979/4253/5084
f 5082/5356/5082 5081/5355/4473 4273/4547/4474
f 4698/4972/4446 5081/5355/4473 4274/4548/4966
f 5083/5357/5083 5082/5356/5082 3979/4253/5084
f 5081/5355/4473 5082/5356/5082 4274/4548/4966
f 5223/5497/5000 3979/4253/5084 4635/4909/5231
f 5083/5357/5083 4275/4549/4539 4747/5021/4541
f 3995/4269/3888 5084/5358/4572 3935/4209/4188
f 4280/4554/4254 5084/5358/4572 3804/4078/4571
f 4922/5196/5099 5085/5359/4952 3751/4025/4428
f 4291/4565/3987 5085/5359/4952 4283/4557/5096
f 4520/4794/4902 5086/5360/4797 4285/4559/5090
f 4295/4569/4675 5086/5360/4797 4286/4560/4901
f 5087/5361/4714 4071/4345/4716 5089/5363/4954
f 4918/5192/4196 5087/5361/4714 4283/4557/5096
f 4916/5190/4095 5088/5362/4715 4288/4562/5089
f 4738/5012/4717 5088/5362/4715 4289/4563/4094
f 5087/5361/4714 5089/5363/4954 4291/4565/3987
f 4311/4585/4719 5089/5363/4954 4071/4345/4716
f 5103/5377/5100 5090/5364/4242 4294/4568/4674
f 4624/4898/4241 5090/5364/4242 4279/4553/4793
f 4654/4928/4955 5091/5365/5086 4278/4552/4953
f 3736/4010/4795 4294/4568/4674 5091/5365/5086
f 4298/4572/4671 4297/4571/4673 5092/5366/4804
f 4299/4573/3982 5092/5366/4804 4297/4571/4673
f 5094/5368/4801 5093/5367/4803 4103/4377/5093
f 5095/5369/3980 5093/5367/4803 4300/4574/4802
f 4462/4736/5092 5094/5368/4801 4103/4377/5093
f 5213/5487/5045 4302/4576/5044 4579/4853/5106
f 4300/4574/4802 5213/5487/5045 5096/5370/4593
f 4306/4580/3981 5095/5369/3980 4301/4575/5112
f 5214/5488/5219 5097/5371/4592 4041/4315/4591
f 4301/4575/5112 5095/5369/3980 5096/5370/4593
f 4540/4814/5218 5097/5371/4592 4480/4754/5234
f 5098/5372/5103 5097/5371/4592 4153/4427/5160
f 4369/4643/4590 5098/5372/5103 4153/4427/5160
f 5096/5370/4593 5098/5372/5103 4301/4575/5112
f 5100/5374/5109 5099/5373/4670 4303/4577/4066
f 4305/4579/4794 5099/5373/4670 3744/4018/5111
f 4039/4313/4065 5100/5374/5109 4303/4577/4066
f 4309/4583/4243 3744/4018/5111 5100/5374/5109
f 5102/5376/5108 4303/4577/4066 4040/4314/4805
f 4310/4584/4581 5101/5375/4067 4304/4578/5110
f 4303/4577/4066 5102/5376/5108 5101/5375/4067
f 4306/4580/3981 5102/5376/5108 4040/4314/4805
f 4101/4375/4672 5103/5377/5100 4294/4568/4674
f 4305/4579/4794 4279/4553/4793 5103/5377/5100
f 4369/4643/4590 5104/5378/4589 4301/4575/5112
f 5105/5379/5107 5104/5378/4589 3721/3995/4588
f 4473/4747/4640 5105/5379/5107 3721/3995/4588
f 5102/5376/5108 5105/5379/5107 4304/4578/5110
f 3938/4212/3893 5106/5380/3895 3797/4071/4244
f 3796/4070/3896 5106/5380/3895 3856/4130/3975
f 4752/5026/4069 5107/5381/4068 4309/4583/4243
f 4897/5171/4362 5107/5381/4068 4038/4312/4070
f 4660/4934/5115 5108/5382/5114 4146/4420/5113
f 4777/5051/4720 5108/5382/5114 4312/4586/4904
f 5110/5384/5094 5109/5383/4903 4313/4587/4784
f 4777/5051/4720 5109/5383/4903 4147/4421/4899
f 4313/4587/4784 3718/3992/4798 5111/5385/5116
f 4519/4793/5091 5110/5384/5094 4287/4561/5232
f 5179/5453/5209 5111/5385/5116 3718/3992/4798
f 5266/5540/5208 5111/5385/5116 4464/4738/5233
f 5113/5387/4190 4315/4589/4189 4624/4898/4241
f 3986/4260/3898 5112/5386/4191 3796/4070/3896
f 4624/4898/4241 4279/4553/4793 5113/5387/4190
f 4307/4581/4339 5113/5387/4190 4279/4553/4793
f 4986/5260/4526 5114/5388/3919 3783/4057/4207
f 3953/4227/3920 5114/5388/3919 3871/4145/3952
f 4733/5007/5122 5115/5389/4206 4316/4590/3921
f 4611/4885/4385 5115/5389/4206 4317/4591/4384
f 4322/4596/4996 5116/5390/5124 4323/4597/4554
f 4416/4690/4010 5116/5390/5124 4320/4594/4625
f 5234/5508/4555 4323/4597/4554 4324/4598/4015
f 4348/4622/4178 5117/5391/4177 4076/4350/5142
f 4627/4901/5126 5118/5392/4617 4020/4294/4109
f 5119/5393/4618 5118/5392/4617 4327/4601/5192
f 5119/5393/4618 4327/4601/5192 5120/5394/4631
f 4326/4600/4013 5119/5393/4618 4021/4295/4014
f 4628/4902/4629 5120/5394/4631 4327/4601/5192
f 5126/5400/4970 5120/5394/4631 3877/4151/4630
f 4481/4755/4034 5121/5395/4090 4018/4292/4035
f 5122/5396/4211 4329/4603/5169 4399/4673/5132
f 4329/4603/5169 5122/5396/4211 5121/5395/4090
f 3749/4023/4156 5122/5396/4211 4399/4673/5132
f 4657/4931/4741 5123/5397/5133 4330/4604/4897
f 4676/4950/4225 5123/5397/5133 3737/4011/4226
f 4077/4351/3983 5124/5398/3985 5123/5397/5133
f 4392/4666/3984 5199/5473/4734 5125/5399/4908
f 4392/4666/3984 5125/5399/4908 5124/5398/3985
f 5125/5399/4908 4150/4424/5156 5146/5420/5155
f 4750/5024/4371 5126/5400/4970 4331/4605/4867
f 4680/4954/4619 5126/5400/4970 4196/4470/4620
f 5128/5402/5135 5127/5401/4969 3877/4151/4630
f 4331/4605/4867 5127/5401/4969 4428/4702/4454
f 4628/4902/4629 5128/5402/5135 3877/4151/4630
f 5128/5402/5135 4425/4699/5256 5169/5443/5191
f 5129/5403/4585 4004/4278/5182 5130/5404/4586
f 4683/4957/5029 5129/5403/4585 4236/4510/5262
f 5132/5406/5183 4004/4278/5182 4485/4759/5226
f 4414/4688/5184 5267/5541/4584 5268/5542/5030
f 4333/4607/3916 5131/5405/3918 5129/5403/4585
f 5131/5405/3918 4475/4749/3917 5215/5489/5216
f 4485/4759/5226 5191/5465/4892 5133/5407/5224
f 5268/5542/5030 5132/5406/5183 4413/4687/5225
f 4485/4759/5226 5133/5407/5224 5132/5406/5183
f 4692/4966/4608 5133/5407/5224 4144/4418/5221
f 4344/4618/4130 5134/5408/4129 4343/4617/4411
f 5135/5409/4655 4033/4307/3687 4527/4801/4320
f 4895/5169/4644 5135/5409/4655 4527/4801/4320
f 3898/4172/4521 4342/4616/4412 5135/5409/4655
f 4601/4875/5141 5136/5410/4745 4347/4621/5250
f 5258/5532/4744 4083/4357/4746 4931/5205/4565
f 5032/5306/4999 5137/5411/4733 4076/4350/5142
f 5031/5305/4624 5137/5411/4733 4221/4495/3721
f 4293/4567/4429 5138/5412/5087 3751/4025/4428
f 4883/5157/4327 5138/5412/5087 3910/4184/3909
f 4228/4502/5015 4536/4810/4443 5139/5413/5018
f 3920/4194/5148 5139/5413/5018 4536/4810/4443
f 5142/5416/5121 5140/5414/5149 4097/4371/5035
f 5141/5415/5154 5140/5414/5149 4357/4631/5150
f 5141/5415/5154 4357/4631/5150 5144/5418/5151
f 5143/5417/4032 5141/5415/5154 4359/4633/5134
f 5018/5292/3977 5142/5416/5121 4097/4371/5035
f 4358/4632/4799 4664/4938/5038 5145/5419/5120
f 5141/5415/5154 5143/5417/4032 4356/4630/4031
f 4361/4635/4776 5143/5417/4032 4359/4633/5134
f 5145/5419/5120 5144/5418/5151 4357/4631/5150
f 4662/4936/5152 5144/5418/5151 4314/4588/5260
f 5142/5416/5121 5145/5419/5120 4357/4631/5150
f 4314/4588/5260 5145/5419/5120 4664/4938/5038
f 4361/4635/4776 5146/5420/5155 4363/4637/4907
f 5125/5399/4908 5146/5420/5155 4078/4352/4909
f 3811/4085/4062 5147/5421/5146 4384/4658/3741
f 4505/4779/5144 5147/5421/5146 4351/4625/4064
f 5148/5422/4772 4389/4663/3778 4530/4804/4126
f 5148/5422/4772 3750/4024/5168 5149/5423/5167
f 5149/5423/5167 4390/4664/3962 3828/4102/3779
f 4392/4666/3984 5149/5423/5167 3750/4024/5168
f 4398/4672/4472 4258/4532/5066 5150/5424/5065
f 4400/4674/4975 5150/5424/5065 4258/4532/5066
f 4396/4670/3979 5151/5425/4007 4397/4671/4974
f 4626/4900/4159 5151/5425/4007 3784/4058/4006
f 5153/5427/5129 5152/5426/5131 4329/4603/5169
f 5155/5429/5067 5152/5426/5131 4401/4675/5130
f 5154/5428/5217 4329/4603/5169 4481/4755/4034
f 4401/4675/5130 5153/5427/5129 3722/3996/5171
f 4329/4603/5169 5154/5428/5217 5153/5427/5129
f 4479/4753/5177 5154/5428/5217 4481/4755/4034
f 5152/5426/5131 5155/5429/5067 4258/4532/5066
f 5156/5430/5172 5155/5429/5067 4401/4675/5130
f 5157/5431/5170 5156/5430/5172 4401/4675/5130
f 4403/4677/4084 5156/5430/5172 4404/4678/4085
f 5158/5432/5173 5157/5431/5170 3722/3996/5171
f 4404/4678/4085 5157/5431/5170 4402/4676/5174
f 4479/4753/5177 5158/5432/5173 3722/3996/5171
f 5158/5432/5173 4405/4679/4914 5210/5484/4789
f 4406/4680/4269 5159/5433/4271 4407/4681/4376
f 5160/5434/4973 5159/5433/4271 3748/4022/4270
f 4403/4677/4084 5160/5434/4973 3748/4022/4270
f 4206/4480/5178 5160/5434/4973 4681/4955/4248
f 4496/4770/4029 5161/5435/4375 3801/4075/4377
f 3810/4084/3755 5161/5435/4375 3881/4155/3751
f 4482/4756/4887 5162/5436/4886 4412/4686/4609
f 4710/4984/4691 5162/5436/4886 4015/4289/4885
f 4420/4694/4111 3754/4028/4184 5163/5437/5186
f 3754/4028/4184 4849/5123/4185 5270/5544/5185
f 4434/4708/4701 5164/5438/4628 3734/4008/4484
f 5165/5439/4368 5164/5438/4628 4424/4698/5188
f 5166/5440/5187 5165/5439/4368 4424/4698/5188
f 5165/5439/4368 4425/4699/5256 5221/5495/5255
f 4024/4298/5190 5168/5442/5194 5169/5443/5191
f 5165/5439/4368 5166/5440/5187 4425/4699/5256
f 4630/4904/5193 5167/5441/4483 4426/4700/4485
f 4435/4709/3999 5167/5441/4483 4427/4701/4058
f 4429/4703/4455 4428/4702/4454 5168/5442/5194
f 5168/5442/5194 4428/4702/4454 5169/5443/5191
f 5128/5402/5135 5169/5443/5191 4428/4702/4454
f 4425/4699/5256 5166/5440/5187 5169/5443/5191
f 4431/4705/4054 5170/5444/4703 4429/4703/4455
f 4668/4942/4463 5170/5444/4703 4430/4704/4634
f 4433/4707/4632 5171/5445/5189 4434/4708/4701
f 5171/5445/5189 4432/4706/4055 4024/4298/5190
f 4435/4709/3999 5172/5446/5196 4436/4710/3997
f 4632/4906/4057 5172/5446/5196 4427/4701/4058
f 4949/5223/4841 5173/5447/4839 4124/4398/4568
f 3994/4268/4824 5173/5447/4839 4447/4721/4822
f 4456/4730/4661 5174/5448/4660 4457/4731/5052
f 4174/4448/4936 5174/5448/4660 4454/4728/4659
f 5175/5449/5053 4455/4729/5205 5176/5450/5203
f 4534/4808/5049 5175/5449/5053 3980/4254/4877
f 5175/5449/5053 5176/5450/5203 4459/4733/4658
f 5176/5450/5203 4455/4729/5205 5208/5482/4937
f 4463/4737/4677 5177/5451/5102 4102/4376/5041
f 5094/5368/4801 5177/5451/5102 4302/4576/5044
f 4522/4796/5040 5178/5452/5095 4463/4737/4677
f 5179/5453/5209 5178/5452/5095 4464/4738/5233
f 5179/5453/5209 4464/4738/5233 5111/5385/5116
f 4478/4752/4800 4246/4520/5037 5179/5453/5209
f 4099/4373/4775 4362/4636/4774 5180/5454/5158
f 5180/5454/5158 4362/4636/4774 5260/5534/5157
f 4697/4971/4081 5181/5455/4079 3728/4002/4082
f 4487/4761/4313 5181/5455/4079 4471/4745/5212
f 5183/5457/4641 4473/4747/4640 3721/3995/4588
f 5182/5456/4642 4474/4748/5104 5215/5489/5216
f 3721/3995/4588 4369/4643/4590 5183/5457/4641
f 5184/5458/5105 4154/4428/5214 4581/4855/5215
f 5183/5457/4641 4369/4643/4590 5184/5458/5105
f 5193/5467/5159 5184/5458/5105 4369/4643/4590
f 4061/4335/4488 5185/5459/5197 4477/4751/4482
f 5172/5446/5196 5185/5459/5197 4436/4710/3997
f 5018/5292/3977 5186/5460/5153 4358/4632/4799
f 4574/4848/5036 5186/5460/5153 4245/4519/5246
f 4540/4814/5218 5187/5461/5128 4152/4426/5127
f 4784/5058/4915 5187/5461/5128 4480/4754/5234
f 5239/5513/5223 4143/4417/5222 4714/4988/4881
f 5189/5463/5220 5188/5462/4005 4482/4756/4887
f 5189/5463/5220 4144/4418/5221 5191/5465/4892
f 5188/5462/4005 5189/5463/5220 4483/4757/4003
f 4486/4760/4913 5190/5464/4888 4484/4758/4891
f 4780/5054/4004 5190/5464/4888 4005/4279/4911
f 5192/5466/4893 5191/5465/4892 4485/4759/5226
f 5189/5463/5220 5191/5465/4892 4484/4758/4891
f 4581/4855/5215 5192/5466/4893 4485/4759/5226
f 4486/4760/4913 5192/5466/4893 4154/4428/5214
f 5184/5458/5105 5193/5467/5159 4154/4428/5214
f 4153/4427/5160 5193/5467/5159 4369/4643/4590
f 3747/4021/4669 5253/5527/4668 5195/5469/4583
f 4028/4302/4643 5194/5468/4582 4310/4584/4581
f 3747/4021/4669 5195/5469/4583 5194/5468/4582
f 4039/4313/4065 5195/5469/4583 4752/5026/4069
f 4504/4778/4447 5196/5470/5228 3923/4197/4114
f 4194/4468/4450 4499/4773/4025 5196/5470/5228
f 4499/4773/4025 4192/4466/5241 5197/5471/4965
f 4998/5272/4963 5197/5471/4965 4192/4466/5241
f 4515/4789/5230 5198/5472/4549 4508/4782/4857
f 4541/4815/4550 5198/5472/4549 4509/4783/4858
f 4532/4806/4735 5199/5473/4734 3750/4024/5168
f 4150/4424/5156 5199/5473/4734 4533/4807/4736
f 4536/4810/4443 5200/5474/5051 3920/4194/5148
f 5061/5335/4878 5200/5474/5051 4535/4809/4442
f 5201/5475/5238 4547/4821/5239 5202/5476/4832
f 3956/4230/3995 4548/4822/4847 5201/5475/5238
f 5203/5477/4496 5202/5476/4832 4547/4821/5239
f 4125/4399/4499 4972/5246/4501 5202/5476/4832
f 5203/5477/4496 4547/4821/5239 4993/5267/4238
f 4985/5259/4495 4125/4399/4499 5203/5477/4496
f 5204/5478/4836 4552/4826/4863 4135/4409/5240
f 4951/5225/4837 5204/5478/4836 4088/4362/4862
f 4871/5145/3690 5205/5479/5237 3759/4033/4556
f 3960/4234/4406 5205/5479/5237 4544/4818/4287
f 3958/4232/4812 5206/5480/5242 4563/4837/5062
f 5217/5491/5243 5206/5480/5242 4411/4685/4827
f 4616/4890/5211 5207/5481/5210 4444/4718/5244
f 3917/4191/3945 5207/5481/5210 4469/4743/4434
f 5208/5482/4937 4571/4845/4543 4035/4309/5204
f 5174/5448/4660 5208/5482/4937 4455/4729/5205
f 4453/4727/4939 5209/5483/5201 4174/4448/4936
f 4059/4333/5202 5209/5483/5201 4452/4726/4938
f 5158/5432/5173 5210/5484/4789 4402/4676/5174
f 5211/5485/4790 5210/5484/4789 4405/4679/4914
f 4580/4854/4916 5211/5485/4790 4405/4679/4914
f 4576/4850/4788 5211/5485/4790 4247/4521/5042
f 4578/4852/4679 5212/5486/5043 4247/4521/5042
f 4575/4849/5039 5212/5486/5043 4577/4851/4678
f 5096/5370/4593 5213/5487/5045 4041/4315/4591
f 5094/5368/4801 5213/5487/5045 4300/4574/4802
f 4784/5058/4915 5214/5488/5219 4580/4854/4916
f 5097/5371/4592 5214/5488/5219 4480/4754/5234
f 5215/5489/5216 4581/4855/5215 4004/4278/5182
f 5182/5456/4642 5215/5489/5216 4475/4749/3917
f 4860/5134/4418 5216/5490/4358 3740/4014/4435
f 5216/5490/4358 3902/4176/4417 4819/5093/4416
f 4763/5037/5061 5217/5491/5243 3714/3988/5055
f 5217/5491/5243 4564/4838/4728 5206/5480/5242
f 4113/4387/4405 5218/5492/4874 4599/4873/4873
f 4595/4869/4809 5218/5492/4874 4600/4874/4404
f 3738/4012/5138 5219/5493/5251 4593/4867/5139
f 4605/4879/4040 5219/5493/5251 4606/4880/4041
f 5244/5518/5253 5220/5494/5254 4623/4897/5001
f 4679/4953/4730 5220/5494/5254 4223/4497/4731
f 4627/4901/5126 5221/5495/5255 4628/4902/4629
f 5165/5439/4368 5221/5495/5255 4023/4297/4369
f 4879/5153/4361 5222/5496/4340 4631/4905/4056
f 4060/4334/3873 5222/5496/4340 3857/4131/3817
f 5083/5357/5083 5223/5497/5000 4275/4549/4539
f 4222/4496/5002 5223/5497/5000 4635/4909/5231
f 5136/5410/4745 5224/5498/4849 4347/4621/5250
f 4929/5203/5137 5224/5498/4849 4346/4620/4848
f 4409/4683/4215 5225/5499/5179 3785/4059/4213
f 4089/4363/4469 4641/4915/4552 5225/5499/5179
f 4642/4916/4553 4130/4404/5236 5226/5500/3989
f 4775/5049/4854 5226/5500/3989 4130/4404/5236
f 5226/5500/3989 5227/5501/3991 4642/4916/4553
f 4643/4917/3825 5227/5501/3991 3753/4027/3990
f 4078/4352/4909 5228/5502/5117 4656/4930/5119
f 5141/5415/5154 5228/5502/5117 4359/4633/5134
f 4657/4931/4741 5229/5503/4896 4656/4930/5119
f 5125/5399/4908 5229/5503/4896 4330/4604/4897
f 4659/4933/4894 5230/5504/4895 4658/4932/4740
f 5123/5397/5133 5230/5504/4895 3737/4011/4226
f 4750/5024/4371 5231/5505/4868 3924/4198/4372
f 4665/4939/4453 5231/5505/4868 4331/4605/4867
f 4667/4941/4462 5232/5506/4461 3926/4200/4018
f 4136/4410/5195 5232/5506/4461 4668/4942/4463
f 4145/4419/4666 4675/4949/4227 5233/5507/5259
f 3737/4011/4226 5233/5507/5259 4675/4949/4227
f 5032/5306/4999 5234/5508/4555 4678/4952/4732
f 5117/5391/4177 5234/5508/4555 4076/4350/5142
f 4333/4607/3916 5235/5509/5213 4491/4765/5136
f 4472/4746/4077 5235/5509/5213 4682/4956/4078
f 4706/4980/4603 4707/4981/4950 5236/5510/4604
f 4710/4984/4691 5236/5510/4604 4707/4981/4950
f 4714/4988/4881 5237/5511/4689 4015/4289/4885
f 4736/5010/4690 5237/5511/4689 4711/4985/3972
f 4702/4976/4930 5238/5512/5264 4058/4332/5265
f 4715/4989/4698 5238/5512/5264 4175/4449/4696
f 4015/4289/4885 4482/4756/4887 5239/5513/5223
f 5188/5462/4005 5239/5513/5223 4482/4756/4887
f 4059/4333/5202 5240/5514/5266 4717/4991/4946
f 4178/4452/4943 5240/5514/5266 4452/4726/4938
f 4718/4992/4725 5241/5515/4724 4177/4451/4721
f 4074/4348/4944 5241/5515/4724 4719/4993/4723
f 4013/4287/5268 5242/5516/4597 4729/5003/4598
f 4745/5019/4683 5242/5516/4597 4741/5015/3955
f 4743/5017/4599 5243/5517/5267 4744/5018/4600
f 4729/5003/4598 5243/5517/5267 4013/4287/5268
f 4222/4496/5002 5244/5518/5253 4623/4897/5001
f 5032/5306/4999 5244/5518/5253 4756/5030/3722
f 4253/4527/4656 5245/5519/5207 4634/4908/4650
f 3980/4254/4877 5245/5519/5207 4766/5040/4657
f 4132/4406/4855 5246/5520/4859 4509/4783/4858
f 4130/4404/5236 5246/5520/4859 4775/5049/4854
f 4990/5264/4710 5247/5521/4648 4170/4444/4708
f 4844/5118/4649 5247/5521/4648 4030/4304/4143
f 5270/5544/5185 5248/5522/5164 4334/4608/5165
f 3808/4082/3887 5248/5522/5164 4849/5123/4185
f 4065/4339/4445 5249/5523/5229 4863/5137/4537
f 4828/5102/4272 5249/5523/5229 4506/4780/4444
f 4927/5201/4557 5250/5524/4383 4081/4355/4382
f 3819/4093/3837 5250/5524/4383 4873/5147/4192
f 4008/4282/3700 5251/5525/4302 3829/4103/3710
f 3764/4038/4266 5251/5525/4302 4066/4340/4267
f 4001/4275/3878 5252/5526/4342 3872/4146/3877
f 3775/4049/5163 5252/5526/4342 4879/5153/4361
f 5253/5527/4668 4881/5155/4579 3815/4089/4245
f 4752/5026/4069 5253/5527/4668 4038/4312/4070
f 3779/4053/4919 5254/5528/4595 4156/4430/3910
f 4011/4285/3889 5254/5528/4595 4882/5156/4399
f 4042/4316/3753 5255/5529/3752 3880/4154/3757
f 3784/4058/4006 5255/5529/3752 4898/5172/3754
f 3724/3998/4139 5256/5530/4138 4545/4819/4216
f 4920/5194/4917 5256/5530/4138 4919/5193/4140
f 4645/4919/4747 5257/5531/4564 3727/4001/4566
f 4082/4356/4750 5257/5531/4564 4646/4920/4748
f 4928/5202/4749 5258/5532/4744 4082/4356/4750
f 5136/5410/4745 5258/5532/4744 4346/4620/4848
f 4597/4871/4743 5259/5533/4820 4083/4357/4746
f 3727/4001/4566 5259/5533/4820 4116/4390/4742
f 5180/5454/5158 5260/5534/5157 4095/4369/4780
f 3723/3997/4905 5260/5534/5157 4362/4636/4774
f 5173/5447/4839 5261/5535/4814 4124/4398/4568
f 3992/4266/4507 5261/5535/4814 4446/4720/4838
f 4125/4399/4499 5262/5536/4762 4971/5245/4500
f 5005/5279/4760 5262/5536/4762 4202/4476/5200
f 4245/4519/5246 5263/5537/5245 4574/4848/5036
f 5015/5289/5175 5263/5537/5245 5013/5287/4983
f 3768/4042/5227 5264/5538/5011 5039/5313/5012
f 4697/4971/4081 5264/5538/5011 4471/4745/5212
f 5265/5539/4705 5079/5353/4536 4270/4544/5257
f 4863/5137/4537 5265/5539/4705 4273/4547/4474
f 4522/4796/5040 5266/5540/5208 4464/4738/5233
f 5110/5384/5094 5266/5540/5208 4287/4561/5232
f 4685/4959/4420 5267/5541/4584 4414/4688/5184
f 5129/5403/4585 5267/5541/4584 4236/4510/5262
f 5132/5406/5183 5268/5542/5030 5130/5404/4586
f 5269/5543/5181 4413/4687/5225 4691/4965/4610
f 5269/5543/5181 5268/5542/5030 4413/4687/5225
f 4687/4961/4722 5269/5543/5181 3715/3989/5180
f 5248/5522/5164 5270/5544/5185 4849/5123/4185
f 4422/4696/4616 5270/5544/5185 4334/4608/5165
